COD_PREDIO,cen_class,link_confidence,cen_area_ha,dept,pett_class,pett_year,area_ha
7_4959460_066715,ANNUAL,high,0.99,PIURA,ANNUAL,2005,4.97409775253
7_5009460_067052,ANNUAL,medium,1.25,PIURA,PASTURE_FALLOW,2008,1.07056563002
7_5059455_40194,PERENNIAL,high,1.45,PIURA,PERENNIAL,2001,1.45876650229
7_5059455_41598,ANNUAL,medium,3.0,PIURA,ANNUAL,2001,0.207291075129
7_5059455_41602,ANNUAL,medium,0.75,PIURA,ANNUAL,2001,0.235941221393
7_5059460_066957,ANNUAL,high,0.5,PIURA,ANNUAL,2007,0.555563707932
7_5059460_43634,ANNUAL,high,2.5,PIURA,ANNUAL,2001,2.54616802326
7_5109455_066825,ANNUAL,high,22.5,PIURA,ANNUAL,2005,9.0174744908
7_5109455_39630,ANNUAL,medium,0.36000000000000004,PIURA,ANNUAL,2001,1.295567637
7_5109455_44878,ANNUAL,low,12.5,PIURA,ANNUAL,2001,0.153014507924
7_5109460_066962,ANNUAL,high,1.0,PIURA,ANNUAL,2006,0.331861613072
7_5109460_067086,ANNUAL,medium,2.1,PIURA,ANNUAL,2009,0.869787627173
7_5109460_067111,PERENNIAL,medium,14.81,PIURA,PERENNIAL,2009,0.880221306969
7_5109460_067112,ANNUAL,high,2.0,PIURA,ANNUAL,2009,1.18602270816
7_5109460_41382,ANNUAL,medium,1.75,PIURA,ANNUAL,2001,0.413780087224
7_5109460_44106,ANNUAL,medium,7.0,PIURA,ANNUAL,2001,6.91821839347
7_5109460_44138,ANNUAL,medium,4.16,PIURA,ANNUAL,2001,4.41428808949
7_5109465_067048,ANNUAL,medium,6.0,PIURA,ANNUAL,2007,1.95224292406
7_5159385_51155,ANNUAL,medium,1.75,PIURA,PASTURE_FALLOW,2001,0.934264265919
7_5159385_51156,ANNUAL,medium,3.75,PIURA,ANNUAL,2000,1.09582338132
7_5159385_51173,ANNUAL,low,0.62,PIURA,PASTURE_FALLOW,1999,1.26312962501
7_5159385_51176,ANNUAL,high,0.1,PIURA,PASTURE_FALLOW,2000,0.258672547825
7_5159385_51199,PERENNIAL,medium,0.75,PIURA,PASTURE_FALLOW,2000,0.128995946798
7_5159385_51200,ANNUAL,high,0.1,PIURA,PASTURE_FALLOW,1999,0.257785137284
7_5159385_51273,ANNUAL,high,1.8900000000000001,PIURA,ANNUAL,1999,1.51520681016
7_5159385_51282,PERENNIAL,low,0.5,PIURA,ANNUAL,1999,0.619449793226
7_5159385_51284,PERENNIAL,medium,1.62,PIURA,PERENNIAL,1999,0.633327492756
7_5159385_51300,ANNUAL,medium,1.08,PIURA,ANNUAL,1999,0.849538611945
7_5159385_51308,ANNUAL,high,0.9,PIURA,ANNUAL,1999,0.599790287572
7_5159385_51351,ANNUAL,low,3.0,PIURA,ANNUAL,2000,0.14301096836
7_5159385_59115,ANNUAL,high,0.8,PIURA,PERENNIAL,2003,0.110241132685
7_5159385_59130,ANNUAL,low,0.44999999999999996,PIURA,ANNUAL,2000,0.442354253415
7_5159385_59146,ANNUAL,high,76.01,PIURA,ANNUAL,1999,2.87343213179
7_5159385_59188,ANNUAL,low,0.17,PIURA,PASTURE_FALLOW,1999,0.183805847868
7_5159385_59234,ANNUAL,medium,0.15,PIURA,ANNUAL,1999,0.621001782647
7_5159385_59241,PERENNIAL,low,0.75,PIURA,ANNUAL,1999,3.90134954027
7_5159385_59272,PERENNIAL,low,0.5,PIURA,ANNUAL,2000,1.71575197518
7_5159385_59283,ANNUAL,medium,4.25,PIURA,ANNUAL,2000,0.541858185833
7_5159390_079498,ANNUAL,medium,1.15,PIURA,ANNUAL,2005,0.265157009166
7_5159390_079503,PASTURE_FALLOW,medium,0.1,PIURA,ANNUAL,2005,0.118019598975
7_5159390_079506,ANNUAL,medium,0.3,PIURA,ANNUAL,2005,0.11238222341
7_5159405_02585,ANNUAL,medium,0.25,PIURA,PASTURE_FALLOW,1998,0.163558653716
7_5159405_02591,ANNUAL,medium,0.5,PIURA,ANNUAL,1998,0.252443262871
7_5159405_02592,ANNUAL,low,0.5800000000000001,PIURA,PASTURE_FALLOW,1998,0.219229554718
7_5159405_02593,ANNUAL,medium,0.16999999999999998,PIURA,PASTURE_FALLOW,1998,0.2757221576
7_5159405_02599,PERENNIAL,medium,11.75,PIURA,PASTURE_FALLOW,1998,0.375291971635
7_5159405_30202,ANNUAL,medium,1.9000000000000001,PIURA,PASTURE_FALLOW,1998,0.345331660842
7_5159405_30204,ANNUAL,medium,0.24000000000000002,PIURA,PASTURE_FALLOW,1998,0.346862632959
7_5159405_30205,ANNUAL,medium,0.85,PIURA,PASTURE_FALLOW,1998,0.320133632211
7_5159405_30207,ANNUAL,low,0.5,PIURA,ANNUAL,1998,0.339399769119
7_5159405_30208,ANNUAL,medium,0.04,PIURA,ANNUAL,1998,0.34001455043
7_5159405_30212,ANNUAL,low,2.5,PIURA,PASTURE_FALLOW,1998,0.282587572843
7_5159405_30214,ANNUAL,medium,0.25,PIURA,PASTURE_FALLOW,1998,0.201307372397
7_5159405_30222,ANNUAL,medium,0.75,PIURA,PASTURE_FALLOW,1998,0.0939163394655
7_5159405_30227,ANNUAL,high,0.8,PIURA,PASTURE_FALLOW,1998,0.509585644501
7_5159405_30229,ANNUAL,low,0.5,PIURA,PASTURE_FALLOW,1998,0.324557908845
7_5159405_30231,ANNUAL,medium,0.8600000000000001,PIURA,PASTURE_FALLOW,1998,0.296147933987
7_5159455_35182,ANNUAL,high,1.12,PIURA,ANNUAL,2001,0.568035980562
7_5159460_066350,ANNUAL,high,1.0,PIURA,ANNUAL,2004,0.497454957664
7_5159460_066572,ANNUAL,medium,7.0,PIURA,ANNUAL,2005,1.53202344667
7_5159460_066788,ANNUAL,high,1.12,PIURA,ANNUAL,2005,0.561639743751
7_5159460_066944,PERENNIAL,medium,2.0,PIURA,PASTURE_FALLOW,2006,0.499965406015
7_5159460_067073,ANNUAL,high,2.5,PIURA,ANNUAL,2008,0.810227454986
7_5159460_34367,ANNUAL,high,7.5,PIURA,ANNUAL,2001,3.85971391192
7_5159460_36151,ANNUAL,high,3.28,PIURA,ANNUAL,2001,3.24632991376
7_5159460_36154,ANNUAL,medium,3.5,PIURA,ANNUAL,2001,1.07433988799
7_5159460_36156,ANNUAL,medium,3.28,PIURA,ANNUAL,2001,2.82775915953
7_5159460_36160,PERENNIAL,medium,2.55,PIURA,PERENNIAL,2001,2.26035172802
7_5159460_37034,ANNUAL,medium,7.0,PIURA,ANNUAL,2001,0.546352556864
7_5159460_37817,ANNUAL,medium,11.75,PIURA,ANNUAL,2001,1.49220543155
7_5159465_067085,ANNUAL,medium,0.31,PIURA,ANNUAL,2009,0.670403777114
7_5159465_34965,ANNUAL,medium,0.75,PIURA,PASTURE_FALLOW,2001,2.42125916902
7_5159465_34974,PERENNIAL,low,0.125,PIURA,PASTURE_FALLOW,2001,1.99746198448
7_5159465_34978,ANNUAL,high,2.29,PIURA,PASTURE_FALLOW,2001,0.690993348046
7_5159465_34981,ANNUAL,medium,0.25,PIURA,PASTURE_FALLOW,2001,0.690019533262
7_5159465_34992,ANNUAL,medium,2.0,PIURA,PASTURE_FALLOW,2001,0.540246925941
7_5159465_34993,PERENNIAL,low,0.5,PIURA,PASTURE_FALLOW,2001,2.25644557672
7_5159465_34995,ANNUAL,medium,6.0,PIURA,PASTURE_FALLOW,2001,2.25783986502
7_5159465_34998,PERENNIAL,high,3.0,PIURA,PASTURE_FALLOW,2001,0.532739946381
7_5159465_34999,ANNUAL,medium,2.25,PIURA,PASTURE_FALLOW,2001,0.695154840434
7_5159465_37417,ANNUAL,medium,2.0,PIURA,PASTURE_FALLOW,2001,1.4171947485
7_5209385_079438,ANNUAL,high,18.85,PIURA,ANNUAL,2005,0.222558585449
7_5209385_51111,ANNUAL,medium,1.0,PIURA,PASTURE_FALLOW,1999,0.557412117907
7_5209385_51134,ANNUAL,medium,0.5,PIURA,ANNUAL,1999,0.75297202391
7_5209385_51509,ANNUAL,medium,0.3,PIURA,PASTURE_FALLOW,1999,3.61197685667
7_5209385_51982,ANNUAL,low,0.18,PIURA,PASTURE_FALLOW,1999,0.403663605636
7_5209385_55699,ANNUAL,medium,5.0,PIURA,PASTURE_FALLOW,1999,0.880369382034
7_5209385_55709,ANNUAL,medium,2.0,PIURA,PASTURE_FALLOW,1999,0.554774439434
7_5209385_55712,PERENNIAL,medium,0.5900000000000001,PIURA,PASTURE_FALLOW,1999,0.506155779662
7_5209385_55748,ANNUAL,medium,1.5,PIURA,ANNUAL,1999,1.085633513
7_5209385_55776,ANNUAL,medium,11.51,PIURA,ANNUAL,1999,1.76456693844
7_5209385_55791,ANNUAL,medium,1.5,PIURA,ANNUAL,1999,1.92080153861
7_5209385_55793,ANNUAL,low,0.0099,PIURA,PASTURE_FALLOW,1999,1.05291218274
7_5209385_55797,ANNUAL,low,0.25,PIURA,PASTURE_FALLOW,1999,0.314929232542
7_5209385_56002,ANNUAL,low,2.0,PIURA,PASTURE_FALLOW,1999,0.366050744904
7_5209385_56006,ANNUAL,medium,1.75,PIURA,PASTURE_FALLOW,1999,0.503657388204
7_5209385_56020,ANNUAL,low,0.14,PIURA,PASTURE_FALLOW,1999,0.371792883961
7_5209385_56031,ANNUAL,medium,2.35,PIURA,PASTURE_FALLOW,1999,0.468529341985
7_5209385_56032,ANNUAL,medium,0.4,PIURA,PASTURE_FALLOW,1999,0.825385217467
7_5209385_56124,ANNUAL,low,0.3438,PIURA,ANNUAL,1999,1.29116818
7_5209385_56134,ANNUAL,medium,3.23,PIURA,PASTURE_FALLOW,1999,0.728885656454
7_5209385_56167,ANNUAL,medium,1.5,PIURA,PASTURE_FALLOW,1999,0.191098504162
7_5209385_56200,ANNUAL,medium,0.46,PIURA,PASTURE_FALLOW,1999,0.145239389027
7_5209385_56209,ANNUAL,low,0.5,PIURA,PASTURE_FALLOW,1999,2.22177473875
7_5209385_56210,ANNUAL,medium,0.12,PIURA,ANNUAL,1999,3.22036441887
7_5209385_56906,ANNUAL,medium,0.5,PIURA,PASTURE_FALLOW,1999,1.47892766025
7_5209385_56937,ANNUAL,medium,0.5,PIURA,PASTURE_FALLOW,1999,0.958466612035
7_5209385_56946,ANNUAL,low,2.42,PIURA,PASTURE_FALLOW,1999,0.495208511044
7_5209385_56949,ANNUAL,high,2.62,PIURA,PASTURE_FALLOW,1999,0.772693836113
7_5209385_56998,ANNUAL,high,0.33,PIURA,PASTURE_FALLOW,1999,0.365820015073
7_5209385_57387,ANNUAL,medium,2.08,PIURA,ANNUAL,2001,0.597627717785
7_5209385_58412,ANNUAL,low,0.8999999999999999,PIURA,ANNUAL,1999,0.222930652456
7_5209385_58414,ANNUAL,medium,1.25,PIURA,PASTURE_FALLOW,1999,0.242862042683
7_5209385_58420,ANNUAL,medium,1.25,PIURA,PASTURE_FALLOW,1999,0.226838609647
7_5209385_58429,ANNUAL,low,0.36,PIURA,PASTURE_FALLOW,1999,0.347601255489
7_5209385_58430,ANNUAL,medium,1.35,PIURA,PASTURE_FALLOW,1999,0.282415530509
7_5209385_58433,ANNUAL,low,0.2,PIURA,PASTURE_FALLOW,1999,0.758714932105
7_5209385_58437,ANNUAL,medium,3.58,PIURA,PASTURE_FALLOW,1999,0.336173725206
7_5209385_58458,ANNUAL,medium,1.0,PIURA,PASTURE_FALLOW,1999,1.40072922221
7_5209385_58471,ANNUAL,medium,1.5,PIURA,PASTURE_FALLOW,1999,0.311346183557
7_5209385_58499,ANNUAL,low,2.3000000000000003,PIURA,PASTURE_FALLOW,1999,0.328571120959
7_5209385_58500,ANNUAL,medium,1.0,PIURA,PASTURE_FALLOW,1999,0.323443767454
7_5209385_59050,ANNUAL,medium,2.85,PIURA,ANNUAL,1999,1.3054086201
7_5209385_59061,ANNUAL,medium,1.0,PIURA,ANNUAL,1999,0.432285281454
7_5209385_59062,ANNUAL,low,0.1,PIURA,ANNUAL,1999,0.694273508234
7_5209385_59064,ANNUAL,low,1.0,PIURA,ANNUAL,1999,1.22685796939
7_5209385_59067,ANNUAL,low,0.2,PIURA,PASTURE_FALLOW,1999,0.870853897881
7_5209385_59072,ANNUAL,high,7.0,PIURA,ANNUAL,1999,1.1467485149
7_5209385_59098,ANNUAL,medium,1.2,PIURA,ANNUAL,1999,0.22885891552
7_5209385_59099,ANNUAL,medium,1.6,PIURA,ANNUAL,2000,7.90388946745
7_5209385_59175,ANNUAL,medium,0.6,PIURA,ANNUAL,2000,1.23331125111
7_5209385_59426,PERENNIAL,low,19.0,PIURA,PASTURE_FALLOW,1999,0.525361229657
7_5209385_59801,ANNUAL,medium,0.91,PIURA,ANNUAL,1999,0.320035735042
7_5209385_60102,ANNUAL,medium,1.56,PIURA,PASTURE_FALLOW,1999,0.257780007794
7_5209385_60111,ANNUAL,low,1.0,PIURA,PASTURE_FALLOW,1999,0.245775735396
7_5209385_60114,ANNUAL,medium,1.33,PIURA,PASTURE_FALLOW,1999,0.172190530257
7_5209385_60117,ANNUAL,low,1.05,PIURA,PASTURE_FALLOW,1999,0.636208035752
7_5209385_60138,ANNUAL,low,0.06,PIURA,PASTURE_FALLOW,1999,0.476565245702
7_5209385_60606,ANNUAL,medium,0.5,PIURA,ANNUAL,2000,0.356826042546
7_5209385_60626,ANNUAL,high,0.5,PIURA,ANNUAL,2000,0.313793221518
7_5209385_60646,ANNUAL,low,1.35,PIURA,ANNUAL,2000,0.457654078792
7_5209385_70021,ANNUAL,low,0.5,PIURA,PASTURE_FALLOW,1999,0.1558025315
7_5209385_71316,ANNUAL,medium,4.75,PIURA,ANNUAL,2001,1.21108662703
7_5209390_079450,ANNUAL,medium,2.9699999999999998,PIURA,ANNUAL,2005,0.505283383683
7_5209390_079454,ANNUAL,medium,0.75,PIURA,ANNUAL,2005,0.561311724829
7_5209390_51708,ANNUAL,medium,1.06,PIURA,ANNUAL,1999,1.05785584459
7_5209390_51714,ANNUAL,medium,0.8999999999999999,PIURA,PASTURE_FALLOW,1999,0.438648439481
7_5209390_51722,ANNUAL,medium,1.25,PIURA,ANNUAL,1999,1.15197204772
7_5209390_51729,ANNUAL,medium,1.15,PIURA,ANNUAL,1999,0.913639374172
7_5209390_51736,ANNUAL,medium,0.36,PIURA,PASTURE_FALLOW,1999,0.23235573892
7_5209390_51740,ANNUAL,medium,0.78,PIURA,PASTURE_FALLOW,1999,0.417669842951
7_5209390_51749,ANNUAL,medium,1.01,PIURA,PASTURE_FALLOW,1999,0.347370056081
7_5209390_51750,ANNUAL,medium,1.74,PIURA,PASTURE_FALLOW,1999,0.389834942814
7_5209390_51757,ANNUAL,medium,3.3600000000000003,PIURA,ANNUAL,1999,0.238973139665
7_5209390_51765,ANNUAL,medium,0.8300000000000001,PIURA,PASTURE_FALLOW,1999,0.33222350599
7_5209390_51775,ANNUAL,medium,1.4000000000000001,PIURA,PASTURE_FALLOW,1999,0.299974956757
7_5209390_51778,ANNUAL,medium,1.5,PIURA,ANNUAL,1999,0.526041516378
7_5209390_51781,ANNUAL,medium,1.0,PIURA,PASTURE_FALLOW,1999,0.57875376589
7_5209390_51786,ANNUAL,medium,0.95,PIURA,ANNUAL,1999,0.419154925345
7_5209390_51796,ANNUAL,medium,0.75,PIURA,PASTURE_FALLOW,1999,0.380561570565
7_5209390_51798,ANNUAL,medium,1.19,PIURA,ANNUAL,1999,1.19345611206
7_5209390_51799,ANNUAL,medium,1.25,PIURA,ANNUAL,1999,1.286528679
7_5209390_51976,ANNUAL,medium,1.6,PIURA,PASTURE_FALLOW,1999,0.236207295295
7_5209390_52358,ANNUAL,low,1.1,PIURA,ANNUAL,1999,1.08787096903
7_5209390_53037,ANNUAL,medium,2.5,PIURA,ANNUAL,1999,1.19264059908
7_5209390_53043,ANNUAL,low,2.0,PIURA,ANNUAL,1999,1.86133671439
7_5209390_53053,ANNUAL,medium,2.25,PIURA,ANNUAL,1999,2.31637575296
7_5209390_53054,ANNUAL,medium,7.08,PIURA,ANNUAL,1999,1.35167673691
7_5209390_53058,ANNUAL,medium,1.9,PIURA,ANNUAL,1999,0.997853727425
7_5209390_53067,ANNUAL,low,2.0,PIURA,ANNUAL,1999,0.956506461118
7_5209390_53080,PERENNIAL,low,2.0,PIURA,ANNUAL,1999,1.79725403004
7_5209390_53083,ANNUAL,medium,1.7999999999999998,PIURA,ANNUAL,1999,0.749925457178
7_5209390_53116,ANNUAL,low,0.25,PIURA,ANNUAL,1999,0.14850161155
7_5209390_53135,ANNUAL,medium,0.5,PIURA,ANNUAL,1999,0.254710226619
7_5209390_53141,ANNUAL,medium,2.5,PIURA,ANNUAL,1999,0.786786966047
7_5209390_53596,ANNUAL,medium,0.33999999999999997,PIURA,ANNUAL,1999,0.644162786675
7_5209390_53789,ANNUAL,low,0.25,PIURA,ANNUAL,1999,5.15240020086
7_5209390_55051,ANNUAL,medium,1.6300000000000001,PIURA,PASTURE_FALLOW,1999,0.308288474129
7_5209390_55052,ANNUAL,medium,3.5,PIURA,PASTURE_FALLOW,1999,2.77856982337
7_5209390_55057,ANNUAL,medium,1.0,PIURA,PASTURE_FALLOW,1999,0.608234517233
7_5209390_55058,ANNUAL,medium,0.61,PIURA,PASTURE_FALLOW,1999,0.608266393892
7_5209390_55061,ANNUAL,medium,2.29,PIURA,PASTURE_FALLOW,1999,0.849191118969
7_5209390_55065,ANNUAL,medium,0.7,PIURA,PASTURE_FALLOW,1999,1.69474909513
7_5209390_55069,ANNUAL,low,2.25,PIURA,PASTURE_FALLOW,1999,1.51538818516
7_5209390_55074,ANNUAL,low,2.7800000000000002,PIURA,PASTURE_FALLOW,1999,0.584014931594
7_5209390_55080,ANNUAL,medium,2.41,PIURA,ANNUAL,1999,1.1887630135
7_5209390_55086,ANNUAL,medium,1.3,PIURA,PASTURE_FALLOW,1999,0.101536734974
7_5209390_55091,ANNUAL,medium,0.85,PIURA,PASTURE_FALLOW,1999,0.817739853777
7_5209390_55092,ANNUAL,medium,1.6099999999999999,PIURA,PASTURE_FALLOW,1999,0.417369707403
7_5209390_55095,ANNUAL,medium,2.0,PIURA,PASTURE_FALLOW,1999,0.462110796749
7_5209390_55096,ANNUAL,medium,0.4,PIURA,PASTURE_FALLOW,1999,0.575310572204
7_5209390_55101,ANNUAL,medium,3.0,PIURA,PASTURE_FALLOW,1999,0.601365014404
7_5209390_55105,ANNUAL,medium,3.1,PIURA,ANNUAL,1999,1.05285741107
7_5209390_55107,ANNUAL,medium,3.0,PIURA,ANNUAL,1999,0.648334903132
7_5209390_55108,ANNUAL,medium,0.25,PIURA,ANNUAL,1999,0.34540949138
7_5209390_55109,ANNUAL,medium,2.5,PIURA,ANNUAL,1999,0.659845476686
7_5209390_55119,ANNUAL,medium,1.0,PIURA,PASTURE_FALLOW,1999,0.509150443123
7_5209390_55123,ANNUAL,medium,2.2,PIURA,ANNUAL,1999,0.563423420753
7_5209390_55125,ANNUAL,medium,2.4,PIURA,ANNUAL,1999,0.17380526531
7_5209390_55133,ANNUAL,medium,2.29,PIURA,PASTURE_FALLOW,1999,1.20484644252
7_5209390_55135,ANNUAL,medium,0.65,PIURA,PASTURE_FALLOW,1999,0.345956007045
7_5209390_55149,ANNUAL,high,1.15,PIURA,PASTURE_FALLOW,1999,5.23843265446
7_5209390_55150,ANNUAL,medium,1.0,PIURA,PASTURE_FALLOW,1999,0.526300046523
7_5209390_55161,ANNUAL,medium,0.94,PIURA,PASTURE_FALLOW,1999,0.424954825772
7_5209390_55162,ANNUAL,medium,0.43,PIURA,PASTURE_FALLOW,1999,0.325254430908
7_5209390_55165,ANNUAL,medium,0.9199999999999999,PIURA,PASTURE_FALLOW,1999,0.465630667861
7_5209390_55170,ANNUAL,medium,0.35,PIURA,PASTURE_FALLOW,1999,0.13342437436
7_5209390_55273,ANNUAL,medium,1.5,PIURA,PASTURE_FALLOW,1999,0.446265688999
7_5209390_55285,ANNUAL,low,3.95,PIURA,PASTURE_FALLOW,1999,0.307359796461
7_5209390_55294,ANNUAL,medium,1.75,PIURA,PASTURE_FALLOW,1999,0.354475376728
7_5209390_55310,ANNUAL,medium,1.95,PIURA,PASTURE_FALLOW,1999,0.418196447323
7_5209390_55329,ANNUAL,medium,0.28,PIURA,PASTURE_FALLOW,1999,0.514803730746
7_5209390_55331,ANNUAL,medium,1.85,PIURA,PASTURE_FALLOW,1999,0.495806782106
7_5209390_55338,ANNUAL,low,2.4,PIURA,PASTURE_FALLOW,1999,0.397072780758
7_5209390_55342,ANNUAL,low,0.4,PIURA,PASTURE_FALLOW,1999,2.00531643495
7_5209390_55361,ANNUAL,medium,1.0,PIURA,ANNUAL,1999,0.529721540889
7_5209390_55366,ANNUAL,high,2.16,PIURA,ANNUAL,1999,0.289313794461
7_5209390_55367,ANNUAL,medium,2.26,PIURA,ANNUAL,1999,0.318831767265
7_5209390_55387,ANNUAL,low,0.25,PIURA,PASTURE_FALLOW,1999,0.214434726846
7_5209390_55501,ANNUAL,medium,2.6,PIURA,ANNUAL,1999,1.11912927496
7_5209390_55508,PERENNIAL,low,12.8,PIURA,ANNUAL,1999,0.589797529958
7_5209390_55523,PERENNIAL,low,7.5,PIURA,ANNUAL,1999,0.267949646176
7_5209390_55524,ANNUAL,medium,2.36,PIURA,ANNUAL,1999,0.187853930278
7_5209390_55539,ANNUAL,medium,0.75,PIURA,ANNUAL,1999,1.16518018656
7_5209390_55549,ANNUAL,medium,5.83,PIURA,ANNUAL,1999,1.21023988702
7_5209390_55550,ANNUAL,medium,2.1,PIURA,ANNUAL,1999,1.05307610681
7_5209390_55557,ANNUAL,medium,0.5,PIURA,PASTURE_FALLOW,1999,0.688539581163
7_5209390_55558,ANNUAL,medium,3.6,PIURA,PASTURE_FALLOW,1999,0.972491923644
7_5209390_55567,ANNUAL,medium,3.18,PIURA,PASTURE_FALLOW,1999,0.912446658679
7_5209390_55578,ANNUAL,medium,1.5,PIURA,PASTURE_FALLOW,1999,2.04749215689
7_5209390_55581,ANNUAL,medium,1.0,PIURA,PASTURE_FALLOW,1999,0.385114990267
7_5209390_55591,ANNUAL,medium,1.5,PIURA,PASTURE_FALLOW,1999,0.876793290029
7_5209390_55910,ANNUAL,medium,3.0300000000000002,PIURA,ANNUAL,1999,0.419897793936
7_5209390_55913,ANNUAL,medium,2.23,PIURA,ANNUAL,1999,0.879888551772
7_5209390_55915,ANNUAL,high,2.5,PIURA,ANNUAL,1999,1.05524205262
7_5209390_55921,ANNUAL,medium,5.4,PIURA,ANNUAL,1999,0.495689106934
7_5209390_55941,ANNUAL,medium,2.25,PIURA,PASTURE_FALLOW,1999,1.11099531921
7_5209390_55947,ANNUAL,medium,2.6500000000000004,PIURA,PASTURE_FALLOW,1999,0.19322217965
7_5209390_55948,ANNUAL,medium,1.0,PIURA,PASTURE_FALLOW,1999,0.409507103854
7_5209390_55957,ANNUAL,medium,2.0,PIURA,ANNUAL,1999,0.271439635326
7_5209390_55960,ANNUAL,low,1.5,PIURA,PASTURE_FALLOW,1999,1.10966744666
7_5209390_55963,ANNUAL,medium,0.4,PIURA,PASTURE_FALLOW,1999,0.197319729585
7_5209390_55986,ANNUAL,medium,2.25,PIURA,ANNUAL,1999,0.235857877249
7_5209390_55990,ANNUAL,medium,0.12,PIURA,PASTURE_FALLOW,1999,0.260532376087
7_5209390_55996,ANNUAL,medium,2.08,PIURA,ANNUAL,1999,0.830085466515
7_5209390_55997,ANNUAL,medium,0.36,PIURA,PASTURE_FALLOW,1999,0.281211764683
7_5209390_56060,ANNUAL,medium,2.1,PIURA,PASTURE_FALLOW,1999,1.09243804313
7_5209390_56202,ANNUAL,medium,2.67,PIURA,ANNUAL,1999,0.425140668868
7_5209390_56228,ANNUAL,medium,1.75,PIURA,ANNUAL,1999,0.191905363468
7_5209390_56251,ANNUAL,medium,1.76,PIURA,PASTURE_FALLOW,1999,0.870559915798
7_5209390_56254,ANNUAL,medium,1.1,PIURA,PASTURE_FALLOW,1999,0.164484452542
7_5209390_56259,ANNUAL,medium,2.1,PIURA,PASTURE_FALLOW,1999,0.537854787062
7_5209390_56282,PERENNIAL,low,7.5,PIURA,PASTURE_FALLOW,1999,0.303157059325
7_5209390_56313,ANNUAL,medium,5.0,PIURA,ANNUAL,1999,0.770698413238
7_5209390_56329,ANNUAL,medium,15.0,PIURA,ANNUAL,2000,0.268957206501
7_5209390_56339,ANNUAL,medium,6.85,PIURA,ANNUAL,1999,0.442970018383
7_5209390_56341,ANNUAL,low,7.37,PIURA,ANNUAL,1999,0.992304922185
7_5209390_56342,ANNUAL,high,1.25,PIURA,PASTURE_FALLOW,1999,1.11922524033
7_5209390_56357,ANNUAL,high,0.35,PIURA,PASTURE_FALLOW,1999,0.404141030347
7_5209390_56363,ANNUAL,high,1.0,PIURA,ANNUAL,2000,0.475407555346
7_5209390_56445,ANNUAL,medium,1.0,PIURA,ANNUAL,1999,0.941254829318
7_5209390_56474,ANNUAL,medium,1.28,PIURA,ANNUAL,1999,0.271611639653
7_5209390_56476,ANNUAL,medium,2.0,PIURA,ANNUAL,1999,0.218612758914
7_5209390_56482,ANNUAL,medium,0.75,PIURA,ANNUAL,1999,0.438210630717
7_5209390_56493,ANNUAL,medium,4.35,PIURA,ANNUAL,1999,0.607931454413
7_5209390_56500,ANNUAL,low,0.34,PIURA,ANNUAL,1999,0.567340996198
7_5209390_56602,ANNUAL,medium,1.5,PIURA,ANNUAL,1999,0.646751601695
7_5209390_56607,ANNUAL,medium,2.0,PIURA,ANNUAL,1999,0.762009310112
7_5209390_56610,ANNUAL,medium,6.5,PIURA,ANNUAL,1999,0.428362071416
7_5209390_56640,ANNUAL,medium,2.5,PIURA,ANNUAL,1999,0.249493611738
7_5209390_56642,ANNUAL,medium,2.5,PIURA,ANNUAL,1999,0.485396153102
7_5209390_56648,ANNUAL,medium,1.6,PIURA,ANNUAL,1999,0.625460251788
7_5209390_56889,ANNUAL,low,0.35,PIURA,PASTURE_FALLOW,1999,0.432838239377
7_5209390_56890,ANNUAL,medium,0.25,PIURA,ANNUAL,1999,0.198550634235
7_5209390_56893,ANNUAL,medium,0.6,PIURA,ANNUAL,1999,0.116715415421
7_5209390_56898,ANNUAL,high,3.05,PIURA,ANNUAL,1999,0.255369712348
7_5209390_57206,ANNUAL,high,0.99,PIURA,ANNUAL,1999,0.407443499994
7_5209390_57218,ANNUAL,low,2.26,PIURA,PASTURE_FALLOW,2003,0.141379596704
7_5209390_57229,ANNUAL,medium,3.02,PIURA,ANNUAL,2002,1.164130608
7_5209390_57288,ANNUAL,low,0.78,PIURA,ANNUAL,1999,1.10992885763
7_5209390_57315,ANNUAL,medium,0.35,PIURA,ANNUAL,1999,0.161038694687
7_5209390_57316,ANNUAL,high,0.25,PIURA,ANNUAL,1999,1.36425088408
7_5209390_57330,ANNUAL,medium,0.1,PIURA,ANNUAL,1999,0.73178598502
7_5209390_57337,ANNUAL,medium,120.0,PIURA,ANNUAL,1999,10.101380095
7_5209390_57338,ANNUAL,low,0.07,PIURA,ANNUAL,2001,2.29529632202
7_5209390_57340,ANNUAL,low,3.65,PIURA,ANNUAL,1999,1.0052564752
7_5209390_57351,ANNUAL,high,0.5,PIURA,ANNUAL,1999,0.762121641677
7_5209390_57362,ANNUAL,high,0.83,PIURA,ANNUAL,1999,0.6174032947
7_5209390_57368,ANNUAL,low,2.25,PIURA,ANNUAL,1999,5.08498192272
7_5209390_57395,ANNUAL,high,0.5,PIURA,ANNUAL,1999,0.673437332721
7_5209390_58088,ANNUAL,medium,0.5,PIURA,PASTURE_FALLOW,1999,0.615764927718
7_5209390_58105,ANNUAL,high,0.5,PIURA,ANNUAL,1999,0.515633190343
7_5209390_58107,ANNUAL,low,1.0499999999999998,PIURA,PASTURE_FALLOW,1999,0.217554874134
7_5209390_58119,ANNUAL,medium,0.96,PIURA,PASTURE_FALLOW,1999,0.154613400752
7_5209390_58123,ANNUAL,medium,0.3,PIURA,PASTURE_FALLOW,1999,0.17747297277
7_5209390_58125,ANNUAL,medium,0.2,PIURA,PASTURE_FALLOW,1999,0.620849546421
7_5209390_58133,ANNUAL,low,3.68,PIURA,PASTURE_FALLOW,1999,1.376792499
7_5209390_58153,ANNUAL,medium,2.67,PIURA,ANNUAL,1999,0.356203906227
7_5209390_58162,ANNUAL,high,0.31,PIURA,ANNUAL,1999,0.139308191751
7_5209390_58168,ANNUAL,medium,0.75,PIURA,PASTURE_FALLOW,1999,0.351738424384
7_5209390_58178,ANNUAL,high,2.92,PIURA,ANNUAL,1999,0.321367673263
7_5209390_58188,ANNUAL,high,0.25,PIURA,PASTURE_FALLOW,1999,0.25210088934
7_5209390_58706,ANNUAL,medium,0.6799999999999999,PIURA,PASTURE_FALLOW,1999,0.327963331969
7_5209390_58749,PERENNIAL,medium,0.22,PIURA,ANNUAL,1999,1.29772747857
7_5209390_58751,ANNUAL,low,3.6,PIURA,PASTURE_FALLOW,1999,0.19993802915
7_5209390_58765,ANNUAL,medium,2.35,PIURA,PASTURE_FALLOW,1999,0.214733972403
7_5209390_58769,ANNUAL,low,4.5,PIURA,PASTURE_FALLOW,1999,0.103964868155
7_5209390_58776,ANNUAL,medium,0.77,PIURA,PASTURE_FALLOW,1999,0.131921163975
7_5209390_58778,ANNUAL,low,0.75,PIURA,PASTURE_FALLOW,2000,0.433013513596
7_5209390_58780,ANNUAL,medium,0.5,PIURA,PASTURE_FALLOW,1999,0.355988468567
7_5209390_58786,ANNUAL,medium,6.840000000000001,PIURA,PASTURE_FALLOW,1999,0.318790362518
7_5209390_59019,ANNUAL,medium,2.24,PIURA,PASTURE_FALLOW,1999,0.961596710426
7_5209390_59030,ANNUAL,medium,0.75,PIURA,PASTURE_FALLOW,1999,2.82897499683
7_5209390_59031,ANNUAL,low,1.0,PIURA,PASTURE_FALLOW,1999,0.314827722724
7_5209390_59310,PERENNIAL,high,0.38,PIURA,PASTURE_FALLOW,1999,0.386308169832
7_5209390_59311,ANNUAL,medium,1.0,PIURA,PASTURE_FALLOW,1999,0.186419159136
7_5209390_59321,ANNUAL,medium,0.61,PIURA,ANNUAL,2000,0.268006845081
7_5209390_59360,ANNUAL,medium,1.5,PIURA,PASTURE_FALLOW,1999,2.6225440539
7_5209390_59407,ANNUAL,medium,2.54,PIURA,PASTURE_FALLOW,1999,0.103721851117
7_5209390_59409,ANNUAL,medium,1.0,PIURA,PASTURE_FALLOW,1999,0.520153873138
7_5209390_59410,ANNUAL,medium,3.15,PIURA,PASTURE_FALLOW,1999,0.314201375259
7_5209390_59909,ANNUAL,low,0.5,PIURA,ANNUAL,2000,0.215464771129
7_5209390_60922,ANNUAL,high,1.0,PIURA,ANNUAL,2000,0.955862959872
7_5209390_75545,ANNUAL,high,1.13,PIURA,PASTURE_FALLOW,2003,0.13721776913
7_5209390_75576,ANNUAL,medium,0.30000000000000004,PIURA,PASTURE_FALLOW,2003,0.11808659971
7_5209390_75586,ANNUAL,low,0.5,PIURA,ANNUAL,2003,0.194304993199
7_5209395_52301,ANNUAL,medium,3.0,PIURA,ANNUAL,1999,0.488574952117
7_5209395_52309,ANNUAL,medium,3.4,PIURA,PASTURE_FALLOW,1999,0.363623273317
7_5209395_52311,ANNUAL,medium,4.5,PIURA,ANNUAL,1999,0.465614516733
7_5209395_52325,ANNUAL,low,0.49,PIURA,ANNUAL,2002,0.474226699188
7_5209395_52329,ANNUAL,low,7.3,PIURA,ANNUAL,1999,0.134172068516
7_5209395_52342,ANNUAL,high,15.0,PIURA,PASTURE_FALLOW,1999,1.17480599371
7_5209395_52360,ANNUAL,medium,0.75,PIURA,ANNUAL,1999,0.944836051427
7_5209395_52367,ANNUAL,medium,0.1,PIURA,ANNUAL,1999,0.0960552921264
7_5209395_52369,ANNUAL,high,0.18,PIURA,ANNUAL,2002,0.0904298350333
7_5209395_52370,ANNUAL,high,0.2,PIURA,ANNUAL,1999,0.133056367837
7_5209395_52372,ANNUAL,medium,0.6,PIURA,ANNUAL,2002,0.242500859163
7_5209395_52384,ANNUAL,high,0.35,PIURA,ANNUAL,2002,0.945247028741
7_5209395_52394,ANNUAL,medium,1.0,PIURA,ANNUAL,1999,1.96982563041
7_5209395_52460,ANNUAL,medium,3.0,PIURA,ANNUAL,1999,2.15255530982
7_5209395_53593,ANNUAL,high,2.25,PIURA,ANNUAL,1999,0.841321101171
7_5209395_53594,ANNUAL,low,0.75,PIURA,ANNUAL,2001,1.07872798757
7_5209395_54037,ANNUAL,medium,4.0,PIURA,ANNUAL,1999,0.66087182887
7_5209395_54044,ANNUAL,medium,4.0,PIURA,ANNUAL,1999,0.3827697363
7_5209395_54067,ANNUAL,medium,0.5,PIURA,ANNUAL,2000,0.21225656221
7_5209395_54070,ANNUAL,medium,1.0,PIURA,ANNUAL,1999,0.23623281022
7_5209395_54085,ANNUAL,medium,2.0,PIURA,ANNUAL,1999,1.119446915
7_5209395_54189,ANNUAL,medium,28.3,PIURA,ANNUAL,1999,0.249063667771
7_5209395_54192,ANNUAL,high,0.2,PIURA,ANNUAL,1999,0.208802495274
7_5209395_54196,ANNUAL,medium,0.5,PIURA,ANNUAL,1999,0.397933287503
7_5209395_54250,ANNUAL,low,0.33,PIURA,ANNUAL,1999,0.78148119303
7_5209395_54252,ANNUAL,low,0.7,PIURA,ANNUAL,1999,1.13692415255
7_5209395_54255,ANNUAL,medium,0.25,PIURA,ANNUAL,2000,0.60704804518
7_5209395_54256,ANNUAL,high,0.67,PIURA,ANNUAL,1999,0.67384265275
7_5209395_54263,ANNUAL,high,0.25,PIURA,ANNUAL,1999,0.70777840035
7_5209395_54264,ANNUAL,low,0.65,PIURA,ANNUAL,1999,0.47889202491
7_5209395_54266,ANNUAL,medium,1.5,PIURA,ANNUAL,1999,0.61641489687
7_5209395_54272,ANNUAL,medium,0.5,PIURA,ANNUAL,1999,0.18352025838
7_5209395_54280,ANNUAL,medium,1.5,PIURA,ANNUAL,1999,0.533977703362
7_5209395_54300,ANNUAL,medium,0.5,PIURA,ANNUAL,1999,0.378763554062
7_5209395_54309,ANNUAL,high,0.16,PIURA,ANNUAL,1999,0.19549209831
7_5209395_54340,ANNUAL,medium,1.15,PIURA,ANNUAL,1999,0.30458668681
7_5209395_54349,ANNUAL,medium,1.85,PIURA,ANNUAL,1999,0.36491127482
7_5209395_54353,ANNUAL,high,0.73,PIURA,ANNUAL,1999,0.1791871794
7_5209395_54357,ANNUAL,high,0.5800000000000001,PIURA,ANNUAL,1998,0.30107386343
7_5209395_54361,ANNUAL,medium,0.65,PIURA,ANNUAL,1999,0.22492443785
7_5209395_54370,ANNUAL,high,0.39,PIURA,ANNUAL,1999,0.16706296507
7_5209395_54375,ANNUAL,medium,0.8900000000000001,PIURA,ANNUAL,1999,0.26963587431
7_5209395_54386,ANNUAL,medium,1.54,PIURA,ANNUAL,1999,0.16291366285
7_5209395_54395,ANNUAL,medium,0.44999999999999996,PIURA,ANNUAL,1999,0.22663362143
7_5209395_54470,ANNUAL,medium,0.5,PIURA,ANNUAL,1999,0.4206803006
7_5209395_54475,ANNUAL,medium,13.5,PIURA,ANNUAL,1999,0.156982918441
7_5209395_54487,ANNUAL,medium,0.5,PIURA,ANNUAL,1999,0.603894397051
7_5209395_54505,ANNUAL,medium,0.65,PIURA,ANNUAL,1999,0.224674161086
7_5209395_54521,ANNUAL,high,0.25,PIURA,ANNUAL,1999,0.85643949753
7_5209395_54522,ANNUAL,high,0.9,PIURA,ANNUAL,1999,0.52914886541
7_5209395_54541,ANNUAL,medium,1.0,PIURA,ANNUAL,1999,0.44692451458
7_5209395_54544,ANNUAL,high,2.0,PIURA,ANNUAL,1999,0.226428425877
7_5209395_54575,ANNUAL,high,0.35,PIURA,ANNUAL,1999,0.562259871289
7_5209395_54583,ANNUAL,medium,1.5,PIURA,ANNUAL,1999,0.364921290569
7_5209395_54587,ANNUAL,high,2.6799999999999997,PIURA,ANNUAL,1999,0.300691084336
7_5209395_54596,ANNUAL,medium,0.3,PIURA,ANNUAL,1999,0.151576108905
7_5209395_54749,ANNUAL,high,0.5,PIURA,ANNUAL,1999,0.236694927039
7_5209395_54750,ANNUAL,high,0.26,PIURA,ANNUAL,1999,0.237228410667
7_5209395_54753,ANNUAL,low,0.25,PIURA,ANNUAL,1999,0.224203559877
7_5209395_54754,ANNUAL,low,1.8,PIURA,ANNUAL,1999,0.250864901169
7_5209395_54755,ANNUAL,high,0.07,PIURA,ANNUAL,1999,0.239349438877
7_5209395_54768,ANNUAL,low,0.08,PIURA,ANNUAL,1999,0.163738254564
7_5209395_54770,ANNUAL,high,0.37,PIURA,ANNUAL,2000,0.187006456628
7_5209395_54776,ANNUAL,high,0.5,PIURA,ANNUAL,1999,0.157802059193
7_5209395_54782,ANNUAL,medium,0.8,PIURA,ANNUAL,1999,0.172268795401
7_5209395_54792,ANNUAL,low,0.25,PIURA,ANNUAL,1999,0.167653277426
7_5209395_54794,ANNUAL,medium,0.05,PIURA,ANNUAL,1999,0.172636287294
7_5209395_54797,ANNUAL,medium,0.25,PIURA,ANNUAL,1999,0.0930121008546
7_5209395_54879,ANNUAL,medium,1.07,PIURA,ANNUAL,1999,0.336572901177
7_5209395_54904,ANNUAL,low,0.26,PIURA,ANNUAL,1999,1.73250896962
7_5209395_54926,ANNUAL,medium,1.25,PIURA,ANNUAL,1999,0.56465541932
7_5209395_54943,ANNUAL,medium,2.0,PIURA,ANNUAL,1999,1.01075841289
7_5209395_55106,ANNUAL,medium,1.0,PIURA,ANNUAL,1999,0.783916517031
7_5209395_55112,ANNUAL,medium,0.5,PIURA,ANNUAL,1999,0.266951646285
7_5209395_55113,ANNUAL,medium,0.28,PIURA,ANNUAL,1999,0.603518753775
7_5209395_55202,ANNUAL,medium,2.16,PIURA,ANNUAL,1999,0.76575006233
7_5209395_55204,ANNUAL,medium,1.2,PIURA,ANNUAL,1999,1.10243284141
7_5209395_55213,ANNUAL,medium,1.05,PIURA,ANNUAL,1999,0.77593432749
7_5209395_55217,ANNUAL,medium,0.4,PIURA,ANNUAL,1999,1.56912106052
7_5209395_55226,ANNUAL,medium,1.95,PIURA,ANNUAL,1999,0.42169652134
7_5209395_55240,ANNUAL,medium,0.6,PIURA,ANNUAL,1999,0.24751939801
7_5209395_55241,ANNUAL,medium,0.1,PIURA,ANNUAL,1999,0.20871397402
7_5209395_55243,ANNUAL,medium,0.8500000000000001,PIURA,ANNUAL,1999,0.35328658591
7_5209395_55257,ANNUAL,high,0.4,PIURA,ANNUAL,1999,0.17226785978
7_5209395_55402,ANNUAL,medium,2.77,PIURA,ANNUAL,1999,0.48731573449
7_5209395_55413,ANNUAL,medium,0.35000000000000003,PIURA,ANNUAL,1999,0.49611111449
7_5209395_55462,ANNUAL,medium,0.05,PIURA,ANNUAL,1999,0.19980315584
7_5209395_55469,ANNUAL,medium,0.1,PIURA,ANNUAL,1999,0.14144088161
7_5209395_55470,ANNUAL,medium,0.18,PIURA,PASTURE_FALLOW,1999,0.16090307714
7_5209395_55646,ANNUAL,medium,0.35,PIURA,PASTURE_FALLOW,1999,0.60219421967
7_5209395_56504,ANNUAL,high,0.44,PIURA,ANNUAL,1999,0.170015768766
7_5209395_56507,ANNUAL,medium,0.39,PIURA,ANNUAL,1999,0.0923058079858
7_5209395_56509,ANNUAL,high,0.15,PIURA,ANNUAL,1999,0.0940699714718
7_5209395_56526,ANNUAL,high,0.25,PIURA,ANNUAL,1999,0.108425661103
7_5209395_56531,ANNUAL,medium,0.44,PIURA,ANNUAL,1999,0.144631126396
7_5209395_56534,ANNUAL,medium,1.97,PIURA,ANNUAL,1999,0.114493891713
7_5209395_56538,ANNUAL,medium,0.25,PIURA,ANNUAL,1999,0.109438908172
7_5209395_56543,ANNUAL,medium,0.30000000000000004,PIURA,ANNUAL,1999,0.116650595474
7_5209395_56545,ANNUAL,medium,0.32,PIURA,ANNUAL,1999,0.121174982293
7_5209395_56549,ANNUAL,low,0.25,PIURA,PASTURE_FALLOW,1999,0.247966762734
7_5209395_56550,ANNUAL,high,1.0499999999999998,PIURA,ANNUAL,1999,0.20486403433
7_5209395_56552,ANNUAL,high,0.5,PIURA,ANNUAL,1999,0.235062999166
7_5209395_56553,ANNUAL,high,0.31,PIURA,PASTURE_FALLOW,1999,0.210018573288
7_5209395_56556,ANNUAL,medium,2.5700000000000003,PIURA,PASTURE_FALLOW,1999,0.610067840617
7_5209395_56560,ANNUAL,low,0.4,PIURA,PASTURE_FALLOW,1999,0.449896546782
7_5209395_56578,ANNUAL,medium,1.0,PIURA,ANNUAL,1999,0.384877448938
7_5209395_56579,ANNUAL,medium,1.08,PIURA,PASTURE_FALLOW,1999,0.417607611215
7_5209395_56811,ANNUAL,medium,0.9900000000000001,PIURA,ANNUAL,1999,0.198489682804
7_5209395_56815,ANNUAL,medium,1.05,PIURA,PASTURE_FALLOW,1999,0.405781618883
7_5209395_56822,ANNUAL,medium,0.35,PIURA,PASTURE_FALLOW,1999,0.116440292602
7_5209395_56827,ANNUAL,medium,1.63,PIURA,PASTURE_FALLOW,1999,0.156391959853
7_5209395_56829,ANNUAL,low,2.74,PIURA,PASTURE_FALLOW,1999,0.363108832849
7_5209395_56832,ANNUAL,low,3.0,PIURA,ANNUAL,1999,1.4726131585
7_5209395_56838,ANNUAL,high,1.0,PIURA,PASTURE_FALLOW,1999,0.479801656025
7_5209395_56850,ANNUAL,high,0.22,PIURA,ANNUAL,1999,0.222531040655
7_5209395_56859,ANNUAL,medium,2.25,PIURA,PASTURE_FALLOW,1999,0.35501671995
7_5209395_56864,ANNUAL,high,0.3,PIURA,ANNUAL,1999,0.728139971592
7_5209395_56869,ANNUAL,medium,0.05,PIURA,ANNUAL,1999,0.707303469241
7_5209395_56870,ANNUAL,medium,4.15,PIURA,ANNUAL,1999,0.597058652173
7_5209395_57531,ANNUAL,medium,0.4,PIURA,ANNUAL,1999,0.111626945931
7_5209395_57534,ANNUAL,medium,5.75,PIURA,ANNUAL,2002,0.298723769204
7_5209395_57549,ANNUAL,high,0.1,PIURA,ANNUAL,1999,0.128805977189
7_5209395_57558,ANNUAL,high,0.18,PIURA,ANNUAL,2000,0.13444113164
7_5209395_57560,ANNUAL,high,0.45,PIURA,ANNUAL,1999,0.22484616064
7_5209395_57573,ANNUAL,medium,2.33,PIURA,ANNUAL,1999,0.15048704925
7_5209395_57576,ANNUAL,medium,0.34,PIURA,ANNUAL,1999,0.27810336966
7_5209395_57580,ANNUAL,medium,0.15,PIURA,ANNUAL,1999,0.12410739689
7_5209395_57581,ANNUAL,medium,1.96,PIURA,ANNUAL,1999,0.11674997622
7_5209395_57582,ANNUAL,high,0.6,PIURA,ANNUAL,1999,0.17963531712
7_5209395_57586,ANNUAL,medium,0.32,PIURA,ANNUAL,1999,0.16141330399
7_5209395_57592,ANNUAL,medium,0.2,PIURA,ANNUAL,1999,0.21242769951
7_5209395_57593,ANNUAL,high,0.33,PIURA,ANNUAL,1999,0.09080198527
7_5209395_57612,ANNUAL,high,2.3000000000000003,PIURA,ANNUAL,2000,0.23265865565
7_5209395_57638,ANNUAL,low,1.97,PIURA,ANNUAL,2000,0.261140763784
7_5209395_57640,ANNUAL,high,1.85,PIURA,PASTURE_FALLOW,2001,0.549533148937
7_5209395_57643,ANNUAL,medium,0.35,PIURA,ANNUAL,1999,1.86875594997
7_5209395_57644,ANNUAL,high,1.0,PIURA,ANNUAL,1999,1.60243973735
7_5209395_57645,ANNUAL,high,0.74,PIURA,ANNUAL,1999,1.54017172759
7_5209395_57663,ANNUAL,medium,0.7,PIURA,ANNUAL,1999,0.222470947624
7_5209395_57668,ANNUAL,low,0.14,PIURA,ANNUAL,1999,0.392297137454
7_5209395_57676,ANNUAL,high,0.3,PIURA,ANNUAL,1999,0.2735980902
7_5209395_57677,ANNUAL,low,0.1,PIURA,ANNUAL,1999,0.344161386008
7_5209395_57688,ANNUAL,medium,0.75,PIURA,ANNUAL,1999,0.152014818796
7_5209395_58204,PERENNIAL,low,0.6,PIURA,ANNUAL,1999,2.30145072329
7_5209395_58223,ANNUAL,high,0.2,PIURA,ANNUAL,1999,0.152019016919
7_5209395_58224,ANNUAL,medium,1.5,PIURA,ANNUAL,1999,2.36201084956
7_5209395_58226,ANNUAL,medium,0.6,PIURA,ANNUAL,2000,0.665902746899
7_5209395_58227,ANNUAL,high,0.35,PIURA,ANNUAL,2000,0.344732382197
7_5209395_58231,ANNUAL,medium,4.0,PIURA,ANNUAL,1999,0.219335251913
7_5209395_58239,ANNUAL,high,12.0,PIURA,PASTURE_FALLOW,1999,0.837257772415
7_5209395_58241,ANNUAL,high,1.0,PIURA,ANNUAL,1999,0.387985145777
7_5209395_58244,ANNUAL,medium,5.5,PIURA,ANNUAL,1999,0.291934595643
7_5209395_58246,ANNUAL,medium,5.26,PIURA,ANNUAL,1999,0.368696572569
7_5209395_58258,ANNUAL,high,0.13,PIURA,ANNUAL,1999,0.138801553057
7_5209395_58260,ANNUAL,medium,1.55,PIURA,PASTURE_FALLOW,1999,0.240166616748
7_5209395_58262,ANNUAL,medium,0.28,PIURA,PASTURE_FALLOW,1999,0.394633139049
7_5209395_58607,ANNUAL,medium,1.8599999999999999,PIURA,PASTURE_FALLOW,1999,0.363252097837
7_5209395_58610,ANNUAL,medium,4.1,PIURA,PASTURE_FALLOW,1999,0.586961712574
7_5209395_58622,ANNUAL,low,0.04,PIURA,PASTURE_FALLOW,1999,0.147966566878
7_5209395_58623,ANNUAL,medium,0.11,PIURA,PASTURE_FALLOW,1999,0.360441437566
7_5209395_58633,ANNUAL,medium,0.5,PIURA,PASTURE_FALLOW,1999,0.564650162674
7_5209395_58635,ANNUAL,high,1.5,PIURA,ANNUAL,1999,0.485207410804
7_5209395_58645,ANNUAL,medium,0.75,PIURA,PASTURE_FALLOW,1999,0.42389415955
7_5209395_58649,ANNUAL,medium,0.75,PIURA,ANNUAL,1999,0.515781638109
7_5209395_58653,ANNUAL,medium,1.0,PIURA,ANNUAL,1999,0.46584463862
7_5209395_58655,ANNUAL,high,0.05,PIURA,PASTURE_FALLOW,1999,0.340007092715
7_5209395_58663,ANNUAL,medium,8.75,PIURA,ANNUAL,1999,0.471714727383
7_5209395_58672,ANNUAL,high,3.5,PIURA,PASTURE_FALLOW,1999,0.114711295945
7_5209395_58673,ANNUAL,high,0.35,PIURA,PASTURE_FALLOW,1999,0.210932414684
7_5209395_58676,ANNUAL,low,0.06999999999999999,PIURA,ANNUAL,1999,0.570043289842
7_5209395_58680,ANNUAL,high,0.12,PIURA,ANNUAL,1999,0.478368991623
7_5209395_58681,ANNUAL,medium,0.65,PIURA,ANNUAL,1999,0.542267518415
7_5209395_58684,ANNUAL,high,0.25,PIURA,ANNUAL,1999,0.455271170362
7_5209395_58685,ANNUAL,high,0.25,PIURA,ANNUAL,1999,0.585965624822
7_5209395_58689,ANNUAL,high,0.8999999999999999,PIURA,PASTURE_FALLOW,1999,0.59859462211
7_5209395_58813,ANNUAL,medium,0.4,PIURA,PASTURE_FALLOW,1999,0.276413354717
7_5209395_58821,ANNUAL,medium,1.25,PIURA,ANNUAL,1999,0.342731406535
7_5209395_58830,ANNUAL,medium,0.25,PIURA,ANNUAL,1999,0.130946573472
7_5209395_58837,ANNUAL,medium,1.5,PIURA,ANNUAL,1999,0.29548593151
7_5209395_58847,ANNUAL,medium,2.93,PIURA,ANNUAL,1999,0.227475389504
7_5209395_58853,ANNUAL,medium,0.5,PIURA,ANNUAL,1999,0.0970073427571
7_5209395_58862,ANNUAL,medium,0.25,PIURA,ANNUAL,1999,0.114657605861
7_5209395_58871,ANNUAL,medium,3.43,PIURA,ANNUAL,1999,0.0922723496456
7_5209395_58875,ANNUAL,medium,0.16,PIURA,ANNUAL,1999,0.0925037122328
7_5209395_58877,ANNUAL,medium,0.30000000000000004,PIURA,ANNUAL,1999,0.0912738813795
7_5209395_58879,ANNUAL,medium,0.39,PIURA,PASTURE_FALLOW,1999,0.284404717644
7_5209395_58893,ANNUAL,high,0.24,PIURA,ANNUAL,1999,0.383249408742
7_5209395_58894,ANNUAL,medium,7.71,PIURA,ANNUAL,1999,0.3244563177
7_5209395_58897,ANNUAL,medium,0.1,PIURA,ANNUAL,1999,0.107851467365
7_5209395_58905,ANNUAL,medium,2.0,PIURA,PASTURE_FALLOW,1999,0.229555822914
7_5209395_58907,ANNUAL,medium,2.52,PIURA,PASTURE_FALLOW,1999,0.170940064975
7_5209395_58911,ANNUAL,medium,2.14,PIURA,PASTURE_FALLOW,1999,0.147102685717
7_5209395_58935,ANNUAL,medium,2.0,PIURA,PASTURE_FALLOW,1999,0.183124308843
7_5209395_58936,ANNUAL,low,0.99,PIURA,PASTURE_FALLOW,1999,0.185394415151
7_5209395_58939,ANNUAL,medium,0.5,PIURA,PASTURE_FALLOW,1999,0.163227603143
7_5209395_58949,ANNUAL,medium,3.7199999999999998,PIURA,PASTURE_FALLOW,1999,0.172326117081
7_5209395_58950,ANNUAL,medium,1.5,PIURA,PASTURE_FALLOW,1999,0.230482977573
7_5209395_58955,ANNUAL,medium,0.6000000000000001,PIURA,PASTURE_FALLOW,1999,0.122051055945
7_5209395_58957,ANNUAL,medium,2.0,PIURA,PASTURE_FALLOW,1999,0.143246639144
7_5209395_58975,ANNUAL,medium,0.35,PIURA,ANNUAL,1999,0.0958745008489
7_5209395_58976,ANNUAL,low,0.5,PIURA,ANNUAL,1999,0.0960033708424
7_5209395_58978,ANNUAL,high,0.95,PIURA,ANNUAL,1999,0.127031930829
7_5209395_58979,ANNUAL,low,1.5,PIURA,ANNUAL,1999,1.24505385163
7_5209395_58980,ANNUAL,low,0.35,PIURA,ANNUAL,1999,0.29516124836
7_5209395_58986,ANNUAL,medium,0.37,PIURA,ANNUAL,1999,0.728700165096
7_5209395_58990,ANNUAL,high,0.15000000000000002,PIURA,PASTURE_FALLOW,1999,0.0927590065294
7_5209395_59703,ANNUAL,medium,1.0,PIURA,PASTURE_FALLOW,1999,0.0912067762211
7_5209395_59709,ANNUAL,medium,1.06,PIURA,ANNUAL,1999,0.111969468822
7_5209395_59714,ANNUAL,high,0.27,PIURA,PASTURE_FALLOW,1999,0.122363376609
7_5209395_59720,ANNUAL,medium,1.0,PIURA,ANNUAL,2000,0.122078057638
7_5209395_59729,ANNUAL,medium,0.08,PIURA,ANNUAL,2000,0.740030040042
7_5209395_59747,ANNUAL,low,1.19,PIURA,PASTURE_FALLOW,1999,0.136207799699
7_5209395_59754,ANNUAL,medium,0.75,PIURA,ANNUAL,1999,0.167248908824
7_5209395_59758,ANNUAL,high,0.1,PIURA,PASTURE_FALLOW,1999,0.134976463873
7_5209395_59764,ANNUAL,medium,1.0,PIURA,ANNUAL,1999,0.117192422163
7_5209395_59773,ANNUAL,low,0.75,PIURA,ANNUAL,1999,0.14807237075
7_5209395_59775,ANNUAL,high,0.87,PIURA,ANNUAL,1999,0.196282041983
7_5209395_59780,ANNUAL,low,1.34,PIURA,ANNUAL,1999,0.32369872352
7_5209395_59781,ANNUAL,high,0.07,PIURA,PASTURE_FALLOW,1999,0.152509103022
7_5209395_59783,ANNUAL,high,0.28,PIURA,ANNUAL,1999,0.638175015359
7_5209395_59786,ANNUAL,high,0.39,PIURA,ANNUAL,1999,0.129268977097
7_5209395_59793,ANNUAL,high,0.15,PIURA,ANNUAL,1999,0.478021831042
7_5209395_60209,ANNUAL,medium,0.97,PIURA,PASTURE_FALLOW,1999,0.09382387614
7_5209395_60213,ANNUAL,high,1.2000000000000002,PIURA,ANNUAL,2000,0.11013284742
7_5209395_60214,ANNUAL,medium,0.41,PIURA,ANNUAL,1999,0.15419994449
7_5209395_60225,ANNUAL,medium,1.23,PIURA,ANNUAL,1999,0.12594616422
7_5209395_60227,ANNUAL,low,0.21,PIURA,PASTURE_FALLOW,1999,0.21032773116
7_5209395_60234,ANNUAL,high,7.0,PIURA,ANNUAL,1999,0.21220992296
7_5209395_60241,ANNUAL,low,0.07,PIURA,ANNUAL,1999,0.30900589207
7_5209395_60243,ANNUAL,high,4.0,PIURA,ANNUAL,1999,0.20568427515
7_5209395_60254,ANNUAL,medium,0.85,PIURA,ANNUAL,2000,0.13725649405
7_5209395_60258,ANNUAL,medium,6.0,PIURA,ANNUAL,1999,1.77652124682
7_5209395_60267,ANNUAL,high,0.25,PIURA,ANNUAL,1999,0.255915749874
7_5209395_60271,ANNUAL,high,0.8200000000000001,PIURA,ANNUAL,1999,0.42052849631
7_5209395_60287,ANNUAL,medium,0.15,PIURA,ANNUAL,1999,0.09826805182
7_5209395_60291,ANNUAL,medium,0.3,PIURA,ANNUAL,1999,0.09194470564
7_5209395_60302,ANNUAL,medium,2.6,PIURA,PASTURE_FALLOW,1999,1.69844474031
7_5209395_60309,ANNUAL,medium,9.0,PIURA,ANNUAL,1999,0.0943929004731
7_5209395_60312,ANNUAL,high,2.45,PIURA,ANNUAL,1999,0.247606793766
7_5209395_60316,ANNUAL,medium,1.2,PIURA,ANNUAL,1999,0.420971757134
7_5209395_60322,ANNUAL,medium,0.45,PIURA,ANNUAL,1999,0.712505058741
7_5209395_60325,ANNUAL,high,0.75,PIURA,ANNUAL,1999,0.0905121939103
7_5209395_60332,ANNUAL,medium,0.75,PIURA,ANNUAL,1999,0.110956708649
7_5209395_60380,ANNUAL,high,0.2,PIURA,ANNUAL,1999,1.30921585795
7_5209395_60384,ANNUAL,high,0.25,PIURA,ANNUAL,1999,0.399895875478
7_5209395_60386,ANNUAL,high,0.51,PIURA,ANNUAL,2001,0.457212125048
7_5209395_60398,ANNUAL,high,0.2,PIURA,ANNUAL,1999,0.15690955025
7_5209395_61411,ANNUAL,medium,5.85,PIURA,PASTURE_FALLOW,1999,0.648257939727
7_5209395_61413,ANNUAL,high,0.15,PIURA,ANNUAL,2002,0.261831497706
7_5209395_61421,ANNUAL,medium,0.35,PIURA,ANNUAL,1999,0.164309230269
7_5209395_61447,ANNUAL,medium,0.1,PIURA,ANNUAL,1999,0.1805052107
7_5209395_61448,ANNUAL,medium,0.16,PIURA,ANNUAL,1999,0.14776648504
7_5209395_61451,ANNUAL,medium,10.0,PIURA,ANNUAL,1999,1.56030605151
7_5209395_61452,ANNUAL,medium,0.42,PIURA,ANNUAL,1999,0.39602166246
7_5209395_61608,ANNUAL,medium,0.2,PIURA,ANNUAL,1999,0.442386170009
7_5209395_61613,ANNUAL,low,1.5,PIURA,PASTURE_FALLOW,1999,0.0967638417573
7_5209395_61617,ANNUAL,medium,0.75,PIURA,ANNUAL,1999,0.346757892475
7_5209395_61621,ANNUAL,low,0.35,PIURA,ANNUAL,1999,0.147080345366
7_5209395_61625,ANNUAL,medium,0.5,PIURA,ANNUAL,1999,0.33253732414
7_5209395_61633,ANNUAL,medium,1.01,PIURA,ANNUAL,1999,0.217806856761
7_5209395_61637,PERENNIAL,low,0.4700000000000001,PIURA,ANNUAL,1999,0.245024165244
7_5209395_61652,ANNUAL,medium,2.71,PIURA,PASTURE_FALLOW,1999,0.345161099679
7_5209395_62002,ANNUAL,high,0.04,PIURA,ANNUAL,1999,0.239234698898
7_5209395_62014,ANNUAL,medium,0.24,PIURA,PASTURE_FALLOW,1999,0.199070417058
7_5209395_62025,ANNUAL,medium,0.35,PIURA,ANNUAL,1999,0.15468303661
7_5209395_62028,ANNUAL,medium,1.7999999999999998,PIURA,ANNUAL,1999,0.400243688587
7_5209395_62030,ANNUAL,medium,0.05,PIURA,ANNUAL,1999,0.131925977609
7_5209395_62031,ANNUAL,medium,0.16,PIURA,PASTURE_FALLOW,1999,0.120978804977
7_5209395_62032,ANNUAL,medium,1.5,PIURA,PASTURE_FALLOW,1999,1.71220572546
7_5209395_62034,ANNUAL,high,0.8,PIURA,ANNUAL,1999,0.345939521731
7_5209395_62040,ANNUAL,medium,0.66,PIURA,ANNUAL,1999,0.87048204904
7_5209395_62042,ANNUAL,medium,0.06,PIURA,ANNUAL,1999,0.813074076357
7_5209395_62043,ANNUAL,medium,0.9,PIURA,PASTURE_FALLOW,1999,0.745420235153
7_5209395_62045,ANNUAL,medium,0.15000000000000002,PIURA,ANNUAL,1999,0.427596931664
7_5209395_62200,ANNUAL,high,1.15,PIURA,ANNUAL,1999,0.407375491294
7_5209395_63078,ANNUAL,medium,0.5,PIURA,PASTURE_FALLOW,2002,0.107905055039
7_5209395_63081,ANNUAL,high,0.30000000000000004,PIURA,PASTURE_FALLOW,1999,0.300233676276
7_5209395_63082,ANNUAL,high,0.5,PIURA,PASTURE_FALLOW,1999,0.20449196391
7_5209395_63092,ANNUAL,low,0.2,PIURA,PASTURE_FALLOW,1999,0.230886498987
7_5209395_63094,ANNUAL,high,1.1099999999999999,PIURA,PASTURE_FALLOW,1999,0.145167567434
7_5209395_63097,ANNUAL,medium,0.5,PIURA,PASTURE_FALLOW,1999,0.206877458227
7_5209395_63101,ANNUAL,high,0.05,PIURA,ANNUAL,1999,0.163346634958
7_5209395_63557,ANNUAL,medium,1.01,PIURA,ANNUAL,1999,0.1930508827
7_5209395_63563,ANNUAL,medium,0.2,PIURA,ANNUAL,2000,0.28190949205
7_5209395_63564,ANNUAL,low,1.9500000000000002,PIURA,PASTURE_FALLOW,1999,0.22255125465
7_5209395_63566,ANNUAL,medium,0.37,PIURA,ANNUAL,1999,0.17790135876
7_5209395_63570,ANNUAL,low,0.46,PIURA,ANNUAL,1999,0.2328650148
7_5209395_63578,ANNUAL,medium,0.37,PIURA,ANNUAL,2000,0.190378090696
7_5209395_63810,ANNUAL,medium,0.08,PIURA,ANNUAL,1999,0.296963284107
7_5209395_63814,ANNUAL,medium,2.18,PIURA,ANNUAL,1999,0.126044086599
7_5209395_63819,ANNUAL,medium,0.08,PIURA,ANNUAL,1999,0.289657942517
7_5209395_63823,ANNUAL,medium,0.13,PIURA,ANNUAL,1999,0.243733224943
7_5209395_63840,ANNUAL,medium,0.08,PIURA,ANNUAL,1999,0.176240631695
7_5209395_63842,ANNUAL,medium,0.25,PIURA,ANNUAL,1999,0.105444885145
7_5209395_63847,ANNUAL,medium,0.6000000000000001,PIURA,ANNUAL,1999,0.0953976453664
7_5209395_63854,ANNUAL,low,0.15,PIURA,ANNUAL,1999,0.128455399832
7_5209395_63856,ANNUAL,medium,0.3,PIURA,ANNUAL,1999,0.609241057489
7_5209395_63874,ANNUAL,medium,1.49,PIURA,ANNUAL,1999,0.113547672521
7_5209395_63885,ANNUAL,high,8.0,PIURA,ANNUAL,1999,0.664093121243
7_5209395_63886,ANNUAL,high,0.7,PIURA,ANNUAL,1999,0.299300739015
7_5209395_63923,ANNUAL,medium,0.05,PIURA,ANNUAL,1999,0.11502993225
7_5209395_66002,ANNUAL,medium,0.1,PIURA,ANNUAL,1999,0.68682032789
7_5209395_66013,ANNUAL,high,1.7000000000000002,PIURA,ANNUAL,1999,0.52953865904
7_5209395_66014,ANNUAL,high,3.0,PIURA,ANNUAL,1999,0.69118397359
7_5209395_66015,ANNUAL,medium,0.18,PIURA,ANNUAL,2000,0.74696230856
7_5209395_66018,ANNUAL,medium,0.37,PIURA,PASTURE_FALLOW,2000,0.12990188569
7_5209395_66049,ANNUAL,medium,1.06,PIURA,ANNUAL,2000,0.14405837803
7_5209395_66050,ANNUAL,high,0.37,PIURA,ANNUAL,1999,0.25291477934
7_5209395_66051,ANNUAL,high,0.32999999999999996,PIURA,ANNUAL,2000,0.09952773067
7_5209395_66059,ANNUAL,medium,0.09,PIURA,PASTURE_FALLOW,1999,0.11982344674
7_5209395_66060,ANNUAL,medium,0.02,PIURA,ANNUAL,1999,0.33256120469
7_5209395_66071,ANNUAL,high,0.49,PIURA,PASTURE_FALLOW,1999,0.63633569704
7_5209395_66143,ANNUAL,medium,1.17,PIURA,PASTURE_FALLOW,1999,0.19866413761
7_5209395_66335,ANNUAL,medium,0.15000000000000002,PIURA,PASTURE_FALLOW,2000,0.173678047533
7_5209395_75467,ANNUAL,medium,0.45,PIURA,PASTURE_FALLOW,2002,0.52025450933
7_5209395_75469,ANNUAL,high,0.13,PIURA,PASTURE_FALLOW,2002,0.21299552755
7_5209395_75470,ANNUAL,high,0.54,PIURA,PASTURE_FALLOW,2002,0.24024207304
7_5209395_75471,ANNUAL,high,1.4000000000000001,PIURA,PASTURE_FALLOW,2002,0.27621257039
7_5209395_75472,ANNUAL,high,0.2,PIURA,PASTURE_FALLOW,2002,0.30463362576
7_5209395_75480,ANNUAL,high,0.2,PIURA,ANNUAL,2002,0.42866506519
7_5209395_75482,ANNUAL,low,0.8999999999999999,PIURA,ANNUAL,2002,0.266611714417
7_5209395_75487,ANNUAL,medium,2.3,PIURA,ANNUAL,2002,0.531958599843
7_5209400_55029,ANNUAL,medium,3.16,PIURA,PASTURE_FALLOW,1999,0.913386368025
7_5209400_55039,ANNUAL,medium,2.75,PIURA,PASTURE_FALLOW,1999,0.390868090799
7_5209400_55259,ANNUAL,high,1.5,PIURA,ANNUAL,1999,0.23388521023
7_5209400_55260,ANNUAL,medium,0.55,PIURA,ANNUAL,1999,0.25390418407
7_5209400_55421,ANNUAL,medium,0.8500000000000001,PIURA,ANNUAL,1999,0.29929529506
7_5209400_55437,ANNUAL,medium,1.6,PIURA,ANNUAL,1999,0.429064152228
7_5209400_55453,ANNUAL,medium,0.25,PIURA,ANNUAL,1999,0.4358181866
7_5209400_55473,ANNUAL,medium,0.41,PIURA,ANNUAL,1999,0.29968227522
7_5209400_55478,ANNUAL,medium,0.5,PIURA,ANNUAL,1999,0.296737514752
7_5209400_55479,ANNUAL,high,0.29,PIURA,ANNUAL,1999,0.293372817174
7_5209400_55490,ANNUAL,medium,1.26,PIURA,PASTURE_FALLOW,1999,0.142328289628
7_5209400_55668,ANNUAL,medium,0.75,PIURA,PASTURE_FALLOW,1999,0.617146948373
7_5209400_55685,ANNUAL,high,0.05,PIURA,PASTURE_FALLOW,1999,0.176932240364
7_5209400_55808,ANNUAL,low,3.3600000000000003,PIURA,PASTURE_FALLOW,1999,0.407478174168
7_5209400_55856,ANNUAL,medium,0.08,PIURA,PASTURE_FALLOW,1999,0.148665920734
7_5209400_55857,ANNUAL,medium,0.25,PIURA,PASTURE_FALLOW,1999,0.300020852753
7_5209400_55862,ANNUAL,medium,1.2000000000000002,PIURA,PASTURE_FALLOW,1999,0.229461658727
7_5209400_55879,ANNUAL,medium,0.2,PIURA,PASTURE_FALLOW,1999,0.315903470037
7_5209400_63030,ANNUAL,low,2.21,PIURA,PASTURE_FALLOW,1999,0.311960783922
7_5209400_63034,ANNUAL,low,0.25,PIURA,PASTURE_FALLOW,1999,0.618462701363
7_5209400_63043,ANNUAL,medium,0.02,PIURA,PASTURE_FALLOW,1999,0.153028498199
7_5209400_63056,ANNUAL,high,0.95,PIURA,PASTURE_FALLOW,1999,1.09175163125
7_5209400_63059,ANNUAL,high,2.0,PIURA,PASTURE_FALLOW,1999,0.381696731846
7_5209400_63067,ANNUAL,high,0.84,PIURA,PASTURE_FALLOW,1999,0.498562197998
7_5209400_63069,ANNUAL,medium,0.25,PIURA,PASTURE_FALLOW,2002,0.59455576826
7_5209400_63071,ANNUAL,high,1.89,PIURA,ANNUAL,1999,0.419555415868
7_5209400_63074,ANNUAL,medium,0.08,PIURA,PASTURE_FALLOW,1999,0.416675269639
7_5209400_63103,ANNUAL,medium,1.06,PIURA,ANNUAL,1999,1.05298497161
7_5209400_63104,ANNUAL,medium,0.28,PIURA,ANNUAL,1999,0.258587747591
7_5209400_63115,ANNUAL,medium,1.65,PIURA,ANNUAL,1999,0.28380378529
7_5209400_63134,ANNUAL,high,1.55,PIURA,ANNUAL,1999,0.432988969013
7_5209400_63136,ANNUAL,medium,0.22,PIURA,ANNUAL,1999,0.137671651293
7_5209400_63138,ANNUAL,high,0.15,PIURA,ANNUAL,1999,0.126179651015
7_5209400_63147,ANNUAL,medium,1.0,PIURA,ANNUAL,1999,0.40310342407
7_5209400_63157,ANNUAL,high,1.0,PIURA,ANNUAL,1999,0.256263776854
7_5209400_63166,ANNUAL,high,0.2,PIURA,ANNUAL,1999,0.107578576961
7_5209400_66074,ANNUAL,high,3.2800000000000002,PIURA,ANNUAL,2000,0.11557968147
7_5209400_66078,ANNUAL,medium,1.0,PIURA,ANNUAL,1999,0.21488351858
7_5209400_66098,ANNUAL,high,0.15,PIURA,PASTURE_FALLOW,1999,0.126074514907
7_5209400_66100,ANNUAL,high,0.2187,PIURA,ANNUAL,1999,0.217540157597
7_5209400_66105,ANNUAL,medium,0.94,PIURA,ANNUAL,1999,0.205144727406
7_5209400_66115,ANNUAL,medium,0.56,PIURA,ANNUAL,1999,0.10014294956
7_5209400_66120,ANNUAL,medium,0.72,PIURA,ANNUAL,1999,0.39793327105
7_5209400_66125,ANNUAL,medium,0.14,PIURA,PASTURE_FALLOW,1999,0.11839391735
7_5209400_66138,ANNUAL,high,0.35,PIURA,PASTURE_FALLOW,1999,0.19162853594
7_5209400_66150,ANNUAL,medium,0.37,PIURA,PASTURE_FALLOW,1999,0.10133667651
7_5209400_66152,ANNUAL,high,0.14,PIURA,ANNUAL,1999,0.09151670403
7_5209400_66211,ANNUAL,medium,0.4,PIURA,PASTURE_FALLOW,1999,0.462653507472
7_5209400_66212,ANNUAL,high,0.71,PIURA,PASTURE_FALLOW,1999,0.706518568251
7_5209400_66215,ANNUAL,medium,0.13,PIURA,PASTURE_FALLOW,1999,0.205478212695
7_5209400_66407,ANNUAL,high,0.5,PIURA,ANNUAL,1999,0.426781881074
7_5209400_66408,ANNUAL,high,0.65,PIURA,ANNUAL,1999,0.219808902549
7_5209400_66410,ANNUAL,high,0.62,PIURA,ANNUAL,1999,0.0967634684617
7_5209400_76655,ANNUAL,low,0.2,PIURA,ANNUAL,2003,0.222811351168
7_5209400_76656,ANNUAL,high,0.1,PIURA,ANNUAL,2003,0.0986165785077
7_5209400_76658,ANNUAL,high,0.41000000000000003,PIURA,ANNUAL,2003,0.115020101523
7_5209405_02247,ANNUAL,high,2.0999999999999996,PIURA,PASTURE_FALLOW,1998,0.150653080696
7_5209405_02253,ANNUAL,medium,0.7,PIURA,PASTURE_FALLOW,1998,0.598168574939
7_5209405_02257,ANNUAL,medium,0.75,PIURA,PASTURE_FALLOW,1998,0.413486294696
7_5209405_02260,ANNUAL,medium,1.05,PIURA,PASTURE_FALLOW,1998,0.447084506626
7_5209405_02262,ANNUAL,medium,0.8999999999999999,PIURA,PASTURE_FALLOW,1998,0.435608010946
7_5209405_02267,ANNUAL,medium,0.8,PIURA,PASTURE_FALLOW,1998,0.417546865178
7_5209405_02269,ANNUAL,medium,0.98,PIURA,PASTURE_FALLOW,1998,0.40380782329
7_5209405_02271,ANNUAL,medium,0.99,PIURA,PASTURE_FALLOW,1998,0.553080263589
7_5209405_02273,ANNUAL,medium,0.87,PIURA,ANNUAL,1998,0.408240535251
7_5209405_02274,PERENNIAL,low,2.5,PIURA,ANNUAL,1998,0.459136743224
7_5209405_02277,ANNUAL,high,1.04,PIURA,ANNUAL,1998,0.426352715227
7_5209405_02280,ANNUAL,high,0.7,PIURA,ANNUAL,1998,0.344822432423
7_5209405_02325,ANNUAL,high,1.69,PIURA,ANNUAL,1998,0.582769460426
7_5209405_02329,PERENNIAL,high,35.85,PIURA,ANNUAL,1998,0.803997012418
7_5209405_02337,ANNUAL,low,2.3499999999999996,PIURA,PASTURE_FALLOW,1998,0.631981048945
7_5209405_02340,ANNUAL,medium,1.815,PIURA,PASTURE_FALLOW,1998,0.77053754306
7_5209405_02344,PERENNIAL,medium,1.35,PIURA,PASTURE_FALLOW,1998,0.622859315774
7_5209405_02350,ANNUAL,high,0.92,PIURA,PASTURE_FALLOW,1998,0.442235714977
7_5209405_02359,ANNUAL,high,0.77,PIURA,PASTURE_FALLOW,1998,0.673908146012
7_5209405_02401,ANNUAL,medium,0.16,PIURA,PASTURE_FALLOW,1998,0.0970466175116
7_5209405_02411,ANNUAL,medium,0.16,PIURA,PASTURE_FALLOW,1998,0.118320000658
7_5209405_02421,ANNUAL,medium,1.2,PIURA,ANNUAL,1998,0.112624889059
7_5209405_02424,ANNUAL,medium,0.08,PIURA,ANNUAL,1998,0.199611497944
7_5209405_02442,ANNUAL,medium,0.36,PIURA,ANNUAL,1998,0.232811503434
7_5209405_02460,ANNUAL,low,0.54,PIURA,PASTURE_FALLOW,1998,0.389289280464
7_5209405_02462,ANNUAL,high,0.25,PIURA,ANNUAL,1998,0.438857426604
7_5209405_02465,ANNUAL,medium,0.3,PIURA,ANNUAL,1998,0.35858534692
7_5209405_02467,ANNUAL,low,0.25,PIURA,ANNUAL,1998,0.372584536992
7_5209405_02471,ANNUAL,medium,1.0499999999999998,PIURA,ANNUAL,1998,0.377262672501
7_5209405_02472,ANNUAL,medium,0.9299999999999999,PIURA,ANNUAL,1998,0.361980812865
7_5209405_02475,ANNUAL,medium,0.1312,PIURA,ANNUAL,1998,0.298898549136
7_5209405_02476,ANNUAL,low,0.56,PIURA,ANNUAL,1998,0.314266570669
7_5209405_02479,ANNUAL,medium,0.55,PIURA,PASTURE_FALLOW,1998,0.175538162461
7_5209405_02480,ANNUAL,medium,0.27,PIURA,PASTURE_FALLOW,1998,0.221616736773
7_5209405_02482,ANNUAL,medium,0.1,PIURA,ANNUAL,1998,0.26467673658
7_5209405_02486,ANNUAL,medium,0.05,PIURA,PASTURE_FALLOW,1998,0.475697839012
7_5209405_02493,ANNUAL,low,0.77,PIURA,PASTURE_FALLOW,1998,0.255013708588
7_5209405_02498,ANNUAL,medium,0.05,PIURA,PASTURE_FALLOW,1998,0.255911226932
7_5209405_02509,ANNUAL,medium,0.29000000000000004,PIURA,PASTURE_FALLOW,1998,0.370440143169
7_5209405_02511,ANNUAL,medium,1.2,PIURA,PASTURE_FALLOW,1998,0.464712701831
7_5209405_02512,ANNUAL,medium,0.07,PIURA,PASTURE_FALLOW,1998,0.488049600833
7_5209405_02518,PERENNIAL,low,0.19,PIURA,PASTURE_FALLOW,1998,0.288070648742
7_5209405_02526,ANNUAL,medium,2.17,PIURA,PASTURE_FALLOW,1998,0.315042666613
7_5209405_02530,ANNUAL,medium,0.56,PIURA,PASTURE_FALLOW,1998,0.289070067342
7_5209405_02531,ANNUAL,medium,5.9,PIURA,PASTURE_FALLOW,1998,0.176569676002
7_5209405_02532,ANNUAL,low,0.63,PIURA,PASTURE_FALLOW,1998,0.533788497787
7_5209405_02533,ANNUAL,high,1.81,PIURA,PASTURE_FALLOW,1998,0.462099084776
7_5209405_02535,ANNUAL,medium,4.720000000000001,PIURA,PASTURE_FALLOW,1998,0.232804311153
7_5209405_02543,ANNUAL,medium,3.15,PIURA,PASTURE_FALLOW,1998,0.20737464496
7_5209405_02570,ANNUAL,medium,2.05,PIURA,PASTURE_FALLOW,1998,0.388745698846
7_5209405_02685,ANNUAL,medium,2.25,PIURA,PASTURE_FALLOW,1998,0.268693088202
7_5209405_02686,ANNUAL,high,2.0,PIURA,PASTURE_FALLOW,1998,0.268517598979
7_5209405_02688,ANNUAL,high,1.25,PIURA,ANNUAL,1998,0.25977547409
7_5209405_02689,ANNUAL,low,2.75,PIURA,ANNUAL,1998,0.263576870063
7_5209405_02690,ANNUAL,high,2.7,PIURA,PASTURE_FALLOW,1998,0.268170509789
7_5209405_02691,ANNUAL,medium,2.0700000000000003,PIURA,PASTURE_FALLOW,1998,0.26403655953
7_5209405_02697,ANNUAL,medium,1.25,PIURA,ANNUAL,1998,0.40946324904
7_5209405_02698,ANNUAL,medium,2.8,PIURA,PASTURE_FALLOW,1998,0.432756371878
7_5209405_02699,ANNUAL,low,2.45,PIURA,PASTURE_FALLOW,1998,0.476473480364
7_5209405_02715,ANNUAL,medium,5.09,PIURA,PASTURE_FALLOW,1998,0.595990451872
7_5209405_02716,ANNUAL,medium,0.28,PIURA,PASTURE_FALLOW,1998,0.345748194513
7_5209405_02726,ANNUAL,low,0.48,PIURA,PASTURE_FALLOW,1998,0.272061191219
7_5209405_02765,ANNUAL,medium,0.5700000000000001,PIURA,PASTURE_FALLOW,1998,0.198500124926
7_5209405_02766,ANNUAL,medium,0.07,PIURA,PASTURE_FALLOW,1998,0.227888699971
7_5209405_02776,ANNUAL,low,1.5,PIURA,PASTURE_FALLOW,1998,0.136229674535
7_5209405_02789,ANNUAL,low,2.64,PIURA,ANNUAL,1998,0.238913776085
7_5209405_02793,PERENNIAL,low,3.75,PIURA,PASTURE_FALLOW,1998,0.628627786213
7_5209405_02874,ANNUAL,low,0.315,PIURA,PASTURE_FALLOW,1998,0.252402814701
7_5209405_02903,ANNUAL,medium,0.75,PIURA,ANNUAL,1998,0.1296149885
7_5209405_02927,ANNUAL,low,0.56,PIURA,PASTURE_FALLOW,1998,0.151508859639
7_5209405_02940,ANNUAL,high,7.42,PIURA,PASTURE_FALLOW,1998,0.20118231838
7_5209405_02942,ANNUAL,medium,0.19,PIURA,PASTURE_FALLOW,1998,0.439768173397
7_5209405_02954,ANNUAL,medium,0.23,PIURA,PASTURE_FALLOW,1998,0.292639914526
7_5209405_02967,ANNUAL,high,0.75,PIURA,PASTURE_FALLOW,1998,0.232229993445
7_5209405_02987,ANNUAL,low,0.30000000000000004,PIURA,PASTURE_FALLOW,1998,0.282250345209
7_5209405_02992,ANNUAL,medium,0.46,PIURA,PASTURE_FALLOW,1998,0.524116686311
7_5209405_02993,ANNUAL,high,0.25,PIURA,PASTURE_FALLOW,1998,0.480758108727
7_5209405_06415,ANNUAL,low,1.85,PIURA,PASTURE_FALLOW,1998,0.137387781315
7_5209405_06425,ANNUAL,low,0.23,PIURA,PASTURE_FALLOW,1998,0.0915843168161
7_5209405_06481,ANNUAL,high,0.27,PIURA,PASTURE_FALLOW,1998,0.124483373808
7_5209405_06515,ANNUAL,medium,0.11,PIURA,ANNUAL,1998,0.470458945687
7_5209405_06516,PERENNIAL,low,1.0,PIURA,ANNUAL,1998,0.467194906473
7_5209405_06529,ANNUAL,medium,0.15,PIURA,PASTURE_FALLOW,1998,0.360594982749
7_5209405_06538,ANNUAL,medium,0.05,PIURA,ANNUAL,1998,0.228096169429
7_5209405_06549,ANNUAL,medium,0.75,PIURA,ANNUAL,1998,0.484074614298
7_5209405_25816,ANNUAL,high,5.37,PIURA,PASTURE_FALLOW,1998,0.179319297288
7_5209405_25818,ANNUAL,high,0.30000000000000004,PIURA,PASTURE_FALLOW,1998,0.253169987007
7_5209405_30243,ANNUAL,medium,0.07,PIURA,PASTURE_FALLOW,1998,0.111504388759
7_5209405_45496,ANNUAL,low,2.17,PIURA,PASTURE_FALLOW,1998,0.348277599612
7_5209405_45501,ANNUAL,medium,0.6000000000000001,PIURA,PASTURE_FALLOW,1998,0.173380778028
7_5209405_45506,ANNUAL,low,1.25,PIURA,PASTURE_FALLOW,1998,0.244565375833
7_5209410_02398,ANNUAL,medium,1.01,PIURA,ANNUAL,1998,0.631996273464
7_5209410_02399,ANNUAL,medium,1.5,PIURA,ANNUAL,1998,0.579663898641
7_5209410_080560,ANNUAL,low,1.0975000000000001,PIURA,ANNUAL,2006,0.56617377765
7_5209410_080602,ANNUAL,medium,1.7,PIURA,ANNUAL,2006,0.136439956119
7_5209410_36245,ANNUAL,medium,1.94,PIURA,ANNUAL,1998,0.530669940232
7_5209410_36253,ANNUAL,medium,2.96,PIURA,ANNUAL,1998,0.197683109123
7_5209410_36254,ANNUAL,medium,1.98,PIURA,ANNUAL,1998,0.52119343344
7_5209410_36277,ANNUAL,medium,0.61,PIURA,ANNUAL,1998,0.535099354994
7_5209410_36282,ANNUAL,medium,3.1500000000000004,PIURA,ANNUAL,1998,0.513768223049
7_5209410_36288,ANNUAL,low,0.15,PIURA,ANNUAL,1998,0.195625629859
7_5209410_36289,ANNUAL,medium,1.94,PIURA,ANNUAL,1998,0.412869739868
7_5209410_36302,ANNUAL,medium,0.002,PIURA,ANNUAL,1998,0.129356798619
7_5209410_36335,ANNUAL,high,0.28,PIURA,ANNUAL,1998,0.159238567539
7_5209410_36340,ANNUAL,medium,3.01,PIURA,ANNUAL,1998,0.247648677105
7_5209410_36341,ANNUAL,high,0.47,PIURA,ANNUAL,1998,0.461604458352
7_5209410_36362,ANNUAL,medium,2.06,PIURA,ANNUAL,1998,0.234559653175
7_5209410_36373,PERENNIAL,medium,2.66,PIURA,ANNUAL,1998,0.162622319751
7_5209410_36378,ANNUAL,medium,0.13,PIURA,ANNUAL,1998,0.128737364657
7_5209410_36471,ANNUAL,medium,0.66,PIURA,ANNUAL,1998,0.273863663248
7_5209410_36503,ANNUAL,high,0.33,PIURA,ANNUAL,1998,0.2514065153
7_5209410_36509,ANNUAL,low,0.66,PIURA,ANNUAL,1998,0.143643781212
7_5209410_36516,ANNUAL,medium,1.7000000000000002,PIURA,ANNUAL,1998,0.148069491072
7_5209410_36572,ANNUAL,medium,0.75,PIURA,ANNUAL,1998,0.43286107582
7_5209410_36579,PERENNIAL,medium,4.3,PIURA,ANNUAL,1998,0.52928562015
7_5209410_43771,ANNUAL,low,2.1,PIURA,ANNUAL,1998,0.460332874999
7_5209410_43778,ANNUAL,high,0.26,PIURA,ANNUAL,1998,0.193859998163
7_5209410_43788,ANNUAL,low,0.55,PIURA,ANNUAL,1998,0.177059559391
7_5209410_43808,ANNUAL,medium,2.36,PIURA,ANNUAL,1998,0.693154953585
7_5209410_43886,ANNUAL,medium,2.19,PIURA,ANNUAL,1998,0.0900448396273
7_5209410_43888,ANNUAL,medium,0.14700000000000002,PIURA,ANNUAL,1998,0.529544076528
7_5209410_43908,ANNUAL,medium,1.5299999999999998,PIURA,ANNUAL,1998,0.352820276663
7_5209410_43922,ANNUAL,medium,0.19,PIURA,ANNUAL,1998,0.330236074521
7_5209410_43933,ANNUAL,medium,2.1,PIURA,ANNUAL,1998,0.321722670592
7_5209410_43970,ANNUAL,medium,1.25,PIURA,ANNUAL,1998,0.241005586083
7_5209410_43971,ANNUAL,medium,2.4,PIURA,ANNUAL,1998,0.609359672908
7_5209410_43973,ANNUAL,medium,1.65,PIURA,ANNUAL,1998,0.487893166737
7_5209410_43976,ANNUAL,medium,0.98,PIURA,ANNUAL,1998,0.362055040419
7_5209410_43988,ANNUAL,medium,2.08,PIURA,ANNUAL,1998,0.604903778348
7_5209410_43995,ANNUAL,medium,1.55,PIURA,ANNUAL,1998,0.725974357701
7_5209410_43999,ANNUAL,medium,0.015,PIURA,ANNUAL,1998,0.684859500986
7_5209410_45404,ANNUAL,high,0.27,PIURA,PASTURE_FALLOW,1998,0.504686282122
7_5209410_45423,ANNUAL,medium,1.1,PIURA,ANNUAL,1998,0.251749649652
7_5209410_45429,ANNUAL,medium,0.26,PIURA,PASTURE_FALLOW,1998,0.287597311168
7_5209410_45433,ANNUAL,low,1.6560000000000001,PIURA,ANNUAL,1998,0.331043051606
7_5209410_45456,ANNUAL,low,0.24000000000000002,PIURA,ANNUAL,1998,0.224707464916
7_5209410_45471,ANNUAL,medium,1.9100000000000001,PIURA,PASTURE_FALLOW,1998,0.50659449553
7_5209410_45473,ANNUAL,medium,1.8800000000000001,PIURA,PASTURE_FALLOW,1998,0.257726910801
7_5209410_45483,ANNUAL,medium,0.8500000000000001,PIURA,PASTURE_FALLOW,1998,0.221523970235
7_5209410_45487,ANNUAL,medium,1.5,PIURA,ANNUAL,1998,0.0962328707071
7_5209410_45492,ANNUAL,medium,0.89,PIURA,ANNUAL,1998,0.0927283075746
7_5209410_48610,ANNUAL,medium,0.603,PIURA,ANNUAL,1998,0.267290839294
7_5209410_48612,PERENNIAL,medium,0.731,PIURA,ANNUAL,1998,0.195016189233
7_5209410_48643,ANNUAL,medium,0.666,PIURA,ANNUAL,1998,0.117339914838
7_5209410_48671,ANNUAL,high,1.44,PIURA,ANNUAL,1998,0.191596084163
7_5209410_48870,ANNUAL,medium,0.28,PIURA,ANNUAL,1998,0.241244888125
7_5209410_48871,ANNUAL,high,0.17,PIURA,ANNUAL,1998,0.648726819382
7_5209410_48872,ANNUAL,high,1.87,PIURA,PASTURE_FALLOW,1998,0.166463962665
7_5209410_48890,ANNUAL,medium,1.91,PIURA,ANNUAL,1998,0.144429334705
7_5209410_50012,ANNUAL,medium,0.279,PIURA,ANNUAL,1998,0.0924520856538
7_5209410_50013,ANNUAL,medium,0.507,PIURA,ANNUAL,1998,0.0988652378158
7_5209410_50055,ANNUAL,low,0.9299999999999999,PIURA,ANNUAL,1998,0.125537405567
7_5209410_50228,ANNUAL,low,0.7,PIURA,ANNUAL,1998,0.127352820291
7_5209410_50266,PERENNIAL,medium,0.815,PIURA,ANNUAL,1998,0.11800637995
7_5209410_50555,ANNUAL,medium,0.48600000000000004,PIURA,ANNUAL,1998,0.127910042002
7_5209410_50559,PERENNIAL,medium,1.0704,PIURA,ANNUAL,1998,0.162782932715
7_5209410_50598,ANNUAL,medium,0.134,PIURA,ANNUAL,1998,0.0967504641064
7_5209455_066782,PERENNIAL,medium,42.5,PIURA,ANNUAL,2005,14.9756637153
7_5209460_066566,PERENNIAL,medium,1.25,PIURA,ANNUAL,2004,0.726177398621
7_5209460_066793,ANNUAL,high,1.5,PIURA,ANNUAL,2005,1.11921498691
7_5209460_066911,ANNUAL,high,0.5,PIURA,ANNUAL,2006,0.994800297566
7_5209460_066925,ANNUAL,high,2.31,PIURA,ANNUAL,2006,1.99997590221
7_5209460_066926,ANNUAL,high,3.61,PIURA,ANNUAL,2006,1.72751073831
7_5209460_067092,ANNUAL,high,5.64,PIURA,ANNUAL,2009,1.92375033779
7_5209460_067094,PERENNIAL,medium,2.56,PIURA,PERENNIAL,2009,0.356933214722
7_5259385_58049,ANNUAL,medium,1.8,PIURA,PASTURE_FALLOW,1999,1.14851699605
7_5259385_58057,ANNUAL,medium,2.38,PIURA,PASTURE_FALLOW,1999,0.256732620648
7_5259385_58061,ANNUAL,medium,1.45,PIURA,PASTURE_FALLOW,1999,0.246178787083
7_5259385_58062,ANNUAL,medium,4.25,PIURA,PASTURE_FALLOW,1999,0.228139076642
7_5259385_58066,ANNUAL,medium,4.1,PIURA,PASTURE_FALLOW,1999,0.317813754748
7_5259385_58070,ANNUAL,medium,3.81,PIURA,PASTURE_FALLOW,1999,0.297657100196
7_5259385_58077,ANNUAL,medium,2.0,PIURA,PASTURE_FALLOW,1999,0.20290371222
7_5259385_61359,ANNUAL,medium,12.33,PIURA,PASTURE_FALLOW,1999,0.184098088825
7_5259385_65010,ANNUAL,low,1.1800000000000002,PIURA,PASTURE_FALLOW,1999,0.862263260054
7_5259385_70031,ANNUAL,medium,1.0,PIURA,PASTURE_FALLOW,1999,0.229501076458
7_5259390_53092,ANNUAL,medium,2.0,PIURA,ANNUAL,1999,1.11612894223
7_5259390_53093,ANNUAL,medium,0.2,PIURA,ANNUAL,1999,1.08210928617
7_5259390_53098,ANNUAL,medium,2.3,PIURA,ANNUAL,1999,0.872502323575
7_5259390_53105,ANNUAL,medium,4.5,PIURA,ANNUAL,1999,1.21753161496
7_5259390_53106,ANNUAL,medium,1.0,PIURA,ANNUAL,1999,2.80596868485
7_5259390_53174,ANNUAL,medium,1.8,PIURA,ANNUAL,1999,1.46790307759
7_5259390_53177,ANNUAL,medium,3.25,PIURA,ANNUAL,1999,0.300274771757
7_5259390_53182,PERENNIAL,low,0.5,PIURA,ANNUAL,1999,0.904801310871
7_5259390_53535,ANNUAL,medium,0.5800000000000001,PIURA,ANNUAL,1999,0.371912206559
7_5259390_53564,ANNUAL,medium,12.0,PIURA,ANNUAL,1999,24.1421986448
7_5259390_53661,ANNUAL,medium,6.45,PIURA,ANNUAL,1999,0.149079852745
7_5259390_53688,ANNUAL,medium,3.24,PIURA,ANNUAL,2001,1.04007633383
7_5259390_53702,ANNUAL,high,0.45,PIURA,ANNUAL,2000,0.11463313372
7_5259390_53715,ANNUAL,medium,5.0,PIURA,ANNUAL,2000,0.111120139455
7_5259390_53906,ANNUAL,medium,0.75,PIURA,ANNUAL,1999,0.126967077471
7_5259390_53915,ANNUAL,high,0.5,PIURA,ANNUAL,2002,0.47918573114
7_5259390_53916,ANNUAL,medium,0.18,PIURA,ANNUAL,1999,0.383287473554
7_5259390_53932,ANNUAL,low,1.05,PIURA,ANNUAL,1999,1.47110028955
7_5259390_53959,ANNUAL,low,0.84,PIURA,ANNUAL,1999,4.46631070261
7_5259390_53971,ANNUAL,medium,1.4,PIURA,ANNUAL,1999,0.956289385256
7_5259390_56057,ANNUAL,low,0.1,PIURA,PASTURE_FALLOW,1999,0.786533892276
7_5259390_56073,ANNUAL,medium,0.25,PIURA,PASTURE_FALLOW,1999,1.04576025509
7_5259390_56074,ANNUAL,low,0.25,PIURA,PASTURE_FALLOW,1999,0.837375272222
7_5259390_56078,ANNUAL,medium,1.0,PIURA,PASTURE_FALLOW,1999,0.323746168171
7_5259390_56336,ANNUAL,low,0.13,PIURA,PASTURE_FALLOW,1999,0.309398605105
7_5259390_56410,ANNUAL,medium,1.8,PIURA,PASTURE_FALLOW,1999,0.910794341987
7_5259390_56412,ANNUAL,medium,1.5,PIURA,ANNUAL,1999,0.994155007638
7_5259390_56422,ANNUAL,medium,4.75,PIURA,ANNUAL,1999,0.283350573796
7_5259390_56432,ANNUAL,medium,1.0,PIURA,ANNUAL,1999,0.206028061589
7_5259390_56440,ANNUAL,low,0.30000000000000004,PIURA,ANNUAL,1999,1.29011434818
7_5259390_56447,ANNUAL,medium,1.4,PIURA,ANNUAL,1999,0.302714537728
7_5259390_56456,ANNUAL,medium,2.06,PIURA,ANNUAL,1999,0.865511298069
7_5259390_56464,ANNUAL,medium,3.0,PIURA,PASTURE_FALLOW,1999,0.41559646737
7_5259390_56477,ANNUAL,medium,0.76,PIURA,PASTURE_FALLOW,1999,0.341568771665
7_5259390_56480,ANNUAL,medium,1.0,PIURA,PASTURE_FALLOW,1999,0.163441166504
7_5259390_56653,ANNUAL,medium,2.3,PIURA,ANNUAL,1999,0.528901241755
7_5259390_56655,ANNUAL,medium,5.25,PIURA,ANNUAL,1999,0.541725926063
7_5259390_56887,ANNUAL,high,1.5,PIURA,PASTURE_FALLOW,1999,1.24908798575
7_5259390_57939,ANNUAL,medium,0.2,PIURA,ANNUAL,2001,0.22074384134
7_5259390_58498,ANNUAL,medium,1.07,PIURA,PASTURE_FALLOW,1999,0.627789378971
7_5259390_59294,ANNUAL,medium,1.25,PIURA,ANNUAL,1999,2.10704483583
7_5259390_60099,ANNUAL,medium,23.88,PIURA,ANNUAL,1999,0.0913090241191
7_5259390_61268,ANNUAL,medium,2.0,PIURA,PASTURE_FALLOW,1999,1.55996687751
7_5259390_61298,ANNUAL,medium,1.06,PIURA,ANNUAL,1999,0.138865530731
7_5259390_61301,ANNUAL,medium,1.0,PIURA,ANNUAL,2002,0.453774765552
7_5259390_61327,ANNUAL,low,0.65,PIURA,PASTURE_FALLOW,1999,1.04017773532
7_5259390_61328,ANNUAL,low,1.0,PIURA,PASTURE_FALLOW,1999,0.265610353705
7_5259390_61331,ANNUAL,low,0.7,PIURA,PASTURE_FALLOW,1999,0.247073326398
7_5259390_62338,ANNUAL,medium,0.35,PIURA,ANNUAL,1999,0.113379416675
7_5259390_62351,PERENNIAL,low,1.6,PIURA,ANNUAL,1999,1.05502008164
7_5259390_62352,ANNUAL,low,8.0,PIURA,ANNUAL,1999,0.34827325421
7_5259390_62354,PERENNIAL,medium,0.4,PIURA,PERENNIAL,1999,0.26067335139
7_5259390_62358,ANNUAL,low,2.0,PIURA,ANNUAL,1999,2.65341632721
7_5259390_62365,ANNUAL,medium,0.05,PIURA,ANNUAL,1999,0.125820845737
7_5259390_62373,ANNUAL,medium,0.05,PIURA,ANNUAL,1999,0.20034842417
7_5259390_62396,ANNUAL,medium,0.15,PIURA,PASTURE_FALLOW,1999,0.283141642359
7_5259390_62397,ANNUAL,low,0.52,PIURA,PERENNIAL,1999,0.16307871601
7_5259390_62558,ANNUAL,high,0.1,PIURA,PASTURE_FALLOW,1999,0.452673528448
7_5259390_62571,ANNUAL,low,5.32,PIURA,ANNUAL,2000,0.26739522713
7_5259390_64802,ANNUAL,medium,3.75,PIURA,ANNUAL,1999,0.10513897985
7_5259390_64810,ANNUAL,medium,0.28,PIURA,ANNUAL,2000,0.32710515462
7_5259390_64811,PERENNIAL,high,0.93,PIURA,ANNUAL,2000,0.63116687942
7_5259390_64847,ANNUAL,medium,1.5,PIURA,ANNUAL,1999,0.09309015144
7_5259390_64853,ANNUAL,high,1.15,PIURA,ANNUAL,1999,0.18797884875
7_5259390_64879,ANNUAL,medium,0.5,PIURA,ANNUAL,2002,0.75298201796
7_5259390_64881,ANNUAL,high,0.5,PIURA,ANNUAL,1999,0.20037099635
7_5259390_64893,ANNUAL,low,0.74,PIURA,ANNUAL,1999,0.17708978164
7_5259390_64923,ANNUAL,high,0.5,PIURA,ANNUAL,1999,0.2003170307
7_5259390_64926,ANNUAL,low,0.25,PIURA,ANNUAL,1999,0.37062380751
7_5259390_64934,PERENNIAL,low,3.79,PIURA,ANNUAL,2000,0.17505778294
7_5259390_64951,ANNUAL,medium,2.5,PIURA,ANNUAL,2000,0.11337210572
7_5259390_65034,ANNUAL,medium,0.9,PIURA,ANNUAL,2000,1.12170557926
7_5259390_65063,ANNUAL,low,0.15000000000000002,PIURA,PASTURE_FALLOW,1999,1.18444642797
7_5259390_65075,ANNUAL,high,0.5,PIURA,PASTURE_FALLOW,1999,1.02615995804
7_5259390_65077,ANNUAL,medium,2.4499999999999997,PIURA,ANNUAL,1999,1.00428012763
7_5259390_65099,ANNUAL,high,0.85,PIURA,PASTURE_FALLOW,1999,0.0911155043767
7_5259390_65117,ANNUAL,medium,0.25,PIURA,PASTURE_FALLOW,1999,0.10363719011
7_5259390_65118,ANNUAL,medium,0.2,PIURA,PASTURE_FALLOW,1999,0.67863118233
7_5259390_65121,ANNUAL,medium,1.0,PIURA,PASTURE_FALLOW,2000,0.143698557052
7_5259390_65135,ANNUAL,low,0.2,PIURA,ANNUAL,2000,0.250101072405
7_5259390_65140,ANNUAL,low,2.5300000000000002,PIURA,PASTURE_FALLOW,1999,0.345098328664
7_5259390_65144,ANNUAL,medium,0.65,PIURA,PASTURE_FALLOW,1999,0.271732768688
7_5259390_65158,PERENNIAL,medium,0.1,PIURA,PASTURE_FALLOW,1999,0.610223862671
7_5259390_65173,ANNUAL,medium,4.5,PIURA,PASTURE_FALLOW,1999,0.161085433491
7_5259390_65190,ANNUAL,medium,1.0,PIURA,PASTURE_FALLOW,2000,0.390649143154
7_5259390_65196,ANNUAL,medium,0.17,PIURA,PASTURE_FALLOW,1999,0.379811224407
7_5259390_65607,PERENNIAL,medium,0.25,PIURA,PASTURE_FALLOW,2000,0.176114283362
7_5259390_65608,PERENNIAL,medium,0.5,PIURA,PASTURE_FALLOW,1999,0.251394726317
7_5259390_65611,PERENNIAL,medium,0.75,PIURA,ANNUAL,1999,0.413326024486
7_5259390_65614,PERENNIAL,high,0.22,PIURA,PERENNIAL,2003,0.118436988546
7_5259390_65615,ANNUAL,high,1.23,PIURA,PASTURE_FALLOW,1999,0.230802933197
7_5259390_65625,ANNUAL,medium,1.0,PIURA,PASTURE_FALLOW,2000,0.182850913034
7_5259390_65630,ANNUAL,low,0.18,PIURA,PASTURE_FALLOW,1999,0.687026517568
7_5259390_65671,ANNUAL,medium,0.35,PIURA,ANNUAL,1999,0.260648664436
7_5259390_65675,ANNUAL,medium,0.88,PIURA,ANNUAL,2000,0.210644823016
7_5259390_65676,ANNUAL,low,2.98,PIURA,ANNUAL,2000,0.236927476713
7_5259390_65713,ANNUAL,medium,0.74,PIURA,PASTURE_FALLOW,2000,0.311233312107
7_5259390_65716,ANNUAL,medium,0.9199999999999999,PIURA,ANNUAL,2000,0.22739695103
7_5259390_65739,ANNUAL,medium,0.52,PIURA,ANNUAL,1999,0.28161123283
7_5259390_65753,ANNUAL,low,2.1,PIURA,ANNUAL,2000,1.13651089077
7_5259390_67106,ANNUAL,medium,0.1,PIURA,ANNUAL,1999,0.531905613694
7_5259390_67127,ANNUAL,medium,6.5,PIURA,ANNUAL,1999,3.9421212819
7_5259390_67168,ANNUAL,medium,1.1,PIURA,ANNUAL,1999,0.30069213033
7_5259390_67590,ANNUAL,high,0.15000000000000002,PIURA,ANNUAL,2000,0.172967948049
7_5259390_67607,PERENNIAL,medium,0.35,PIURA,ANNUAL,2000,0.27131902787
7_5259390_67610,PERENNIAL,medium,0.05,PIURA,ANNUAL,1999,0.46557432986
7_5259390_67634,ANNUAL,medium,0.5,PIURA,ANNUAL,1999,0.23215977681
7_5259390_67636,ANNUAL,medium,0.16,PIURA,ANNUAL,1999,0.14371885248
7_5259390_67705,PERENNIAL,low,2.75,PIURA,ANNUAL,1999,0.233772549305
7_5259390_67722,ANNUAL,medium,0.47,PIURA,ANNUAL,1999,0.161518003049
7_5259390_68216,ANNUAL,medium,0.5,PIURA,ANNUAL,1999,0.47101190721
7_5259390_68438,ANNUAL,medium,0.25,PIURA,ANNUAL,1999,0.49055371452
7_5259390_68494,ANNUAL,medium,0.93,PIURA,ANNUAL,2000,0.1096105631
7_5259390_68706,ANNUAL,medium,0.02,PIURA,ANNUAL,2000,0.09524753458
7_5259390_68726,ANNUAL,medium,0.2,PIURA,ANNUAL,2003,0.30442051416
7_5259390_68728,ANNUAL,medium,0.44999999999999996,PIURA,ANNUAL,1999,0.79540434023
7_5259390_68730,ANNUAL,low,7.75,PIURA,ANNUAL,1999,0.55598526042
7_5259390_68741,ANNUAL,medium,0.5,PIURA,ANNUAL,1999,0.13914893013
7_5259390_68754,ANNUAL,medium,0.05,PIURA,ANNUAL,2000,0.207903768447
7_5259390_68757,ANNUAL,medium,0.5,PIURA,ANNUAL,1999,0.134403643274
7_5259390_68763,ANNUAL,high,1.3,PIURA,ANNUAL,2000,0.111584662148
7_5259390_68764,ANNUAL,high,0.1,PIURA,ANNUAL,1999,0.14730818738
7_5259390_68783,ANNUAL,medium,1.0,PIURA,ANNUAL,2000,0.19577128254
7_5259390_69431,ANNUAL,medium,0.4,PIURA,ANNUAL,1999,0.404702205514
7_5259390_69433,ANNUAL,medium,3.41,PIURA,ANNUAL,1999,0.402817198958
7_5259390_69923,ANNUAL,medium,1.15,PIURA,PASTURE_FALLOW,1999,0.383169630407
7_5259390_69946,PERENNIAL,medium,1.5,PIURA,PASTURE_FALLOW,1999,0.658409130623
7_5259390_70256,ANNUAL,medium,1.5,PIURA,ANNUAL,1999,0.299052959562
7_5259390_70269,ANNUAL,low,0.5,PIURA,PASTURE_FALLOW,1999,1.02555675661
7_5259390_70701,ANNUAL,medium,3.7,PIURA,ANNUAL,1999,0.859785374295
7_5259390_70804,ANNUAL,high,3.0,PIURA,ANNUAL,2003,0.304698510559
7_5259390_70818,ANNUAL,high,0.15000000000000002,PIURA,PASTURE_FALLOW,1999,0.099884777379
7_5259390_70826,ANNUAL,medium,9.5,PIURA,PASTURE_FALLOW,1999,0.156047068737
7_5259390_70835,ANNUAL,low,0.4,PIURA,PASTURE_FALLOW,1999,0.122815712145
7_5259390_70839,ANNUAL,medium,0.30000000000000004,PIURA,PASTURE_FALLOW,1999,0.0927325944261
7_5259390_70862,ANNUAL,medium,0.4,PIURA,PASTURE_FALLOW,2000,0.37541861932
7_5259390_71787,ANNUAL,high,23.31,PIURA,ANNUAL,2001,4.43001369115
7_5259390_71789,ANNUAL,medium,0.5,PIURA,ANNUAL,2001,5.43173555804
7_5259390_75573,ANNUAL,medium,1.2999999999999998,PIURA,PASTURE_FALLOW,2003,0.138274486658
7_5259390_75591,ANNUAL,medium,0.5,PIURA,ANNUAL,2003,0.32593004102
7_5259390_75756,ANNUAL,medium,0.1,PIURA,ANNUAL,2003,0.18990538841
7_5259390_75792,PERENNIAL,medium,1.5,PIURA,ANNUAL,2003,0.593559662592
7_5259390_75800,ANNUAL,low,0.18,PIURA,ANNUAL,2001,0.12013912697
7_5259390_76077,PERENNIAL,medium,10.25,PIURA,ANNUAL,2003,0.187445640959
7_5259395_080421,ANNUAL,medium,14.0,PIURA,ANNUAL,2007,1.00000028242
7_5259395_080665,ANNUAL,medium,0.1,PIURA,ANNUAL,2006,0.204536936986
7_5259395_52043,ANNUAL,low,6.5,PIURA,ANNUAL,1999,0.245601319945
7_5259395_52045,ANNUAL,medium,1.75,PIURA,ANNUAL,1999,0.407566175484
7_5259395_52052,PERENNIAL,medium,0.5,PIURA,ANNUAL,1999,0.116178252827
7_5259395_52100,ANNUAL,medium,2.0,PIURA,ANNUAL,1999,1.50754617416
7_5259395_52102,ANNUAL,medium,1.5,PIURA,PASTURE_FALLOW,1999,0.362343921676
7_5259395_52107,ANNUAL,low,0.12000000000000001,PIURA,PASTURE_FALLOW,1999,0.456521947011
7_5259395_52108,ANNUAL,high,12.0,PIURA,ANNUAL,2000,1.90892695193
7_5259395_52110,ANNUAL,medium,0.25,PIURA,ANNUAL,1999,0.567554810697
7_5259395_52124,ANNUAL,medium,0.76,PIURA,ANNUAL,1999,0.762331634368
7_5259395_52164,ANNUAL,medium,0.38,PIURA,PASTURE_FALLOW,1999,0.189631817762
7_5259395_52225,ANNUAL,medium,1.1,PIURA,PASTURE_FALLOW,1999,0.127688431078
7_5259395_52230,ANNUAL,low,0.3,PIURA,PERENNIAL,1999,0.721624697338
7_5259395_52240,ANNUAL,low,0.35,PIURA,PASTURE_FALLOW,1999,0.605709590128
7_5259395_52241,ANNUAL,low,0.5,PIURA,ANNUAL,1999,0.4800599578
7_5259395_52289,ANNUAL,medium,0.4,PIURA,ANNUAL,1999,0.137704372121
7_5259395_52290,ANNUAL,medium,0.18,PIURA,ANNUAL,1999,0.441949300149
7_5259395_52291,ANNUAL,high,0.3,PIURA,PASTURE_FALLOW,1999,0.401800901462
7_5259395_52296,ANNUAL,medium,6.8,PIURA,ANNUAL,2002,5.21901361958
7_5259395_52465,ANNUAL,medium,1.9,PIURA,ANNUAL,1999,0.629945020419
7_5259395_52474,ANNUAL,medium,0.54,PIURA,ANNUAL,1999,0.832434099686
7_5259395_52476,ANNUAL,medium,1.7000000000000002,PIURA,ANNUAL,1999,0.752031782235
7_5259395_52481,ANNUAL,medium,3.0,PIURA,ANNUAL,1999,0.639558793598
7_5259395_52484,ANNUAL,medium,1.0,PIURA,PASTURE_FALLOW,1999,0.48394072628
7_5259395_52487,ANNUAL,medium,1.12,PIURA,PASTURE_FALLOW,1999,0.466283824433
7_5259395_52499,PERENNIAL,medium,11.0,PIURA,PASTURE_FALLOW,1999,0.704750902476
7_5259395_52506,ANNUAL,medium,2.8,PIURA,PASTURE_FALLOW,1999,0.121726063599
7_5259395_52522,ANNUAL,high,0.15,PIURA,PASTURE_FALLOW,1999,0.0982768428734
7_5259395_52525,ANNUAL,medium,0.3,PIURA,ANNUAL,2002,0.165809128373
7_5259395_52542,ANNUAL,medium,3.12,PIURA,PERENNIAL,1999,0.48160117058
7_5259395_52587,ANNUAL,medium,0.25,PIURA,PASTURE_FALLOW,1999,0.124040924814
7_5259395_52599,ANNUAL,medium,1.0,PIURA,PASTURE_FALLOW,1999,0.200657500358
7_5259395_52656,ANNUAL,high,0.62,PIURA,ANNUAL,1999,0.408217127224
7_5259395_52659,ANNUAL,high,0.25,PIURA,ANNUAL,2002,0.121008896952
7_5259395_52663,ANNUAL,medium,9.6,PIURA,ANNUAL,1999,0.829796838424
7_5259395_52666,ANNUAL,high,0.75,PIURA,ANNUAL,1999,0.370445095309
7_5259395_52667,ANNUAL,medium,0.35,PIURA,PASTURE_FALLOW,1999,0.303536441884
7_5259395_52684,ANNUAL,medium,0.6100000000000001,PIURA,PASTURE_FALLOW,1999,0.25677559574
7_5259395_52708,ANNUAL,medium,0.12,PIURA,PASTURE_FALLOW,1999,0.0968208399062
7_5259395_52713,ANNUAL,medium,0.95,PIURA,PASTURE_FALLOW,1999,0.204485518381
7_5259395_52717,ANNUAL,high,0.16,PIURA,PASTURE_FALLOW,1999,0.172277334594
7_5259395_52729,ANNUAL,medium,1.07,PIURA,ANNUAL,2002,0.210877509013
7_5259395_52739,ANNUAL,medium,0.44,PIURA,PASTURE_FALLOW,1999,0.119018625506
7_5259395_52743,ANNUAL,medium,0.5700000000000001,PIURA,PASTURE_FALLOW,1999,0.517607396989
7_5259395_52744,ANNUAL,medium,0.2,PIURA,PASTURE_FALLOW,1999,0.202254496889
7_5259395_52747,ANNUAL,medium,0.45999999999999996,PIURA,PASTURE_FALLOW,1999,0.214307267566
7_5259395_52758,ANNUAL,low,0.25,PIURA,PASTURE_FALLOW,1999,0.231601725236
7_5259395_52763,ANNUAL,medium,0.42,PIURA,PASTURE_FALLOW,1999,0.110216544747
7_5259395_52767,ANNUAL,high,0.5,PIURA,ANNUAL,1999,0.110772793946
7_5259395_52861,ANNUAL,medium,0.7000000000000001,PIURA,PASTURE_FALLOW,1999,0.453099296206
7_5259395_52862,ANNUAL,medium,2.51,PIURA,ANNUAL,1999,2.4978156929
7_5259395_52869,ANNUAL,medium,0.42,PIURA,PASTURE_FALLOW,1999,0.207606529131
7_5259395_52871,ANNUAL,medium,0.75,PIURA,PASTURE_FALLOW,1999,0.430246567543
7_5259395_52872,ANNUAL,medium,0.46,PIURA,PASTURE_FALLOW,1999,0.460287077
7_5259395_52874,ANNUAL,medium,0.15,PIURA,PASTURE_FALLOW,1999,0.422696949173
7_5259395_52897,ANNUAL,medium,0.75,PIURA,ANNUAL,1999,0.462508675183
7_5259395_52902,ANNUAL,high,0.63,PIURA,PASTURE_FALLOW,2002,0.600089707627
7_5259395_52917,ANNUAL,low,0.59,PIURA,PERENNIAL,1999,0.124633008628
7_5259395_52972,ANNUAL,low,3.13,PIURA,PASTURE_FALLOW,1999,0.400600635278
7_5259395_52984,ANNUAL,medium,0.7,PIURA,ANNUAL,1999,0.26417818334
7_5259395_52989,ANNUAL,medium,0.12,PIURA,ANNUAL,1999,0.892232457962
7_5259395_52993,ANNUAL,high,2.86,PIURA,ANNUAL,2003,2.84953339349
7_5259395_53520,ANNUAL,medium,0.5,PIURA,ANNUAL,1999,0.399682419321
7_5259395_53530,ANNUAL,medium,1.85,PIURA,ANNUAL,1999,0.388983815027
7_5259395_53555,ANNUAL,medium,5.550000000000001,PIURA,ANNUAL,1999,0.547901625186
7_5259395_53570,PERENNIAL,low,0.1,PIURA,ANNUAL,2000,0.830314899055
7_5259395_53576,ANNUAL,medium,1.0,PIURA,ANNUAL,1999,0.762988343902
7_5259395_53882,ANNUAL,high,7.3999999999999995,PIURA,ANNUAL,1999,0.799502698859
7_5259395_53887,ANNUAL,low,1.75,PIURA,ANNUAL,1999,0.197862616247
7_5259395_53924,ANNUAL,medium,4.0,PIURA,ANNUAL,1999,1.04654354576
7_5259395_53938,ANNUAL,high,0.08,PIURA,ANNUAL,2000,0.246443668433
7_5259395_54032,ANNUAL,low,0.5,PIURA,ANNUAL,1999,0.47266984117
7_5259395_54163,ANNUAL,medium,0.8,PIURA,ANNUAL,1999,0.141612390133
7_5259395_54222,ANNUAL,low,0.25,PIURA,ANNUAL,1999,0.340180845141
7_5259395_54224,ANNUAL,medium,5.0,PIURA,ANNUAL,1999,0.684944209913
7_5259395_54610,PERENNIAL,low,3.4,PIURA,ANNUAL,1999,0.321325541574
7_5259395_54611,ANNUAL,medium,0.3,PIURA,ANNUAL,1999,0.355655039966
7_5259395_54615,ANNUAL,medium,0.13,PIURA,ANNUAL,1999,0.532799639615
7_5259395_54619,ANNUAL,medium,0.6,PIURA,ANNUAL,1999,0.516282536537
7_5259395_54811,ANNUAL,medium,0.6,PIURA,ANNUAL,1999,0.782494030103
7_5259395_54815,ANNUAL,medium,1.9100000000000001,PIURA,ANNUAL,1999,1.1113618796
7_5259395_54825,ANNUAL,medium,0.05,PIURA,ANNUAL,1999,0.77855079065
7_5259395_54839,ANNUAL,medium,2.4,PIURA,ANNUAL,1999,1.18756274862
7_5259395_54847,ANNUAL,medium,0.5,PIURA,ANNUAL,1999,0.452379925215
7_5259395_56823,ANNUAL,high,3.0,PIURA,ANNUAL,2000,0.131294548157
7_5259395_56872,ANNUAL,low,1.37,PIURA,PASTURE_FALLOW,1999,1.01899105196
7_5259395_57010,ANNUAL,medium,0.25,PIURA,ANNUAL,1999,0.257540895816
7_5259395_57011,ANNUAL,high,0.35,PIURA,ANNUAL,1999,0.203280235091
7_5259395_57048,ANNUAL,medium,1.05,PIURA,ANNUAL,1999,0.632264494051
7_5259395_57078,ANNUAL,medium,0.35,PIURA,ANNUAL,1999,0.304361934514
7_5259395_57079,ANNUAL,medium,0.75,PIURA,ANNUAL,1999,0.285350163391
7_5259395_57417,ANNUAL,medium,0.47,PIURA,ANNUAL,2000,0.627965160396
7_5259395_57443,ANNUAL,high,1.06,PIURA,ANNUAL,1999,1.05507011905
7_5259395_57457,ANNUAL,medium,0.05,PIURA,ANNUAL,2000,0.117784040867
7_5259395_58252,ANNUAL,medium,4.17,PIURA,ANNUAL,1999,0.111958654428
7_5259395_58270,ANNUAL,medium,0.2,PIURA,PASTURE_FALLOW,2000,0.0909225095532
7_5259395_58273,ANNUAL,medium,0.44999999999999996,PIURA,PASTURE_FALLOW,1999,0.130585806968
7_5259395_58280,ANNUAL,medium,0.35,PIURA,PASTURE_FALLOW,1999,0.330735624615
7_5259395_58288,ANNUAL,high,0.6,PIURA,ANNUAL,1999,0.178028991191
7_5259395_58292,ANNUAL,high,0.5,PIURA,ANNUAL,1999,0.685320901056
7_5259395_58308,PERENNIAL,medium,0.1,PIURA,PERENNIAL,1999,0.0967835563081
7_5259395_58310,PERENNIAL,medium,0.59,PIURA,PERENNIAL,1999,0.112119760319
7_5259395_58325,ANNUAL,medium,0.18,PIURA,PASTURE_FALLOW,1999,0.174146600048
7_5259395_58333,ANNUAL,high,0.22,PIURA,ANNUAL,1999,0.222796576717
7_5259395_58349,ANNUAL,medium,0.5800000000000001,PIURA,PASTURE_FALLOW,1999,0.111837367297
7_5259395_58356,ANNUAL,medium,0.1,PIURA,ANNUAL,2000,0.455740216465
7_5259395_59505,ANNUAL,low,1.02,PIURA,PASTURE_FALLOW,1999,0.147474342956
7_5259395_59514,ANNUAL,low,0.56,PIURA,PASTURE_FALLOW,1999,0.174597346633
7_5259395_59536,ANNUAL,high,0.7,PIURA,PASTURE_FALLOW,1999,0.266165871438
7_5259395_59538,ANNUAL,medium,0.17,PIURA,PASTURE_FALLOW,1999,0.450916483636
7_5259395_59540,ANNUAL,medium,1.4,PIURA,ANNUAL,1999,0.182628081913
7_5259395_59560,ANNUAL,medium,1.7000000000000002,PIURA,ANNUAL,1999,0.927292077075
7_5259395_59572,ANNUAL,medium,0.12,PIURA,PASTURE_FALLOW,1999,0.125159500271
7_5259395_59574,ANNUAL,medium,3.4000000000000004,PIURA,ANNUAL,1999,0.187187518833
7_5259395_59576,ANNUAL,low,0.2896,PIURA,ANNUAL,1999,0.43717098578
7_5259395_59586,ANNUAL,low,0.18,PIURA,ANNUAL,1999,0.296239742161
7_5259395_59594,ANNUAL,medium,0.36,PIURA,PASTURE_FALLOW,1999,0.318234292838
7_5259395_59600,ANNUAL,medium,0.05,PIURA,PASTURE_FALLOW,1999,0.17615912464
7_5259395_59615,ANNUAL,medium,0.08,PIURA,PASTURE_FALLOW,1999,0.0985838197093
7_5259395_59623,ANNUAL,medium,0.5800000000000001,PIURA,PASTURE_FALLOW,1999,0.145983647125
7_5259395_59624,ANNUAL,low,2.5,PIURA,PASTURE_FALLOW,1999,0.119359000721
7_5259395_59641,ANNUAL,medium,0.25,PIURA,PASTURE_FALLOW,1999,0.141307887407
7_5259395_59646,ANNUAL,high,0.37,PIURA,ANNUAL,1999,0.947462853162
7_5259395_59652,ANNUAL,medium,0.5,PIURA,PERENNIAL,2000,0.393217249169
7_5259395_59657,ANNUAL,medium,0.30000000000000004,PIURA,ANNUAL,2000,0.211368377029
7_5259395_59660,ANNUAL,high,0.6,PIURA,ANNUAL,1999,0.167640504107
7_5259395_59661,ANNUAL,low,2.02,PIURA,ANNUAL,1999,0.175707325523
7_5259395_59665,ANNUAL,medium,0.49,PIURA,PASTURE_FALLOW,1999,0.259662196272
7_5259395_59683,ANNUAL,medium,4.0,PIURA,ANNUAL,1999,0.172486467894
7_5259395_59692,ANNUAL,low,0.16,PIURA,ANNUAL,2000,0.127900444273
7_5259395_59696,ANNUAL,medium,0.75,PIURA,ANNUAL,1999,0.176779627324
7_5259395_60706,ANNUAL,low,0.6000000000000001,PIURA,ANNUAL,2000,0.213740780927
7_5259395_60708,ANNUAL,low,0.3,PIURA,PASTURE_FALLOW,2000,0.131626664538
7_5259395_61403,ANNUAL,medium,0.5,PIURA,ANNUAL,1999,0.790830833075
7_5259395_61406,ANNUAL,medium,0.25,PIURA,ANNUAL,1999,0.242143255196
7_5259395_61407,ANNUAL,medium,1.5,PIURA,ANNUAL,1999,0.280268104847
7_5259395_61409,ANNUAL,medium,0.37,PIURA,PASTURE_FALLOW,1999,0.52536261127
7_5259395_61438,ANNUAL,medium,1.5,PIURA,ANNUAL,1999,0.285110875386
7_5259395_61439,ANNUAL,medium,0.1,PIURA,ANNUAL,1999,0.219302343032
7_5259395_61475,ANNUAL,medium,0.85,PIURA,ANNUAL,1999,1.50647260249
7_5259395_61479,PERENNIAL,low,12.0,PIURA,ANNUAL,1999,0.239171250962
7_5259395_61660,ANNUAL,medium,0.34,PIURA,PASTURE_FALLOW,1999,0.141389867862
7_5259395_61686,ANNUAL,medium,0.2,PIURA,ANNUAL,1999,0.227480420797
7_5259395_61690,ANNUAL,medium,0.1,PIURA,ANNUAL,1999,0.198581572973
7_5259395_61694,ANNUAL,medium,0.30000000000000004,PIURA,ANNUAL,1999,0.0943605565417
7_5259395_61696,ANNUAL,medium,0.1,PIURA,ANNUAL,1999,0.194603333257
7_5259395_61704,ANNUAL,low,0.44999999999999996,PIURA,ANNUAL,1999,0.186625722581
7_5259395_61721,ANNUAL,low,0.49,PIURA,ANNUAL,1999,0.385900073578
7_5259395_61742,ANNUAL,high,1.25,PIURA,ANNUAL,1999,2.05147260092
7_5259395_61744,ANNUAL,low,0.37,PIURA,ANNUAL,1999,0.465749272907
7_5259395_61750,ANNUAL,low,0.83,PIURA,PASTURE_FALLOW,1999,0.0980425802422
7_5259395_61755,ANNUAL,medium,4.0,PIURA,ANNUAL,1999,1.18847074071
7_5259395_61783,ANNUAL,medium,0.30000000000000004,PIURA,ANNUAL,1999,0.110603956542
7_5259395_61788,ANNUAL,high,0.1,PIURA,PASTURE_FALLOW,1999,0.219612644149
7_5259395_61790,ANNUAL,high,1.4899999999999998,PIURA,PASTURE_FALLOW,1999,0.129216472858
7_5259395_61794,ANNUAL,low,0.02,PIURA,ANNUAL,1999,0.414281282101
7_5259395_61798,ANNUAL,medium,0.51,PIURA,PASTURE_FALLOW,1999,0.0950458968625
7_5259395_62703,PERENNIAL,high,6.2,PIURA,ANNUAL,2000,0.624698958973
7_5259395_62705,ANNUAL,low,0.25,PIURA,PASTURE_FALLOW,1999,0.114481914956
7_5259395_62723,ANNUAL,high,0.5,PIURA,PASTURE_FALLOW,1999,0.762312453803
7_5259395_62724,PERENNIAL,high,0.95,PIURA,ANNUAL,2000,1.21955758377
7_5259395_62731,ANNUAL,medium,0.3,PIURA,ANNUAL,1999,0.251218543575
7_5259395_62752,ANNUAL,medium,3.75,PIURA,PASTURE_FALLOW,1999,0.586011542357
7_5259395_62775,ANNUAL,medium,2.5,PIURA,ANNUAL,1999,0.140365491636
7_5259395_63950,ANNUAL,high,6.3,PIURA,ANNUAL,1999,0.82443887563
7_5259395_63956,ANNUAL,medium,3.0,PIURA,ANNUAL,1999,0.482918991399
7_5259395_63967,ANNUAL,high,0.92,PIURA,ANNUAL,1999,0.979129740612
7_5259395_63973,ANNUAL,low,4.21,PIURA,ANNUAL,1999,0.251308834954
7_5259395_64115,ANNUAL,high,0.25,PIURA,ANNUAL,1999,0.156271829417
7_5259395_64149,ANNUAL,high,0.35,PIURA,ANNUAL,1999,0.434564049487
7_5259395_64157,ANNUAL,low,0.7,PIURA,ANNUAL,1999,0.148174752415
7_5259395_64235,ANNUAL,low,1.0,PIURA,ANNUAL,1999,0.139572787058
7_5259395_64339,ANNUAL,medium,1.75,PIURA,ANNUAL,1999,0.354543128295
7_5259395_64391,ANNUAL,medium,2.15,PIURA,ANNUAL,1999,0.227658502582
7_5259395_64837,ANNUAL,medium,0.14,PIURA,ANNUAL,2000,0.46513146125
7_5259395_64838,PASTURE_FALLOW,low,0.5,PIURA,ANNUAL,1999,0.141746665511
7_5259395_65429,ANNUAL,medium,1.69,PIURA,ANNUAL,1999,0.139094248883
7_5259395_65438,ANNUAL,low,1.7,PIURA,ANNUAL,1999,0.170618721645
7_5259395_65443,ANNUAL,medium,0.45,PIURA,ANNUAL,1999,0.210799575923
7_5259395_65448,PERENNIAL,low,0.43,PIURA,ANNUAL,1999,0.339180255737
7_5259395_65461,ANNUAL,low,1.25,PIURA,ANNUAL,1999,0.490140518286
7_5259395_65468,ANNUAL,low,0.79,PIURA,ANNUAL,1999,0.393102003189
7_5259395_65541,ANNUAL,high,1.0,PIURA,ANNUAL,1999,0.630576334676
7_5259395_65559,ANNUAL,low,2.5,PIURA,ANNUAL,1999,2.35297049658
7_5259395_65575,ANNUAL,high,0.35,PIURA,ANNUAL,1999,0.294498466367
7_5259395_65577,ANNUAL,medium,0.7,PIURA,ANNUAL,1999,0.476141858452
7_5259395_65599,ANNUAL,high,0.2,PIURA,ANNUAL,1999,0.309209959026
7_5259395_66467,ANNUAL,medium,0.09,PIURA,ANNUAL,1999,0.111597916382
7_5259395_66602,ANNUAL,high,0.1,PIURA,PASTURE_FALLOW,1999,0.805475258478
7_5259395_66637,ANNUAL,low,0.1,PIURA,ANNUAL,1999,0.574815101615
7_5259395_66643,ANNUAL,low,2.5,PIURA,ANNUAL,1999,0.248778125979
7_5259395_66690,ANNUAL,medium,0.44999999999999996,PIURA,ANNUAL,2000,0.388441050407
7_5259395_66691,ANNUAL,high,1.25,PIURA,ANNUAL,2000,0.463659822003
7_5259395_66712,ANNUAL,medium,0.15,PIURA,ANNUAL,1999,0.356807107392
7_5259395_66740,ANNUAL,medium,0.4,PIURA,ANNUAL,1999,0.304884749761
7_5259395_66758,ANNUAL,medium,2.7,PIURA,ANNUAL,1999,0.270643241654
7_5259395_66772,ANNUAL,low,1.17,PIURA,ANNUAL,1999,0.139690627061
7_5259395_66785,ANNUAL,high,31.25,PIURA,ANNUAL,1999,0.0925638198112
7_5259395_67003,ANNUAL,medium,0.71,PIURA,ANNUAL,1999,0.125577806696
7_5259395_67043,ANNUAL,medium,0.45,PIURA,ANNUAL,1999,0.26999358271
7_5259395_67048,ANNUAL,medium,0.6,PIURA,ANNUAL,1999,2.61766895295
7_5259395_67088,ANNUAL,low,0.8200000000000001,PIURA,ANNUAL,1999,0.438362392298
7_5259395_67093,ANNUAL,medium,0.7,PIURA,ANNUAL,1999,0.0904959643516
7_5259395_67171,ANNUAL,medium,0.08,PIURA,ANNUAL,1999,0.100666569129
7_5259395_67242,ANNUAL,high,0.7,PIURA,ANNUAL,2002,0.352806823821
7_5259395_67244,ANNUAL,high,0.43000000000000005,PIURA,ANNUAL,1999,0.366637148487
7_5259395_67245,ANNUAL,high,12.620000000000001,PIURA,ANNUAL,1999,0.313149974548
7_5259395_67425,ANNUAL,low,0.11,PIURA,ANNUAL,1999,0.105258948414
7_5259395_67446,PERENNIAL,medium,0.3,PIURA,ANNUAL,1999,0.974647334507
7_5259395_67466,ANNUAL,low,4.1,PIURA,ANNUAL,1999,1.8572784406
7_5259395_67468,ANNUAL,high,3.3,PIURA,ANNUAL,1999,0.238002161596
7_5259395_67477,ANNUAL,medium,0.28,PIURA,ANNUAL,1999,0.281611176437
7_5259395_67488,ANNUAL,medium,0.35,PIURA,ANNUAL,1999,0.359962007518
7_5259395_67500,ANNUAL,medium,1.5,PIURA,ANNUAL,1999,0.235370785227
7_5259395_67524,ANNUAL,high,0.15,PIURA,ANNUAL,1999,0.203323728586
7_5259395_67565,ANNUAL,medium,0.8,PIURA,ANNUAL,1999,0.158771778401
7_5259395_67738,ANNUAL,low,0.35,PIURA,ANNUAL,1999,0.171464658659
7_5259395_67844,ANNUAL,medium,0.64,PIURA,ANNUAL,1999,1.14086171441
7_5259395_67850,PERENNIAL,high,0.7,PIURA,ANNUAL,1999,0.227646944923
7_5259395_67859,ANNUAL,medium,2.5,PIURA,ANNUAL,1999,0.438266889816
7_5259395_67882,ANNUAL,medium,0.1,PIURA,ANNUAL,1999,0.255110889138
7_5259395_67890,ANNUAL,medium,0.5,PIURA,ANNUAL,2000,0.130166928491
7_5259395_67902,ANNUAL,medium,0.17,PIURA,ANNUAL,2000,0.140532437549
7_5259395_67929,PERENNIAL,high,0.11,PIURA,PERENNIAL,1999,0.307490057876
7_5259395_67933,ANNUAL,low,0.2,PIURA,ANNUAL,1999,0.710041978448
7_5259395_67950,ANNUAL,high,0.3,PIURA,ANNUAL,1999,0.36368926934
7_5259395_67953,PERENNIAL,low,0.8500000000000001,PIURA,ANNUAL,1999,0.337051615981
7_5259395_67962,ANNUAL,low,0.5,PIURA,ANNUAL,1999,0.346908823193
7_5259395_67982,ANNUAL,medium,0.44999999999999996,PIURA,ANNUAL,1999,0.125430465638
7_5259395_67993,PERENNIAL,medium,1.0,PIURA,ANNUAL,1999,0.379733815869
7_5259395_68231,PERENNIAL,medium,0.13,PIURA,PASTURE_FALLOW,1999,0.23342931086
7_5259395_68232,ANNUAL,medium,0.25,PIURA,PASTURE_FALLOW,1999,0.24763652906
7_5259395_68264,ANNUAL,medium,0.3,PIURA,ANNUAL,1999,0.304600638827
7_5259395_68325,ANNUAL,high,1.6,PIURA,ANNUAL,1999,0.149264158706
7_5259395_68371,ANNUAL,low,2.75,PIURA,PASTURE_FALLOW,1999,0.168270266837
7_5259395_68905,ANNUAL,medium,0.15000000000000002,PIURA,ANNUAL,1999,0.102358328699
7_5259395_68929,ANNUAL,low,1.71,PIURA,ANNUAL,1999,0.150843274608
7_5259395_68938,ANNUAL,medium,1.5,PIURA,ANNUAL,1999,0.102588316868
7_5259395_69004,ANNUAL,medium,0.88,PIURA,ANNUAL,1999,0.173361313741
7_5259395_69024,ANNUAL,medium,7.2,PIURA,PASTURE_FALLOW,1999,0.372530698343
7_5259395_69043,ANNUAL,medium,0.25,PIURA,ANNUAL,1999,0.20458355744
7_5259395_69047,ANNUAL,high,0.75,PIURA,PERENNIAL,1999,0.122838576403
7_5259395_69059,ANNUAL,medium,0.5,PIURA,ANNUAL,1999,0.320450847971
7_5259395_69065,ANNUAL,high,0.21000000000000002,PIURA,PERENNIAL,2000,0.119847368981
7_5259395_69078,PERENNIAL,high,0.1,PIURA,PERENNIAL,1999,0.353051149837
7_5259395_69158,ANNUAL,high,0.30000000000000004,PIURA,ANNUAL,2000,0.352963258328
7_5259395_69187,ANNUAL,medium,0.25,PIURA,PASTURE_FALLOW,1999,2.34976337989
7_5259395_69233,ANNUAL,low,2.8,PIURA,ANNUAL,1999,0.592402828878
7_5259395_69238,ANNUAL,medium,3.5,PIURA,ANNUAL,1999,0.268702805813
7_5259395_69241,ANNUAL,low,0.49,PIURA,ANNUAL,1999,0.151085792397
7_5259395_69292,ANNUAL,low,0.25,PIURA,ANNUAL,1999,0.0915048346521
7_5259395_69304,ANNUAL,low,0.8700000000000001,PIURA,ANNUAL,1999,0.795506404172
7_5259395_69318,ANNUAL,medium,0.7,PIURA,ANNUAL,1999,0.17901991949
7_5259395_69321,ANNUAL,medium,1.95,PIURA,ANNUAL,1999,0.728488978078
7_5259395_69325,ANNUAL,medium,0.33,PIURA,ANNUAL,1999,0.360760691383
7_5259395_69328,ANNUAL,medium,1.5,PIURA,ANNUAL,1999,0.221033444437
7_5259395_69338,ANNUAL,medium,0.5,PIURA,ANNUAL,1999,0.26831100601
7_5259395_69348,ANNUAL,low,1.5,PIURA,ANNUAL,1999,0.214316661913
7_5259395_69351,ANNUAL,medium,0.6000000000000001,PIURA,ANNUAL,1999,0.128692672634
7_5259395_69356,ANNUAL,low,0.43,PIURA,ANNUAL,1999,0.193700818955
7_5259395_69363,ANNUAL,high,0.62,PIURA,ANNUAL,1999,0.176689876477
7_5259395_69392,ANNUAL,medium,4.0,PIURA,ANNUAL,1999,0.689792890604
7_5259395_69598,ANNUAL,low,0.15,PIURA,ANNUAL,1999,0.329871245387
7_5259395_69804,ANNUAL,medium,0.32,PIURA,PASTURE_FALLOW,1999,0.207074636451
7_5259395_69809,ANNUAL,medium,1.1700000000000002,PIURA,ANNUAL,1999,0.0949719294575
7_5259395_69828,ANNUAL,medium,0.34,PIURA,ANNUAL,1999,0.271080526726
7_5259395_69832,ANNUAL,medium,2.4,PIURA,ANNUAL,1999,0.418537382754
7_5259395_69838,ANNUAL,medium,0.4,PIURA,ANNUAL,1999,0.163803721422
7_5259395_69841,ANNUAL,medium,2.0,PIURA,ANNUAL,1999,0.276824117056
7_5259395_69849,ANNUAL,high,1.0,PIURA,ANNUAL,1999,0.433076905216
7_5259395_69858,ANNUAL,high,0.25,PIURA,ANNUAL,1999,0.491340072338
7_5259395_69872,ANNUAL,high,0.1,PIURA,ANNUAL,1999,0.166131216697
7_5259395_69895,ANNUAL,medium,1.5,PIURA,ANNUAL,1999,0.222786523172
7_5259395_69898,ANNUAL,medium,3.75,PIURA,ANNUAL,1999,0.26531614023
7_5259395_70997,ANNUAL,medium,0.4,PIURA,ANNUAL,1999,0.310694742074
7_5259395_71189,ANNUAL,high,0.28,PIURA,ANNUAL,1999,0.116623668696
7_5259395_71194,ANNUAL,medium,0.2,PIURA,ANNUAL,1999,0.959040957451
7_5259395_75473,ANNUAL,medium,0.375,PIURA,ANNUAL,2002,0.195533025952
7_5259395_75474,ANNUAL,medium,0.7291,PIURA,ANNUAL,2002,0.197543292958
7_5259395_76583,ANNUAL,medium,0.8,PIURA,ANNUAL,2003,0.149761622567
7_5259400_04144,ANNUAL,medium,3.0300000000000002,PIURA,ANNUAL,1998,0.261925671444
7_5259400_07004,ANNUAL,medium,1.72,PIURA,PASTURE_FALLOW,1998,0.597692918427
7_5259400_07053,ANNUAL,low,0.56,PIURA,ANNUAL,1998,0.275493797015
7_5259400_079410,ANNUAL,high,1.16,PIURA,ANNUAL,2005,0.525950809508
7_5259400_079411,ANNUAL,medium,7.49,PIURA,ANNUAL,2005,1.19386206675
7_5259400_080641,ANNUAL,medium,0.6000000000000001,PIURA,ANNUAL,2006,0.222037509988
7_5259400_080764,ANNUAL,low,0.25,PIURA,ANNUAL,2009,1.04021279014
7_5259400_080765,ANNUAL,medium,1.0,PIURA,ANNUAL,2008,1.17571214909
7_5259400_080766,ANNUAL,high,1.0,PIURA,ANNUAL,2009,0.929430296224
7_5259400_080779,ANNUAL,high,3.0,PIURA,ANNUAL,2009,3.00415870795
7_5259400_11333,ANNUAL,high,0.5,PIURA,ANNUAL,1998,0.44432036548
7_5259400_11373,ANNUAL,low,0.84,PIURA,ANNUAL,1998,0.321156895585
7_5259400_11463,ANNUAL,medium,1.0,PIURA,ANNUAL,1998,0.102392918593
7_5259400_11468,ANNUAL,low,0.2,PIURA,ANNUAL,1998,0.528695821301
7_5259400_11471,ANNUAL,high,1.52,PIURA,ANNUAL,1998,0.194519923588
7_5259400_11472,ANNUAL,medium,1.1,PIURA,ANNUAL,1998,0.102538123842
7_5259400_11491,ANNUAL,medium,0.41999999999999993,PIURA,ANNUAL,1998,0.145068533242
7_5259400_11506,ANNUAL,medium,0.27,PIURA,ANNUAL,1998,0.30796357008
7_5259400_11511,ANNUAL,high,0.18,PIURA,ANNUAL,1998,0.0913545470899
7_5259400_11514,ANNUAL,low,0.6,PIURA,ANNUAL,1998,0.153054841022
7_5259400_11518,ANNUAL,medium,1.12,PIURA,ANNUAL,1998,0.218884419938
7_5259400_11519,ANNUAL,medium,1.08,PIURA,ANNUAL,1998,0.180161800855
7_5259400_11523,ANNUAL,medium,0.5,PIURA,ANNUAL,1998,0.224196563134
7_5259400_12034,ANNUAL,low,3.85,PIURA,ANNUAL,1998,0.349951635022
7_5259400_25710,ANNUAL,medium,0.51,PIURA,PASTURE_FALLOW,1998,0.283769533125
7_5259400_25741,ANNUAL,medium,0.08,PIURA,PASTURE_FALLOW,1998,0.101407739393
7_5259400_25920,ANNUAL,medium,2.3600000000000003,PIURA,ANNUAL,1998,0.485127940934
7_5259400_25922,ANNUAL,high,0.24,PIURA,ANNUAL,1998,0.163785438621
7_5259400_25923,PERENNIAL,low,0.67,PIURA,ANNUAL,1998,0.134880519206
7_5259400_25932,ANNUAL,medium,2.56,PIURA,ANNUAL,1998,0.19935873914
7_5259400_25933,ANNUAL,medium,2.01,PIURA,ANNUAL,1998,0.162502822125
7_5259400_25934,ANNUAL,medium,1.12,PIURA,ANNUAL,1998,0.113872460941
7_5259400_25938,ANNUAL,medium,0.07,PIURA,ANNUAL,1998,0.144749340316
7_5259400_27343,ANNUAL,medium,0.03,PIURA,ANNUAL,1998,0.329539082813
7_5259400_27656,ANNUAL,medium,0.35,PIURA,ANNUAL,2003,0.12869073379
7_5259400_27707,ANNUAL,high,0.3,PIURA,ANNUAL,2003,0.108349651729
7_5259400_27789,ANNUAL,medium,1.436,PIURA,ANNUAL,1998,0.310722914733
7_5259400_27796,ANNUAL,high,0.11,PIURA,PERENNIAL,1998,0.15048143255
7_5259400_30060,PERENNIAL,low,0.6799999999999999,PIURA,ANNUAL,1998,0.179063289525
7_5259400_30073,ANNUAL,high,0.1,PIURA,ANNUAL,1998,0.261008169821
7_5259400_30078,ANNUAL,high,2.52,PIURA,ANNUAL,1998,0.243472279614
7_5259400_30094,ANNUAL,high,0.12,PIURA,PASTURE_FALLOW,1998,0.231026059529
7_5259400_30654,ANNUAL,medium,0.13820000000000002,PIURA,ANNUAL,1998,0.12959706063
7_5259400_30719,ANNUAL,low,1.64,PIURA,ANNUAL,1998,0.105086500261
7_5259400_40490,ANNUAL,high,0.05,PIURA,ANNUAL,1998,0.114785468596
7_5259400_40577,ANNUAL,high,2.8,PIURA,ANNUAL,1998,0.551509943222
7_5259400_40578,ANNUAL,medium,3.6,PIURA,ANNUAL,1998,0.124662276749
7_5259400_40579,ANNUAL,high,0.04580000000000001,PIURA,ANNUAL,1998,0.0950381613154
7_5259400_40582,ANNUAL,medium,0.87,PIURA,ANNUAL,1998,0.125489914198
7_5259400_40583,ANNUAL,high,0.28,PIURA,ANNUAL,1998,0.277228344428
7_5259400_40593,ANNUAL,medium,0.12,PIURA,ANNUAL,1998,0.129332075171
7_5259400_43605,ANNUAL,medium,0.21,PIURA,ANNUAL,1998,0.195855376212
7_5259400_43658,ANNUAL,medium,0.13,PIURA,ANNUAL,1998,0.19273234644
7_5259400_45937,ANNUAL,low,2.65,PIURA,PASTURE_FALLOW,1998,0.34178113696
7_5259400_52201,ANNUAL,medium,0.84,PIURA,ANNUAL,1999,1.26731736542
7_5259400_52205,ANNUAL,low,1.64,PIURA,ANNUAL,1999,0.425081769161
7_5259400_52206,ANNUAL,medium,0.95,PIURA,ANNUAL,1999,2.1825698801
7_5259400_52211,ANNUAL,medium,5.0,PIURA,ANNUAL,1999,0.49342454664
7_5259400_52216,ANNUAL,medium,1.0,PIURA,ANNUAL,1999,0.955642203496
7_5259400_52406,ANNUAL,medium,2.7199999999999998,PIURA,ANNUAL,1999,0.555773468531
7_5259400_52415,ANNUAL,medium,1.75,PIURA,ANNUAL,1999,0.457484805151
7_5259400_52417,ANNUAL,medium,2.6799999999999997,PIURA,ANNUAL,1999,0.482372193003
7_5259400_52447,ANNUAL,medium,4.0600000000000005,PIURA,PASTURE_FALLOW,1999,1.5987711584
7_5259400_52810,ANNUAL,medium,3.1,PIURA,ANNUAL,1999,1.60501100894
7_5259400_52836,ANNUAL,medium,3.3,PIURA,ANNUAL,1999,0.321042983564
7_5259400_53024,ANNUAL,low,0.91,PIURA,ANNUAL,1999,1.39340662683
7_5259400_53216,ANNUAL,low,1.0,PIURA,ANNUAL,1999,0.932232376779
7_5259400_53607,ANNUAL,medium,0.12,PIURA,ANNUAL,1999,1.27169433188
7_5259400_53803,ANNUAL,medium,3.42,PIURA,ANNUAL,1999,0.453048637879
7_5259400_53805,ANNUAL,high,0.75,PIURA,ANNUAL,1999,0.465581174228
7_5259400_53818,ANNUAL,high,4.2,PIURA,ANNUAL,1999,0.474657941952
7_5259400_53847,ANNUAL,medium,1.5,PIURA,ANNUAL,1999,1.56243144523
7_5259400_54003,ANNUAL,medium,5.04,PIURA,ANNUAL,1999,4.44652179301
7_5259400_54201,ANNUAL,medium,0.05,PIURA,ANNUAL,1999,3.05606156671
7_5259400_54203,ANNUAL,medium,1.5,PIURA,ANNUAL,1999,1.15501055993
7_5259400_54213,ANNUAL,low,7.82,PIURA,ANNUAL,1999,0.439932120069
7_5259400_54219,ANNUAL,medium,1.25,PIURA,ANNUAL,1999,2.40146216267
7_5259400_59699,ANNUAL,medium,0.21000000000000002,PIURA,ANNUAL,1999,0.203031675911
7_5259400_61495,ANNUAL,medium,0.35,PIURA,ANNUAL,1999,0.329188389364
7_5259400_61496,ANNUAL,medium,0.35,PIURA,ANNUAL,1999,0.428941648318
7_5259400_61554,ANNUAL,high,0.6599999999999999,PIURA,ANNUAL,1999,0.235742230627
7_5259400_61572,ANNUAL,medium,0.45,PIURA,ANNUAL,1999,0.457867771459
7_5259400_61587,ANNUAL,medium,1.0,PIURA,PASTURE_FALLOW,1999,0.272879435355
7_5259400_61595,ANNUAL,medium,0.23,PIURA,ANNUAL,1999,0.272636172946
7_5259400_61598,ANNUAL,medium,1.333,PIURA,ANNUAL,1999,0.861875696854
7_5259400_61760,PERENNIAL,medium,1.2,PIURA,PASTURE_FALLOW,1999,0.699085484762
7_5259400_61772,ANNUAL,medium,0.8,PIURA,ANNUAL,1999,0.281625831897
7_5259400_63789,ANNUAL,low,0.25,PIURA,ANNUAL,1999,0.351436738384
7_5259400_64212,ANNUAL,medium,0.9299999999999999,PIURA,ANNUAL,1999,0.19886673269
7_5259400_64567,ANNUAL,high,0.75,PIURA,ANNUAL,1999,0.319358676141
7_5259400_64588,ANNUAL,low,0.25,PIURA,ANNUAL,1999,0.283748783874
7_5259400_64591,ANNUAL,medium,0.55,PIURA,ANNUAL,1999,0.137747753671
7_5259400_64600,ANNUAL,medium,0.28,PIURA,ANNUAL,1999,0.189355034539
7_5259400_64610,ANNUAL,medium,0.2,PIURA,ANNUAL,1999,0.205508132641
7_5259400_64611,ANNUAL,low,2.0,PIURA,ANNUAL,2000,0.20623983334
7_5259400_64612,ANNUAL,low,1.3,PIURA,ANNUAL,1999,0.176677739817
7_5259400_64613,ANNUAL,low,0.75,PIURA,ANNUAL,2000,0.266465055428
7_5259400_64627,ANNUAL,low,0.7,PIURA,ANNUAL,1999,0.194417193729
7_5259400_64648,ANNUAL,low,1.6400000000000001,PIURA,ANNUAL,1999,0.783957484762
7_5259400_64654,ANNUAL,medium,0.6799999999999999,PIURA,ANNUAL,1999,0.437320174926
7_5259400_64695,ANNUAL,low,1.0,PIURA,ANNUAL,2000,0.169476741565
7_5259400_64715,ANNUAL,medium,1.0,PIURA,ANNUAL,1999,1.55756411915
7_5259400_64720,ANNUAL,medium,0.52,PIURA,ANNUAL,1999,0.132999581739
7_5259400_64722,ANNUAL,medium,0.34,PIURA,ANNUAL,1999,0.176965552393
7_5259400_64731,PERENNIAL,high,0.7,PIURA,ANNUAL,2000,0.643707462936
7_5259400_64741,ANNUAL,high,0.5,PIURA,ANNUAL,1999,0.394056242048
7_5259400_64745,ANNUAL,high,0.3,PIURA,ANNUAL,1999,0.842132901334
7_5259400_64760,ANNUAL,medium,1.0,PIURA,ANNUAL,1999,0.220692297364
7_5259400_64762,ANNUAL,low,0.42000000000000004,PIURA,ANNUAL,1999,0.2374708673
7_5259400_64766,ANNUAL,high,0.2,PIURA,ANNUAL,1999,0.216298794616
7_5259400_64772,ANNUAL,medium,1.5899999999999999,PIURA,ANNUAL,1999,0.240924201913
7_5259400_64775,ANNUAL,medium,0.42,PIURA,ANNUAL,2000,0.422894766403
7_5259400_64778,ANNUAL,medium,0.51,PIURA,ANNUAL,1999,0.113541703236
7_5259400_64783,ANNUAL,medium,1.5,PIURA,ANNUAL,1999,0.273239136641
7_5259400_65480,ANNUAL,medium,5.0,PIURA,ANNUAL,1999,4.3481817659
7_5259400_65482,PERENNIAL,medium,0.63,PIURA,ANNUAL,1999,0.270693962632
7_5259400_65486,ANNUAL,high,3.76,PIURA,ANNUAL,1999,0.812386022364
7_5259400_65497,ANNUAL,medium,0.7,PIURA,ANNUAL,1999,0.12493443174
7_5259400_65500,ANNUAL,high,2.25,PIURA,ANNUAL,1999,0.370511927505
7_5259400_65503,ANNUAL,high,2.0999999999999996,PIURA,ANNUAL,1999,0.329203978665
7_5259400_65512,ANNUAL,medium,0.35,PIURA,ANNUAL,1999,0.107957758962
7_5259400_65518,ANNUAL,medium,4.5,PIURA,PASTURE_FALLOW,2000,0.98649232867
7_5259400_65522,ANNUAL,medium,2.5,PIURA,ANNUAL,1999,0.869290931778
7_5259400_65539,ANNUAL,high,0.75,PIURA,ANNUAL,1999,0.927682119798
7_5259400_65552,ANNUAL,high,1.4,PIURA,ANNUAL,1999,0.337445859055
7_5259400_65590,ANNUAL,medium,1.75,PIURA,ANNUAL,1999,0.102111029862
7_5259400_65803,ANNUAL,high,1.2,PIURA,ANNUAL,2003,0.235043882935
7_5259400_65812,ANNUAL,medium,0.44999999999999996,PIURA,ANNUAL,1999,0.110420888171
7_5259400_65823,ANNUAL,medium,0.5,PIURA,ANNUAL,1999,0.142938823129
7_5259400_65837,ANNUAL,medium,0.35,PIURA,ANNUAL,1999,0.338382627023
7_5259400_65839,ANNUAL,high,1.2,PIURA,ANNUAL,2000,0.202325530688
7_5259400_65842,ANNUAL,high,0.7,PIURA,ANNUAL,2000,0.48066896079
7_5259400_65854,ANNUAL,low,7.0,PIURA,ANNUAL,1999,0.809338432739
7_5259400_65888,PERENNIAL,medium,2.75,PIURA,ANNUAL,1999,0.374689489138
7_5259400_65891,ANNUAL,low,0.8400000000000001,PIURA,ANNUAL,2001,0.229506449227
7_5259400_65949,ANNUAL,medium,0.8,PIURA,ANNUAL,2000,0.142953482746
7_5259400_65951,ANNUAL,medium,2.0999999999999996,PIURA,ANNUAL,1999,0.145354112809
7_5259400_65969,ANNUAL,medium,0.30000000000000004,PIURA,PASTURE_FALLOW,1999,0.134943895634
7_5259400_65987,ANNUAL,medium,0.5,PIURA,ANNUAL,1999,0.243864089628
7_5259400_66181,ANNUAL,medium,0.8,PIURA,PASTURE_FALLOW,1999,0.114542670289
7_5259400_66239,ANNUAL,medium,3.621,PIURA,ANNUAL,1999,0.0935949813636
7_5259400_66341,ANNUAL,high,0.65,PIURA,ANNUAL,1999,0.0907707863058
7_5259400_66419,ANNUAL,medium,0.26,PIURA,ANNUAL,1999,0.150991061743
7_5259400_66421,ANNUAL,high,0.2,PIURA,ANNUAL,1999,0.266752849166
7_5259400_66423,ANNUAL,high,0.18,PIURA,ANNUAL,1999,0.178191338871
7_5259400_66424,ANNUAL,low,0.5,PIURA,ANNUAL,2000,0.178427525248
7_5259400_66431,ANNUAL,medium,0.8,PIURA,ANNUAL,1999,0.43407933117
7_5259400_66440,ANNUAL,high,1.0,PIURA,ANNUAL,1999,0.306893932215
7_5259400_66443,ANNUAL,medium,1.0,PIURA,ANNUAL,1999,0.134122735395
7_5259400_66466,ANNUAL,medium,0.13,PIURA,ANNUAL,1999,0.131759348943
7_5259400_66625,ANNUAL,medium,2.0,PIURA,ANNUAL,1999,8.17932481702
7_5259400_66681,ANNUAL,medium,1.0,PIURA,PASTURE_FALLOW,1999,0.329006769431
7_5259400_66685,ANNUAL,medium,0.057999999999999996,PIURA,PASTURE_FALLOW,1999,0.652118741724
7_5259400_66695,ANNUAL,medium,2.29,PIURA,PASTURE_FALLOW,1999,0.300178428254
7_5259400_66705,ANNUAL,medium,1.05,PIURA,PASTURE_FALLOW,1999,0.162067012748
7_5259400_66789,ANNUAL,high,0.44999999999999996,PIURA,ANNUAL,1999,0.209350255828
7_5259400_66792,ANNUAL,high,0.75,PIURA,ANNUAL,1999,0.255874159552
7_5259400_66828,ANNUAL,medium,0.18,PIURA,ANNUAL,1999,0.211163914773
7_5259400_66859,ANNUAL,low,2.5,PIURA,ANNUAL,1999,0.612860545526
7_5259400_66864,ANNUAL,medium,0.5,PIURA,ANNUAL,1999,0.130537591019
7_5259400_66903,ANNUAL,medium,0.43999999999999995,PIURA,ANNUAL,1999,0.105170855019
7_5259400_66925,ANNUAL,medium,0.4,PIURA,ANNUAL,1999,0.0972108049645
7_5259400_66933,ANNUAL,low,0.3,PIURA,ANNUAL,1999,0.636943285884
7_5259400_66990,ANNUAL,medium,0.36,PIURA,ANNUAL,1999,0.416191377946
7_5259400_68003,ANNUAL,low,0.65,PIURA,ANNUAL,1999,0.191374796192
7_5259400_68014,ANNUAL,medium,0.8,PIURA,ANNUAL,1999,0.202666526987
7_5259400_68018,ANNUAL,medium,1.0,PIURA,ANNUAL,1999,0.170403490722
7_5259400_68037,ANNUAL,high,0.8,PIURA,ANNUAL,1999,0.192849057077
7_5259400_68043,ANNUAL,medium,0.74,PIURA,ANNUAL,1999,0.499776217087
7_5259400_68050,ANNUAL,low,1.1,PIURA,ANNUAL,1999,0.865031454919
7_5259400_68051,ANNUAL,medium,0.31,PIURA,ANNUAL,1999,0.260933547442
7_5259400_68070,ANNUAL,high,0.53,PIURA,ANNUAL,1999,0.455165917557
7_5259400_68075,ANNUAL,medium,0.6,PIURA,ANNUAL,1999,0.152368245772
7_5259400_68086,ANNUAL,medium,2.0,PIURA,ANNUAL,1999,0.519601803319
7_5259400_68088,ANNUAL,medium,0.31,PIURA,ANNUAL,1999,0.334803233636
7_5259400_68092,ANNUAL,medium,3.0,PIURA,ANNUAL,2000,0.171347875839
7_5259400_68093,ANNUAL,high,0.17,PIURA,ANNUAL,2000,0.095970463698
7_5259400_68102,ANNUAL,medium,0.78,PIURA,ANNUAL,1999,0.128269872995
7_5259400_68107,ANNUAL,medium,0.21,PIURA,ANNUAL,1999,0.437435877648
7_5259400_68144,ANNUAL,medium,2.4,PIURA,ANNUAL,1999,0.525802279534
7_5259400_68504,ANNUAL,high,0.4,PIURA,ANNUAL,2003,0.267591855938
7_5259400_68520,ANNUAL,medium,0.38,PIURA,ANNUAL,1999,0.355023682262
7_5259400_68529,ANNUAL,medium,1.6,PIURA,ANNUAL,1999,0.110153722041
7_5259400_68536,ANNUAL,medium,0.95,PIURA,ANNUAL,1999,0.185567906694
7_5259400_68586,ANNUAL,medium,0.96,PIURA,ANNUAL,1999,0.150383305413
7_5259400_68633,ANNUAL,low,2.0,PIURA,ANNUAL,1999,0.0976633302472
7_5259400_68643,ANNUAL,medium,2.1,PIURA,ANNUAL,2003,0.260461185547
7_5259400_68850,ANNUAL,medium,0.25,PIURA,ANNUAL,1999,0.326203251963
7_5259400_69208,ANNUAL,medium,0.21,PIURA,ANNUAL,1999,0.225673608517
7_5259400_69453,ANNUAL,medium,0.95,PIURA,ANNUAL,1999,0.490684680917
7_5259400_69457,ANNUAL,medium,3.65,PIURA,ANNUAL,1999,0.377890694302
7_5259400_69460,ANNUAL,medium,3.0,PIURA,ANNUAL,1999,0.833273720179
7_5259400_69473,ANNUAL,medium,6.0,PIURA,ANNUAL,1999,0.324659112531
7_5259400_69479,ANNUAL,medium,2.93,PIURA,ANNUAL,1999,0.79034434629
7_5259400_69507,ANNUAL,medium,4.15,PIURA,ANNUAL,1999,0.770992734286
7_5259400_69508,ANNUAL,low,1.49,PIURA,ANNUAL,1999,0.679246590429
7_5259400_69510,ANNUAL,medium,3.0,PIURA,ANNUAL,1999,0.5977101292
7_5259400_69531,ANNUAL,high,2.5,PIURA,ANNUAL,1999,0.556612744172
7_5259400_69532,ANNUAL,medium,1.88,PIURA,ANNUAL,1999,0.41282818721
7_5259400_69534,ANNUAL,high,2.0,PIURA,ANNUAL,1999,0.384943920379
7_5259400_69542,ANNUAL,medium,4.1899999999999995,PIURA,ANNUAL,1999,0.357431027649
7_5259400_69550,ANNUAL,low,0.125,PIURA,ANNUAL,1999,0.344236556384
7_5259400_69554,ANNUAL,medium,1.25,PIURA,ANNUAL,1999,0.285035970462
7_5259400_69556,ANNUAL,medium,2.67,PIURA,ANNUAL,1999,0.43672254237
7_5259400_69607,ANNUAL,medium,0.25,PIURA,ANNUAL,2000,0.171566222121
7_5259400_69614,ANNUAL,low,0.81,PIURA,ANNUAL,1999,0.098523513251
7_5259400_69660,ANNUAL,high,0.12,PIURA,ANNUAL,1999,0.321487641798
7_5259400_69666,ANNUAL,high,0.12,PIURA,ANNUAL,1999,0.210093096708
7_5259400_69711,ANNUAL,high,0.75,PIURA,ANNUAL,1999,0.163784489683
7_5259400_69714,ANNUAL,medium,20.0,PIURA,PASTURE_FALLOW,1999,0.260486635323
7_5259400_69719,ANNUAL,high,0.3,PIURA,ANNUAL,1999,0.296577932629
7_5259400_69722,ANNUAL,medium,2.7,PIURA,ANNUAL,1999,1.97159602308
7_5259400_69725,ANNUAL,medium,1.0,PIURA,ANNUAL,1999,0.690404558803
7_5259400_69726,ANNUAL,medium,0.5,PIURA,ANNUAL,1999,0.304515854887
7_5259400_69734,ANNUAL,medium,0.48,PIURA,ANNUAL,2000,0.156347316828
7_5259400_69764,ANNUAL,medium,0.25,PIURA,ANNUAL,1999,0.242063716309
7_5259400_69785,ANNUAL,medium,1.25,PIURA,ANNUAL,1999,0.148810515233
7_5259400_71004,ANNUAL,high,0.35,PIURA,ANNUAL,1999,0.396025967528
7_5259400_71067,ANNUAL,high,1.2,PIURA,ANNUAL,1999,0.244774138618
7_5259400_71097,ANNUAL,medium,0.1,PIURA,ANNUAL,1999,0.189443140773
7_5259400_71114,ANNUAL,high,0.1,PIURA,ANNUAL,2003,0.175486448337
7_5259400_71133,ANNUAL,medium,1.33,PIURA,ANNUAL,2000,0.095004455049
7_5259400_71144,PERENNIAL,low,0.8,PIURA,ANNUAL,1999,1.0228955677
7_5259400_71145,ANNUAL,medium,0.8,PIURA,ANNUAL,1999,0.237408912537
7_5259400_71152,ANNUAL,medium,0.1,PIURA,ANNUAL,2000,0.109610826954
7_5259400_71207,ANNUAL,medium,0.25,PIURA,ANNUAL,1999,0.765774331305
7_5259400_71235,ANNUAL,medium,1.12,PIURA,ANNUAL,1999,0.360709240785
7_5259400_71244,ANNUAL,low,0.5,PIURA,ANNUAL,2000,0.283031082642
7_5259400_71271,ANNUAL,low,0.14,PIURA,ANNUAL,1999,0.198425419619
7_5259400_71305,ANNUAL,medium,0.2,PIURA,ANNUAL,1999,0.193297724634
7_5259400_75791,ANNUAL,medium,1.3199999999999998,PIURA,ANNUAL,2003,0.166456843927
7_5259400_76056,ANNUAL,medium,0.2,PIURA,ANNUAL,2003,0.35102828979
7_5259400_76095,ANNUAL,medium,0.1,PIURA,ANNUAL,2003,0.5333483201
7_5259405_03226,ANNUAL,medium,6.5,PIURA,ANNUAL,1998,0.338744774741
7_5259405_03230,PERENNIAL,low,4.32,PIURA,ANNUAL,1998,0.228884623723
7_5259405_03232,ANNUAL,medium,1.2,PIURA,ANNUAL,1998,0.378253224947
7_5259405_03601,ANNUAL,medium,1.11,PIURA,ANNUAL,1998,0.748556953591
7_5259405_03603,ANNUAL,medium,0.15,PIURA,ANNUAL,1998,0.531556513511
7_5259405_03607,ANNUAL,medium,1.0,PIURA,ANNUAL,1998,0.557673631933
7_5259405_03628,ANNUAL,medium,1.715,PIURA,ANNUAL,1998,0.186654129442
7_5259405_03636,ANNUAL,medium,2.12,PIURA,ANNUAL,1998,0.297636734141
7_5259405_03637,ANNUAL,high,1.24,PIURA,ANNUAL,1998,0.529752739154
7_5259405_03641,ANNUAL,low,1.5,PIURA,ANNUAL,1998,0.315281981332
7_5259405_03645,ANNUAL,medium,0.56,PIURA,ANNUAL,1998,0.106888094627
7_5259405_03647,ANNUAL,medium,1.288,PIURA,ANNUAL,1998,0.203784941193
7_5259405_03649,ANNUAL,medium,0.56,PIURA,ANNUAL,1998,0.161189593618
7_5259405_03657,ANNUAL,low,0.14,PIURA,ANNUAL,1998,0.106894548838
7_5259405_03658,ANNUAL,medium,1.08,PIURA,ANNUAL,1998,0.4135515497
7_5259405_03687,ANNUAL,medium,0.77,PIURA,ANNUAL,1998,0.108110391338
7_5259405_03855,ANNUAL,medium,1.3,PIURA,ANNUAL,1998,0.2059072531
7_5259405_03907,ANNUAL,medium,0.12,PIURA,ANNUAL,1998,0.17689884119
7_5259405_03908,ANNUAL,medium,0.45,PIURA,ANNUAL,1998,0.19313735329
7_5259405_03909,ANNUAL,medium,0.43,PIURA,ANNUAL,1998,0.25588295045
7_5259405_03912,ANNUAL,medium,6.7,PIURA,ANNUAL,1998,0.67158755496
7_5259405_03929,ANNUAL,medium,1.0899999999999999,PIURA,ANNUAL,1998,0.72385186738
7_5259405_03931,ANNUAL,medium,2.25,PIURA,ANNUAL,1998,0.15613129065
7_5259405_03969,ANNUAL,medium,1.5,PIURA,ANNUAL,1998,0.14131329237
7_5259405_03976,ANNUAL,low,6.05,PIURA,ANNUAL,1998,0.0980108736
7_5259405_04175,ANNUAL,low,17.0,PIURA,ANNUAL,2003,0.152468688035
7_5259405_04177,ANNUAL,medium,0.2,PIURA,ANNUAL,1998,0.187586121095
7_5259405_04194,ANNUAL,medium,0.49219999999999997,PIURA,ANNUAL,2003,0.162845041579
7_5259405_05111,ANNUAL,medium,2.77,PIURA,ANNUAL,1998,0.250068836385
7_5259405_05132,ANNUAL,medium,3.2199999999999998,PIURA,ANNUAL,1998,0.193548861308
7_5259405_05139,ANNUAL,high,0.6838,PIURA,ANNUAL,1998,0.185775092079
7_5259405_05140,ANNUAL,medium,1.0,PIURA,ANNUAL,1998,0.205244787721
7_5259405_05145,ANNUAL,medium,1.87,PIURA,ANNUAL,1998,0.188947834823
7_5259405_05170,ANNUAL,medium,0.30000000000000004,PIURA,ANNUAL,1998,0.213271080907
7_5259405_05174,ANNUAL,medium,0.7,PIURA,ANNUAL,1998,0.22496100707
7_5259405_05503,PERENNIAL,medium,29.63,PIURA,ANNUAL,1998,1.66052355595
7_5259405_05665,ANNUAL,low,0.5,PIURA,ANNUAL,1998,0.21365856366
7_5259405_05679,ANNUAL,high,0.12,PIURA,ANNUAL,1998,0.12031409602
7_5259405_05682,ANNUAL,high,1.5499999999999998,PIURA,ANNUAL,1998,0.15687633108
7_5259405_05811,PERENNIAL,high,3.35,PIURA,ANNUAL,1998,0.240771594604
7_5259405_05826,ANNUAL,low,0.36,PIURA,ANNUAL,1998,0.199905508045
7_5259405_05898,ANNUAL,low,13.9,PIURA,PASTURE_FALLOW,2001,0.736675031633
7_5259405_05899,ANNUAL,medium,3.16,PIURA,ANNUAL,1998,0.250317028496
7_5259405_05900,ANNUAL,high,4.3100000000000005,PIURA,ANNUAL,1998,0.598473264444
7_5259405_11029,ANNUAL,low,2.8,PIURA,ANNUAL,1998,0.57076042024
7_5259405_11059,ANNUAL,medium,0.5,PIURA,ANNUAL,1998,0.1799946776
7_5259405_11076,ANNUAL,medium,1.4,PIURA,ANNUAL,1998,1.28245281561
7_5259405_11077,ANNUAL,medium,0.4,PIURA,ANNUAL,1998,0.44675060358
7_5259405_11079,ANNUAL,low,2.5700000000000003,PIURA,ANNUAL,1998,0.32348283777
7_5259405_11095,ANNUAL,low,1.05,PIURA,ANNUAL,1998,0.126056153536
7_5259405_11173,PERENNIAL,medium,2.65,PIURA,ANNUAL,1998,0.30061285243
7_5259405_11176,ANNUAL,medium,2.9,PIURA,ANNUAL,1998,0.35421880896
7_5259405_11197,ANNUAL,medium,0.24,PIURA,ANNUAL,1998,0.41558007704
7_5259405_11208,ANNUAL,high,0.61,PIURA,ANNUAL,2003,0.133461764341
7_5259405_11210,ANNUAL,high,0.55,PIURA,ANNUAL,1998,0.123009298913
7_5259405_11211,ANNUAL,low,0.5,PIURA,ANNUAL,2003,0.179569431682
7_5259405_11240,PERENNIAL,low,14.75,PIURA,ANNUAL,1998,0.134827602331
7_5259405_11250,ANNUAL,low,0.02,PIURA,ANNUAL,1998,0.207982445912
7_5259405_11262,ANNUAL,high,0.060000000000000005,PIURA,ANNUAL,1998,0.12348834795
7_5259405_11270,ANNUAL,medium,0.1,PIURA,ANNUAL,1998,0.0979862665787
7_5259405_11276,ANNUAL,medium,0.09,PIURA,ANNUAL,1998,0.155126935911
7_5259405_11294,ANNUAL,high,0.02,PIURA,ANNUAL,1998,0.429320422594
7_5259405_11309,ANNUAL,medium,0.04,PIURA,ANNUAL,1998,0.148266312126
7_5259405_11414,ANNUAL,high,0.8,PIURA,ANNUAL,1998,0.255489963303
7_5259405_11759,ANNUAL,high,0.12,PIURA,ANNUAL,2002,0.17198281253
7_5259405_11767,ANNUAL,medium,6.720000000000001,PIURA,ANNUAL,1998,0.137527337987
7_5259405_11773,PERENNIAL,medium,0.75,PIURA,ANNUAL,1998,0.10652737592
7_5259405_11791,ANNUAL,low,0.44999999999999996,PIURA,ANNUAL,1998,0.09158633849
7_5259405_11810,ANNUAL,high,0.73,PIURA,ANNUAL,2002,0.11717193735
7_5259405_11834,ANNUAL,low,0.724,PIURA,ANNUAL,1998,0.264266989932
7_5259405_11840,ANNUAL,high,0.75,PIURA,ANNUAL,1998,0.116048733783
7_5259405_11844,ANNUAL,medium,0.25,PIURA,ANNUAL,1998,0.10158352741
7_5259405_11851,ANNUAL,low,0.035,PIURA,ANNUAL,1998,0.25566167669
7_5259405_11893,ANNUAL,medium,0.15000000000000002,PIURA,ANNUAL,1998,0.14902454263
7_5259405_11995,ANNUAL,medium,0.81,PIURA,ANNUAL,1998,1.29667149447
7_5259405_20431,ANNUAL,high,1.78,PIURA,ANNUAL,1998,0.328939354891
7_5259405_20437,ANNUAL,high,0.812,PIURA,ANNUAL,1998,1.42719917064
7_5259405_20458,ANNUAL,medium,0.12,PIURA,ANNUAL,1998,0.125752548301
7_5259405_20756,PERENNIAL,low,1.0,PIURA,ANNUAL,1998,0.183761907349
7_5259405_25510,ANNUAL,medium,0.43,PIURA,ANNUAL,1998,0.16554860181
7_5259405_25517,ANNUAL,medium,0.26,PIURA,ANNUAL,1998,0.216852716351
7_5259405_25535,ANNUAL,medium,0.75,PIURA,ANNUAL,1998,0.112249756225
7_5259405_25538,ANNUAL,medium,0.4,PIURA,ANNUAL,1998,0.26114004608
7_5259405_25546,ANNUAL,medium,0.7000000000000001,PIURA,ANNUAL,1998,0.13884958945
7_5259405_25570,ANNUAL,medium,1.7000000000000002,PIURA,ANNUAL,1998,0.103938446471
7_5259405_25572,PERENNIAL,low,25.94,PIURA,ANNUAL,1998,0.0928940390572
7_5259405_25590,ANNUAL,high,3.3264,PIURA,ANNUAL,1998,0.591734203167
7_5259405_25650,ANNUAL,high,0.315,PIURA,ANNUAL,1998,0.382005485906
7_5259405_25654,ANNUAL,medium,0.105,PIURA,ANNUAL,1998,0.174515159172
7_5259405_25683,ANNUAL,medium,0.78,PIURA,ANNUAL,1998,0.0988529478727
7_5259405_25846,ANNUAL,medium,0.1,PIURA,ANNUAL,1998,0.17456176399
7_5259405_25867,ANNUAL,high,0.06,PIURA,PASTURE_FALLOW,1998,0.33704404481
7_5259405_25872,ANNUAL,low,0.05,PIURA,PASTURE_FALLOW,1998,0.12711451974
7_5259405_25873,ANNUAL,medium,0.15,PIURA,PASTURE_FALLOW,1998,0.10998489904
7_5259405_27409,ANNUAL,medium,0.57,PIURA,PASTURE_FALLOW,2003,0.0975846675032
7_5259405_27418,ANNUAL,high,3.17,PIURA,ANNUAL,1998,0.111513775944
7_5259405_27419,ANNUAL,medium,0.15000000000000002,PIURA,ANNUAL,1998,0.189258275185
7_5259405_27420,ANNUAL,high,0.14,PIURA,ANNUAL,1998,0.127131128542
7_5259405_27427,ANNUAL,high,2.12,PIURA,PASTURE_FALLOW,2003,0.119523895458
7_5259405_27435,ANNUAL,medium,0.6,PIURA,ANNUAL,1998,0.234118680107
7_5259405_27440,ANNUAL,high,6.2875,PIURA,ANNUAL,1998,0.195377464615
7_5259405_27453,ANNUAL,medium,0.75,PIURA,ANNUAL,1998,0.509534785171
7_5259405_27477,ANNUAL,high,0.67,PIURA,ANNUAL,1998,0.120976395838
7_5259405_27490,ANNUAL,medium,0.35,PIURA,ANNUAL,1998,0.137910214968
7_5259405_27492,ANNUAL,low,0.6,PIURA,ANNUAL,1998,0.203636095784
7_5259405_27493,ANNUAL,high,0.46,PIURA,ANNUAL,1998,0.247818058771
7_5259405_27499,ANNUAL,low,0.2,PIURA,ANNUAL,1998,0.216803871074
7_5259405_27530,ANNUAL,medium,1.1700000000000002,PIURA,ANNUAL,1998,0.17375261542
7_5259405_27544,ANNUAL,medium,0.14,PIURA,ANNUAL,2003,0.153584401278
7_5259405_27545,ANNUAL,medium,0.49,PIURA,ANNUAL,1998,0.215577232049
7_5259405_27546,ANNUAL,low,0.24,PIURA,ANNUAL,1998,0.145772425549
7_5259405_27559,ANNUAL,medium,3.0,PIURA,ANNUAL,1998,0.5164224274
7_5259405_27577,ANNUAL,high,0.2911,PIURA,ANNUAL,1998,0.134278008899
7_5259405_27578,ANNUAL,medium,3.17,PIURA,ANNUAL,1998,0.21568971655
7_5259405_27581,ANNUAL,medium,0.5,PIURA,ANNUAL,1998,0.125475047039
7_5259405_27586,ANNUAL,low,0.0697,PIURA,ANNUAL,1998,0.480305640159
7_5259405_27633,ANNUAL,high,0.31000000000000005,PIURA,ANNUAL,2003,0.345114781026
7_5259405_27673,ANNUAL,medium,0.1,PIURA,PASTURE_FALLOW,1998,0.149928601264
7_5259405_27736,ANNUAL,medium,0.11000000000000001,PIURA,PASTURE_FALLOW,1998,0.101854779158
7_5259405_30281,ANNUAL,medium,0.29,PIURA,ANNUAL,1998,0.25145262489
7_5259405_30285,ANNUAL,low,1.56,PIURA,ANNUAL,1998,0.38589105147
7_5259405_30317,ANNUAL,medium,0.5800000000000001,PIURA,ANNUAL,1998,0.125873464181
7_5259405_30337,ANNUAL,medium,0.5499999999999999,PIURA,ANNUAL,1998,0.24176101425
7_5259405_30349,ANNUAL,medium,0.04,PIURA,ANNUAL,2003,0.33781552182
7_5259405_30361,ANNUAL,high,0.75,PIURA,ANNUAL,1998,0.75041667428
7_5259405_30374,ANNUAL,medium,3.75,PIURA,ANNUAL,1998,0.10881520141
7_5259405_30375,ANNUAL,high,1.94,PIURA,ANNUAL,1998,0.16166822053
7_5259405_30376,ANNUAL,medium,0.25,PIURA,ANNUAL,1998,0.65023134985
7_5259405_30377,ANNUAL,medium,0.8,PIURA,ANNUAL,1998,0.47649868814
7_5259405_30381,ANNUAL,medium,0.49,PIURA,ANNUAL,1998,0.44288226736
7_5259405_30382,ANNUAL,high,0.25,PIURA,ANNUAL,1998,0.43314974051
7_5259405_30388,ANNUAL,low,1.2,PIURA,PASTURE_FALLOW,1998,0.12869245428
7_5259405_30396,ANNUAL,low,3.37,PIURA,ANNUAL,1998,0.1360020953
7_5259405_30399,ANNUAL,medium,0.21000000000000002,PIURA,ANNUAL,1998,0.15602514073
7_5259405_30402,ANNUAL,high,0.44999999999999996,PIURA,ANNUAL,1998,0.16276952411
7_5259405_30403,ANNUAL,medium,1.1325,PIURA,ANNUAL,1998,0.66233251674
7_5259405_30405,ANNUAL,medium,5.1906,PIURA,ANNUAL,1998,0.79867273343
7_5259405_30410,ANNUAL,high,3.1500000000000004,PIURA,ANNUAL,1998,0.32472362375
7_5259405_30452,ANNUAL,low,2.5,PIURA,ANNUAL,1998,0.912036636564
7_5259405_30457,ANNUAL,medium,0.9,PIURA,ANNUAL,1998,0.147119226861
7_5259405_30470,ANNUAL,high,7.199999999999999,PIURA,ANNUAL,1998,1.06028520989
7_5259405_30483,PERENNIAL,medium,0.9,PIURA,ANNUAL,2000,0.148773178743
7_5259405_30502,PERENNIAL,medium,1.51,PIURA,ANNUAL,1998,0.099828241245
7_5259405_30506,ANNUAL,high,0.05,PIURA,ANNUAL,1998,0.12926495747
7_5259405_30507,ANNUAL,high,0.25,PIURA,ANNUAL,1998,0.161641610205
7_5259405_30524,ANNUAL,medium,0.08,PIURA,ANNUAL,1998,0.106549595698
7_5259405_30546,ANNUAL,high,0.08,PIURA,ANNUAL,2003,0.109483937556
7_5259405_30555,ANNUAL,low,0.003,PIURA,PASTURE_FALLOW,1998,0.106518741657
7_5259405_30556,ANNUAL,medium,0.15000000000000002,PIURA,PASTURE_FALLOW,1998,0.317274130253
7_5259405_30558,ANNUAL,high,0.25,PIURA,PASTURE_FALLOW,1998,0.189101342638
7_5259405_30577,ANNUAL,high,0.01,PIURA,PASTURE_FALLOW,1998,0.17185279498
7_5259405_30583,ANNUAL,high,0.02,PIURA,PASTURE_FALLOW,1998,0.142947677373
7_5259405_30599,ANNUAL,medium,0.35,PIURA,PASTURE_FALLOW,1998,0.13548928284
7_5259405_30606,ANNUAL,high,0.11000000000000001,PIURA,PASTURE_FALLOW,1998,0.633711633182
7_5259405_30623,PERENNIAL,low,6.0,PIURA,PASTURE_FALLOW,1998,0.122977159889
7_5259405_30646,ANNUAL,high,0.51,PIURA,ANNUAL,1998,0.33995474984
7_5259405_30751,ANNUAL,medium,2.0,PIURA,ANNUAL,1998,0.214076769677
7_5259405_32436,ANNUAL,high,0.4,PIURA,ANNUAL,1998,1.53421138291
7_5259405_32448,ANNUAL,medium,0.25,PIURA,ANNUAL,1998,0.193248165236
7_5259405_32450,ANNUAL,high,0.12,PIURA,ANNUAL,1998,1.30029953296
7_5259405_32457,ANNUAL,high,1.9705000000000001,PIURA,ANNUAL,1998,0.106987628929
7_5259405_32461,ANNUAL,medium,0.56,PIURA,ANNUAL,1998,0.108137193453
7_5259405_32465,ANNUAL,high,4.0,PIURA,ANNUAL,1998,1.54024406668
7_5259405_32499,ANNUAL,medium,0.8950000000000001,PIURA,ANNUAL,1998,0.326229817869
7_5259405_32500,ANNUAL,high,0.875,PIURA,ANNUAL,1998,0.409590371139
7_5259405_32514,ANNUAL,low,0.27,PIURA,ANNUAL,1998,0.115556097157
7_5259405_32516,ANNUAL,low,1.5,PIURA,ANNUAL,1998,0.531366218784
7_5259405_32520,ANNUAL,high,0.75,PIURA,ANNUAL,1998,0.390979599454
7_5259405_32526,ANNUAL,low,0.875,PIURA,ANNUAL,1998,0.391308800228
7_5259405_32531,ANNUAL,medium,0.20879999999999999,PIURA,ANNUAL,1998,0.163788842542
7_5259405_32533,ANNUAL,medium,0.27,PIURA,ANNUAL,1998,0.407529112951
7_5259405_32541,ANNUAL,medium,0.8125,PIURA,ANNUAL,1998,0.354013278246
7_5259405_32565,PERENNIAL,low,2.5,PIURA,ANNUAL,1998,0.379665441411
7_5259405_32566,ANNUAL,high,0.875,PIURA,ANNUAL,1998,0.505304782121
7_5259405_32570,ANNUAL,medium,0.25,PIURA,ANNUAL,1998,0.12981764175
7_5259405_32573,ANNUAL,medium,0.125,PIURA,ANNUAL,1998,0.126621848454
7_5259405_32574,ANNUAL,medium,1.375,PIURA,ANNUAL,1998,0.108455852189
7_5259405_32586,ANNUAL,medium,0.07,PIURA,ANNUAL,1998,0.457325832674
7_5259405_32865,ANNUAL,high,0.2,PIURA,ANNUAL,1998,0.19556367605
7_5259405_32921,ANNUAL,low,0.4,PIURA,ANNUAL,1998,0.239190975021
7_5259405_32923,ANNUAL,high,1.17,PIURA,ANNUAL,1998,0.290276915664
7_5259405_32929,ANNUAL,medium,2.02,PIURA,ANNUAL,1998,0.75523026752
7_5259405_32944,ANNUAL,medium,2.26,PIURA,ANNUAL,1998,0.669000482468
7_5259405_32959,ANNUAL,low,0.1,PIURA,ANNUAL,1998,0.401590106228
7_5259405_32968,ANNUAL,medium,0.21,PIURA,ANNUAL,1998,0.343766728201
7_5259405_32980,ANNUAL,high,7.5,PIURA,ANNUAL,1998,1.40975873042
7_5259405_32992,ANNUAL,medium,1.96,PIURA,ANNUAL,1998,0.209904159715
7_5259405_32999,ANNUAL,medium,0.6453,PIURA,ANNUAL,1998,0.536059961492
7_5259405_34966,ANNUAL,high,0.8438,PIURA,ANNUAL,1998,0.377959107017
7_5259405_37833,ANNUAL,low,0.92,PIURA,ANNUAL,1998,0.166869965331
7_5259405_37884,ANNUAL,high,0.21000000000000002,PIURA,ANNUAL,1998,0.174298124654
7_5259405_37970,ANNUAL,low,3.52,PIURA,ANNUAL,1998,0.548561622032
7_5259405_37971,ANNUAL,high,0.11,PIURA,ANNUAL,1998,0.112220594853
7_5259405_37972,ANNUAL,low,0.23,PIURA,ANNUAL,1998,0.115115855211
7_5259405_37983,ANNUAL,medium,1.53,PIURA,ANNUAL,1998,0.430359849492
7_5259405_37997,ANNUAL,medium,0.7,PIURA,ANNUAL,1998,0.339626955893
7_5259405_40001,ANNUAL,medium,0.86,PIURA,ANNUAL,1998,0.132152559648
7_5259405_40023,ANNUAL,medium,0.72,PIURA,ANNUAL,1998,0.114769772209
7_5259405_40029,ANNUAL,high,0.52,PIURA,ANNUAL,1998,0.112131562418
7_5259405_40070,ANNUAL,high,0.30000000000000004,PIURA,ANNUAL,1998,0.164198592038
7_5259405_40073,ANNUAL,medium,0.5,PIURA,ANNUAL,1998,0.235644490402
7_5259405_40083,ANNUAL,medium,6.43,PIURA,ANNUAL,1998,0.303435138047
7_5259405_40089,ANNUAL,low,2.35,PIURA,ANNUAL,1998,0.109798746579
7_5259405_40103,ANNUAL,low,0.15,PIURA,ANNUAL,1998,0.143846586115
7_5259405_40107,ANNUAL,high,0.3125,PIURA,ANNUAL,1998,0.104282452386
7_5259405_40116,ANNUAL,high,0.12,PIURA,ANNUAL,2003,0.0938828509318
7_5259405_40128,ANNUAL,medium,1.75,PIURA,ANNUAL,1998,0.179963082738
7_5259405_40140,ANNUAL,medium,0.1,PIURA,ANNUAL,1998,0.0944124950844
7_5259405_40154,ANNUAL,medium,0.55,PIURA,ANNUAL,1998,0.12455245126
7_5259405_40191,ANNUAL,high,0.5,PIURA,ANNUAL,1998,0.358473368631
7_5259405_40245,ANNUAL,high,0.35,PIURA,ANNUAL,1998,0.0966566008581
7_5259405_40251,ANNUAL,high,0.21000000000000002,PIURA,ANNUAL,1998,0.1260246206
7_5259405_40253,ANNUAL,low,0.06,PIURA,ANNUAL,2002,0.113479964347
7_5259405_40256,ANNUAL,high,2.955,PIURA,ANNUAL,1998,0.141745059123
7_5259405_40280,ANNUAL,medium,0.49,PIURA,ANNUAL,1998,0.156866212647
7_5259405_40287,ANNUAL,low,0.23,PIURA,ANNUAL,1998,0.234014996224
7_5259405_40290,ANNUAL,high,0.44999999999999996,PIURA,ANNUAL,2002,0.0990408443638
7_5259405_40323,ANNUAL,medium,25.68,PIURA,ANNUAL,2002,0.121280568897
7_5259405_40325,ANNUAL,medium,0.85,PIURA,ANNUAL,1998,0.220405699828
7_5259405_40343,ANNUAL,medium,0.06,PIURA,ANNUAL,1998,0.155145868459
7_5259405_40344,ANNUAL,medium,1.01,PIURA,ANNUAL,1998,0.352888336018
7_5259405_40347,ANNUAL,medium,0.47,PIURA,ANNUAL,1998,0.462168802551
7_5259405_40526,ANNUAL,low,2.08,PIURA,ANNUAL,1998,0.110029967513
7_5259405_40542,ANNUAL,low,0.66,PIURA,ANNUAL,2002,0.121422452185
7_5259405_40853,ANNUAL,medium,0.75,PIURA,ANNUAL,1998,0.810124731836
7_5259405_40867,ANNUAL,high,0.1329,PIURA,ANNUAL,1998,1.42226195088
7_5259405_40905,ANNUAL,medium,3.8425,PIURA,ANNUAL,1998,0.30847109238
7_5259405_40913,ANNUAL,high,0.95,PIURA,ANNUAL,1998,1.32737611041
7_5259405_40917,ANNUAL,high,2.6099999999999994,PIURA,ANNUAL,1998,0.34813155825
7_5259405_40918,ANNUAL,high,0.25,PIURA,ANNUAL,1998,0.400300505173
7_5259405_40925,ANNUAL,low,8.629999999999999,PIURA,ANNUAL,1998,0.0955499880098
7_5259405_40927,ANNUAL,medium,0.189,PIURA,ANNUAL,1998,0.550151132185
7_5259405_40931,ANNUAL,low,6.04,PIURA,ANNUAL,1998,0.445480220633
7_5259405_40933,ANNUAL,medium,0.38,PIURA,ANNUAL,1998,0.207162457849
7_5259405_40934,ANNUAL,high,2.0,PIURA,ANNUAL,1998,0.266555222214
7_5259405_40938,ANNUAL,medium,0.85,PIURA,ANNUAL,1998,0.257984016088
7_5259405_40939,ANNUAL,high,0.27,PIURA,ANNUAL,1998,0.269252058103
7_5259405_40947,ANNUAL,medium,0.25,PIURA,ANNUAL,1998,0.416763221965
7_5259405_40949,ANNUAL,medium,0.375,PIURA,ANNUAL,1998,0.340008449366
7_5259405_43320,PERENNIAL,low,1.0,PIURA,ANNUAL,1998,0.27537001989
7_5259405_43334,ANNUAL,medium,0.36000000000000004,PIURA,ANNUAL,1998,0.29759635669
7_5259405_43362,ANNUAL,medium,0.76,PIURA,ANNUAL,1998,0.14042252595
7_5259405_43369,ANNUAL,low,0.75,PIURA,ANNUAL,1998,0.10257901742
7_5259405_43375,PERENNIAL,low,4.45,PIURA,ANNUAL,1998,0.21526732929
7_5259405_43383,ANNUAL,high,0.8400000000000001,PIURA,ANNUAL,1998,0.25826816781
7_5259405_43391,ANNUAL,high,1.6,PIURA,ANNUAL,2003,0.26532353557
7_5259405_43412,ANNUAL,high,0.1,PIURA,ANNUAL,2003,0.125654507541
7_5259405_43432,ANNUAL,high,0.24000000000000002,PIURA,ANNUAL,1998,0.114246977052
7_5259405_43445,ANNUAL,low,1.29,PIURA,ANNUAL,1998,0.213896938801
7_5259405_43468,ANNUAL,medium,1.08,PIURA,ANNUAL,1999,0.526979956651
7_5259405_43469,ANNUAL,low,0.3,PIURA,ANNUAL,1998,0.32722690018
7_5259405_43471,ANNUAL,medium,0.5599999999999999,PIURA,ANNUAL,1998,0.438731241056
7_5259405_43472,ANNUAL,medium,0.26,PIURA,ANNUAL,1998,0.163183020228
7_5259405_43473,ANNUAL,high,0.35,PIURA,ANNUAL,1998,0.179800044888
7_5259405_43476,ANNUAL,medium,0.7100000000000001,PIURA,ANNUAL,1998,0.113812258011
7_5259405_43505,ANNUAL,medium,0.12,PIURA,ANNUAL,1998,0.187324626849
7_5259405_43517,ANNUAL,medium,0.8099999999999999,PIURA,ANNUAL,2001,0.122013231377
7_5259405_43531,ANNUAL,medium,2.87,PIURA,ANNUAL,1998,0.230822973691
7_5259405_43537,ANNUAL,medium,1.5,PIURA,ANNUAL,1998,0.212467374589
7_5259405_43538,ANNUAL,medium,0.53,PIURA,ANNUAL,2002,0.434307242441
7_5259405_43540,ANNUAL,medium,0.14,PIURA,ANNUAL,1998,0.138356142822
7_5259405_43554,ANNUAL,medium,0.4,PIURA,ANNUAL,1998,0.160859862447
7_5259405_43558,ANNUAL,low,18.0,PIURA,ANNUAL,1998,0.108578279685
7_5259405_43567,PERENNIAL,low,5.06,PIURA,ANNUAL,1998,1.03640189349
7_5259405_43578,ANNUAL,medium,0.74,PIURA,ANNUAL,1998,1.41033646991
7_5259405_43586,ANNUAL,medium,0.33999999999999997,PIURA,ANNUAL,1998,0.293848941548
7_5259405_43601,ANNUAL,high,0.7,PIURA,ANNUAL,1998,0.304822679373
7_5259405_45144,ANNUAL,medium,1.1400000000000001,PIURA,ANNUAL,1998,0.274999524221
7_5259405_45189,ANNUAL,medium,1.49,PIURA,ANNUAL,1998,0.260683548141
7_5259405_45603,ANNUAL,medium,5.739999999999999,PIURA,ANNUAL,1998,1.26102529265
7_5259405_45604,ANNUAL,medium,1.6099999999999999,PIURA,ANNUAL,1998,1.23195714975
7_5259405_45654,ANNUAL,medium,0.1,PIURA,ANNUAL,1998,0.263012152884
7_5259405_45818,ANNUAL,medium,0.98,PIURA,ANNUAL,1998,0.199764161417
7_5259405_75601,ANNUAL,medium,0.26,PIURA,ANNUAL,2003,0.0918809750485
7_5259405_76492,ANNUAL,medium,0.25,PIURA,ANNUAL,2003,0.11369089283
7_5259410_078642,ANNUAL,high,2.5,PIURA,ANNUAL,2004,0.472281486978
7_5259410_080368,ANNUAL,medium,1.1,PIURA,ANNUAL,2005,0.559554527174
7_5259410_080375,ANNUAL,medium,1.83,PIURA,ANNUAL,2005,0.325348047526
7_5259410_080469,ANNUAL,medium,2.03,PIURA,ANNUAL,2006,0.110554258798
7_5259410_080479,ANNUAL,medium,1.2,PIURA,ANNUAL,2006,0.236110850656
7_5259410_080493,ANNUAL,medium,1.03,PIURA,ANNUAL,2006,0.273386193139
7_5259410_080502,ANNUAL,medium,1.03,PIURA,ANNUAL,2006,1.04724293648
7_5259410_080510,ANNUAL,medium,2.0300000000000002,PIURA,ANNUAL,2006,0.557042738988
7_5259410_080523,PERENNIAL,low,15.96,PIURA,ANNUAL,2006,0.582172843931
7_5259410_080524,ANNUAL,medium,1.03,PIURA,ANNUAL,2006,0.597947742219
7_5259410_080544,ANNUAL,medium,1.32,PIURA,ANNUAL,2006,0.111003799204
7_5259410_080549,ANNUAL,medium,2.37,PIURA,ANNUAL,2006,0.102655561627
7_5259410_080554,ANNUAL,medium,1.4,PIURA,ANNUAL,2006,0.337051294712
7_5259410_080730,ANNUAL,medium,3.1,PIURA,ANNUAL,2006,0.82480553993
7_5259410_20705,ANNUAL,high,0.25,PIURA,ANNUAL,1998,0.285297788505
7_5259410_20720,PERENNIAL,high,0.75,PIURA,ANNUAL,1998,0.139700146699
7_5259410_20722,ANNUAL,high,0.15,PIURA,ANNUAL,1998,0.145157801403
7_5259410_20730,ANNUAL,medium,1.3099999999999998,PIURA,ANNUAL,1998,1.14770432771
7_5259410_20794,ANNUAL,high,0.56,PIURA,ANNUAL,1998,0.282062259821
7_5259410_20796,ANNUAL,medium,1.18,PIURA,ANNUAL,1998,0.741429618677
7_5259410_20798,ANNUAL,high,0.9,PIURA,ANNUAL,1998,0.780263656729
7_5259410_21356,PERENNIAL,low,0.09,PIURA,PASTURE_FALLOW,1998,0.495984010528
7_5259410_21371,ANNUAL,low,3.0,PIURA,ANNUAL,1998,0.204437510448
7_5259410_21373,ANNUAL,low,0.7,PIURA,ANNUAL,1998,2.38805038525
7_5259410_21374,ANNUAL,medium,3.0,PIURA,ANNUAL,1998,0.247667836588
7_5259410_21388,ANNUAL,medium,0.25,PIURA,ANNUAL,1998,1.14399972974
7_5259410_21452,ANNUAL,medium,2.5,PIURA,ANNUAL,1998,0.580515253787
7_5259410_21478,ANNUAL,medium,2.5,PIURA,ANNUAL,1998,0.244597417532
7_5259410_21485,ANNUAL,medium,2.5,PIURA,ANNUAL,1998,0.255062833918
7_5259410_21515,ANNUAL,medium,0.2016,PIURA,ANNUAL,1998,0.196206129653
7_5259410_21523,ANNUAL,medium,2.13,PIURA,ANNUAL,1998,0.508054385791
7_5259410_21529,ANNUAL,medium,2.0,PIURA,ANNUAL,1998,0.205463521602
7_5259410_21531,ANNUAL,medium,1.3599999999999999,PIURA,ANNUAL,1998,0.353536026387
7_5259410_21538,ANNUAL,medium,4.800000000000001,PIURA,ANNUAL,1998,1.23196523983
7_5259410_21559,PERENNIAL,low,0.5,PIURA,ANNUAL,1998,0.414882550683
7_5259410_21565,ANNUAL,medium,3.0,PIURA,ANNUAL,1998,3.43477733637
7_5259410_21571,ANNUAL,medium,3.79,PIURA,ANNUAL,1998,1.8659023247
7_5259410_21582,ANNUAL,medium,1.75,PIURA,ANNUAL,1998,0.172616742368
7_5259410_21743,ANNUAL,medium,0.29000000000000004,PIURA,ANNUAL,1998,0.222969650717
7_5259410_21747,ANNUAL,high,2.56,PIURA,ANNUAL,1998,0.11188014682
7_5259410_21748,ANNUAL,medium,2.46,PIURA,ANNUAL,1998,0.165784376671
7_5259410_21757,ANNUAL,high,0.045,PIURA,ANNUAL,1998,0.162491275097
7_5259410_21770,ANNUAL,medium,1.39,PIURA,ANNUAL,1998,0.464213656033
7_5259410_21780,ANNUAL,medium,1.5,PIURA,ANNUAL,1998,0.392768897741
7_5259410_21782,ANNUAL,high,0.25,PIURA,ANNUAL,1998,0.282864030868
7_5259410_21786,ANNUAL,medium,0.11,PIURA,ANNUAL,1998,0.104363502829
7_5259410_21791,ANNUAL,medium,0.97,PIURA,ANNUAL,1998,0.465941029566
7_5259410_21807,ANNUAL,medium,5.4,PIURA,ANNUAL,1998,0.437921089666
7_5259410_21819,ANNUAL,medium,1.5,PIURA,ANNUAL,1998,0.367325406864
7_5259410_21827,ANNUAL,medium,1.04,PIURA,ANNUAL,2003,0.153161891566
7_5259410_21842,ANNUAL,high,0.054,PIURA,ANNUAL,1998,0.715209786362
7_5259410_21851,ANNUAL,high,0.35000000000000003,PIURA,ANNUAL,2003,0.0975295674057
7_5259410_21881,ANNUAL,high,1.19,PIURA,ANNUAL,1998,0.422688785373
7_5259410_21882,ANNUAL,medium,2.024,PIURA,ANNUAL,2000,0.206371131293
7_5259410_21916,ANNUAL,medium,3.35,PIURA,ANNUAL,1998,0.139020489202
7_5259410_21937,ANNUAL,medium,0.25,PIURA,ANNUAL,1998,0.152884871324
7_5259410_21957,ANNUAL,low,0.5,PIURA,ANNUAL,1998,0.58573289796
7_5259410_21960,PERENNIAL,medium,3.0,PIURA,ANNUAL,1998,0.809973598809
7_5259410_21970,ANNUAL,medium,8.0,PIURA,ANNUAL,1998,0.335212754792
7_5259410_30837,ANNUAL,medium,3.75,PIURA,ANNUAL,1998,1.11402393919
7_5259410_30848,ANNUAL,high,1.4300000000000002,PIURA,ANNUAL,1998,0.308586402373
7_5259410_30853,ANNUAL,low,0.21,PIURA,ANNUAL,1998,0.736959162596
7_5259410_30857,ANNUAL,high,1.52,PIURA,ANNUAL,1998,0.631735591252
7_5259410_30858,ANNUAL,medium,0.11,PIURA,ANNUAL,1998,0.176183904162
7_5259410_30859,ANNUAL,medium,1.5999999999999999,PIURA,ANNUAL,1998,0.264514008061
7_5259410_30896,ANNUAL,medium,1.36,PIURA,ANNUAL,1998,0.403813161242
7_5259410_30897,ANNUAL,high,0.33,PIURA,ANNUAL,1998,0.794111011225
7_5259410_30932,ANNUAL,medium,4.5,PIURA,ANNUAL,1998,1.95053592848
7_5259410_30974,ANNUAL,medium,3.15,PIURA,ANNUAL,2003,0.887118752697
7_5259410_30983,ANNUAL,medium,0.125,PIURA,ANNUAL,1998,0.307838256058
7_5259410_30988,ANNUAL,medium,1.25,PIURA,ANNUAL,1998,0.121693035249
7_5259410_31923,ANNUAL,high,0.77,PIURA,ANNUAL,1998,0.229256308776
7_5259410_31940,ANNUAL,medium,4.0,PIURA,ANNUAL,1998,2.16287151889
7_5259410_31948,ANNUAL,medium,2.75,PIURA,ANNUAL,1998,0.0924501270226
7_5259410_31968,ANNUAL,medium,0.18,PIURA,ANNUAL,1998,0.284778754567
7_5259410_31972,ANNUAL,medium,0.41000000000000003,PIURA,ANNUAL,1998,0.279954492872
7_5259410_31991,ANNUAL,medium,13.02,PIURA,ANNUAL,1998,1.57716543004
7_5259410_31996,ANNUAL,medium,2.5,PIURA,ANNUAL,1998,0.27840191396
7_5259410_32008,ANNUAL,medium,1.03,PIURA,ANNUAL,1998,0.42527213593
7_5259410_32009,ANNUAL,medium,5.930000000000001,PIURA,ANNUAL,1998,0.650654629739
7_5259410_32028,ANNUAL,medium,2.8899999999999997,PIURA,ANNUAL,1998,1.3028654292
7_5259410_32038,ANNUAL,medium,0.94,PIURA,ANNUAL,1998,0.132897653757
7_5259410_32040,ANNUAL,medium,2.76,PIURA,ANNUAL,1998,0.265293713647
7_5259410_32046,ANNUAL,medium,2.52,PIURA,ANNUAL,1998,0.925690849294
7_5259410_32051,ANNUAL,medium,3.3399999999999994,PIURA,ANNUAL,1998,0.191546252942
7_5259410_32056,ANNUAL,medium,3.1399999999999997,PIURA,ANNUAL,2003,0.155009852371
7_5259410_32070,ANNUAL,high,0.65,PIURA,PASTURE_FALLOW,1998,0.665745855829
7_5259410_32071,ANNUAL,low,3.0,PIURA,ANNUAL,1998,0.833245458822
7_5259410_32085,ANNUAL,medium,1.7,PIURA,ANNUAL,1998,0.489413445751
7_5259410_32086,ANNUAL,medium,0.75,PIURA,ANNUAL,1998,0.413444419012
7_5259410_32094,ANNUAL,low,0.75,PIURA,ANNUAL,1998,0.23093534573
7_5259410_32110,ANNUAL,medium,1.15,PIURA,ANNUAL,1998,0.299962650322
7_5259410_32166,ANNUAL,low,1.0,PIURA,PASTURE_FALLOW,1998,0.140919727691
7_5259410_32199,ANNUAL,medium,2.87,PIURA,ANNUAL,1998,0.454787740603
7_5259410_32412,ANNUAL,low,0.875,PIURA,ANNUAL,1998,0.501411486661
7_5259410_32422,ANNUAL,low,0.25,PIURA,ANNUAL,1998,0.158006482581
7_5259410_32429,ANNUAL,medium,4.0,PIURA,ANNUAL,1998,0.935061153907
7_5259410_32431,ANNUAL,high,5.0,PIURA,ANNUAL,1998,0.532158946394
7_5259410_32433,ANNUAL,medium,2.0,PIURA,ANNUAL,1998,6.70369592504
7_5259410_32647,ANNUAL,medium,0.07,PIURA,ANNUAL,1998,0.168440902848
7_5259410_32654,ANNUAL,high,5.0,PIURA,ANNUAL,1998,0.531736172174
7_5259410_32670,ANNUAL,medium,1.5625,PIURA,ANNUAL,1998,0.0953531822757
7_5259410_32679,ANNUAL,high,0.07,PIURA,ANNUAL,1998,0.168544262407
7_5259410_32699,ANNUAL,low,0.25,PIURA,ANNUAL,1998,0.16051846204
7_5259410_32700,PERENNIAL,low,5.95,PIURA,ANNUAL,1998,0.366182483933
7_5259410_32704,ANNUAL,medium,0.7,PIURA,ANNUAL,1998,0.28467344546
7_5259410_34936,ANNUAL,medium,2.3200000000000003,PIURA,ANNUAL,1998,0.225154888966
7_5259410_34937,ANNUAL,medium,4.0,PIURA,ANNUAL,1998,0.509736245239
7_5259410_36004,ANNUAL,low,0.25,PIURA,ANNUAL,1998,1.62239174267
7_5259410_36034,ANNUAL,medium,0.51,PIURA,ANNUAL,1998,0.119561427935
7_5259410_36037,ANNUAL,medium,0.97,PIURA,ANNUAL,1998,0.30786161068
7_5259410_36042,ANNUAL,medium,2.71,PIURA,ANNUAL,1998,1.22749569455
7_5259410_36046,ANNUAL,medium,3.6,PIURA,ANNUAL,1998,0.109191751327
7_5259410_36055,ANNUAL,low,0.67,PIURA,ANNUAL,1998,0.455717377692
7_5259410_36061,ANNUAL,medium,1.0,PIURA,ANNUAL,1998,1.53405152842
7_5259410_36069,PERENNIAL,low,1.43,PIURA,ANNUAL,1998,1.00133499549
7_5259410_36072,ANNUAL,medium,3.0,PIURA,ANNUAL,1998,1.41631147375
7_5259410_36075,ANNUAL,medium,3.17,PIURA,ANNUAL,1998,0.856941567518
7_5259410_36084,ANNUAL,medium,2.26,PIURA,ANNUAL,1998,1.3149004805
7_5259410_36093,ANNUAL,medium,1.0,PIURA,ANNUAL,1998,1.51892966679
7_5259410_36107,ANNUAL,medium,2.65,PIURA,ANNUAL,1998,0.721398541085
7_5259410_36111,ANNUAL,low,0.25,PIURA,ANNUAL,1998,0.692765750121
7_5259410_36116,ANNUAL,medium,2.5,PIURA,ANNUAL,1998,0.666539960529
7_5259410_36128,ANNUAL,low,0.25,PIURA,ANNUAL,1998,0.954611246024
7_5259410_36142,ANNUAL,medium,2.55,PIURA,ANNUAL,1998,0.636545497474
7_5259410_36144,ANNUAL,medium,2.17,PIURA,ANNUAL,1998,0.59413457417
7_5259410_36173,ANNUAL,medium,0.8,PIURA,ANNUAL,1998,0.657271383667
7_5259410_36194,ANNUAL,high,0.7,PIURA,ANNUAL,1998,0.695861054795
7_5259410_36196,ANNUAL,high,0.14,PIURA,ANNUAL,1998,0.728186201077
7_5259410_36199,ANNUAL,medium,0.81,PIURA,ANNUAL,1998,0.285147247385
7_5259410_36386,PERENNIAL,medium,0.25,PIURA,ANNUAL,1998,0.44308181037
7_5259410_36393,PERENNIAL,medium,2.65,PIURA,PERENNIAL,1998,0.555757261241
7_5259410_36399,ANNUAL,medium,0.23,PIURA,PERENNIAL,1998,0.0937187293739
7_5259410_36627,ANNUAL,medium,0.06,PIURA,ANNUAL,1998,0.179509649001
7_5259410_36662,ANNUAL,high,4.6,PIURA,ANNUAL,1998,0.274262170771
7_5259410_36663,ANNUAL,medium,1.3900000000000001,PIURA,ANNUAL,1998,0.25107692317
7_5259410_36669,ANNUAL,medium,0.5,PIURA,ANNUAL,1998,0.258763097158
7_5259410_36677,ANNUAL,medium,0.92,PIURA,ANNUAL,1998,0.255742715333
7_5259410_36732,ANNUAL,medium,1.73,PIURA,ANNUAL,1998,0.26449140046
7_5259410_36738,ANNUAL,medium,0.05,PIURA,ANNUAL,1998,0.283426019981
7_5259410_36751,ANNUAL,medium,2.7199999999999998,PIURA,ANNUAL,1998,0.30166118459
7_5259410_36777,ANNUAL,medium,3.4699999999999998,PIURA,ANNUAL,1998,0.538617995738
7_5259410_36780,ANNUAL,medium,0.9299999999999999,PIURA,ANNUAL,1998,0.248348983129
7_5259410_36784,ANNUAL,medium,0.6,PIURA,ANNUAL,1998,0.249160324044
7_5259410_36816,ANNUAL,high,3.0,PIURA,ANNUAL,1998,1.40889691265
7_5259410_36820,ANNUAL,medium,3.0,PIURA,ANNUAL,1998,1.41982923484
7_5259410_36821,ANNUAL,medium,0.2,PIURA,ANNUAL,1998,1.55611885701
7_5259410_36826,ANNUAL,medium,3.25,PIURA,ANNUAL,1998,0.566203392739
7_5259410_36831,ANNUAL,low,0.63,PIURA,ANNUAL,2003,0.247152418783
7_5259410_36855,ANNUAL,medium,0.0528,PIURA,ANNUAL,1998,0.244363886152
7_5259410_36867,ANNUAL,medium,1.35,PIURA,ANNUAL,1998,0.89389714691
7_5259410_36873,ANNUAL,medium,3.5,PIURA,ANNUAL,1998,0.261504318514
7_5259410_36901,ANNUAL,medium,1.25,PIURA,ANNUAL,1998,0.822950719807
7_5259410_36938,ANNUAL,high,1.45,PIURA,ANNUAL,1998,0.141501408603
7_5259410_36944,ANNUAL,medium,1.25,PIURA,ANNUAL,1998,0.141711788048
7_5259410_36946,ANNUAL,medium,0.5,PIURA,ANNUAL,1998,0.438487166365
7_5259410_36963,ANNUAL,medium,3.3200000000000003,PIURA,ANNUAL,1998,0.916082555937
7_5259410_37000,ANNUAL,medium,2.38,PIURA,ANNUAL,1998,0.143722944358
7_5259410_37674,ANNUAL,medium,0.25,PIURA,ANNUAL,1998,0.302826034782
7_5259410_37703,ANNUAL,low,1.06,PIURA,ANNUAL,1998,0.65215621089
7_5259410_39302,ANNUAL,low,3.5,PIURA,ANNUAL,1998,0.488657278077
7_5259410_39322,ANNUAL,medium,1.82,PIURA,ANNUAL,1998,0.466144600242
7_5259410_39323,ANNUAL,medium,2.25,PIURA,ANNUAL,1998,1.34653575741
7_5259410_39325,ANNUAL,medium,1.75,PIURA,ANNUAL,1998,0.901117159676
7_5259410_39327,ANNUAL,medium,2.0300000000000002,PIURA,ANNUAL,1998,0.862792638193
7_5259410_39337,ANNUAL,low,3.0,PIURA,ANNUAL,1998,1.33513121935
7_5259410_39350,ANNUAL,medium,3.0,PIURA,ANNUAL,1998,1.78057424181
7_5259410_40606,ANNUAL,medium,0.08,PIURA,ANNUAL,1998,1.59409791754
7_5259410_40617,ANNUAL,medium,1.0,PIURA,ANNUAL,1998,0.245097128932
7_5259410_40620,ANNUAL,medium,12.0,PIURA,ANNUAL,1998,1.59957365395
7_5259410_40635,ANNUAL,medium,0.36,PIURA,ANNUAL,1998,0.359376457549
7_5259410_40637,ANNUAL,medium,21.0,PIURA,ANNUAL,1998,0.362888559875
7_5259410_40737,ANNUAL,medium,0.5700000000000001,PIURA,ANNUAL,1998,0.298015747377
7_5259410_40752,ANNUAL,medium,0.75,PIURA,ANNUAL,1998,0.353931520618
7_5259410_40754,ANNUAL,medium,2.0,PIURA,ANNUAL,1998,0.453883945294
7_5259410_41604,ANNUAL,medium,1.5,PIURA,ANNUAL,1998,0.60881992261
7_5259410_41817,ANNUAL,medium,2.46,PIURA,ANNUAL,1998,0.145306990298
7_5259410_41821,ANNUAL,medium,2.9699999999999998,PIURA,ANNUAL,1998,0.105197833548
7_5259410_41822,ANNUAL,medium,3.17,PIURA,ANNUAL,1998,0.111937674395
7_5259410_41835,ANNUAL,medium,1.5,PIURA,ANNUAL,1998,0.107383855528
7_5259410_41847,ANNUAL,medium,1.82,PIURA,ANNUAL,1998,0.280434092314
7_5259410_41850,ANNUAL,medium,2.76,PIURA,ANNUAL,1998,0.979786922314
7_5259410_41903,ANNUAL,medium,1.57,PIURA,ANNUAL,1998,0.407325670873
7_5259410_41904,ANNUAL,medium,0.78,PIURA,ANNUAL,1998,0.470952227514
7_5259410_41923,ANNUAL,high,1.62,PIURA,PASTURE_FALLOW,1998,0.144380188886
7_5259410_43702,PERENNIAL,high,0.64,PIURA,ANNUAL,1998,0.154035963911
7_5259410_43955,ANNUAL,low,0.85,PIURA,ANNUAL,1998,0.264484626064
7_5259410_45015,ANNUAL,medium,1.02,PIURA,ANNUAL,1998,0.561973081114
7_5259410_45021,PERENNIAL,medium,0.4,PIURA,ANNUAL,1998,0.206686843719
7_5259410_45026,PERENNIAL,high,4.79,PIURA,ANNUAL,1998,0.265405636753
7_5259410_45032,ANNUAL,medium,2.11,PIURA,ANNUAL,1998,0.679894115979
7_5259410_45033,ANNUAL,medium,2.76,PIURA,ANNUAL,1998,0.677740578789
7_5259410_45037,ANNUAL,medium,0.7000000000000001,PIURA,ANNUAL,1998,0.578456393778
7_5259410_45041,ANNUAL,medium,1.4,PIURA,ANNUAL,1998,0.252759255188
7_5259410_45056,ANNUAL,medium,2.5,PIURA,ANNUAL,1998,0.343489329898
7_5259410_45072,ANNUAL,high,0.25,PIURA,ANNUAL,1998,0.298627877296
7_5259410_45073,ANNUAL,medium,2.8,PIURA,ANNUAL,1998,0.299203144144
7_5259410_45076,ANNUAL,medium,0.9099999999999999,PIURA,ANNUAL,1998,0.294233633218
7_5259410_45090,ANNUAL,medium,2.74,PIURA,ANNUAL,1998,0.381713597155
7_5259410_45094,ANNUAL,low,1.4,PIURA,ANNUAL,1998,0.11827969019
7_5259410_45107,PERENNIAL,medium,2.52,PIURA,ANNUAL,1998,0.266842524189
7_5259410_45108,ANNUAL,medium,1.75,PIURA,ANNUAL,1998,0.250185943483
7_5259410_45110,ANNUAL,medium,1.5899999999999999,PIURA,ANNUAL,1998,0.258463121768
7_5259410_45114,ANNUAL,medium,1.3647999999999998,PIURA,ANNUAL,1998,0.282595053348
7_5259410_45123,ANNUAL,medium,2.1799999999999997,PIURA,ANNUAL,1998,0.854525132673
7_5259410_45131,ANNUAL,medium,0.24,PIURA,ANNUAL,1998,0.629609212799
7_5259410_45141,ANNUAL,medium,1.54,PIURA,ANNUAL,1998,0.248470148694
7_5259410_45142,ANNUAL,medium,1.6099999999999999,PIURA,ANNUAL,1998,0.245931341106
7_5259410_45143,ANNUAL,medium,2.59,PIURA,ANNUAL,1998,0.233584423543
7_5259410_45151,ANNUAL,medium,2.2800000000000002,PIURA,ANNUAL,1998,0.270258226426
7_5259410_45157,ANNUAL,medium,2.18,PIURA,ANNUAL,1998,0.690142673842
7_5259410_45163,ANNUAL,medium,2.42,PIURA,ANNUAL,1998,0.568423642373
7_5259410_45203,ANNUAL,high,0.11,PIURA,ANNUAL,1998,0.379536265671
7_5259410_45207,ANNUAL,high,0.8899999999999999,PIURA,PASTURE_FALLOW,1998,0.577107370592
7_5259410_45211,ANNUAL,medium,1.22,PIURA,PASTURE_FALLOW,1998,0.976461228104
7_5259410_45212,ANNUAL,low,4.5,PIURA,PASTURE_FALLOW,1998,0.744151178688
7_5259410_45215,ANNUAL,medium,0.25,PIURA,PASTURE_FALLOW,1998,0.782791166289
7_5259410_45218,ANNUAL,medium,1.7,PIURA,PASTURE_FALLOW,1998,0.200305905474
7_5259410_45228,ANNUAL,medium,2.86,PIURA,PASTURE_FALLOW,1998,0.187823823157
7_5259410_45244,ANNUAL,medium,1.95,PIURA,ANNUAL,1998,0.256851468661
7_5259410_45267,ANNUAL,medium,3.55,PIURA,ANNUAL,1998,1.06814782755
7_5259410_45270,ANNUAL,medium,5.26,PIURA,ANNUAL,1998,0.949882872365
7_5259410_45271,ANNUAL,medium,2.6100000000000003,PIURA,ANNUAL,1998,0.99999615036
7_5259410_45274,ANNUAL,medium,3.58,PIURA,ANNUAL,1998,0.361054592298
7_5259410_45292,ANNUAL,medium,0.6900000000000001,PIURA,ANNUAL,1998,0.18286820131
7_5259410_45294,ANNUAL,high,5.6,PIURA,ANNUAL,1998,0.715177714492
7_5259410_45300,ANNUAL,high,2.4,PIURA,ANNUAL,1998,0.842729921309
7_5259410_45306,ANNUAL,medium,2.68,PIURA,ANNUAL,1998,0.631924075564
7_5259410_45308,ANNUAL,medium,2.85,PIURA,ANNUAL,1998,0.841547049726
7_5259410_45309,ANNUAL,medium,3.06,PIURA,ANNUAL,1998,0.768784736036
7_5259410_45314,ANNUAL,medium,2.17,PIURA,ANNUAL,1998,0.94276470471
7_5259410_45319,ANNUAL,medium,0.56,PIURA,ANNUAL,1998,0.460039818821
7_5259410_45323,ANNUAL,medium,0.25,PIURA,ANNUAL,1998,0.46103314834
7_5259410_45387,ANNUAL,medium,0.1,PIURA,ANNUAL,1998,0.187132164287
7_5259410_45396,ANNUAL,medium,0.8999999999999999,PIURA,ANNUAL,1998,0.272778284188
7_5259410_45638,ANNUAL,medium,3.36,PIURA,ANNUAL,1998,0.295539248322
7_5259410_45679,ANNUAL,medium,2.54,PIURA,ANNUAL,1998,0.510042769731
7_5259410_45681,ANNUAL,medium,2.83,PIURA,ANNUAL,1998,0.625067520123
7_5259410_45687,ANNUAL,medium,3.0,PIURA,ANNUAL,1998,0.104751387762
7_5259410_45688,ANNUAL,medium,3.25,PIURA,ANNUAL,1998,0.264888645666
7_5259410_45691,ANNUAL,medium,0.35000000000000003,PIURA,ANNUAL,1998,0.139424285972
7_5259410_45693,ANNUAL,low,0.5,PIURA,ANNUAL,1998,0.332848704543
7_5259410_45703,ANNUAL,high,0.21,PIURA,ANNUAL,1998,0.160262034211
7_5259410_45735,ANNUAL,low,0.665,PIURA,PASTURE_FALLOW,1998,0.19561215546
7_5259410_45737,ANNUAL,medium,0.07,PIURA,PASTURE_FALLOW,1998,0.201049144047
7_5259410_45745,ANNUAL,medium,3.55,PIURA,ANNUAL,1998,0.110528246458
7_5259410_48405,ANNUAL,medium,2.42,PIURA,ANNUAL,1998,0.525816977147
7_5259410_48417,ANNUAL,medium,1.26,PIURA,ANNUAL,1998,0.267759347798
7_5259410_48422,ANNUAL,low,0.5,PIURA,ANNUAL,1998,0.553141124312
7_5259410_48423,ANNUAL,low,1.1,PIURA,ANNUAL,1998,0.779775793072
7_5259410_48426,ANNUAL,medium,1.33,PIURA,ANNUAL,1998,0.193815362822
7_5259410_48427,PERENNIAL,low,1.5,PIURA,ANNUAL,1998,0.342470425119
7_5259410_48467,ANNUAL,high,4.08,PIURA,ANNUAL,1998,0.973597082073
7_5259410_48469,ANNUAL,low,9.5625,PIURA,ANNUAL,1998,0.145225390282
7_5259410_48472,ANNUAL,medium,3.18,PIURA,ANNUAL,1998,0.217758309393
7_5259410_48723,ANNUAL,low,1.3900000000000001,PIURA,ANNUAL,1998,0.339614505474
7_5259410_48724,ANNUAL,medium,0.279,PIURA,ANNUAL,1998,0.225462744189
7_5259410_48728,ANNUAL,medium,2.27,PIURA,ANNUAL,1998,0.485404259564
7_5259410_48733,ANNUAL,medium,4.69,PIURA,ANNUAL,1998,0.123759555104
7_5259410_48734,ANNUAL,medium,5.25,PIURA,ANNUAL,1998,0.630330247725
7_5259410_48743,PERENNIAL,medium,1.73,PIURA,ANNUAL,1998,0.100027483826
7_5259410_48833,ANNUAL,medium,0.56,PIURA,PASTURE_FALLOW,1998,0.135387945314
7_5259410_48838,ANNUAL,low,1.02,PIURA,PASTURE_FALLOW,1998,0.147865102404
7_5259410_74366,ANNUAL,high,2.5100000000000002,PIURA,ANNUAL,2002,0.244369096324
7_5259410_74372,ANNUAL,high,0.99,PIURA,ANNUAL,2003,0.195566892223
7_5259410_74377,ANNUAL,medium,2.94,PIURA,ANNUAL,2002,0.107709730107
7_5259410_74403,ANNUAL,medium,0.5,PIURA,PASTURE_FALLOW,2002,0.153256332483
7_5259410_75102,ANNUAL,high,0.91,PIURA,ANNUAL,2001,0.165387106051
7_5259410_75204,ANNUAL,high,1.7,PIURA,ANNUAL,2001,2.0665697348
7_5259410_75628,ANNUAL,medium,2.36,PIURA,ANNUAL,2002,0.283901603027
7_5259410_75629,ANNUAL,medium,1.82,PIURA,ANNUAL,2002,0.293210953936
7_5259410_75723,PERENNIAL,low,4.5,PIURA,ANNUAL,2003,0.162434716537
7_5259410_75903,ANNUAL,medium,0.46719999999999995,PIURA,ANNUAL,2003,0.116966456947
7_5259410_75911,ANNUAL,medium,0.5,PIURA,ANNUAL,2003,0.125977734385
7_5259410_75924,ANNUAL,medium,0.6631,PIURA,ANNUAL,2003,0.319611268683
7_5259410_75950,ANNUAL,medium,1.62,PIURA,ANNUAL,2003,0.662211317489
7_5259410_75983,ANNUAL,medium,1.3599999999999999,PIURA,ANNUAL,2003,0.118881422226
7_5259410_75996,ANNUAL,high,0.105,PIURA,ANNUAL,2003,0.112525153464
7_5259410_76003,ANNUAL,medium,1.83,PIURA,ANNUAL,2003,0.115143057748
7_5259410_76690,PERENNIAL,low,2.5,PIURA,ANNUAL,2001,0.236971364222
7_5259410_76695,ANNUAL,high,0.81,PIURA,ANNUAL,2001,0.147935975138
7_5259410_76702,ANNUAL,high,0.25,PIURA,ANNUAL,2001,0.205337037353
7_5259410_77992,ANNUAL,medium,2.7899999999999996,PIURA,ANNUAL,2001,0.129311468012
7_5259410_78349,ANNUAL,high,0.05,PIURA,ANNUAL,2001,0.156076474511
7_5259410_78351,ANNUAL,medium,0.26,PIURA,ANNUAL,2001,0.109635544714
7_5259410_78353,ANNUAL,medium,1.15,PIURA,ANNUAL,2001,0.338243801252
7_5259410_78374,ANNUAL,medium,3.0,PIURA,ANNUAL,2003,0.144039496758
7_5259415_079030,ANNUAL,medium,1.38,PIURA,ANNUAL,2004,0.711376878774
7_5259415_079040,ANNUAL,medium,0.33999999999999997,PIURA,ANNUAL,2004,0.117355116918
7_5259415_079046,ANNUAL,medium,1.5,PIURA,ANNUAL,2004,0.478354145144
7_5259415_15796,ANNUAL,low,6.829999999999999,PIURA,PASTURE_FALLOW,1998,0.157116860826
7_5259415_35085,ANNUAL,low,1.31,PIURA,ANNUAL,1998,0.345273842564
7_5259415_35097,ANNUAL,medium,1.42,PIURA,PASTURE_FALLOW,1998,0.227754145304
7_5259415_35104,ANNUAL,medium,0.97,PIURA,PASTURE_FALLOW,1998,0.211057946476
7_5259415_35106,ANNUAL,medium,1.75,PIURA,PASTURE_FALLOW,1998,0.140648342252
7_5259415_39315,ANNUAL,medium,0.75,PIURA,ANNUAL,1998,0.486694132246
7_5259415_39317,ANNUAL,high,0.48,PIURA,ANNUAL,1998,0.480117073171
7_5259415_39357,ANNUAL,medium,1.75,PIURA,ANNUAL,1998,1.01798055033
7_5259415_39358,ANNUAL,high,5.0,PIURA,ANNUAL,1998,1.15181399325
7_5259415_39384,ANNUAL,medium,2.0,PIURA,ANNUAL,1998,1.02621705078
7_5259415_42909,ANNUAL,medium,1.8800000000000001,PIURA,ANNUAL,1998,0.434293981465
7_5259415_42917,ANNUAL,medium,1.69,PIURA,ANNUAL,1998,0.664141810806
7_5259415_42918,ANNUAL,medium,1.55,PIURA,ANNUAL,1998,0.274508716575
7_5259415_42924,PERENNIAL,medium,1.5499999999999998,PIURA,ANNUAL,1998,0.221643417398
7_5259415_42929,ANNUAL,medium,1.1300000000000001,PIURA,ANNUAL,1998,0.377805780112
7_5259415_42948,ANNUAL,medium,0.9,PIURA,ANNUAL,1998,0.410763555385
7_5259415_42956,ANNUAL,medium,0.08,PIURA,ANNUAL,1998,0.13046264916
7_5259415_42959,ANNUAL,medium,1.22,PIURA,ANNUAL,1998,0.388126002978
7_5259415_42960,ANNUAL,medium,1.0,PIURA,ANNUAL,1998,0.12134963846
7_5259415_42964,ANNUAL,medium,1.58,PIURA,ANNUAL,1998,0.361781007561
7_5259415_42970,ANNUAL,medium,1.8800000000000001,PIURA,ANNUAL,1998,0.331795931335
7_5259415_46003,ANNUAL,high,2.44,PIURA,ANNUAL,1998,0.69705249789
7_5259415_46007,ANNUAL,medium,2.9,PIURA,ANNUAL,1998,1.33159347644
7_5259415_77317,ANNUAL,low,0.0896,PIURA,ANNUAL,2003,0.427124779361
7_5259415_77327,ANNUAL,low,0.08,PIURA,ANNUAL,2003,0.414352598227
7_5259420_35533,ANNUAL,medium,0.15,PIURA,PASTURE_FALLOW,1998,0.503558266221
7_5259420_35543,ANNUAL,medium,0.11000000000000001,PIURA,PASTURE_FALLOW,1998,0.207556773357
7_5259420_42848,ANNUAL,medium,4.0,PIURA,PASTURE_FALLOW,1998,0.488679041952
7_5259460_019659,ANNUAL,high,4.46,PIURA,ANNUAL,2007,0.500157532009
7_5259460_066563,ANNUAL,high,1.03,PIURA,ANNUAL,2004,0.653643894439
7_5259460_066564,ANNUAL,high,3.0,PIURA,ANNUAL,2004,0.994852214359
7_5259460_066617,PERENNIAL,high,0.5,PIURA,ANNUAL,2005,0.497448558542
7_5259460_066619,PERENNIAL,medium,13.74,PIURA,ANNUAL,2005,0.497375755027
7_5259460_066819,ANNUAL,low,1.75,PIURA,ANNUAL,2005,1.49999260401
7_5259460_066843,PERENNIAL,high,0.46,PIURA,PASTURE_FALLOW,2006,0.46556524675
7_5259460_066900,PERENNIAL,high,4.42,PIURA,PASTURE_FALLOW,2006,0.125030952979
7_5259460_066906,ANNUAL,medium,3.0,PIURA,PASTURE_FALLOW,2006,0.872515720939
7_5259460_066912,ANNUAL,high,5.0,PIURA,ANNUAL,2006,0.497418403452
7_5259460_32872,PERENNIAL,high,2.0,PIURA,PERENNIAL,2001,1.95705219564
7_5259460_33036,ANNUAL,high,6.0,PIURA,ANNUAL,2001,2.5441515774
7_5259460_33235,ANNUAL,medium,1.24,PIURA,ANNUAL,2001,0.308535084358
7_5259460_33417,ANNUAL,high,2.0,PIURA,ANNUAL,2001,0.5304549327
7_5259460_33418,ANNUAL,high,1.2,PIURA,ANNUAL,2001,0.591573729722
7_5259460_33419,PERENNIAL,medium,5.02,PIURA,ANNUAL,2005,1.29999142132
7_5259460_33897,PERENNIAL,high,1.92,PIURA,ANNUAL,2002,0.514886517036
7_5259460_36649,PERENNIAL,medium,4.37,PIURA,PERENNIAL,2001,2.37056578902
7_5259460_66317,PERENNIAL,medium,6.5,PIURA,PERENNIAL,2001,0.662520193897
7_5259460_66339,ANNUAL,medium,1.5,PIURA,ANNUAL,2004,0.234434124075
7_5259460_66341,PERENNIAL,medium,5.99,PIURA,ANNUAL,2004,0.498423881587
7_5259465_066792,PERENNIAL,high,1.0,PIURA,PERENNIAL,2005,0.500020807498
7_5259465_066969,PERENNIAL,high,2.01,PIURA,PERENNIAL,2006,2.06503591036
7_5259465_066985,ANNUAL,medium,0.5,PIURA,PERENNIAL,2006,2.05078681606
7_5259465_33364,PERENNIAL,high,3.65,PIURA,PERENNIAL,2001,0.58526050481
7_5259465_33700,ANNUAL,low,3.6,PIURA,PASTURE_FALLOW,2001,1.95846817688
7_5259465_36764,PERENNIAL,high,0.5,PIURA,PERENNIAL,2001,2.57997347929
7_5309390_62068,ANNUAL,medium,4.0,PIURA,ANNUAL,1999,1.71326232595
7_5309390_62071,ANNUAL,medium,2.0,PIURA,ANNUAL,1999,0.818955987225
7_5309390_62073,ANNUAL,medium,6.0,PIURA,ANNUAL,1999,2.06234239953
7_5309390_62078,ANNUAL,low,0.25,PIURA,PASTURE_FALLOW,1999,1.16949282575
7_5309390_62094,ANNUAL,medium,1.0,PIURA,PASTURE_FALLOW,1999,0.935026787742
7_5309390_62096,ANNUAL,medium,0.5,PIURA,ANNUAL,2000,1.29751714254
7_5309390_62097,ANNUAL,medium,0.5,PIURA,PASTURE_FALLOW,1999,1.8662463023
7_5309390_62098,ANNUAL,medium,0.5,PIURA,ANNUAL,2000,1.09868742664
7_5309390_62104,ANNUAL,high,0.5,PIURA,ANNUAL,2001,0.182954732725
7_5309390_62110,ANNUAL,low,1.9479,PIURA,PASTURE_FALLOW,1999,1.60972132182
7_5309390_62120,ANNUAL,medium,0.1,PIURA,PASTURE_FALLOW,1999,0.894073741741
7_5309390_62122,ANNUAL,medium,1.6,PIURA,PASTURE_FALLOW,1999,0.890157192704
7_5309390_62130,ANNUAL,high,0.9,PIURA,ANNUAL,1999,0.44688507069
7_5309390_62137,PASTURE_FALLOW,medium,0.5,PIURA,PASTURE_FALLOW,1999,2.49408379454
7_5309390_62197,ANNUAL,medium,5.0,PIURA,PASTURE_FALLOW,1999,6.10547007699
7_5309390_64021,ANNUAL,medium,5.0,PIURA,ANNUAL,1999,2.65171039156
7_5309390_69594,ANNUAL,medium,0.6599999999999999,PIURA,ANNUAL,1999,0.59221928521
7_5309390_70100,ANNUAL,medium,2.0,PIURA,PASTURE_FALLOW,1999,0.143151657868
7_5309390_70208,ANNUAL,medium,1.0,PIURA,ANNUAL,1999,2.85145662433
7_5309390_70218,ANNUAL,medium,1.0,PIURA,ANNUAL,1999,0.626062090766
7_5309390_70247,ANNUAL,high,3.0,PIURA,ANNUAL,2000,1.20623918778
7_5309390_70694,ANNUAL,medium,0.05,PIURA,PASTURE_FALLOW,1999,0.363012057305
7_5309390_70697,ANNUAL,medium,1.0,PIURA,PASTURE_FALLOW,2000,0.188339835057
7_5309390_70707,ANNUAL,high,1.5,PIURA,ANNUAL,1999,5.57815692068
7_5309390_70713,ANNUAL,medium,6.5,PIURA,ANNUAL,1999,5.71515005139
7_5309390_70715,ANNUAL,medium,5.0,PIURA,ANNUAL,1999,1.93536508877
7_5309390_70719,ANNUAL,medium,6.0,PIURA,ANNUAL,1999,4.48034372209
7_5309390_70721,ANNUAL,high,3.0,PIURA,ANNUAL,1999,1.20508329066
7_5309390_70754,ANNUAL,medium,17.25,PIURA,ANNUAL,1999,1.81073870871
7_5309390_70767,ANNUAL,low,2.0,PIURA,ANNUAL,1999,3.8709914062
7_5309390_70768,ANNUAL,medium,5.5,PIURA,ANNUAL,1999,0.891439370452
7_5309390_70777,ANNUAL,high,4.0,PIURA,PASTURE_FALLOW,1999,2.41458590082
7_5309395_078541,ANNUAL,high,4.45,PIURA,ANNUAL,2004,0.300322993154
7_5309395_079384,ANNUAL,medium,2.0,PIURA,ANNUAL,2005,2.61620239285
7_5309395_57746,ANNUAL,high,10.4,PIURA,ANNUAL,1999,1.72405854161
7_5309395_57764,ANNUAL,medium,0.9,PIURA,ANNUAL,1999,0.425126854881
7_5309395_57787,ANNUAL,medium,1.4,PIURA,ANNUAL,1999,0.239678276984
7_5309395_57814,ANNUAL,low,0.75,PIURA,ANNUAL,2000,0.87366274007
7_5309395_57830,ANNUAL,medium,4.32,PIURA,ANNUAL,1999,1.85787431566
7_5309395_57831,ANNUAL,low,2.0,PIURA,ANNUAL,1999,1.26517698328
7_5309395_57836,ANNUAL,high,0.85,PIURA,ANNUAL,1999,1.20579673836
7_5309395_57847,ANNUAL,high,4.0,PIURA,ANNUAL,1999,1.91856826714
7_5309395_57852,ANNUAL,medium,0.52,PIURA,ANNUAL,1999,0.110585755191
7_5309395_57858,ANNUAL,high,0.5,PIURA,ANNUAL,1999,0.382830165351
7_5309395_57877,ANNUAL,medium,0.5,PIURA,ANNUAL,1999,0.875959458952
7_5309395_57893,ANNUAL,high,0.55,PIURA,ANNUAL,1999,0.55187172443
7_5309395_60066,ANNUAL,medium,0.33,PIURA,ANNUAL,1999,0.62630878945
7_5309395_60068,ANNUAL,medium,1.68,PIURA,ANNUAL,1999,0.457435369251
7_5309395_60072,ANNUAL,medium,1.38,PIURA,ANNUAL,1999,1.93939780645
7_5309395_60087,ANNUAL,medium,4.16,PIURA,PASTURE_FALLOW,1999,0.47901591843
7_5309395_60414,ANNUAL,high,1.35,PIURA,ANNUAL,1999,0.82822944167
7_5309395_60417,ANNUAL,low,0.95,PIURA,ANNUAL,2000,1.29435250885
7_5309395_60419,ANNUAL,low,2.31,PIURA,ANNUAL,1999,0.548974062083
7_5309395_60424,ANNUAL,medium,4.25,PIURA,ANNUAL,1999,0.7548388179
7_5309395_60425,ANNUAL,low,0.028,PIURA,ANNUAL,1999,0.323029490314
7_5309395_60429,ANNUAL,low,5.0,PIURA,ANNUAL,1999,1.18953384294
7_5309395_60431,ANNUAL,medium,1.8,PIURA,ANNUAL,1999,1.20861914004
7_5309395_60469,ANNUAL,medium,1.5,PIURA,ANNUAL,2000,0.91875886778
7_5309395_60671,PERENNIAL,low,0.75,PIURA,PASTURE_FALLOW,1999,0.335706115661
7_5309395_60677,ANNUAL,medium,1.3,PIURA,PASTURE_FALLOW,1999,0.6388778543
7_5309395_60682,ANNUAL,medium,0.35,PIURA,PASTURE_FALLOW,1999,0.447951666349
7_5309395_60684,ANNUAL,medium,2.4,PIURA,PASTURE_FALLOW,1999,0.376909510473
7_5309395_60687,ANNUAL,medium,4.0,PIURA,PASTURE_FALLOW,1999,0.234912750411
7_5309395_60926,ANNUAL,medium,1.3,PIURA,PASTURE_FALLOW,1999,1.02945296665
7_5309395_60927,ANNUAL,medium,8.5,PIURA,PASTURE_FALLOW,1999,2.15518456412
7_5309395_60938,ANNUAL,medium,5.8,PIURA,PASTURE_FALLOW,1999,1.42993147055
7_5309395_60954,ANNUAL,high,0.8,PIURA,PASTURE_FALLOW,1999,0.317907688218
7_5309395_60976,ANNUAL,low,2.25,PIURA,ANNUAL,2000,2.55835755355
7_5309395_61804,ANNUAL,high,2.0,PIURA,ANNUAL,1999,1.0187078279
7_5309395_61820,ANNUAL,medium,0.75,PIURA,ANNUAL,1999,0.256023205325
7_5309395_61822,ANNUAL,medium,0.9,PIURA,ANNUAL,1999,0.20590049257
7_5309395_61824,ANNUAL,medium,0.75,PIURA,PASTURE_FALLOW,1999,0.208130934214
7_5309395_61835,ANNUAL,medium,1.0,PIURA,PASTURE_FALLOW,1999,0.715499986195
7_5309395_61888,ANNUAL,medium,7.29,PIURA,PASTURE_FALLOW,1999,1.50653457327
7_5309395_61895,ANNUAL,medium,2.78,PIURA,PASTURE_FALLOW,1999,0.562235643538
7_5309395_61906,ANNUAL,medium,0.75,PIURA,PASTURE_FALLOW,1999,0.470587724031
7_5309395_61984,ANNUAL,high,0.43000000000000005,PIURA,ANNUAL,2001,0.327811670846
7_5309395_62081,ANNUAL,medium,0.2,PIURA,ANNUAL,1999,1.98648594788
7_5309395_62151,ANNUAL,low,0.05,PIURA,ANNUAL,1999,0.690677911847
7_5309395_62152,ANNUAL,high,2.25,PIURA,ANNUAL,1999,1.17572072258
7_5309395_62161,ANNUAL,medium,7.5,PIURA,ANNUAL,1999,0.980882631833
7_5309395_62163,ANNUAL,medium,1.5899999999999999,PIURA,ANNUAL,1999,1.05037528762
7_5309395_62189,ANNUAL,medium,4.5,PIURA,ANNUAL,1999,1.1310726506
7_5309395_62202,ANNUAL,low,0.1,PIURA,PASTURE_FALLOW,1999,0.63584353166
7_5309395_62220,ANNUAL,high,2.57,PIURA,ANNUAL,1999,2.35773078611
7_5309395_62226,ANNUAL,medium,1.68,PIURA,PASTURE_FALLOW,1999,0.54209593628
7_5309395_62235,ANNUAL,medium,0.36,PIURA,ANNUAL,1999,1.26158951508
7_5309395_62241,ANNUAL,medium,2.1,PIURA,ANNUAL,2001,0.53376199833
7_5309395_62242,ANNUAL,medium,0.5,PIURA,PASTURE_FALLOW,1999,0.32411596811
7_5309395_62245,ANNUAL,medium,4.2,PIURA,PASTURE_FALLOW,1999,0.76210331577
7_5309395_62246,ANNUAL,medium,0.6000000000000001,PIURA,PASTURE_FALLOW,1999,0.58340254609
7_5309395_62248,ANNUAL,medium,0.5,PIURA,ANNUAL,1999,1.69895417226
7_5309395_62250,ANNUAL,medium,0.4,PIURA,ANNUAL,1999,0.837519008545
7_5309395_62251,ANNUAL,high,0.1,PIURA,PASTURE_FALLOW,1999,2.51012391359
7_5309395_62257,ANNUAL,medium,1.3,PIURA,PASTURE_FALLOW,1999,0.245908771787
7_5309395_62262,ANNUAL,medium,2.5,PIURA,ANNUAL,1999,3.03361395587
7_5309395_62284,PASTURE_FALLOW,medium,0.15,PIURA,PASTURE_FALLOW,1999,0.95640420511
7_5309395_62286,ANNUAL,high,4.4,PIURA,PASTURE_FALLOW,1999,2.2766483209
7_5309395_62288,ANNUAL,medium,1.5,PIURA,PASTURE_FALLOW,1999,0.51880449914
7_5309395_62295,ANNUAL,medium,4.15,PIURA,PASTURE_FALLOW,1999,0.925168183617
7_5309395_62309,ANNUAL,high,5.72,PIURA,PASTURE_FALLOW,2000,0.797400160719
7_5309395_62316,ANNUAL,medium,0.08,PIURA,PASTURE_FALLOW,1999,0.35564477886
7_5309395_62405,ANNUAL,medium,3.0,PIURA,ANNUAL,2000,0.701369768848
7_5309395_62411,ANNUAL,medium,0.75,PIURA,PASTURE_FALLOW,1999,0.628789512178
7_5309395_62420,ANNUAL,medium,1.0,PIURA,PASTURE_FALLOW,1999,0.140412257411
7_5309395_62422,ANNUAL,medium,6.25,PIURA,PASTURE_FALLOW,1999,3.13915464844
7_5309395_62442,ANNUAL,high,9.42,PIURA,PASTURE_FALLOW,1999,0.623446902602
7_5309395_62443,ANNUAL,high,3.0,PIURA,PASTURE_FALLOW,1999,0.825534271772
7_5309395_62457,ANNUAL,high,0.1,PIURA,ANNUAL,2000,2.17101199873
7_5309395_62463,ANNUAL,high,0.6000000000000001,PIURA,PASTURE_FALLOW,2000,0.875830497258
7_5309395_62469,ANNUAL,medium,0.25,PIURA,PASTURE_FALLOW,1999,1.34871634291
7_5309395_62476,ANNUAL,high,5.6,PIURA,PASTURE_FALLOW,1999,0.890131688121
7_5309395_62485,ANNUAL,medium,2.5999999999999996,PIURA,PASTURE_FALLOW,1999,0.592536906689
7_5309395_62489,ANNUAL,high,0.4,PIURA,PASTURE_FALLOW,1999,1.48480607962
7_5309395_62494,ANNUAL,high,0.07,PIURA,ANNUAL,2000,0.619042183092
7_5309395_62498,ANNUAL,low,0.45,PIURA,PASTURE_FALLOW,1999,0.624862986556
7_5309395_62501,ANNUAL,low,1.0,PIURA,PASTURE_FALLOW,1999,0.664995607165
7_5309395_62518,ANNUAL,medium,0.25,PIURA,PASTURE_FALLOW,1999,0.262144615568
7_5309395_62522,ANNUAL,high,0.71,PIURA,ANNUAL,1999,0.705740385639
7_5309395_62538,ANNUAL,medium,2.6,PIURA,PASTURE_FALLOW,1999,1.13173776574
7_5309395_62544,ANNUAL,medium,1.2,PIURA,PASTURE_FALLOW,1999,1.87308378108
7_5309395_62545,ANNUAL,medium,1.7,PIURA,PASTURE_FALLOW,1999,1.70556593716
7_5309395_62550,ANNUAL,low,6.369999999999999,PIURA,PASTURE_FALLOW,1999,1.41448599628
7_5309395_62629,ANNUAL,medium,3.5,PIURA,PASTURE_FALLOW,1999,1.51564669528
7_5309395_62648,ANNUAL,medium,2.52,PIURA,PASTURE_FALLOW,1999,1.83972096161
7_5309395_62649,ANNUAL,medium,3.5700000000000003,PIURA,ANNUAL,1999,2.06581407835
7_5309395_62653,ANNUAL,medium,0.2,PIURA,PASTURE_FALLOW,1999,1.81305319511
7_5309395_62659,ANNUAL,medium,0.55,PIURA,PASTURE_FALLOW,1999,1.61184672611
7_5309395_62803,ANNUAL,medium,0.22,PIURA,PASTURE_FALLOW,1999,0.44854336919
7_5309395_62805,ANNUAL,high,1.5,PIURA,PASTURE_FALLOW,1999,0.2456950388
7_5309395_62809,ANNUAL,low,0.06,PIURA,PASTURE_FALLOW,1999,0.11787776396
7_5309395_62835,ANNUAL,medium,1.25,PIURA,ANNUAL,1999,1.27464197469
7_5309395_62841,ANNUAL,medium,15.18,PIURA,ANNUAL,1999,1.24028738531
7_5309395_62843,ANNUAL,high,0.75,PIURA,ANNUAL,1999,0.891800571154
7_5309395_62845,ANNUAL,high,0.1,PIURA,PASTURE_FALLOW,1999,1.72345988822
7_5309395_62868,ANNUAL,high,0.56,PIURA,ANNUAL,1999,0.262868305299
7_5309395_62877,ANNUAL,medium,2.52,PIURA,ANNUAL,1999,0.51937665003
7_5309395_62879,ANNUAL,medium,0.5,PIURA,ANNUAL,2000,1.05689300168
7_5309395_62881,ANNUAL,high,9.77,PIURA,ANNUAL,1999,0.858770526681
7_5309395_62882,ANNUAL,medium,2.95,PIURA,ANNUAL,1999,0.759387142432
7_5309395_62883,ANNUAL,low,0.35,PIURA,ANNUAL,1999,3.25498448894
7_5309395_62885,ANNUAL,high,1.0,PIURA,ANNUAL,1999,1.84406636794
7_5309395_62887,ANNUAL,high,0.5,PIURA,PASTURE_FALLOW,1999,1.35395415177
7_5309395_62932,ANNUAL,medium,0.75,PIURA,ANNUAL,1999,0.21232800432
7_5309395_62956,PERENNIAL,medium,7.15,PIURA,ANNUAL,1999,0.43416512185
7_5309395_62958,ANNUAL,high,2.1,PIURA,ANNUAL,1999,0.471667156
7_5309395_62961,ANNUAL,medium,2.0,PIURA,ANNUAL,1999,1.33041896846
7_5309395_62970,ANNUAL,low,0.25,PIURA,ANNUAL,1999,0.74943501329
7_5309395_62974,ANNUAL,medium,7.0,PIURA,ANNUAL,1999,0.78183540808
7_5309395_62976,ANNUAL,medium,0.72,PIURA,PASTURE_FALLOW,2000,0.32694317761
7_5309395_62980,ANNUAL,high,2.25,PIURA,ANNUAL,1999,0.32640728836
7_5309395_63000,ANNUAL,medium,0.6,PIURA,ANNUAL,1999,0.58797370792
7_5309395_63211,ANNUAL,medium,1.14,PIURA,ANNUAL,2002,0.972633121483
7_5309395_63213,ANNUAL,high,2.41,PIURA,ANNUAL,1999,2.39984304609
7_5309395_63219,ANNUAL,medium,1.18,PIURA,ANNUAL,1999,0.325998575555
7_5309395_63220,ANNUAL,high,8.18,PIURA,ANNUAL,2000,0.992321549176
7_5309395_63241,ANNUAL,low,1.06,PIURA,ANNUAL,2002,1.31986688315
7_5309395_63242,ANNUAL,medium,1.5699999999999998,PIURA,PASTURE_FALLOW,2002,1.37967765291
7_5309395_63244,ANNUAL,medium,3.9,PIURA,PASTURE_FALLOW,1999,1.13132376925
7_5309395_63249,ANNUAL,medium,1.65,PIURA,ANNUAL,2002,0.758390845044
7_5309395_63252,ANNUAL,medium,4.0,PIURA,ANNUAL,1999,2.22244793267
7_5309395_63263,ANNUAL,high,6.75,PIURA,ANNUAL,1999,3.32097093328
7_5309395_63265,ANNUAL,medium,0.42000000000000004,PIURA,PASTURE_FALLOW,1999,0.51553884013
7_5309395_63270,ANNUAL,low,4.0,PIURA,PASTURE_FALLOW,1999,1.9632960858
7_5309395_63281,ANNUAL,medium,2.0,PIURA,PASTURE_FALLOW,1999,1.74093201585
7_5309395_63301,ANNUAL,medium,6.25,PIURA,PASTURE_FALLOW,1999,1.36572867365
7_5309395_63317,ANNUAL,medium,0.1,PIURA,PASTURE_FALLOW,1999,0.371369515103
7_5309395_63322,ANNUAL,medium,0.78,PIURA,PASTURE_FALLOW,1999,1.17062626323
7_5309395_63324,ANNUAL,low,0.2,PIURA,ANNUAL,2002,0.244953525475
7_5309395_63601,ANNUAL,medium,3.2,PIURA,ANNUAL,1999,2.4853588026
7_5309395_63603,ANNUAL,medium,2.25,PIURA,ANNUAL,1999,1.31433131719
7_5309395_63604,ANNUAL,low,1.06,PIURA,PASTURE_FALLOW,1999,1.11626787904
7_5309395_63605,ANNUAL,low,1.4,PIURA,PASTURE_FALLOW,1999,0.707790657873
7_5309395_63610,ANNUAL,high,2.54,PIURA,PASTURE_FALLOW,1999,0.539189692569
7_5309395_63614,ANNUAL,high,0.5,PIURA,ANNUAL,1999,0.549821878752
7_5309395_63615,ANNUAL,high,2.0999999999999996,PIURA,ANNUAL,1999,0.414063197557
7_5309395_63625,ANNUAL,medium,0.7000000000000001,PIURA,PASTURE_FALLOW,1999,0.19727842399
7_5309395_63630,ANNUAL,medium,0.25,PIURA,ANNUAL,1999,0.13197377959
7_5309395_63631,ANNUAL,high,2.35,PIURA,ANNUAL,1999,0.64843848079
7_5309395_63634,ANNUAL,low,0.5,PIURA,ANNUAL,2000,0.10620643419
7_5309395_63635,ANNUAL,medium,0.5,PIURA,PASTURE_FALLOW,1999,0.127223911368
7_5309395_63641,ANNUAL,medium,4.08,PIURA,PASTURE_FALLOW,1999,0.315903287752
7_5309395_63644,ANNUAL,medium,3.5,PIURA,PASTURE_FALLOW,1999,0.600285909752
7_5309395_63649,ANNUAL,medium,0.5,PIURA,PASTURE_FALLOW,1999,0.548784607978
7_5309395_63651,ANNUAL,low,2.0,PIURA,ANNUAL,1999,0.496131718236
7_5309395_63654,ANNUAL,low,0.9,PIURA,ANNUAL,1999,0.277930707561
7_5309395_63656,ANNUAL,medium,0.05,PIURA,PASTURE_FALLOW,1999,0.29957479481
7_5309395_63657,ANNUAL,medium,1.83,PIURA,ANNUAL,1999,0.82896869444
7_5309395_63666,ANNUAL,high,0.25,PIURA,ANNUAL,1999,1.21384435568
7_5309395_63670,ANNUAL,medium,3.85,PIURA,PASTURE_FALLOW,1999,0.133209768108
7_5309395_63673,ANNUAL,medium,0.2,PIURA,PASTURE_FALLOW,1999,0.32662669126
7_5309395_63679,ANNUAL,medium,1.5,PIURA,ANNUAL,1999,0.497411918127
7_5309395_63687,ANNUAL,high,1.2,PIURA,ANNUAL,2001,0.258739406666
7_5309395_63692,ANNUAL,medium,1.0,PIURA,PASTURE_FALLOW,1999,1.08727534661
7_5309395_63704,ANNUAL,high,0.65,PIURA,PASTURE_FALLOW,1999,0.68252264628
7_5309395_63707,ANNUAL,medium,1.3,PIURA,PASTURE_FALLOW,1999,0.14699732756
7_5309395_63711,ANNUAL,medium,0.8,PIURA,PASTURE_FALLOW,1999,0.264085686378
7_5309395_63712,ANNUAL,medium,0.8600000000000001,PIURA,PASTURE_FALLOW,1999,0.279483575138
7_5309395_63715,ANNUAL,medium,1.0499999999999998,PIURA,PASTURE_FALLOW,1999,0.198664592324
7_5309395_63719,ANNUAL,high,0.7,PIURA,ANNUAL,2000,1.49800412
7_5309395_63729,ANNUAL,high,0.35,PIURA,ANNUAL,2000,1.31684021525
7_5309395_63732,ANNUAL,high,4.9,PIURA,ANNUAL,1999,0.452168594873
7_5309395_63734,ANNUAL,medium,0.94,PIURA,PASTURE_FALLOW,1999,0.443927425375
7_5309395_63744,ANNUAL,medium,1.05,PIURA,ANNUAL,2000,0.817744658131
7_5309395_65216,ANNUAL,low,0.25,PIURA,ANNUAL,1999,0.347011434514
7_5309395_66875,ANNUAL,medium,2.17,PIURA,ANNUAL,2000,0.24157156293
7_5309395_67206,ANNUAL,medium,4.8,PIURA,ANNUAL,1999,0.165564928078
7_5309395_67231,ANNUAL,medium,1.31,PIURA,ANNUAL,1999,0.229542045071
7_5309395_67233,ANNUAL,medium,0.7,PIURA,ANNUAL,1999,0.326851020069
7_5309395_67236,ANNUAL,medium,0.69,PIURA,ANNUAL,1999,0.566759501116
7_5309395_67237,ANNUAL,low,0.3,PIURA,ANNUAL,1999,0.573275380249
7_5309395_67254,ANNUAL,medium,3.5,PIURA,ANNUAL,2000,0.538075632034
7_5309395_67272,ANNUAL,medium,6.5,PIURA,ANNUAL,1999,1.06725465765
7_5309395_67273,ANNUAL,medium,4.47,PIURA,ANNUAL,1999,1.15403188248
7_5309395_67291,ANNUAL,low,5.05,PIURA,ANNUAL,2000,0.293050192644
7_5309395_67349,ANNUAL,low,0.5,PIURA,ANNUAL,1999,0.646606507991
7_5309395_67361,ANNUAL,medium,0.5,PIURA,ANNUAL,1999,0.326329149318
7_5309395_67369,ANNUAL,high,1.58,PIURA,ANNUAL,1999,0.18003233313
7_5309395_67377,ANNUAL,medium,1.0,PIURA,ANNUAL,1999,0.194228151511
7_5309395_67823,ANNUAL,medium,0.5,PIURA,ANNUAL,2000,1.12143644736
7_5309395_70116,ANNUAL,medium,3.19,PIURA,PASTURE_FALLOW,1999,0.56292603779
7_5309395_70119,ANNUAL,medium,1.24,PIURA,PASTURE_FALLOW,1999,0.481709598171
7_5309395_70131,ANNUAL,medium,6.9,PIURA,PASTURE_FALLOW,1999,0.91366722449
7_5309395_70132,ANNUAL,medium,1.5,PIURA,PASTURE_FALLOW,1999,0.87966847285
7_5309395_70179,ANNUAL,high,0.42,PIURA,PASTURE_FALLOW,1999,0.257997222357
7_5309395_70186,ANNUAL,high,5.1,PIURA,PASTURE_FALLOW,1999,0.794629373183
7_5309395_70226,ANNUAL,medium,8.9,PIURA,ANNUAL,1999,0.23534072194
7_5309395_70230,PERENNIAL,low,6.2,PIURA,PASTURE_FALLOW,1999,2.34083539033
7_5309395_70232,ANNUAL,high,0.5,PIURA,PASTURE_FALLOW,1999,1.20280276343
7_5309395_70414,ANNUAL,medium,1.44,PIURA,PASTURE_FALLOW,1999,1.43777188137
7_5309395_70422,ANNUAL,medium,0.5,PIURA,ANNUAL,1999,0.53784678406
7_5309395_70461,ANNUAL,medium,2.0,PIURA,ANNUAL,1999,0.202132796659
7_5309395_70499,ANNUAL,medium,3.57,PIURA,ANNUAL,1999,0.751758934654
7_5309395_70502,ANNUAL,medium,4.0,PIURA,PASTURE_FALLOW,1999,1.86122579445
7_5309395_70508,ANNUAL,medium,2.5999999999999996,PIURA,PASTURE_FALLOW,1999,0.68453547947
7_5309395_70511,ANNUAL,medium,4.0,PIURA,PASTURE_FALLOW,1999,0.85739347389
7_5309395_70513,ANNUAL,medium,0.81,PIURA,PASTURE_FALLOW,1999,0.59380552793
7_5309395_70519,ANNUAL,high,0.05,PIURA,PASTURE_FALLOW,1999,2.24756468677
7_5309395_70520,ANNUAL,medium,0.36,PIURA,PASTURE_FALLOW,1999,1.46087485063
7_5309395_70530,ANNUAL,low,1.25,PIURA,PASTURE_FALLOW,1999,1.40453877397
7_5309395_70532,ANNUAL,medium,0.75,PIURA,PASTURE_FALLOW,1999,0.77474916391
7_5309395_70537,ANNUAL,medium,4.17,PIURA,PASTURE_FALLOW,1999,1.51187890724
7_5309395_70538,ANNUAL,low,7.0,PIURA,PASTURE_FALLOW,1999,1.11539585155
7_5309395_70543,ANNUAL,medium,0.18,PIURA,PASTURE_FALLOW,1999,1.4466585544
7_5309395_70544,ANNUAL,medium,1.23,PIURA,PASTURE_FALLOW,1999,1.22042078506
7_5309395_70545,ANNUAL,high,0.46,PIURA,PASTURE_FALLOW,1999,1.07684300838
7_5309395_70546,ANNUAL,high,0.95,PIURA,PASTURE_FALLOW,1999,0.89703024562
7_5309395_70547,ANNUAL,medium,0.83,PIURA,PASTURE_FALLOW,1999,0.76829767287
7_5309395_70549,ANNUAL,medium,0.87,PIURA,PASTURE_FALLOW,1999,0.68097057026
7_5309395_70551,ANNUAL,medium,4.55,PIURA,PASTURE_FALLOW,1999,0.7464644105
7_5309395_70553,ANNUAL,medium,1.02,PIURA,PASTURE_FALLOW,1999,0.66620034826
7_5309395_70555,ANNUAL,high,1.07,PIURA,PASTURE_FALLOW,1999,0.33811202631
7_5309395_70557,ANNUAL,medium,1.32,PIURA,PASTURE_FALLOW,1999,0.33572478452
7_5309395_70559,ANNUAL,low,2.38,PIURA,PASTURE_FALLOW,1999,1.14245106751
7_5309395_70561,PERENNIAL,medium,0.1,PIURA,PASTURE_FALLOW,1999,1.25642267323
7_5309395_70562,ANNUAL,high,0.49,PIURA,PASTURE_FALLOW,1999,0.46323461913
7_5309395_70565,ANNUAL,high,0.12,PIURA,PASTURE_FALLOW,1999,0.15097811435
7_5309395_70568,ANNUAL,medium,0.30000000000000004,PIURA,PASTURE_FALLOW,1999,0.58767256657
7_5309395_70576,ANNUAL,medium,1.85,PIURA,PASTURE_FALLOW,1999,0.99027984132
7_5309395_70577,ANNUAL,medium,2.35,PIURA,PASTURE_FALLOW,1999,0.35208782798
7_5309395_70599,ANNUAL,high,1.74,PIURA,PASTURE_FALLOW,1999,1.51979360176
7_5309395_70724,ANNUAL,high,3.2,PIURA,ANNUAL,1999,2.49258459082
7_5309395_70734,ANNUAL,medium,2.75,PIURA,ANNUAL,1999,1.50249648122
7_5309395_70737,ANNUAL,medium,5.7,PIURA,ANNUAL,1999,1.66175972322
7_5309395_70738,ANNUAL,medium,1.87,PIURA,ANNUAL,1999,0.860057710076
7_5309395_70774,ANNUAL,medium,1.0,PIURA,PASTURE_FALLOW,1999,0.84036148831
7_5309395_70905,PERENNIAL,low,2.25,PIURA,ANNUAL,1999,0.254208296089
7_5309395_70910,ANNUAL,medium,0.30000000000000004,PIURA,ANNUAL,1999,0.813571100993
7_5309395_70935,ANNUAL,medium,4.8,PIURA,ANNUAL,1999,0.451014740429
7_5309395_70939,ANNUAL,medium,0.12,PIURA,ANNUAL,1999,0.477323160703
7_5309395_70941,ANNUAL,medium,0.7,PIURA,ANNUAL,1999,0.416811519485
7_5309395_70956,ANNUAL,low,5.5,PIURA,PASTURE_FALLOW,1999,0.133981058895
7_5309395_70972,ANNUAL,medium,2.38,PIURA,ANNUAL,1999,0.359305422641
7_5309395_70984,ANNUAL,medium,3.1,PIURA,PASTURE_FALLOW,1999,0.219139699542
7_5309395_70991,ANNUAL,medium,0.34,PIURA,ANNUAL,1999,0.25460199014
7_5309395_75496,ANNUAL,medium,1.3699999999999999,PIURA,ANNUAL,2002,0.34194240643
7_5309395_75499,ANNUAL,medium,4.0,PIURA,ANNUAL,2002,0.3413930319
7_5309395_75500,ANNUAL,high,2.1,PIURA,ANNUAL,2002,0.34074768063
7_5309395_75502,ANNUAL,high,0.32,PIURA,ANNUAL,2002,0.32795797508
7_5309400_07036,PERENNIAL,low,0.25,PIURA,ANNUAL,1998,0.258238487729
7_5309400_07050,ANNUAL,medium,0.43000000000000005,PIURA,ANNUAL,1998,0.498518673762
7_5309400_07071,ANNUAL,medium,0.48,PIURA,ANNUAL,1998,0.342528057405
7_5309400_07078,ANNUAL,medium,1.1,PIURA,ANNUAL,1998,0.165663260124
7_5309400_07087,ANNUAL,high,0.25,PIURA,ANNUAL,1998,0.202482534349
7_5309400_07096,ANNUAL,medium,0.75,PIURA,ANNUAL,1998,0.0946149075974
7_5309400_07103,ANNUAL,medium,0.91,PIURA,ANNUAL,1998,0.146551334147
7_5309400_07110,ANNUAL,low,0.7,PIURA,ANNUAL,1998,0.174156217141
7_5309400_07118,ANNUAL,medium,0.5700000000000001,PIURA,ANNUAL,1998,0.152167383884
7_5309400_07120,ANNUAL,high,0.74,PIURA,ANNUAL,1998,0.178675100851
7_5309400_07128,ANNUAL,low,3.5,PIURA,ANNUAL,1998,0.377553562934
7_5309400_07159,ANNUAL,medium,0.16,PIURA,ANNUAL,1998,0.344387975863
7_5309400_07169,ANNUAL,high,0.64,PIURA,ANNUAL,1998,0.471941887728
7_5309400_07173,ANNUAL,high,1.1,PIURA,ANNUAL,1998,0.889400320667
7_5309400_07174,ANNUAL,high,0.5,PIURA,ANNUAL,1998,0.559469365077
7_5309400_07176,ANNUAL,medium,3.5,PIURA,ANNUAL,1998,0.563247531046
7_5309400_07180,ANNUAL,medium,3.0,PIURA,ANNUAL,1998,4.39335836231
7_5309400_07181,ANNUAL,medium,2.5,PIURA,ANNUAL,1998,2.72243931969
7_5309400_07194,ANNUAL,medium,4.199999999999999,PIURA,ANNUAL,1998,0.270906532696
7_5309400_07206,ANNUAL,high,0.45,PIURA,PASTURE_FALLOW,1998,0.45353711182
7_5309400_07213,ANNUAL,high,8.7,PIURA,PASTURE_FALLOW,1998,0.148079899073
7_5309400_07215,ANNUAL,medium,0.25,PIURA,PASTURE_FALLOW,1998,0.337321331616
7_5309400_07218,ANNUAL,medium,0.5900000000000001,PIURA,ANNUAL,1998,0.143513495004
7_5309400_07220,ANNUAL,low,2.9099999999999997,PIURA,ANNUAL,1998,0.141328443576
7_5309400_07223,ANNUAL,medium,1.0,PIURA,ANNUAL,2002,0.631630529196
7_5309400_07228,ANNUAL,medium,0.45,PIURA,ANNUAL,1998,0.0943016761082
7_5309400_07249,ANNUAL,medium,2.15,PIURA,ANNUAL,2003,0.129958293896
7_5309400_07251,ANNUAL,low,0.25,PIURA,ANNUAL,2003,0.111038232708
7_5309400_07253,ANNUAL,medium,1.0,PIURA,ANNUAL,1998,0.457571452053
7_5309400_07270,ANNUAL,high,0.2,PIURA,ANNUAL,1998,0.118868737302
7_5309400_07276,ANNUAL,high,1.9,PIURA,ANNUAL,2002,0.196866474606
7_5309400_07280,ANNUAL,medium,0.75,PIURA,ANNUAL,2002,0.159660141023
7_5309400_07292,ANNUAL,medium,0.5,PIURA,ANNUAL,2003,0.945783547136
7_5309400_07293,ANNUAL,high,0.5,PIURA,ANNUAL,1998,0.27297516091
7_5309400_07300,ANNUAL,medium,2.76,PIURA,ANNUAL,1998,0.62222861996
7_5309400_07328,ANNUAL,high,1.2000000000000002,PIURA,ANNUAL,1998,0.55280129129
7_5309400_07329,ANNUAL,medium,0.8400000000000001,PIURA,ANNUAL,1998,0.50570692338
7_5309400_07331,ANNUAL,high,3.69,PIURA,ANNUAL,1998,0.7001729499
7_5309400_07334,ANNUAL,low,3.0,PIURA,ANNUAL,1998,0.6246903458
7_5309400_07335,ANNUAL,high,0.06,PIURA,ANNUAL,1998,0.51659637946
7_5309400_07352,ANNUAL,medium,2.55,PIURA,ANNUAL,1998,0.374672994853
7_5309400_07357,ANNUAL,medium,2.0,PIURA,ANNUAL,1998,1.17159656663
7_5309400_07365,ANNUAL,medium,1.0,PIURA,ANNUAL,1998,1.57643629504
7_5309400_07368,ANNUAL,medium,13.7,PIURA,ANNUAL,1998,0.946144513144
7_5309400_07369,ANNUAL,medium,2.0,PIURA,ANNUAL,1998,2.02459372361
7_5309400_07370,ANNUAL,medium,4.85,PIURA,ANNUAL,1998,2.40933989347
7_5309400_07372,ANNUAL,high,3.61,PIURA,ANNUAL,1998,2.20517947605
7_5309400_07381,ANNUAL,medium,3.8,PIURA,ANNUAL,1998,1.45927133783
7_5309400_07426,ANNUAL,medium,0.4,PIURA,ANNUAL,1998,0.32401153956
7_5309400_07433,ANNUAL,medium,0.51,PIURA,ANNUAL,1998,0.19722023707
7_5309400_07440,ANNUAL,high,2.85,PIURA,ANNUAL,1998,0.35109308717
7_5309400_07465,ANNUAL,medium,0.01,PIURA,ANNUAL,1998,0.170421808807
7_5309400_07481,ANNUAL,medium,0.17,PIURA,ANNUAL,1998,1.47857018594
7_5309400_07495,ANNUAL,low,0.75,PIURA,ANNUAL,1998,2.98916175634
7_5309400_07501,ANNUAL,medium,0.56,PIURA,ANNUAL,1998,0.385906458921
7_5309400_07502,ANNUAL,low,1.5,PIURA,ANNUAL,1998,0.585746725143
7_5309400_07505,ANNUAL,medium,1.1800000000000002,PIURA,ANNUAL,1998,0.756007170527
7_5309400_07517,ANNUAL,medium,5.25,PIURA,ANNUAL,1998,0.74474404617
7_5309400_07519,ANNUAL,medium,0.77,PIURA,ANNUAL,1998,0.60298048024
7_5309400_07525,ANNUAL,medium,0.68,PIURA,ANNUAL,1998,0.29862407376
7_5309400_07533,ANNUAL,low,4.24,PIURA,ANNUAL,1998,0.53638965832
7_5309400_07534,ANNUAL,medium,2.09,PIURA,ANNUAL,1998,0.996832861557
7_5309400_07541,ANNUAL,low,1.25,PIURA,ANNUAL,1998,0.15094154789
7_5309400_07545,ANNUAL,medium,0.1,PIURA,ANNUAL,1998,0.300525531083
7_5309400_07567,ANNUAL,medium,1.5,PIURA,ANNUAL,1998,0.85980063196
7_5309400_07572,ANNUAL,medium,1.52,PIURA,ANNUAL,1998,1.51634557815
7_5309400_07573,ANNUAL,high,2.0,PIURA,ANNUAL,1998,0.860390631051
7_5309400_07574,ANNUAL,high,1.71,PIURA,ANNUAL,1998,0.40616067941
7_5309400_07575,ANNUAL,low,0.35,PIURA,ANNUAL,2002,0.48048607731
7_5309400_07595,ANNUAL,medium,0.36,PIURA,ANNUAL,1998,0.34562518687
7_5309400_078949,ANNUAL,medium,2.7199999999999998,PIURA,ANNUAL,2004,0.66957657981
7_5309400_078978,ANNUAL,medium,1.0,PIURA,ANNUAL,2004,1.4329054067
7_5309400_078981,ANNUAL,medium,1.0,PIURA,ANNUAL,2004,0.51014511425
7_5309400_08006,ANNUAL,medium,2.3600000000000003,PIURA,ANNUAL,1998,0.46080508471
7_5309400_08012,PERENNIAL,low,8.9,PIURA,ANNUAL,1998,0.38273532275
7_5309400_08023,ANNUAL,high,5.6225000000000005,PIURA,PASTURE_FALLOW,1998,0.44750973645
7_5309400_080742,ANNUAL,medium,0.15,PIURA,ANNUAL,2007,0.190204118373
7_5309400_08175,ANNUAL,medium,0.72,PIURA,PASTURE_FALLOW,1998,0.35513407645
7_5309400_08182,ANNUAL,medium,1.69,PIURA,PASTURE_FALLOW,1998,0.35041669204
7_5309400_08184,ANNUAL,medium,0.18,PIURA,PASTURE_FALLOW,1998,0.33317514691
7_5309400_08192,ANNUAL,medium,1.7000000000000002,PIURA,PASTURE_FALLOW,1998,0.34336414866
7_5309400_08194,ANNUAL,low,0.33,PIURA,PASTURE_FALLOW,1998,0.33484729083
7_5309400_08317,ANNUAL,medium,0.05,PIURA,ANNUAL,1998,0.12524565546
7_5309400_08365,ANNUAL,medium,2.0,PIURA,ANNUAL,1998,0.11251312286
7_5309400_08371,ANNUAL,medium,2.2,PIURA,ANNUAL,1998,0.13374678932
7_5309400_12023,ANNUAL,low,1.4000000000000001,PIURA,ANNUAL,1998,0.275942288457
7_5309400_12032,ANNUAL,medium,1.81,PIURA,ANNUAL,1998,0.248418739499
7_5309400_12038,ANNUAL,medium,0.51,PIURA,ANNUAL,1998,0.28304228033
7_5309400_12062,ANNUAL,medium,0.35,PIURA,ANNUAL,1998,0.278510816092
7_5309400_12065,ANNUAL,medium,0.1,PIURA,ANNUAL,1998,0.404120614074
7_5309400_12070,ANNUAL,medium,0.5,PIURA,ANNUAL,1998,0.371349852627
7_5309400_12073,ANNUAL,medium,1.2000000000000002,PIURA,ANNUAL,1998,0.126419347135
7_5309400_12089,ANNUAL,high,0.16,PIURA,ANNUAL,1998,0.876946116041
7_5309400_12090,ANNUAL,medium,0.07,PIURA,ANNUAL,1998,0.207663974703
7_5309400_12105,ANNUAL,medium,1.5,PIURA,ANNUAL,1998,0.161493539146
7_5309400_12118,ANNUAL,high,0.9,PIURA,ANNUAL,1998,0.812342465997
7_5309400_12175,PERENNIAL,medium,1.13,PIURA,ANNUAL,1998,0.225777771067
7_5309400_12180,ANNUAL,high,0.18,PIURA,ANNUAL,1998,0.114965552106
7_5309400_12185,ANNUAL,medium,0.75,PIURA,PASTURE_FALLOW,1998,0.0928837279201
7_5309400_12191,ANNUAL,high,0.25,PIURA,ANNUAL,1998,0.46867199327
7_5309400_12259,ANNUAL,medium,0.53,PIURA,ANNUAL,1998,0.300111986216
7_5309400_12263,ANNUAL,high,0.4,PIURA,ANNUAL,2002,0.297668993569
7_5309400_12264,ANNUAL,medium,0.096,PIURA,ANNUAL,2002,0.116132955614
7_5309400_12294,ANNUAL,high,2.0,PIURA,ANNUAL,1998,0.24954827795
7_5309400_12314,ANNUAL,high,0.36,PIURA,ANNUAL,2003,0.24198219513
7_5309400_12330,ANNUAL,medium,4.5,PIURA,ANNUAL,1998,0.11606160626
7_5309400_12332,ANNUAL,medium,0.56,PIURA,ANNUAL,1998,0.19510148624
7_5309400_12346,ANNUAL,high,0.65,PIURA,ANNUAL,1998,0.13970474514
7_5309400_12372,ANNUAL,medium,0.75,PIURA,ANNUAL,1998,0.35213167172
7_5309400_12376,ANNUAL,medium,0.44999999999999996,PIURA,ANNUAL,1998,0.3445928882
7_5309400_12387,ANNUAL,high,0.97,PIURA,ANNUAL,1998,0.0940182639581
7_5309400_12390,ANNUAL,low,1.0,PIURA,ANNUAL,1998,0.18531454487
7_5309400_12402,ANNUAL,medium,0.8,PIURA,ANNUAL,1998,0.66683627346
7_5309400_12422,ANNUAL,medium,1.6600000000000001,PIURA,ANNUAL,1998,0.4210613116
7_5309400_12430,ANNUAL,medium,0.56,PIURA,ANNUAL,1998,0.94434942072
7_5309400_12449,ANNUAL,low,3.5,PIURA,ANNUAL,1998,1.26855390131
7_5309400_12453,ANNUAL,medium,1.76,PIURA,ANNUAL,1998,0.24673805262
7_5309400_12457,ANNUAL,low,0.5,PIURA,ANNUAL,1998,0.21362831541
7_5309400_12469,ANNUAL,medium,0.5800000000000001,PIURA,ANNUAL,1998,0.12188357294
7_5309400_12516,ANNUAL,medium,2.99,PIURA,ANNUAL,1998,0.26528027159
7_5309400_12528,ANNUAL,medium,2.25,PIURA,ANNUAL,1998,1.09676334633
7_5309400_12538,ANNUAL,medium,1.0,PIURA,ANNUAL,1998,0.41583237348
7_5309400_12541,ANNUAL,medium,0.5,PIURA,ANNUAL,1998,0.0981976742771
7_5309400_12547,ANNUAL,medium,0.99,PIURA,ANNUAL,1998,0.116452080308
7_5309400_12571,ANNUAL,medium,0.57,PIURA,ANNUAL,1998,0.14488288075
7_5309400_12595,ANNUAL,low,1.0,PIURA,ANNUAL,1998,1.04052265354
7_5309400_12599,ANNUAL,low,1.0,PIURA,ANNUAL,1998,0.512035988276
7_5309400_12705,ANNUAL,low,0.25,PIURA,ANNUAL,1998,0.297943372772
7_5309400_13342,ANNUAL,medium,1.55,PIURA,ANNUAL,1998,0.18163583112
7_5309400_22407,ANNUAL,medium,2.5,PIURA,ANNUAL,1998,0.229801894552
7_5309400_22426,ANNUAL,low,1.78,PIURA,ANNUAL,1998,0.328464613704
7_5309400_22430,ANNUAL,medium,3.5,PIURA,ANNUAL,1998,0.31965596645
7_5309400_22492,ANNUAL,low,4.07,PIURA,ANNUAL,1998,0.102405523155
7_5309400_22493,ANNUAL,high,2.25,PIURA,ANNUAL,1998,0.599711950121
7_5309400_22501,ANNUAL,medium,12.0,PIURA,ANNUAL,1998,3.91141714185
7_5309400_22599,ANNUAL,low,0.30000000000000004,PIURA,ANNUAL,1998,0.154368785609
7_5309400_22600,ANNUAL,low,0.19,PIURA,ANNUAL,1998,0.137939969014
7_5309400_22604,ANNUAL,medium,23.4,PIURA,ANNUAL,1998,0.869910980138
7_5309400_22606,ANNUAL,medium,0.25,PIURA,ANNUAL,1998,0.272113664189
7_5309400_24506,ANNUAL,medium,2.92,PIURA,ANNUAL,1998,0.38929484202
7_5309400_24518,ANNUAL,low,8.89,PIURA,ANNUAL,1998,0.51186491518
7_5309400_24530,ANNUAL,high,1.3499999999999999,PIURA,ANNUAL,1998,0.4332431489
7_5309400_24534,ANNUAL,medium,2.39,PIURA,ANNUAL,1998,0.52631009714
7_5309400_24537,ANNUAL,medium,1.8,PIURA,ANNUAL,1998,0.24875175199
7_5309400_24549,ANNUAL,medium,0.2,PIURA,ANNUAL,1998,0.27797769981
7_5309400_24551,ANNUAL,medium,2.5,PIURA,ANNUAL,1998,0.15109038121
7_5309400_24585,ANNUAL,low,1.0,PIURA,PASTURE_FALLOW,1998,0.14193172001
7_5309400_26402,ANNUAL,medium,2.2,PIURA,PASTURE_FALLOW,1998,0.09983676237
7_5309400_26404,ANNUAL,low,0.8,PIURA,PASTURE_FALLOW,1998,0.1308136865
7_5309400_26416,ANNUAL,low,6.0,PIURA,PASTURE_FALLOW,1998,0.12723322163
7_5309400_26452,ANNUAL,high,0.66,PIURA,ANNUAL,1998,0.336723492082
7_5309400_26466,ANNUAL,low,1.3800000000000001,PIURA,ANNUAL,1998,0.458764584438
7_5309400_26468,ANNUAL,medium,0.03,PIURA,ANNUAL,1998,0.0916232852975
7_5309400_26476,ANNUAL,medium,6.58,PIURA,ANNUAL,1998,0.179266999098
7_5309400_26479,PERENNIAL,medium,1.1099999999999999,PIURA,ANNUAL,1998,0.36640008484
7_5309400_26482,ANNUAL,medium,0.5,PIURA,ANNUAL,1998,0.424116126353
7_5309400_26484,ANNUAL,medium,2.4,PIURA,ANNUAL,1998,0.126535155266
7_5309400_26485,ANNUAL,high,1.0,PIURA,PASTURE_FALLOW,1998,0.276266725568
7_5309400_26490,ANNUAL,high,0.8999999999999999,PIURA,PASTURE_FALLOW,1998,0.207608672374
7_5309400_26491,ANNUAL,medium,0.76,PIURA,PASTURE_FALLOW,1998,1.30974234723
7_5309400_26494,ANNUAL,high,1.52,PIURA,ANNUAL,1998,0.913639619291
7_5309400_26496,ANNUAL,medium,0.72,PIURA,ANNUAL,2002,0.315729166584
7_5309400_26502,ANNUAL,high,2.8,PIURA,ANNUAL,1998,0.783347384996
7_5309400_26503,ANNUAL,high,0.7,PIURA,ANNUAL,1998,0.888871357891
7_5309400_26505,ANNUAL,high,2.0700000000000003,PIURA,ANNUAL,1998,0.751029362941
7_5309400_26506,ANNUAL,low,0.75,PIURA,ANNUAL,1998,0.94394975183
7_5309400_26531,ANNUAL,low,2.0,PIURA,ANNUAL,1998,1.34423448824
7_5309400_26536,ANNUAL,medium,1.92,PIURA,ANNUAL,1998,0.49081040719
7_5309400_26542,ANNUAL,medium,0.1,PIURA,ANNUAL,1998,0.137470089869
7_5309400_26560,ANNUAL,medium,8.0,PIURA,PASTURE_FALLOW,1998,0.324517537368
7_5309400_26593,ANNUAL,high,2.0,PIURA,ANNUAL,1998,0.659197979458
7_5309400_26595,ANNUAL,medium,0.7,PIURA,PASTURE_FALLOW,1998,0.468945784181
7_5309400_26598,PERENNIAL,low,2.5,PIURA,PASTURE_FALLOW,1998,0.45094378181
7_5309400_26603,ANNUAL,medium,2.0,PIURA,PASTURE_FALLOW,1998,0.44359114158
7_5309400_26612,ANNUAL,high,0.8800000000000001,PIURA,PASTURE_FALLOW,1998,0.18439069706
7_5309400_26621,ANNUAL,low,1.7999999999999998,PIURA,ANNUAL,1998,0.70419414445
7_5309400_26637,ANNUAL,medium,0.8,PIURA,ANNUAL,1998,0.10905517584
7_5309400_26644,ANNUAL,medium,1.75,PIURA,ANNUAL,1998,0.43249990109
7_5309400_26664,ANNUAL,high,0.92,PIURA,ANNUAL,1998,0.4101189343
7_5309400_26672,ANNUAL,medium,0.25,PIURA,PASTURE_FALLOW,1998,0.2420277417
7_5309400_26677,ANNUAL,medium,0.75,PIURA,ANNUAL,1998,0.70350680944
7_5309400_26688,ANNUAL,medium,1.94,PIURA,ANNUAL,1998,1.88304911861
7_5309400_26702,ANNUAL,medium,0.72,PIURA,ANNUAL,1998,0.24193130595
7_5309400_26711,ANNUAL,medium,0.78,PIURA,ANNUAL,2003,0.27886252494
7_5309400_26716,ANNUAL,medium,0.6000000000000001,PIURA,ANNUAL,1998,1.19686203129
7_5309400_26740,ANNUAL,medium,1.42,PIURA,ANNUAL,2003,0.73051808036
7_5309400_26751,ANNUAL,high,1.0,PIURA,ANNUAL,2003,0.36232219282
7_5309400_26758,ANNUAL,medium,1.6199999999999999,PIURA,PASTURE_FALLOW,1998,0.36334073748
7_5309400_27152,ANNUAL,high,2.0,PIURA,ANNUAL,2003,0.152692234268
7_5309400_27157,ANNUAL,medium,0.75,PIURA,ANNUAL,1998,0.164334803823
7_5309400_27160,ANNUAL,high,0.43329999999999996,PIURA,ANNUAL,1998,0.104030936727
7_5309400_27169,ANNUAL,medium,3.8000000000000003,PIURA,ANNUAL,1998,0.352013431854
7_5309400_27170,ANNUAL,medium,0.38,PIURA,ANNUAL,1998,0.124543391068
7_5309400_27172,ANNUAL,medium,0.24,PIURA,ANNUAL,1998,0.235929160461
7_5309400_27173,ANNUAL,low,0.5,PIURA,ANNUAL,1998,0.117491442174
7_5309400_27185,ANNUAL,medium,0.41000000000000003,PIURA,ANNUAL,1998,0.282659345631
7_5309400_27187,ANNUAL,medium,2.6,PIURA,ANNUAL,1998,0.276236428816
7_5309400_27188,ANNUAL,low,0.0434,PIURA,ANNUAL,1998,0.175344294966
7_5309400_27189,ANNUAL,medium,0.41,PIURA,ANNUAL,1998,0.167334720992
7_5309400_27196,ANNUAL,medium,0.2,PIURA,ANNUAL,2003,0.270391410578
7_5309400_27200,ANNUAL,high,1.5,PIURA,PASTURE_FALLOW,1998,0.35316055418
7_5309400_30021,ANNUAL,high,0.3,PIURA,PASTURE_FALLOW,1998,0.245364960643
7_5309400_30109,ANNUAL,medium,1.25,PIURA,PASTURE_FALLOW,1998,1.62557423301
7_5309400_30120,ANNUAL,high,11.5,PIURA,ANNUAL,2002,1.84602285612
7_5309400_37201,ANNUAL,medium,0.65,PIURA,ANNUAL,2002,0.396152595683
7_5309400_37202,ANNUAL,low,0.66,PIURA,ANNUAL,1998,0.33841179051
7_5309400_37205,ANNUAL,medium,1.6,PIURA,ANNUAL,2002,0.118493114203
7_5309400_37209,ANNUAL,medium,1.55,PIURA,ANNUAL,1998,0.191439088459
7_5309400_37215,ANNUAL,high,6.13,PIURA,ANNUAL,1998,0.380036646231
7_5309400_37235,ANNUAL,medium,0.4,PIURA,ANNUAL,1998,0.278200819255
7_5309400_37241,ANNUAL,medium,0.2,PIURA,ANNUAL,1998,0.260396567713
7_5309400_37246,ANNUAL,medium,0.5,PIURA,ANNUAL,1998,0.366428002476
7_5309400_37249,ANNUAL,medium,2.12,PIURA,ANNUAL,1998,0.182871363332
7_5309400_37252,ANNUAL,medium,0.25,PIURA,ANNUAL,1998,0.116056117057
7_5309400_37255,PERENNIAL,low,8.4,PIURA,ANNUAL,1998,0.134207822996
7_5309400_37268,ANNUAL,low,2.39,PIURA,ANNUAL,1998,0.09900085865
7_5309400_37274,ANNUAL,medium,1.37,PIURA,ANNUAL,1998,0.19618503314
7_5309400_37275,ANNUAL,medium,0.1,PIURA,ANNUAL,1998,0.20265343037
7_5309400_37278,ANNUAL,medium,0.13,PIURA,ANNUAL,2002,0.132841553
7_5309400_37285,ANNUAL,low,0.18,PIURA,ANNUAL,1998,0.46303521848
7_5309400_37293,ANNUAL,medium,1.29,PIURA,ANNUAL,2002,0.17391160513
7_5309400_37298,ANNUAL,medium,0.9,PIURA,ANNUAL,1998,0.27191695337
7_5309400_41090,ANNUAL,low,0.75,PIURA,PASTURE_FALLOW,1998,0.309463545904
7_5309400_41093,ANNUAL,low,3.0,PIURA,ANNUAL,1998,0.154649233583
7_5309400_41108,ANNUAL,high,0.5,PIURA,PASTURE_FALLOW,1998,0.34002075795
7_5309400_41110,ANNUAL,medium,1.5,PIURA,ANNUAL,1998,0.20241795829
7_5309400_41116,ANNUAL,medium,0.2,PIURA,ANNUAL,2003,0.19644577038
7_5309400_41123,ANNUAL,high,0.25,PIURA,ANNUAL,2002,0.14880654303
7_5309400_41126,ANNUAL,medium,0.5,PIURA,ANNUAL,1998,0.28193584736
7_5309400_41142,ANNUAL,low,2.25,PIURA,PASTURE_FALLOW,1998,0.17060775123
7_5309400_50357,ANNUAL,medium,0.15,PIURA,ANNUAL,1998,0.15082211826
7_5309400_50364,ANNUAL,low,3.34,PIURA,ANNUAL,1998,0.3514198047
7_5309400_50367,ANNUAL,medium,0.4,PIURA,ANNUAL,1998,0.10147415228
7_5309400_50369,ANNUAL,medium,0.72,PIURA,ANNUAL,1998,0.36735776242
7_5309400_50411,ANNUAL,high,0.85,PIURA,ANNUAL,1998,1.05449745857
7_5309400_50423,PERENNIAL,medium,2.07,PIURA,ANNUAL,1998,0.24569139561
7_5309400_50424,ANNUAL,medium,0.13,PIURA,ANNUAL,1998,0.21749434451
7_5309400_50428,ANNUAL,medium,3.0,PIURA,ANNUAL,1998,0.279787483894
7_5309400_50430,ANNUAL,medium,0.11,PIURA,ANNUAL,1998,1.06134284696
7_5309400_50433,ANNUAL,medium,4.01,PIURA,ANNUAL,1998,1.12110795272
7_5309400_50487,ANNUAL,high,2.7,PIURA,ANNUAL,1998,0.180663166888
7_5309400_50531,ANNUAL,low,0.45,PIURA,ANNUAL,1998,1.91676903595
7_5309400_51011,ANNUAL,medium,0.8999999999999999,PIURA,ANNUAL,1999,0.16827545479
7_5309400_51045,ANNUAL,medium,1.0,PIURA,PASTURE_FALLOW,1999,0.163131605679
7_5309400_51062,ANNUAL,medium,16.8,PIURA,PASTURE_FALLOW,1999,0.407264997713
7_5309400_51202,ANNUAL,medium,3.5,PIURA,ANNUAL,1999,0.38715719343
7_5309400_51204,ANNUAL,medium,1.0,PIURA,ANNUAL,1999,0.495845381777
7_5309400_51212,ANNUAL,medium,0.63,PIURA,ANNUAL,1999,0.32617938517
7_5309400_51214,ANNUAL,medium,12.0,PIURA,ANNUAL,1999,1.6269613694
7_5309400_51233,ANNUAL,medium,2.0,PIURA,ANNUAL,1999,0.130099856735
7_5309400_51241,ANNUAL,medium,3.0,PIURA,PERENNIAL,1999,0.440331736305
7_5309400_51245,ANNUAL,medium,5.2,PIURA,ANNUAL,1999,0.161873223713
7_5309400_51255,ANNUAL,medium,3.0,PIURA,ANNUAL,1999,0.52054234725
7_5309400_51257,ANNUAL,medium,4.5,PIURA,ANNUAL,1999,0.53151811371
7_5309400_51432,ANNUAL,medium,0.75,PIURA,ANNUAL,1999,0.173072179692
7_5309400_51610,ANNUAL,medium,2.0,PIURA,ANNUAL,1999,0.360511200096
7_5309400_51613,ANNUAL,medium,6.949999999999999,PIURA,ANNUAL,1999,0.540417841799
7_5309400_51633,ANNUAL,low,2.0,PIURA,ANNUAL,1999,0.483332549155
7_5309400_51645,ANNUAL,medium,0.12,PIURA,PASTURE_FALLOW,1999,0.434842023071
7_5309400_51650,ANNUAL,low,8.0,PIURA,PASTURE_FALLOW,1999,0.204119692914
7_5309400_51691,ANNUAL,high,1.5,PIURA,PASTURE_FALLOW,1999,0.31242660073
7_5309400_51802,ANNUAL,medium,2.5,PIURA,ANNUAL,1999,0.187282631594
7_5309400_51832,ANNUAL,low,0.0625,PIURA,ANNUAL,1999,0.195906028407
7_5309400_51862,ANNUAL,medium,4.5,PIURA,ANNUAL,1999,0.228874439074
7_5309400_51891,ANNUAL,medium,4.75,PIURA,ANNUAL,1999,0.29868604567
7_5309400_51910,ANNUAL,medium,1.5,PIURA,ANNUAL,1999,0.187642288086
7_5309400_51921,ANNUAL,medium,2.0,PIURA,ANNUAL,1999,0.216495993434
7_5309400_52220,ANNUAL,medium,6.0,PIURA,ANNUAL,1999,0.749795683867
7_5309400_52456,ANNUAL,medium,0.25,PIURA,PASTURE_FALLOW,1999,0.0987897772305
7_5309400_60402,ANNUAL,medium,1.0,PIURA,PASTURE_FALLOW,1999,0.18608621235
7_5309400_60460,ANNUAL,medium,4.300000000000001,PIURA,PASTURE_FALLOW,1999,0.15224587846
7_5309400_61042,ANNUAL,medium,0.46,PIURA,ANNUAL,1999,0.460943008321
7_5309400_61044,ANNUAL,medium,0.5,PIURA,ANNUAL,1999,0.53043925458
7_5309400_61057,ANNUAL,medium,0.9,PIURA,ANNUAL,1999,1.64428949466
7_5309400_61087,ANNUAL,low,9.75,PIURA,ANNUAL,1999,0.465868967623
7_5309400_61093,ANNUAL,medium,0.65,PIURA,ANNUAL,1999,0.260462102196
7_5309400_61095,ANNUAL,medium,0.4841,PIURA,ANNUAL,1999,0.440892442808
7_5309400_61101,ANNUAL,medium,2.0,PIURA,ANNUAL,1999,0.490024061653
7_5309400_61102,ANNUAL,medium,2.9499999999999997,PIURA,ANNUAL,1999,0.623292005414
7_5309400_61108,ANNUAL,medium,1.0499999999999998,PIURA,ANNUAL,1999,1.44637560938
7_5309400_61116,ANNUAL,low,0.5,PIURA,ANNUAL,1999,0.827107847895
7_5309400_61117,ANNUAL,medium,0.5,PIURA,ANNUAL,1999,0.883843154834
7_5309400_61121,ANNUAL,medium,0.75,PIURA,ANNUAL,1999,0.544101424248
7_5309400_61161,ANNUAL,low,1.1,PIURA,ANNUAL,1999,0.522629742689
7_5309400_61183,ANNUAL,medium,3.75,PIURA,ANNUAL,1999,0.409621868493
7_5309400_61185,ANNUAL,medium,2.2,PIURA,ANNUAL,1999,0.323463257323
7_5309400_61196,ANNUAL,medium,2.55,PIURA,ANNUAL,1999,0.558191880805
7_5309400_61841,ANNUAL,low,1.0,PIURA,ANNUAL,1999,0.182647611189
7_5309400_61845,ANNUAL,high,12.3,PIURA,ANNUAL,1999,2.84210559268
7_5309400_61854,ANNUAL,medium,3.16,PIURA,ANNUAL,2001,0.172110010589
7_5309400_61860,ANNUAL,medium,0.32,PIURA,ANNUAL,1999,0.29517431839
7_5309400_61918,ANNUAL,low,3.25,PIURA,PASTURE_FALLOW,1999,0.27758399665
7_5309400_61922,ANNUAL,low,1.0,PIURA,PASTURE_FALLOW,1999,0.26540281867
7_5309400_61923,ANNUAL,high,1.0,PIURA,PASTURE_FALLOW,1999,0.67883028057
7_5309400_61924,ANNUAL,medium,1.0,PIURA,PASTURE_FALLOW,1999,0.30256376125
7_5309400_61940,ANNUAL,high,3.83,PIURA,PASTURE_FALLOW,1999,1.43934879382
7_5309400_61944,ANNUAL,high,1.0,PIURA,PASTURE_FALLOW,2002,0.67551797629
7_5309400_61961,ANNUAL,medium,0.75,PIURA,ANNUAL,1999,0.131340792402
7_5309400_61963,ANNUAL,medium,1.3,PIURA,ANNUAL,2002,0.846406194568
7_5309400_61964,ANNUAL,medium,1.0,PIURA,ANNUAL,2002,0.182070613884
7_5309400_61965,ANNUAL,medium,0.6,PIURA,ANNUAL,2002,0.160422695075
7_5309400_61967,ANNUAL,medium,2.25,PIURA,ANNUAL,2002,0.270779856909
7_5309400_61968,ANNUAL,medium,0.14,PIURA,ANNUAL,2002,0.13863802693
7_5309400_61971,ANNUAL,medium,2.5,PIURA,ANNUAL,1999,0.52096200897
7_5309400_61973,ANNUAL,medium,0.5,PIURA,ANNUAL,2002,0.15240608726
7_5309400_63348,ANNUAL,high,0.5,PIURA,ANNUAL,1999,0.185062736403
7_5309400_63351,ANNUAL,high,0.25,PIURA,ANNUAL,1999,0.199461929056
7_5309400_63360,ANNUAL,medium,3.5,PIURA,ANNUAL,1999,1.35418477976
7_5309400_63364,ANNUAL,medium,0.34,PIURA,ANNUAL,2000,0.617211827519
7_5309400_63369,ANNUAL,medium,1.97,PIURA,ANNUAL,1999,0.369275615056
7_5309400_63371,ANNUAL,high,1.26,PIURA,ANNUAL,2000,0.274419544266
7_5309400_63375,ANNUAL,medium,1.35,PIURA,ANNUAL,1999,0.354711340879
7_5309400_63377,ANNUAL,high,1.25,PIURA,ANNUAL,2000,0.365365154369
7_5309400_63388,ANNUAL,high,0.25,PIURA,ANNUAL,1999,0.220155429478
7_5309400_63392,ANNUAL,medium,0.25,PIURA,ANNUAL,1999,0.336378401966
7_5309400_63394,ANNUAL,high,1.0,PIURA,ANNUAL,1999,0.363294517201
7_5309400_63397,ANNUAL,medium,1.1,PIURA,ANNUAL,1999,0.166181950676
7_5309400_65219,ANNUAL,medium,10.6,PIURA,ANNUAL,2001,0.572332651423
7_5309400_65231,ANNUAL,medium,2.6,PIURA,ANNUAL,1999,0.687879890385
7_5309400_65237,ANNUAL,medium,2.0,PIURA,ANNUAL,1999,0.820808455548
7_5309400_65283,ANNUAL,low,0.75,PIURA,ANNUAL,2001,0.555396406255
7_5309400_67410,ANNUAL,medium,5.16,PIURA,ANNUAL,1999,0.792004280802
7_5309400_68801,ANNUAL,medium,1.7,PIURA,ANNUAL,2000,0.216961999074
7_5309400_68803,ANNUAL,medium,20.32,PIURA,ANNUAL,1999,0.284267431456
7_5309400_68805,ANNUAL,medium,0.85,PIURA,ANNUAL,2000,0.371547752219
7_5309400_68811,ANNUAL,high,0.34,PIURA,ANNUAL,1999,0.1408357265
7_5309400_68812,ANNUAL,medium,0.52,PIURA,ANNUAL,2000,0.287301527339
7_5309400_68814,ANNUAL,medium,1.0,PIURA,ANNUAL,1999,0.370705829436
7_5309400_68822,ANNUAL,high,1.1099999999999999,PIURA,ANNUAL,1999,0.337132907638
7_5309400_68828,ANNUAL,high,0.25,PIURA,ANNUAL,1999,0.138679463489
7_5309400_68831,ANNUAL,high,0.35,PIURA,ANNUAL,1999,0.108605722909
7_5309400_68844,ANNUAL,medium,4.0,PIURA,ANNUAL,1999,0.261348017243
7_5309400_68856,ANNUAL,medium,0.1,PIURA,ANNUAL,1999,0.118721142505
7_5309400_68863,ANNUAL,medium,1.0,PIURA,ANNUAL,1999,0.44090859626
7_5309400_68865,ANNUAL,medium,1.8,PIURA,ANNUAL,2003,0.683160150522
7_5309400_68880,ANNUAL,medium,0.54,PIURA,ANNUAL,2000,0.26599988376
7_5309400_68885,ANNUAL,high,0.25,PIURA,ANNUAL,1999,0.249091666698
7_5309400_69546,ANNUAL,low,0.0005,PIURA,ANNUAL,1999,0.26906280149
7_5309400_69549,ANNUAL,medium,1.4,PIURA,ANNUAL,1999,0.290914277047
7_5309400_69552,ANNUAL,high,0.3,PIURA,ANNUAL,2000,0.39481132541
7_5309400_69555,ANNUAL,low,0.3,PIURA,ANNUAL,1999,0.401251905704
7_5309400_69557,ANNUAL,medium,0.5,PIURA,ANNUAL,1999,0.495658097982
7_5309400_69560,ANNUAL,medium,4.6,PIURA,ANNUAL,1999,0.349725281457
7_5309400_69562,ANNUAL,medium,0.1,PIURA,ANNUAL,1999,0.494260612472
7_5309400_69565,ANNUAL,medium,5.19,PIURA,ANNUAL,1999,0.374486379899
7_5309400_69573,ANNUAL,medium,0.5,PIURA,PASTURE_FALLOW,1999,0.450636949863
7_5309400_69580,ANNUAL,low,0.53,PIURA,PASTURE_FALLOW,1999,0.145125713071
7_5309400_69581,ANNUAL,low,1.5,PIURA,PASTURE_FALLOW,1999,0.145585156662
7_5309400_69586,ANNUAL,medium,3.5,PIURA,PASTURE_FALLOW,1999,0.208426901418
7_5309400_69590,ANNUAL,medium,1.3900000000000001,PIURA,ANNUAL,1999,0.26742084074
7_5309400_69592,ANNUAL,high,0.72,PIURA,PASTURE_FALLOW,1999,0.346602641756
7_5309400_70929,ANNUAL,medium,0.2,PIURA,ANNUAL,1999,0.336728839205
7_5309400_75330,ANNUAL,high,1.5128,PIURA,ANNUAL,2002,0.254281760312
7_5309400_75736,PERENNIAL,low,1.0,PIURA,ANNUAL,2003,0.110689930517
7_5309400_75818,ANNUAL,medium,1.78,PIURA,ANNUAL,2003,0.097115617866
7_5309400_75821,ANNUAL,high,1.3199999999999998,PIURA,ANNUAL,2003,0.146313938791
7_5309400_75845,ANNUAL,medium,0.2,PIURA,ANNUAL,2003,0.102197508807
7_5309400_76022,ANNUAL,medium,3.56,PIURA,ANNUAL,2001,0.646915141902
7_5309400_76063,ANNUAL,high,3.0,PIURA,ANNUAL,2003,0.108157824742
7_5309400_76067,ANNUAL,low,0.99,PIURA,ANNUAL,2003,0.34355718524
7_5309400_76068,ANNUAL,high,0.33,PIURA,ANNUAL,2003,0.28585025974
7_5309400_76079,ANNUAL,low,1.34,PIURA,ANNUAL,2003,0.0924624290212
7_5309400_76231,ANNUAL,low,1.24,PIURA,ANNUAL,2003,0.11814440906
7_5309400_76234,ANNUAL,medium,0.4,PIURA,PASTURE_FALLOW,2003,0.192637546443
7_5309400_76235,ANNUAL,medium,4.1,PIURA,PERENNIAL,2003,0.09199011721
7_5309400_76237,ANNUAL,medium,0.1,PIURA,PERENNIAL,2003,0.0955329451
7_5309400_76249,ANNUAL,high,1.15,PIURA,ANNUAL,2003,0.13926713829
7_5309400_76402,PERENNIAL,medium,1.0,PIURA,ANNUAL,2003,0.19633670539
7_5309400_76406,ANNUAL,medium,1.25,PIURA,ANNUAL,2003,0.19271504967
7_5309400_76422,ANNUAL,medium,0.15,PIURA,ANNUAL,2003,0.12931534413
7_5309400_76423,ANNUAL,high,1.2599999999999998,PIURA,ANNUAL,2003,0.30825439356
7_5309400_76427,ANNUAL,high,1.96,PIURA,ANNUAL,2003,0.166728658659
7_5309400_76450,ANNUAL,medium,1.0,PIURA,ANNUAL,2003,0.13441593755
7_5309400_76464,ANNUAL,medium,1.0,PIURA,ANNUAL,2003,0.388285384144
7_5309400_76465,ANNUAL,medium,0.29,PIURA,ANNUAL,2003,0.242896257611
7_5309400_76469,ANNUAL,medium,0.1,PIURA,ANNUAL,2003,0.105210706283
7_5309400_76474,ANNUAL,medium,0.71,PIURA,ANNUAL,2003,0.35344997116
7_5309405_05643,ANNUAL,high,0.45999999999999996,PIURA,ANNUAL,1998,0.277153721922
7_5309405_06665,PERENNIAL,low,1.0,PIURA,ANNUAL,1998,0.50545856297
7_5309405_078682,ANNUAL,high,0.5,PIURA,ANNUAL,2004,0.212076194392
7_5309405_079365,ANNUAL,medium,1.27,PIURA,ANNUAL,2004,0.24870893821
7_5309405_080685,ANNUAL,high,0.5,PIURA,ANNUAL,2006,0.55256387994
7_5309405_080691,ANNUAL,medium,1.04,PIURA,ANNUAL,2006,0.126112203108
7_5309405_08214,ANNUAL,medium,0.35,PIURA,ANNUAL,1998,0.22027537434
7_5309405_08215,ANNUAL,medium,2.3600000000000003,PIURA,ANNUAL,1998,0.35107343971
7_5309405_08229,ANNUAL,high,0.30000000000000004,PIURA,PASTURE_FALLOW,1998,0.160326412803
7_5309405_08250,ANNUAL,low,0.24,PIURA,ANNUAL,1998,2.22398190469
7_5309405_08253,ANNUAL,medium,0.15000000000000002,PIURA,PASTURE_FALLOW,1998,0.0991025117645
7_5309405_08257,ANNUAL,medium,0.08,PIURA,PASTURE_FALLOW,1998,0.47297174865
7_5309405_08264,ANNUAL,low,0.25,PIURA,PASTURE_FALLOW,1998,0.56139382133
7_5309405_08273,ANNUAL,medium,0.05,PIURA,PASTURE_FALLOW,1998,0.41846032432
7_5309405_08288,ANNUAL,high,0.75,PIURA,ANNUAL,1998,0.2860233137
7_5309405_08294,ANNUAL,medium,3.55,PIURA,ANNUAL,1998,0.32385742579
7_5309405_08299,ANNUAL,medium,0.75,PIURA,ANNUAL,1998,0.65866481789
7_5309405_08311,ANNUAL,high,2.25,PIURA,ANNUAL,1998,0.62446034927
7_5309405_08330,ANNUAL,high,0.8,PIURA,ANNUAL,1998,0.21944129713
7_5309405_08355,ANNUAL,medium,0.77,PIURA,ANNUAL,1998,0.32667717686
7_5309405_20001,ANNUAL,low,1.664,PIURA,ANNUAL,1998,0.144274284563
7_5309405_20004,PERENNIAL,medium,4.7,PIURA,ANNUAL,1998,0.136759382763
7_5309405_20006,ANNUAL,high,1.72,PIURA,ANNUAL,1998,0.18160509331
7_5309405_20045,ANNUAL,medium,1.495,PIURA,ANNUAL,1998,0.243484650518
7_5309405_20049,ANNUAL,medium,0.95,PIURA,ANNUAL,1998,0.121742261445
7_5309405_20067,ANNUAL,low,0.13,PIURA,ANNUAL,1998,0.195785125449
7_5309405_20107,PERENNIAL,medium,0.6328,PIURA,ANNUAL,1998,0.283486833707
7_5309405_20110,ANNUAL,medium,0.49000000000000005,PIURA,ANNUAL,1998,0.155980325616
7_5309405_20125,ANNUAL,medium,0.09990000000000002,PIURA,ANNUAL,1998,0.0973337003657
7_5309405_20129,ANNUAL,high,1.0375,PIURA,ANNUAL,1998,0.24778801767
7_5309405_20399,ANNUAL,high,1.5,PIURA,ANNUAL,1998,0.616040242438
7_5309405_20520,ANNUAL,high,1.185,PIURA,ANNUAL,1998,0.200412781906
7_5309405_20531,ANNUAL,low,0.25,PIURA,ANNUAL,1998,1.30718381511
7_5309405_20535,ANNUAL,medium,0.25,PIURA,ANNUAL,1998,0.236878351473
7_5309405_20546,PERENNIAL,medium,6.8100000000000005,PIURA,ANNUAL,1998,0.132346375149
7_5309405_20551,ANNUAL,high,0.5,PIURA,ANNUAL,1998,0.151754709462
7_5309405_20623,ANNUAL,medium,1.0,PIURA,ANNUAL,1998,0.241922145323
7_5309405_21625,ANNUAL,medium,0.06,PIURA,ANNUAL,1998,0.16855750109
7_5309405_21626,ANNUAL,medium,0.1,PIURA,ANNUAL,1998,0.09606419654
7_5309405_22075,ANNUAL,medium,0.39,PIURA,ANNUAL,1998,0.398795501706
7_5309405_22083,ANNUAL,medium,15.0,PIURA,ANNUAL,1998,1.16599629438
7_5309405_22095,ANNUAL,medium,2.2,PIURA,ANNUAL,1998,0.570212368183
7_5309405_22096,ANNUAL,medium,1.03,PIURA,ANNUAL,1998,0.970489960972
7_5309405_22102,ANNUAL,medium,2.0,PIURA,ANNUAL,1998,0.0989580054771
7_5309405_22105,ANNUAL,medium,4.7882,PIURA,ANNUAL,1998,2.06082977517
7_5309405_22114,ANNUAL,medium,2.0,PIURA,ANNUAL,1998,0.923277805103
7_5309405_22120,ANNUAL,medium,0.8,PIURA,ANNUAL,1998,0.135695047218
7_5309405_22126,ANNUAL,medium,3.76,PIURA,ANNUAL,1998,1.32741830981
7_5309405_22169,ANNUAL,medium,4.0,PIURA,ANNUAL,1998,0.940391908444
7_5309405_22173,ANNUAL,medium,1.0,PIURA,ANNUAL,1998,0.748515812672
7_5309405_22176,ANNUAL,high,0.16,PIURA,ANNUAL,1998,0.471978889387
7_5309405_22186,ANNUAL,medium,2.4000000000000004,PIURA,ANNUAL,1998,0.970758044763
7_5309405_22193,ANNUAL,medium,6.0,PIURA,ANNUAL,1998,0.253082011956
7_5309405_22232,ANNUAL,high,2.05,PIURA,ANNUAL,1998,0.174205682155
7_5309405_22284,ANNUAL,medium,0.7,PIURA,ANNUAL,1998,0.215194993577
7_5309405_22302,ANNUAL,medium,0.54,PIURA,ANNUAL,1998,0.166002178215
7_5309405_22349,ANNUAL,low,0.2,PIURA,ANNUAL,1998,0.146456909407
7_5309405_22354,ANNUAL,low,3.5,PIURA,ANNUAL,1998,0.243819211877
7_5309405_22357,ANNUAL,high,0.25,PIURA,ANNUAL,1998,0.180408553586
7_5309405_22358,ANNUAL,low,0.18,PIURA,ANNUAL,1998,0.276313744258
7_5309405_22365,ANNUAL,high,0.25,PIURA,ANNUAL,1998,0.253278552159
7_5309405_22366,ANNUAL,medium,4.5,PIURA,ANNUAL,1998,0.22486424818
7_5309405_22379,ANNUAL,high,0.5,PIURA,ANNUAL,1998,0.490552696265
7_5309405_22387,ANNUAL,high,0.58,PIURA,ANNUAL,1998,0.372990989116
7_5309405_22452,ANNUAL,medium,0.34,PIURA,ANNUAL,1998,0.138240194752
7_5309405_22466,ANNUAL,medium,0.4,PIURA,ANNUAL,1998,0.124928344698
7_5309405_22474,ANNUAL,low,0.12,PIURA,ANNUAL,1998,0.14993508072
7_5309405_22475,ANNUAL,medium,2.25,PIURA,ANNUAL,1998,0.548876245036
7_5309405_22510,ANNUAL,medium,2.0,PIURA,ANNUAL,1998,2.66790093849
7_5309405_22515,ANNUAL,medium,2.89,PIURA,ANNUAL,1998,0.27471164644
7_5309405_22517,ANNUAL,medium,5.819999999999999,PIURA,ANNUAL,1998,1.99500979964
7_5309405_22521,ANNUAL,medium,3.1583,PIURA,ANNUAL,1998,0.9425696851
7_5309405_22553,ANNUAL,medium,2.9400000000000004,PIURA,ANNUAL,1998,0.134683215144
7_5309405_22557,ANNUAL,high,0.8699999999999999,PIURA,ANNUAL,1998,0.107146538717
7_5309405_22561,PERENNIAL,low,2.47,PIURA,ANNUAL,1998,0.278826040214
7_5309405_22570,PERENNIAL,low,1.3,PIURA,ANNUAL,1998,0.126204730382
7_5309405_22572,ANNUAL,medium,0.16,PIURA,ANNUAL,1998,0.133017058023
7_5309405_22573,ANNUAL,medium,0.55,PIURA,ANNUAL,1998,0.102423080048
7_5309405_22595,ANNUAL,medium,0.73,PIURA,ANNUAL,1998,0.465783813091
7_5309405_22607,ANNUAL,high,0.7,PIURA,ANNUAL,1998,0.314414986359
7_5309405_22610,ANNUAL,low,3.05,PIURA,ANNUAL,1998,0.119368527061
7_5309405_22612,ANNUAL,medium,0.22000000000000003,PIURA,ANNUAL,1998,0.109484109924
7_5309405_22623,ANNUAL,high,0.3,PIURA,ANNUAL,1998,0.158135938232
7_5309405_22625,ANNUAL,medium,0.4,PIURA,ANNUAL,1998,0.153051466895
7_5309405_22641,ANNUAL,medium,1.12,PIURA,ANNUAL,1998,0.297050563464
7_5309405_22645,ANNUAL,medium,0.16,PIURA,ANNUAL,1998,0.231736993787
7_5309405_22646,ANNUAL,high,0.95,PIURA,ANNUAL,1998,0.218062713567
7_5309405_22658,ANNUAL,medium,3.15,PIURA,ANNUAL,1998,0.335213877716
7_5309405_22663,ANNUAL,low,0.45,PIURA,ANNUAL,1998,0.195465994326
7_5309405_22666,ANNUAL,medium,0.37,PIURA,ANNUAL,1998,0.154249446616
7_5309405_22669,ANNUAL,medium,1.0,PIURA,ANNUAL,2003,0.158236661211
7_5309405_22697,ANNUAL,medium,0.8,PIURA,ANNUAL,1998,0.108606935794
7_5309405_22700,ANNUAL,high,0.28,PIURA,ANNUAL,1998,0.568038045348
7_5309405_22704,ANNUAL,medium,0.6000000000000001,PIURA,ANNUAL,1998,0.117883719889
7_5309405_22706,ANNUAL,high,1.37,PIURA,ANNUAL,1998,0.176874262899
7_5309405_22708,ANNUAL,medium,0.48,PIURA,ANNUAL,1998,0.0985337973243
7_5309405_22716,ANNUAL,medium,0.25,PIURA,ANNUAL,1998,0.18046312596
7_5309405_22717,ANNUAL,high,0.81,PIURA,ANNUAL,1998,0.192633834064
7_5309405_22719,ANNUAL,medium,5.670000000000001,PIURA,ANNUAL,1998,0.152249578484
7_5309405_22722,ANNUAL,medium,0.0625,PIURA,ANNUAL,1998,0.119361164541
7_5309405_22725,ANNUAL,medium,8.3,PIURA,ANNUAL,1998,0.162090424549
7_5309405_22750,ANNUAL,low,5.1000000000000005,PIURA,ANNUAL,1998,0.134840194956
7_5309405_22802,ANNUAL,low,0.23,PIURA,ANNUAL,1998,1.43191386792
7_5309405_22814,ANNUAL,medium,0.56,PIURA,ANNUAL,1998,0.40245515178
7_5309405_22820,ANNUAL,low,0.38,PIURA,ANNUAL,2001,0.641372017775
7_5309405_22833,ANNUAL,medium,1.1,PIURA,ANNUAL,1998,0.148078701309
7_5309405_22850,PERENNIAL,low,1.56,PIURA,ANNUAL,1998,0.726365454564
7_5309405_22852,ANNUAL,medium,1.05,PIURA,ANNUAL,1998,0.187026820936
7_5309405_22887,ANNUAL,medium,1.02,PIURA,ANNUAL,1998,0.18938645416
7_5309405_22893,ANNUAL,medium,0.26,PIURA,ANNUAL,1998,0.29724329192
7_5309405_22897,ANNUAL,medium,1.7999999999999998,PIURA,ANNUAL,1998,0.29503282281
7_5309405_22899,ANNUAL,medium,0.6799999999999999,PIURA,ANNUAL,2003,0.31084115269
7_5309405_22900,PERENNIAL,low,0.6,PIURA,ANNUAL,2003,0.17267822425
7_5309405_22904,ANNUAL,medium,2.65,PIURA,ANNUAL,2003,0.24963394627
7_5309405_22908,ANNUAL,medium,1.51,PIURA,ANNUAL,1998,0.17632193292
7_5309405_22915,ANNUAL,medium,0.85,PIURA,ANNUAL,1998,0.10730700405
7_5309405_22934,ANNUAL,low,1.66,PIURA,ANNUAL,1998,0.4654994072
7_5309405_22950,ANNUAL,medium,1.34,PIURA,ANNUAL,1998,0.171336184834
7_5309405_23035,ANNUAL,medium,1.44,PIURA,ANNUAL,1998,0.282364226053
7_5309405_23044,ANNUAL,medium,1.22,PIURA,ANNUAL,1998,0.17006079056
7_5309405_23046,ANNUAL,medium,1.6,PIURA,ANNUAL,1998,0.152833168905
7_5309405_23056,ANNUAL,low,1.9300000000000002,PIURA,ANNUAL,1998,0.186183144607
7_5309405_23066,ANNUAL,low,0.25,PIURA,ANNUAL,2003,0.209178885768
7_5309405_23091,ANNUAL,high,0.0655,PIURA,ANNUAL,1998,0.261460914801
7_5309405_23151,ANNUAL,medium,1.0,PIURA,ANNUAL,1998,0.41735165524
7_5309405_23205,ANNUAL,medium,2.0,PIURA,ANNUAL,1998,0.834503004446
7_5309405_23219,ANNUAL,high,1.5,PIURA,PASTURE_FALLOW,1998,0.804845967382
7_5309405_23230,ANNUAL,medium,0.32,PIURA,ANNUAL,1998,1.79478416323
7_5309405_23234,ANNUAL,medium,0.6,PIURA,PASTURE_FALLOW,1998,0.33247478183
7_5309405_23262,ANNUAL,medium,5.0,PIURA,ANNUAL,1998,0.184999512965
7_5309405_23263,ANNUAL,medium,2.0,PIURA,ANNUAL,1998,0.358577033526
7_5309405_23279,ANNUAL,high,4.09,PIURA,ANNUAL,2001,0.244638868131
7_5309405_23334,ANNUAL,medium,0.1,PIURA,ANNUAL,1998,0.126239713253
7_5309405_23357,ANNUAL,medium,0.48,PIURA,ANNUAL,1998,0.456747091973
7_5309405_23378,ANNUAL,medium,5.5,PIURA,ANNUAL,1998,0.158125299285
7_5309405_23383,ANNUAL,medium,7.48,PIURA,ANNUAL,1998,0.39961740649
7_5309405_23385,ANNUAL,low,0.8,PIURA,ANNUAL,1998,1.09579908761
7_5309405_23386,ANNUAL,high,0.37,PIURA,ANNUAL,1998,0.289699819672
7_5309405_23387,ANNUAL,low,1.0,PIURA,ANNUAL,1998,0.376435700391
7_5309405_23393,ANNUAL,low,5.45,PIURA,ANNUAL,1998,0.348261219884
7_5309405_23399,ANNUAL,high,0.36,PIURA,ANNUAL,1998,0.356090996987
7_5309405_23403,ANNUAL,low,0.84,PIURA,ANNUAL,1998,0.353211600507
7_5309405_23405,ANNUAL,medium,0.44,PIURA,ANNUAL,1998,0.37329938855
7_5309405_23410,ANNUAL,high,0.51,PIURA,ANNUAL,1998,0.343364496743
7_5309405_23411,ANNUAL,medium,0.5599999999999999,PIURA,ANNUAL,1998,0.346431955543
7_5309405_23417,ANNUAL,low,2.44,PIURA,ANNUAL,1998,0.346098847932
7_5309405_23419,ANNUAL,low,0.9199999999999999,PIURA,ANNUAL,1998,0.334652172398
7_5309405_23422,ANNUAL,medium,0.76,PIURA,ANNUAL,1998,0.366386737551
7_5309405_23423,ANNUAL,high,1.47,PIURA,ANNUAL,1998,0.366400660265
7_5309405_23424,ANNUAL,medium,1.221,PIURA,ANNUAL,1998,0.375379566147
7_5309405_23435,PERENNIAL,medium,2.77,PIURA,ANNUAL,1998,0.342688984434
7_5309405_23437,ANNUAL,low,5.7981,PIURA,ANNUAL,1998,0.357866599634
7_5309405_23438,PERENNIAL,low,1.1480000000000001,PIURA,ANNUAL,1998,0.357191465331
7_5309405_23442,ANNUAL,low,0.337,PIURA,ANNUAL,1998,0.107346456625
7_5309405_23445,ANNUAL,low,0.34,PIURA,ANNUAL,1998,0.340654676661
7_5309405_23448,ANNUAL,medium,0.76,PIURA,ANNUAL,1998,0.372453305821
7_5309405_23452,ANNUAL,medium,0.7,PIURA,ANNUAL,1998,0.356622004764
7_5309405_23454,ANNUAL,medium,0.17,PIURA,ANNUAL,1998,0.330461594549
7_5309405_23464,ANNUAL,low,0.1,PIURA,ANNUAL,1998,0.327066707234
7_5309405_23465,ANNUAL,medium,1.15,PIURA,ANNUAL,1998,0.292185083015
7_5309405_23471,ANNUAL,high,0.42,PIURA,ANNUAL,1998,0.214528960426
7_5309405_23472,ANNUAL,high,0.8500000000000001,PIURA,ANNUAL,1998,0.33671794347
7_5309405_23473,ANNUAL,high,0.05,PIURA,ANNUAL,1998,0.364395886086
7_5309405_23476,ANNUAL,low,1.5,PIURA,ANNUAL,1998,0.334702007581
7_5309405_23477,ANNUAL,high,0.21,PIURA,ANNUAL,1998,0.130808318646
7_5309405_23478,ANNUAL,low,1.9600000000000002,PIURA,ANNUAL,1998,0.256649575023
7_5309405_23483,ANNUAL,high,0.36,PIURA,ANNUAL,1998,0.248918337384
7_5309405_23486,ANNUAL,medium,0.39,PIURA,ANNUAL,1998,0.0976498363971
7_5309405_23489,ANNUAL,medium,0.39999999999999997,PIURA,ANNUAL,1998,0.13618533549
7_5309405_23497,ANNUAL,medium,1.95,PIURA,ANNUAL,1998,0.168557985286
7_5309405_23498,ANNUAL,high,0.58,PIURA,ANNUAL,1998,0.31170900807
7_5309405_23566,PERENNIAL,low,6583.0,PIURA,ANNUAL,1998,0.0914588519928
7_5309405_23612,ANNUAL,high,0.63,PIURA,ANNUAL,1998,0.30501001161
7_5309405_23613,ANNUAL,medium,0.12,PIURA,ANNUAL,1998,0.18530991595
7_5309405_23634,ANNUAL,medium,0.75,PIURA,ANNUAL,1998,0.11605968059
7_5309405_23683,ANNUAL,medium,0.13999999999999999,PIURA,ANNUAL,1998,0.709158239415
7_5309405_23706,ANNUAL,high,0.7,PIURA,ANNUAL,1998,0.301505269309
7_5309405_23737,ANNUAL,medium,2.45,PIURA,ANNUAL,1998,0.710126558463
7_5309405_23749,ANNUAL,medium,2.98,PIURA,ANNUAL,1998,0.726343682567
7_5309405_23765,ANNUAL,medium,3.29,PIURA,ANNUAL,1998,1.02200773966
7_5309405_23768,ANNUAL,medium,1.5,PIURA,ANNUAL,1998,0.713328539422
7_5309405_23769,ANNUAL,medium,7.5,PIURA,ANNUAL,1998,0.93795454601
7_5309405_23770,ANNUAL,low,2.5,PIURA,ANNUAL,1998,0.370200754513
7_5309405_23778,ANNUAL,medium,1.5,PIURA,ANNUAL,1998,1.58946693567
7_5309405_23785,ANNUAL,medium,0.09,PIURA,ANNUAL,1998,0.483905784251
7_5309405_23792,ANNUAL,high,5.3,PIURA,ANNUAL,1998,0.450533405352
7_5309405_23805,ANNUAL,medium,0.48,PIURA,ANNUAL,2000,0.689917004337
7_5309405_23818,ANNUAL,medium,5.8,PIURA,ANNUAL,1998,0.421355702559
7_5309405_23832,ANNUAL,high,0.22,PIURA,ANNUAL,1998,0.0983104406804
7_5309405_23849,ANNUAL,medium,0.75,PIURA,ANNUAL,1998,0.380765598454
7_5309405_23850,ANNUAL,medium,2.16,PIURA,ANNUAL,1998,0.498759612596
7_5309405_23853,ANNUAL,high,3.09,PIURA,ANNUAL,1998,1.02758629402
7_5309405_23860,ANNUAL,medium,0.245,PIURA,ANNUAL,1998,0.269308681283
7_5309405_23870,ANNUAL,medium,1.295,PIURA,ANNUAL,1998,0.169482268825
7_5309405_23879,ANNUAL,medium,2.0,PIURA,ANNUAL,1998,0.711311735768
7_5309405_23898,ANNUAL,high,0.25,PIURA,ANNUAL,1998,0.345609673374
7_5309405_23913,ANNUAL,low,0.53,PIURA,ANNUAL,2000,0.0978382929734
7_5309405_23921,ANNUAL,medium,0.4,PIURA,ANNUAL,1998,0.26628171425
7_5309405_23929,ANNUAL,medium,0.23,PIURA,ANNUAL,1998,0.17435828872
7_5309405_23943,ANNUAL,medium,2.5,PIURA,ANNUAL,1998,0.20298983694
7_5309405_23961,ANNUAL,medium,0.23,PIURA,ANNUAL,1998,0.22393204435
7_5309405_24931,ANNUAL,medium,0.85,PIURA,ANNUAL,1998,0.82820352968
7_5309405_24971,ANNUAL,high,0.9099999999999999,PIURA,ANNUAL,1998,0.25413670768
7_5309405_25619,ANNUAL,medium,5.9,PIURA,ANNUAL,1998,0.36452438816
7_5309405_25629,ANNUAL,medium,0.24,PIURA,ANNUAL,1998,0.12297146751
7_5309405_25712,ANNUAL,medium,0.1,PIURA,ANNUAL,1998,0.285272788457
7_5309405_27047,ANNUAL,medium,0.3,PIURA,ANNUAL,1998,0.227117740386
7_5309405_27071,ANNUAL,high,3.1999999999999997,PIURA,ANNUAL,1998,0.359501294579
7_5309405_27072,ANNUAL,low,0.24,PIURA,ANNUAL,1998,0.309209799459
7_5309405_27105,ANNUAL,high,1.76,PIURA,ANNUAL,1998,0.213483205209
7_5309405_27113,ANNUAL,high,0.25,PIURA,ANNUAL,1998,0.308515605292
7_5309405_27121,ANNUAL,medium,0.03,PIURA,ANNUAL,1998,0.173391807056
7_5309405_27127,ANNUAL,low,1.0,PIURA,ANNUAL,1998,0.187053573571
7_5309405_27139,ANNUAL,low,1.5,PIURA,ANNUAL,1998,0.110379460077
7_5309405_27148,ANNUAL,medium,1.46,PIURA,PASTURE_FALLOW,1998,1.07113006522
7_5309405_27415,ANNUAL,medium,0.5,PIURA,ANNUAL,1998,0.37854678753
7_5309405_31307,ANNUAL,high,1.1,PIURA,ANNUAL,1998,1.00636455048
7_5309405_31356,ANNUAL,high,0.46,PIURA,ANNUAL,1998,0.10958847072
7_5309405_31357,ANNUAL,medium,3.51,PIURA,ANNUAL,1998,0.09004785139
7_5309405_31383,ANNUAL,high,2.0,PIURA,ANNUAL,1998,0.51861425202
7_5309405_31425,ANNUAL,high,1.0899999999999999,PIURA,ANNUAL,1998,0.50758472411
7_5309405_31428,ANNUAL,medium,0.15,PIURA,ANNUAL,1998,0.15132163537
7_5309405_31431,ANNUAL,low,0.9357,PIURA,ANNUAL,1998,0.17441141402
7_5309405_31433,ANNUAL,low,1.35,PIURA,ANNUAL,1998,0.32503571588
7_5309405_31437,ANNUAL,medium,1.81,PIURA,ANNUAL,1998,0.16674494449
7_5309405_31647,ANNUAL,high,0.47000000000000003,PIURA,ANNUAL,1998,0.169170236114
7_5309405_31652,ANNUAL,high,0.03,PIURA,ANNUAL,1998,1.13918346847
7_5309405_31666,ANNUAL,medium,0.16,PIURA,ANNUAL,1998,0.156612805717
7_5309405_31685,PERENNIAL,medium,0.5,PIURA,ANNUAL,1998,0.263100814223
7_5309405_31686,PERENNIAL,low,0.85,PIURA,ANNUAL,1998,0.222129511162
7_5309405_31689,ANNUAL,low,0.774,PIURA,ANNUAL,1998,0.114585019583
7_5309405_31703,ANNUAL,medium,4.57,PIURA,ANNUAL,1998,0.221986583098
7_5309405_31711,ANNUAL,medium,0.7,PIURA,ANNUAL,1998,0.521120925263
7_5309405_31722,ANNUAL,high,1.75,PIURA,ANNUAL,1998,0.21854935109
7_5309405_31737,ANNUAL,medium,0.5,PIURA,ANNUAL,1998,0.140849642457
7_5309405_31848,ANNUAL,high,1.3499999999999999,PIURA,ANNUAL,1998,0.119310888186
7_5309405_31858,ANNUAL,medium,0.7,PIURA,ANNUAL,1998,0.433353955164
7_5309405_31864,ANNUAL,high,0.8,PIURA,ANNUAL,1998,0.119755661624
7_5309405_31900,ANNUAL,medium,0.3,PIURA,ANNUAL,1998,0.166982288902
7_5309405_32229,PERENNIAL,medium,3.0,PIURA,ANNUAL,1998,0.556447213257
7_5309405_32238,ANNUAL,medium,1.13,PIURA,ANNUAL,1998,0.516177553883
7_5309405_32255,ANNUAL,medium,0.18,PIURA,ANNUAL,1998,0.432007702916
7_5309405_32275,ANNUAL,medium,0.272,PIURA,ANNUAL,1998,0.15598557766
7_5309405_32280,PERENNIAL,low,1.0,PIURA,ANNUAL,1998,0.141024395691
7_5309405_32283,ANNUAL,medium,0.5,PIURA,ANNUAL,1998,0.152182713216
7_5309405_32285,ANNUAL,low,0.45,PIURA,ANNUAL,1998,0.190208749744
7_5309405_32323,ANNUAL,medium,0.21,PIURA,ANNUAL,1998,0.0969779539125
7_5309405_32330,ANNUAL,medium,0.66,PIURA,ANNUAL,1998,0.132229421612
7_5309405_32332,ANNUAL,medium,1.75,PIURA,ANNUAL,1998,0.137054162318
7_5309405_32338,ANNUAL,medium,0.15,PIURA,ANNUAL,1998,0.118443951224
7_5309405_32343,ANNUAL,medium,0.45,PIURA,ANNUAL,1998,0.189977922155
7_5309405_32354,ANNUAL,medium,0.25,PIURA,ANNUAL,1998,0.654530203466
7_5309405_32358,ANNUAL,medium,0.003,PIURA,ANNUAL,1998,0.174679803162
7_5309405_34001,ANNUAL,high,0.33,PIURA,ANNUAL,1998,0.118666760907
7_5309405_34019,ANNUAL,low,0.2,PIURA,ANNUAL,1998,0.299079909054
7_5309405_34020,ANNUAL,high,0.25,PIURA,ANNUAL,1998,0.147132075798
7_5309405_34021,ANNUAL,high,1.4,PIURA,PASTURE_FALLOW,1998,0.472672222951
7_5309405_34034,ANNUAL,medium,0.7,PIURA,PASTURE_FALLOW,1998,0.127715850539
7_5309405_34051,ANNUAL,medium,0.19,PIURA,ANNUAL,1998,0.179991680447
7_5309405_34107,PERENNIAL,medium,3.85,PIURA,ANNUAL,1998,0.103436304223
7_5309405_34134,ANNUAL,medium,0.75,PIURA,ANNUAL,1998,0.302673797091
7_5309405_34135,ANNUAL,low,0.6,PIURA,ANNUAL,1998,0.15612162139
7_5309405_34145,ANNUAL,low,0.53,PIURA,ANNUAL,1998,0.117313532958
7_5309405_34186,ANNUAL,high,0.66,PIURA,ANNUAL,1998,2.02278769853
7_5309405_34197,ANNUAL,medium,0.16,PIURA,ANNUAL,2001,0.157746785097
7_5309405_34222,ANNUAL,medium,0.68,PIURA,ANNUAL,1998,0.1668298201
7_5309405_34226,ANNUAL,medium,0.6799999999999999,PIURA,ANNUAL,1998,0.113597535522
7_5309405_34244,ANNUAL,low,0.33,PIURA,ANNUAL,1998,0.203404793754
7_5309405_34264,ANNUAL,medium,0.32,PIURA,ANNUAL,1998,0.15314004482
7_5309405_34424,ANNUAL,medium,0.14,PIURA,ANNUAL,1998,0.173790328772
7_5309405_34428,ANNUAL,low,0.36,PIURA,ANNUAL,1998,0.100388650919
7_5309405_34430,ANNUAL,high,0.35,PIURA,ANNUAL,1998,0.143513661888
7_5309405_34431,ANNUAL,high,0.15,PIURA,ANNUAL,1998,0.157007809598
7_5309405_34432,ANNUAL,medium,0.32,PIURA,ANNUAL,1998,0.161982778199
7_5309405_34441,ANNUAL,medium,0.4,PIURA,ANNUAL,1998,0.144654846509
7_5309405_34469,ANNUAL,medium,0.15,PIURA,ANNUAL,1998,0.0961624131577
7_5309405_34478,ANNUAL,medium,2.3,PIURA,ANNUAL,1998,1.24378797091
7_5309405_34482,ANNUAL,low,1.25,PIURA,ANNUAL,1998,0.192306106009
7_5309405_34486,ANNUAL,medium,0.5,PIURA,ANNUAL,2002,0.314062768911
7_5309405_34488,ANNUAL,high,0.25,PIURA,ANNUAL,1998,0.273882600933
7_5309405_34496,ANNUAL,medium,1.12,PIURA,ANNUAL,1998,0.0979982755247
7_5309405_34500,ANNUAL,high,0.25,PIURA,ANNUAL,1998,0.222576882538
7_5309405_34505,ANNUAL,medium,0.14,PIURA,ANNUAL,1998,0.109147792794
7_5309405_34523,ANNUAL,high,0.7,PIURA,ANNUAL,1998,0.175580418694
7_5309405_34526,ANNUAL,high,0.0649,PIURA,ANNUAL,1998,0.0959347436446
7_5309405_34544,ANNUAL,medium,8.68,PIURA,ANNUAL,2002,1.46114952812
7_5309405_34548,PERENNIAL,low,5.62,PIURA,ANNUAL,1998,0.303758703002
7_5309405_34549,ANNUAL,medium,0.26,PIURA,ANNUAL,2002,0.175874893007
7_5309405_34554,ANNUAL,medium,0.2,PIURA,ANNUAL,1998,0.161062179872
7_5309405_34555,ANNUAL,high,0.2305,PIURA,ANNUAL,1998,0.2293434978
7_5309405_34556,ANNUAL,low,0.09,PIURA,ANNUAL,1998,0.0910486438609
7_5309405_34560,ANNUAL,medium,0.25,PIURA,ANNUAL,1998,0.274208820139
7_5309405_34562,ANNUAL,high,0.5,PIURA,ANNUAL,1998,0.434015072841
7_5309405_34588,ANNUAL,medium,0.4,PIURA,ANNUAL,1998,0.610229548241
7_5309405_34596,PERENNIAL,low,1.5,PIURA,ANNUAL,1998,0.610313795783
7_5309405_34611,ANNUAL,medium,0.7,PIURA,ANNUAL,1998,0.21544747143
7_5309405_34647,ANNUAL,low,0.34,PIURA,ANNUAL,1998,0.324607119883
7_5309405_34658,ANNUAL,medium,0.35,PIURA,ANNUAL,1998,0.175697592151
7_5309405_34667,ANNUAL,medium,0.81,PIURA,ANNUAL,1998,0.271082823955
7_5309405_34672,ANNUAL,medium,1.2,PIURA,ANNUAL,2002,0.414611137909
7_5309405_34679,ANNUAL,medium,1.884,PIURA,ANNUAL,1998,0.199415507219
7_5309405_37011,ANNUAL,low,3.0,PIURA,ANNUAL,1998,0.323157958038
7_5309405_37020,ANNUAL,high,0.18,PIURA,ANNUAL,1998,0.26169928964
7_5309405_37101,ANNUAL,medium,0.25,PIURA,ANNUAL,1998,0.199630184382
7_5309405_37123,ANNUAL,medium,0.5,PIURA,ANNUAL,1998,0.098181730759
7_5309405_37168,ANNUAL,medium,0.44,PIURA,ANNUAL,1998,0.139467489924
7_5309405_37183,ANNUAL,medium,3.75,PIURA,ANNUAL,2001,0.60429477781
7_5309405_37281,ANNUAL,medium,2.0700000000000003,PIURA,ANNUAL,1998,0.199034575079
7_5309405_40818,PERENNIAL,low,5.95,PIURA,ANNUAL,2002,0.394157499911
7_5309405_41001,ANNUAL,medium,0.12,PIURA,ANNUAL,1998,0.166616330872
7_5309405_41012,ANNUAL,medium,0.2,PIURA,ANNUAL,1998,0.152129912987
7_5309405_41014,ANNUAL,medium,0.71,PIURA,ANNUAL,2003,0.172554380588
7_5309405_41022,ANNUAL,low,0.75,PIURA,ANNUAL,2003,0.200993859835
7_5309405_41024,ANNUAL,medium,0.55,PIURA,ANNUAL,1998,0.157246765559
7_5309405_41030,ANNUAL,low,0.25,PIURA,PASTURE_FALLOW,1998,0.102638425207
7_5309405_41034,ANNUAL,low,0.37,PIURA,ANNUAL,2001,0.122319383375
7_5309405_41041,ANNUAL,low,0.67,PIURA,ANNUAL,1998,0.138872220941
7_5309405_41042,ANNUAL,medium,0.8,PIURA,PASTURE_FALLOW,1998,0.0941935176544
7_5309405_41048,ANNUAL,high,8.0,PIURA,ANNUAL,1998,0.140050269457
7_5309405_41049,ANNUAL,medium,0.74,PIURA,ANNUAL,1998,0.218147158255
7_5309405_41056,ANNUAL,medium,0.25,PIURA,ANNUAL,1998,0.132652159034
7_5309405_41060,ANNUAL,low,1.1400000000000001,PIURA,ANNUAL,1998,0.137235044631
7_5309405_41080,ANNUAL,medium,0.25,PIURA,ANNUAL,1998,0.153941277259
7_5309405_41101,ANNUAL,medium,0.5,PIURA,ANNUAL,1998,0.15939395664
7_5309405_41140,ANNUAL,medium,3.6999999999999997,PIURA,ANNUAL,1998,0.149112924165
7_5309405_43007,ANNUAL,medium,0.72,PIURA,ANNUAL,1998,0.10947575719
7_5309405_43020,ANNUAL,medium,2.25,PIURA,ANNUAL,1998,0.31959108352
7_5309405_43053,ANNUAL,medium,0.27,PIURA,ANNUAL,1998,0.28662695396
7_5309405_43056,ANNUAL,medium,0.1,PIURA,ANNUAL,1998,0.16413301761
7_5309405_43073,ANNUAL,low,0.98,PIURA,ANNUAL,1998,0.19442777466
7_5309405_43082,ANNUAL,high,0.75,PIURA,ANNUAL,1998,0.22617372141
7_5309405_43093,ANNUAL,high,0.87,PIURA,PERENNIAL,1998,0.11223819338
7_5309405_43119,ANNUAL,medium,0.5,PIURA,ANNUAL,1998,0.51140394166
7_5309405_43130,ANNUAL,high,0.25,PIURA,ANNUAL,1998,0.247426837381
7_5309405_43159,ANNUAL,medium,1.27,PIURA,ANNUAL,1998,0.39234783936
7_5309405_43164,ANNUAL,medium,2.25,PIURA,ANNUAL,1998,0.179943325252
7_5309405_43171,ANNUAL,medium,5.4799999999999995,PIURA,ANNUAL,1998,0.16843709136
7_5309405_43176,ANNUAL,medium,1.18,PIURA,ANNUAL,2002,0.235655104125
7_5309405_43178,ANNUAL,high,0.5,PIURA,ANNUAL,1998,0.50416828108
7_5309405_48004,ANNUAL,medium,0.13,PIURA,PASTURE_FALLOW,1998,0.374068622245
7_5309405_48008,ANNUAL,low,0.3,PIURA,ANNUAL,1998,0.202592284816
7_5309405_48099,ANNUAL,high,2.1,PIURA,ANNUAL,1998,0.422673599861
7_5309405_48120,ANNUAL,medium,0.33,PIURA,ANNUAL,1998,0.336290862429
7_5309405_48193,ANNUAL,low,0.84,PIURA,ANNUAL,1998,0.506447512044
7_5309405_48199,ANNUAL,high,0.85,PIURA,ANNUAL,1998,0.427888364617
7_5309405_48306,ANNUAL,low,0.2824,PIURA,ANNUAL,1998,0.13425931066
7_5309405_48340,ANNUAL,medium,1.0,PIURA,ANNUAL,1998,1.63074086562
7_5309405_50334,ANNUAL,low,0.25,PIURA,ANNUAL,2003,0.09526883561
7_5309405_72656,ANNUAL,high,0.24,PIURA,ANNUAL,2003,0.239191308796
7_5309405_72834,ANNUAL,medium,0.2,PIURA,ANNUAL,2003,0.124444965621
7_5309405_75807,ANNUAL,medium,1.26,PIURA,ANNUAL,2003,0.131172056018
7_5309405_75813,ANNUAL,low,1.0,PIURA,ANNUAL,2003,0.427839931485
7_5309405_76148,PERENNIAL,medium,7.29,PIURA,ANNUAL,2003,0.513362759289
7_5309405_76153,ANNUAL,high,0.48,PIURA,ANNUAL,2003,0.196788253831
7_5309405_76159,ANNUAL,medium,0.1,PIURA,ANNUAL,2003,0.117010852874
7_5309405_76371,ANNUAL,low,2.1,PIURA,ANNUAL,2003,0.09438089803
7_5309405_78478,ANNUAL,medium,0.66,PIURA,ANNUAL,2003,0.217043152008
7_5309410_078577,ANNUAL,high,0.66,PIURA,ANNUAL,2004,0.121841533192
7_5309410_080279,ANNUAL,medium,1.37,PIURA,ANNUAL,2005,0.116123172569
7_5309410_080655,ANNUAL,medium,0.16,PIURA,ANNUAL,2006,0.11419720228
7_5309410_13661,ANNUAL,medium,0.21000000000000002,PIURA,ANNUAL,1998,0.17106426239
7_5309410_13663,ANNUAL,high,3.59,PIURA,ANNUAL,2003,0.09999005259
7_5309410_13664,ANNUAL,high,0.32799999999999996,PIURA,ANNUAL,1998,0.10985188177
7_5309410_18803,PASTURE_FALLOW,high,0.27,PIURA,ANNUAL,1998,0.190560485534
7_5309410_18805,ANNUAL,high,0.3,PIURA,ANNUAL,1998,0.251771902992
7_5309410_18807,ANNUAL,high,0.1,PIURA,PERENNIAL,1998,0.263589031208
7_5309410_18808,ANNUAL,medium,8.0,PIURA,PERENNIAL,1998,0.410823728713
7_5309410_18809,PASTURE_FALLOW,low,0.15,PIURA,PASTURE_FALLOW,1998,0.191034225733
7_5309410_18826,ANNUAL,low,0.27,PIURA,ANNUAL,1998,0.252719699295
7_5309410_18847,ANNUAL,medium,0.64,PIURA,PASTURE_FALLOW,1998,0.1281628441
7_5309410_18851,ANNUAL,high,1.25,PIURA,ANNUAL,1998,0.10657555245
7_5309410_18854,PERENNIAL,medium,0.5,PIURA,PASTURE_FALLOW,1998,0.227989783262
7_5309410_18859,ANNUAL,high,0.13,PIURA,ANNUAL,1998,0.12786076831
7_5309410_18871,PERENNIAL,medium,8.55,PIURA,PASTURE_FALLOW,1998,0.19991346754
7_5309410_18873,ANNUAL,high,0.5,PIURA,PERENNIAL,1998,0.381489068623
7_5309410_18912,ANNUAL,high,2.02,PIURA,ANNUAL,2003,0.139794904047
7_5309410_18914,ANNUAL,high,1.2000000000000002,PIURA,ANNUAL,2003,0.630700673048
7_5309410_18919,ANNUAL,medium,0.563,PIURA,PASTURE_FALLOW,2003,0.40091727416
7_5309410_18933,ANNUAL,medium,1.3900000000000001,PIURA,ANNUAL,1998,0.948305552272
7_5309410_18965,ANNUAL,medium,1.4,PIURA,ANNUAL,1998,1.00764150915
7_5309410_18968,ANNUAL,high,1.08,PIURA,PASTURE_FALLOW,1998,1.29382908215
7_5309410_18985,ANNUAL,medium,1.3900000000000001,PIURA,PASTURE_FALLOW,1998,0.118957682209
7_5309410_18995,ANNUAL,medium,0.079,PIURA,ANNUAL,1998,0.812719773905
7_5309410_19002,ANNUAL,medium,1.25,PIURA,ANNUAL,1998,0.278851058057
7_5309410_19028,PASTURE_FALLOW,medium,0.2,PIURA,ANNUAL,1998,0.193341768003
7_5309410_19074,PASTURE_FALLOW,medium,2.5,PIURA,ANNUAL,1998,0.27947993651
7_5309410_19115,ANNUAL,medium,45.0,PIURA,ANNUAL,1998,11.375677977
7_5309410_19135,ANNUAL,low,1.22,PIURA,ANNUAL,1998,0.381245789299
7_5309410_19139,ANNUAL,medium,0.30000000000000004,PIURA,ANNUAL,1998,0.199781397288
7_5309410_19142,ANNUAL,low,0.75,PIURA,ANNUAL,1998,0.218131566833
7_5309410_19146,ANNUAL,medium,0.43,PIURA,ANNUAL,1998,0.247152903752
7_5309410_19147,ANNUAL,medium,0.5,PIURA,ANNUAL,1998,0.246371160454
7_5309410_19154,ANNUAL,medium,1.7149999999999999,PIURA,ANNUAL,1998,0.205205652708
7_5309410_19156,ANNUAL,medium,0.9375,PIURA,ANNUAL,1998,0.225446304038
7_5309410_19167,ANNUAL,medium,0.5,PIURA,ANNUAL,1998,0.215560160827
7_5309410_19194,ANNUAL,high,0.99,PIURA,ANNUAL,1998,0.0988217384405
7_5309410_19195,ANNUAL,medium,0.8,PIURA,ANNUAL,1998,0.151655875392
7_5309410_20123,ANNUAL,low,0.09,PIURA,ANNUAL,1998,0.173597587302
7_5309410_20145,ANNUAL,medium,0.4375,PIURA,ANNUAL,1998,0.516465201165
7_5309410_20165,ANNUAL,high,0.54,PIURA,ANNUAL,1998,0.110980664657
7_5309410_20166,ANNUAL,medium,1.4,PIURA,ANNUAL,1998,0.24647387244
7_5309410_20191,ANNUAL,low,1.6099999999999999,PIURA,ANNUAL,1998,0.15474462698
7_5309410_20197,ANNUAL,medium,0.8206,PIURA,ANNUAL,1998,0.37715477024
7_5309410_20238,PERENNIAL,medium,1.0391,PIURA,ANNUAL,1998,0.11494157365
7_5309410_20246,PERENNIAL,medium,0.7678,PIURA,ANNUAL,1998,0.18990094913
7_5309410_20254,PERENNIAL,medium,0.91,PIURA,ANNUAL,1998,0.19836904598
7_5309410_20298,ANNUAL,medium,3.12,PIURA,ANNUAL,1998,1.69108322571
7_5309410_20301,ANNUAL,medium,0.02,PIURA,ANNUAL,1998,0.320539745824
7_5309410_20316,ANNUAL,low,2.3,PIURA,ANNUAL,1998,0.322445786618
7_5309410_20317,ANNUAL,medium,0.8,PIURA,ANNUAL,1998,0.30548734747
7_5309410_20585,ANNUAL,medium,0.105,PIURA,ANNUAL,1998,0.508335549783
7_5309410_20648,ANNUAL,medium,0.6,PIURA,ANNUAL,1998,0.149939363222
7_5309410_20652,ANNUAL,high,0.19,PIURA,ANNUAL,1998,0.135173873515
7_5309410_20655,ANNUAL,medium,0.21,PIURA,ANNUAL,1998,0.205285341148
7_5309410_20662,ANNUAL,medium,0.25,PIURA,ANNUAL,1998,0.132382621678
7_5309410_20670,ANNUAL,medium,0.7613000000000001,PIURA,ANNUAL,1998,0.130567223775
7_5309410_20678,ANNUAL,medium,0.25,PIURA,ANNUAL,1998,0.114281341383
7_5309410_20814,ANNUAL,medium,1.69,PIURA,ANNUAL,1998,0.514756554915
7_5309410_20839,ANNUAL,high,4.28,PIURA,ANNUAL,1998,0.558986487055
7_5309410_20856,ANNUAL,high,0.79,PIURA,ANNUAL,1998,0.27755344037
7_5309410_20864,ANNUAL,medium,1.15,PIURA,ANNUAL,1998,1.92298093474
7_5309410_20878,PERENNIAL,low,18.0,PIURA,ANNUAL,1998,0.214669926627
7_5309410_20881,ANNUAL,medium,2.6,PIURA,ANNUAL,1998,0.275515446661
7_5309410_20890,ANNUAL,medium,3.8,PIURA,ANNUAL,1998,0.334251309807
7_5309410_20904,ANNUAL,low,0.45,PIURA,ANNUAL,1998,0.209908028692
7_5309410_20922,PERENNIAL,low,3.0,PIURA,ANNUAL,1998,0.19414854129
7_5309410_20928,PERENNIAL,low,2.5,PIURA,ANNUAL,1998,0.189708566552
7_5309410_20940,ANNUAL,medium,2.62,PIURA,ANNUAL,1998,0.44141547183
7_5309410_20946,ANNUAL,medium,2.5,PIURA,ANNUAL,1998,1.65886584939
7_5309410_20956,ANNUAL,medium,0.23,PIURA,ANNUAL,1998,1.12735454205
7_5309410_20958,ANNUAL,medium,1.93,PIURA,ANNUAL,1998,0.800416813828
7_5309410_20979,ANNUAL,high,2.7800000000000002,PIURA,ANNUAL,1998,0.566886854542
7_5309410_20996,ANNUAL,low,0.16999999999999998,PIURA,ANNUAL,1998,0.2350541971
7_5309410_21002,ANNUAL,medium,0.4,PIURA,ANNUAL,1998,0.43162722604
7_5309410_21008,ANNUAL,high,0.052,PIURA,ANNUAL,1998,1.66572944956
7_5309410_21016,ANNUAL,medium,0.2407,PIURA,PERENNIAL,1998,0.12514824774
7_5309410_21023,ANNUAL,medium,2.79,PIURA,ANNUAL,1998,0.91359384133
7_5309410_21026,ANNUAL,high,0.09,PIURA,ANNUAL,1998,1.44570185816
7_5309410_21028,ANNUAL,low,0.4,PIURA,ANNUAL,1998,0.15016694596
7_5309410_21037,ANNUAL,medium,0.4,PIURA,ANNUAL,2003,0.3562206761
7_5309410_21049,ANNUAL,medium,1.35,PIURA,ANNUAL,2003,1.09417385717
7_5309410_21057,ANNUAL,medium,1.0,PIURA,ANNUAL,2003,2.0193352386
7_5309410_21071,ANNUAL,low,2.8,PIURA,ANNUAL,1998,0.28143450975
7_5309410_21091,ANNUAL,medium,1.73,PIURA,PASTURE_FALLOW,1998,0.12706738494
7_5309410_21103,ANNUAL,medium,0.28500000000000003,PIURA,ANNUAL,1998,0.127475817712
7_5309410_21122,ANNUAL,medium,2.0,PIURA,ANNUAL,1998,0.448727991393
7_5309410_21123,ANNUAL,high,1.7000000000000002,PIURA,ANNUAL,1998,0.196089873378
7_5309410_21127,ANNUAL,medium,1.48,PIURA,ANNUAL,1998,0.448833543302
7_5309410_21142,ANNUAL,high,0.009,PIURA,PASTURE_FALLOW,1998,0.18697396818
7_5309410_21144,ANNUAL,high,0.0816,PIURA,ANNUAL,2003,0.23000085752
7_5309410_21145,ANNUAL,medium,1.12,PIURA,ANNUAL,2003,0.16241624627
7_5309410_21181,ANNUAL,medium,1.75,PIURA,PASTURE_FALLOW,1998,0.132587348318
7_5309410_21191,ANNUAL,low,5.8,PIURA,ANNUAL,1998,0.138740002321
7_5309410_21200,ANNUAL,medium,5.91,PIURA,ANNUAL,1998,0.177661452471
7_5309410_21204,ANNUAL,medium,0.3248,PIURA,ANNUAL,1998,0.2454888664
7_5309410_21220,ANNUAL,medium,0.07,PIURA,ANNUAL,1998,0.98099700916
7_5309410_21231,ANNUAL,low,0.5,PIURA,ANNUAL,1998,0.41166346245
7_5309410_21238,ANNUAL,medium,4.5095,PIURA,ANNUAL,1998,0.24107112786
7_5309410_21248,ANNUAL,medium,0.1728,PIURA,ANNUAL,1998,0.14927343839
7_5309410_21274,ANNUAL,low,0.4,PIURA,ANNUAL,1998,0.30811039439
7_5309410_21284,ANNUAL,medium,2.04,PIURA,ANNUAL,1998,1.32765528091
7_5309410_21288,ANNUAL,medium,2.0,PIURA,ANNUAL,1998,0.31558716912
7_5309410_21293,PERENNIAL,medium,3.53,PIURA,ANNUAL,1998,0.98784375189
7_5309410_21302,ANNUAL,medium,3.04,PIURA,ANNUAL,1998,0.27538648251
7_5309410_21304,PERENNIAL,medium,3.0,PIURA,ANNUAL,1998,0.481994465488
7_5309410_21352,ANNUAL,medium,4.213,PIURA,ANNUAL,2003,0.15190043043
7_5309410_21956,ANNUAL,medium,3.4299999999999997,PIURA,ANNUAL,1998,0.599443084146
7_5309410_21985,ANNUAL,medium,2.0,PIURA,ANNUAL,1998,0.70145191867
7_5309410_21986,ANNUAL,medium,0.5,PIURA,ANNUAL,1998,0.73080487188
7_5309410_21987,ANNUAL,medium,4.33,PIURA,ANNUAL,1998,0.73090642743
7_5309410_26429,ANNUAL,low,0.096,PIURA,PASTURE_FALLOW,1998,0.12568698724
7_5309410_28650,ANNUAL,medium,0.30000000000000004,PIURA,ANNUAL,1998,0.773152148917
7_5309410_28662,ANNUAL,medium,0.13,PIURA,ANNUAL,1998,0.235308554805
7_5309410_28771,ANNUAL,low,2.0,PIURA,ANNUAL,2003,0.23702537286
7_5309410_28775,ANNUAL,medium,0.8999999999999999,PIURA,ANNUAL,2001,0.255730327939
7_5309410_28782,ANNUAL,high,0.24,PIURA,ANNUAL,1998,0.242595561767
7_5309410_28833,ANNUAL,medium,0.75,PIURA,ANNUAL,1998,0.332461444085
7_5309410_28863,ANNUAL,medium,1.13,PIURA,ANNUAL,1998,0.997378568863
7_5309410_28889,ANNUAL,medium,0.82,PIURA,ANNUAL,1998,0.111202060999
7_5309410_28939,ANNUAL,medium,0.19,PIURA,ANNUAL,2003,0.236244508782
7_5309410_28963,ANNUAL,medium,0.68,PIURA,ANNUAL,2001,0.197406845192
7_5309410_28978,ANNUAL,high,0.99,PIURA,ANNUAL,2001,0.210008685193
7_5309410_28987,ANNUAL,medium,1.9400000000000002,PIURA,ANNUAL,1998,0.0922780804558
7_5309410_28989,ANNUAL,medium,0.22,PIURA,ANNUAL,1998,0.354973243658
7_5309410_28992,ANNUAL,medium,0.1,PIURA,ANNUAL,2003,0.110789234082
7_5309410_28993,ANNUAL,high,0.2,PIURA,ANNUAL,1998,0.11590965789
7_5309410_28996,ANNUAL,medium,1.6494,PIURA,ANNUAL,2001,0.21458065672
7_5309410_30804,ANNUAL,medium,3.61,PIURA,ANNUAL,1998,0.130677633975
7_5309410_30810,ANNUAL,medium,0.06,PIURA,ANNUAL,1998,0.189091653084
7_5309410_30815,ANNUAL,medium,0.75,PIURA,PASTURE_FALLOW,1998,0.162878277763
7_5309410_30822,ANNUAL,medium,0.81,PIURA,ANNUAL,1998,0.231772112105
7_5309410_30832,ANNUAL,medium,1.5100000000000002,PIURA,PASTURE_FALLOW,1998,0.0903608454577
7_5309410_31002,ANNUAL,medium,1.0,PIURA,ANNUAL,1998,0.704519885773
7_5309410_31003,ANNUAL,low,0.25,PIURA,ANNUAL,1998,2.26347986176
7_5309410_31007,ANNUAL,low,0.07,PIURA,ANNUAL,1998,0.885922816334
7_5309410_31013,ANNUAL,high,2.5,PIURA,ANNUAL,2003,0.80982552181
7_5309410_31024,ANNUAL,medium,2.9,PIURA,ANNUAL,1998,0.187163117449
7_5309410_31036,ANNUAL,medium,0.72,PIURA,ANNUAL,1998,0.329661432637
7_5309410_31052,ANNUAL,medium,0.105,PIURA,ANNUAL,2003,0.0963145565183
7_5309410_31062,ANNUAL,medium,4.93,PIURA,ANNUAL,1998,0.269768963489
7_5309410_31077,ANNUAL,low,1.2,PIURA,ANNUAL,1998,0.254021591254
7_5309410_31088,ANNUAL,medium,2.33,PIURA,ANNUAL,1998,0.146132991673
7_5309410_31128,ANNUAL,medium,0.0625,PIURA,ANNUAL,1998,0.799861475163
7_5309410_31143,ANNUAL,medium,0.066,PIURA,ANNUAL,1998,0.115265788425
7_5309410_31237,ANNUAL,low,2.0,PIURA,ANNUAL,2000,0.49525921009
7_5309410_31241,ANNUAL,low,0.78,PIURA,ANNUAL,2000,0.85844446252
7_5309410_31266,ANNUAL,medium,3.0,PIURA,ANNUAL,2000,2.12002379447
7_5309410_31296,ANNUAL,low,0.10500000000000001,PIURA,ANNUAL,1998,0.57527557337
7_5309410_31297,ANNUAL,medium,1.96,PIURA,ANNUAL,1998,0.73257498634
7_5309410_31371,ANNUAL,medium,0.12,PIURA,ANNUAL,1998,0.85939783726
7_5309410_31373,ANNUAL,high,0.30000000000000004,PIURA,ANNUAL,1998,0.97622528653
7_5309410_31374,ANNUAL,high,1.0,PIURA,ANNUAL,1998,0.7138113018
7_5309410_31453,ANNUAL,high,0.19,PIURA,ANNUAL,1998,0.19289794438
7_5309410_31454,ANNUAL,high,1.25,PIURA,ANNUAL,1998,0.23388631453
7_5309410_31460,ANNUAL,high,0.5,PIURA,ANNUAL,1998,0.16480728999
7_5309410_31917,ANNUAL,medium,0.375,PIURA,ANNUAL,2000,0.09565902366
7_5309410_31919,ANNUAL,low,14.2732,PIURA,ANNUAL,1998,0.0935068543509
7_5309410_31922,ANNUAL,medium,3.4,PIURA,ANNUAL,1998,0.142803413678
7_5309410_31980,ANNUAL,medium,4.25,PIURA,ANNUAL,1998,0.43372634849
7_5309410_32622,ANNUAL,medium,2.0,PIURA,ANNUAL,1998,0.33472401786
7_5309410_32655,ANNUAL,high,0.14,PIURA,ANNUAL,1998,0.169258820318
7_5309410_37658,ANNUAL,medium,0.48,PIURA,ANNUAL,1998,0.12657484295
7_5309410_37663,ANNUAL,medium,2.76,PIURA,ANNUAL,1998,0.14251976214
7_5309410_37681,ANNUAL,medium,0.33,PIURA,ANNUAL,1998,0.33189356609
7_5309410_37686,ANNUAL,medium,4.4,PIURA,ANNUAL,1998,0.43344786217
7_5309410_37699,ANNUAL,high,0.04,PIURA,ANNUAL,1998,0.1552872033
7_5309410_37701,ANNUAL,medium,2.4,PIURA,ANNUAL,1998,0.11460297258
7_5309410_38229,ANNUAL,medium,10.1,PIURA,ANNUAL,2001,2.80469136349
7_5309410_38259,ANNUAL,medium,1.6,PIURA,ANNUAL,1998,0.322544089323
7_5309410_38281,ANNUAL,low,0.6000000000000001,PIURA,ANNUAL,1998,0.146447165795
7_5309410_38284,ANNUAL,low,0.7000000000000001,PIURA,ANNUAL,2001,0.154491071638
7_5309410_38289,ANNUAL,medium,0.012,PIURA,ANNUAL,1998,0.198525644204
7_5309410_38301,ANNUAL,low,0.5,PIURA,ANNUAL,2003,0.105974393661
7_5309410_38304,ANNUAL,medium,0.63,PIURA,ANNUAL,1998,0.105617255372
7_5309410_38309,ANNUAL,high,0.8699999999999999,PIURA,ANNUAL,2003,0.189652810687
7_5309410_38314,ANNUAL,medium,0.37,PIURA,ANNUAL,2003,0.0931536496928
7_5309410_39104,ANNUAL,low,2.76,PIURA,ANNUAL,1998,0.259258921732
7_5309410_39107,ANNUAL,medium,7.0,PIURA,ANNUAL,2001,0.349388896187
7_5309410_39114,ANNUAL,low,1.0,PIURA,ANNUAL,1998,1.25881921065
7_5309410_39132,ANNUAL,high,0.8125,PIURA,ANNUAL,1998,0.1672064599
7_5309410_39153,ANNUAL,medium,3.75,PIURA,ANNUAL,1998,1.61132764103
7_5309410_39161,ANNUAL,medium,0.5,PIURA,ANNUAL,1998,0.114997077991
7_5309410_39174,ANNUAL,medium,4.71,PIURA,ANNUAL,1998,0.220671015732
7_5309410_39213,ANNUAL,medium,5.88,PIURA,ANNUAL,1998,2.29485884443
7_5309410_39214,ANNUAL,medium,0.5,PIURA,ANNUAL,1998,2.74150908901
7_5309410_39218,ANNUAL,high,1.5,PIURA,ANNUAL,1998,0.314457142669
7_5309410_39230,ANNUAL,medium,30.0,PIURA,ANNUAL,2001,10.4681314437
7_5309410_39347,ANNUAL,medium,2.9299999999999997,PIURA,ANNUAL,1998,1.38194975337
7_5309410_39348,ANNUAL,low,4.5,PIURA,ANNUAL,1998,1.36001571854
7_5309410_40639,ANNUAL,medium,0.5,PIURA,ANNUAL,1998,0.812954313259
7_5309410_40717,ANNUAL,medium,2.0,PIURA,ANNUAL,1998,0.400422620531
7_5309410_41203,ANNUAL,medium,3.22,PIURA,ANNUAL,1998,0.43600248502
7_5309410_41212,ANNUAL,medium,0.06,PIURA,ANNUAL,1998,0.62731678917
7_5309410_41213,ANNUAL,high,1.96,PIURA,ANNUAL,1998,0.28127808138
7_5309410_41215,ANNUAL,medium,2.31,PIURA,ANNUAL,1998,0.42427052179
7_5309410_41225,ANNUAL,medium,3.0,PIURA,ANNUAL,1998,0.4994737661
7_5309410_41232,ANNUAL,medium,1.96,PIURA,ANNUAL,1998,0.57768065037
7_5309410_41242,ANNUAL,low,0.49,PIURA,ANNUAL,1998,0.316837168223
7_5309410_41247,ANNUAL,low,0.2,PIURA,ANNUAL,1998,0.36228788753
7_5309410_41248,ANNUAL,medium,0.14,PIURA,ANNUAL,1998,0.26822907635
7_5309410_41254,ANNUAL,medium,0.43,PIURA,ANNUAL,1998,0.29507250538
7_5309410_41255,ANNUAL,medium,16.29,PIURA,PASTURE_FALLOW,1998,0.2660257134
7_5309410_41266,ANNUAL,low,0.07,PIURA,ANNUAL,1998,0.11479647454
7_5309410_41277,ANNUAL,high,2.03,PIURA,ANNUAL,1998,0.58525246111
7_5309410_41288,ANNUAL,low,3.19,PIURA,ANNUAL,1998,0.106961986444
7_5309410_41298,ANNUAL,low,0.11,PIURA,ANNUAL,1998,0.111847418876
7_5309410_41308,ANNUAL,medium,0.395,PIURA,ANNUAL,1998,0.280747605869
7_5309410_41309,ANNUAL,medium,0.05,PIURA,ANNUAL,1998,0.0925597973782
7_5309410_41313,ANNUAL,low,0.3,PIURA,ANNUAL,1998,0.120475513074
7_5309410_41314,ANNUAL,low,1.11,PIURA,ANNUAL,1998,0.11934374692
7_5309410_41322,PERENNIAL,low,3.0,PIURA,ANNUAL,1998,0.404106934786
7_5309410_41344,ANNUAL,high,0.6799999999999999,PIURA,ANNUAL,1998,0.113187347361
7_5309410_41350,ANNUAL,medium,1.8499999999999999,PIURA,ANNUAL,1998,0.307729122531
7_5309410_41351,ANNUAL,medium,2.16,PIURA,ANNUAL,1998,0.47281966756
7_5309410_41352,ANNUAL,medium,2.5,PIURA,ANNUAL,1998,0.431128862373
7_5309410_41358,ANNUAL,medium,0.28,PIURA,ANNUAL,1998,0.11968102232
7_5309410_41364,ANNUAL,medium,2.5,PIURA,ANNUAL,1998,0.186251229904
7_5309410_41368,ANNUAL,medium,0.44,PIURA,ANNUAL,1998,0.30718206935
7_5309410_41382,ANNUAL,medium,0.45,PIURA,ANNUAL,1998,0.09991937802
7_5309410_41383,ANNUAL,high,0.16999999999999998,PIURA,ANNUAL,1998,0.09683379404
7_5309410_41400,ANNUAL,low,0.41000000000000003,PIURA,ANNUAL,1998,0.21521844143
7_5309410_41401,ANNUAL,medium,0.42,PIURA,ANNUAL,1998,0.127855723057
7_5309410_41407,ANNUAL,medium,2.7,PIURA,ANNUAL,1998,0.271654318082
7_5309410_41415,ANNUAL,medium,0.44,PIURA,ANNUAL,1998,0.10756819077
7_5309410_41437,ANNUAL,medium,0.5,PIURA,ANNUAL,1998,0.27876007497
7_5309410_41450,ANNUAL,low,0.66,PIURA,ANNUAL,1998,0.12394382945
7_5309410_41452,ANNUAL,medium,2.1,PIURA,ANNUAL,1998,0.171298052999
7_5309410_41462,ANNUAL,high,0.25,PIURA,ANNUAL,1998,0.131191593737
7_5309410_41498,ANNUAL,high,0.21000000000000002,PIURA,ANNUAL,1998,0.12310390475
7_5309410_41523,ANNUAL,high,0.418,PIURA,ANNUAL,1998,0.0948892332769
7_5309410_41573,ANNUAL,low,0.0625,PIURA,ANNUAL,1998,0.0935463343
7_5309410_41615,ANNUAL,low,1.13,PIURA,PASTURE_FALLOW,1998,0.127897615812
7_5309410_41642,ANNUAL,medium,2.2600000000000002,PIURA,PASTURE_FALLOW,1998,0.149605070522
7_5309410_41644,ANNUAL,medium,0.21,PIURA,PASTURE_FALLOW,1998,0.106488131822
7_5309410_41649,ANNUAL,medium,1.5,PIURA,PASTURE_FALLOW,1998,0.145545878222
7_5309410_41660,ANNUAL,medium,0.1,PIURA,PASTURE_FALLOW,1998,0.123214437893
7_5309410_41665,ANNUAL,low,0.5,PIURA,PASTURE_FALLOW,1998,0.307923260425
7_5309410_41668,ANNUAL,medium,2.16,PIURA,PASTURE_FALLOW,1998,0.261683284082
7_5309410_41672,ANNUAL,medium,2.58,PIURA,ANNUAL,1998,1.6228541866
7_5309410_41678,PERENNIAL,medium,0.25,PIURA,ANNUAL,1998,2.31912415533
7_5309410_41698,ANNUAL,medium,2.0,PIURA,ANNUAL,1998,0.305477590726
7_5309410_41699,ANNUAL,medium,1.0,PIURA,ANNUAL,1998,0.608052165317
7_5309410_41700,ANNUAL,medium,1.25,PIURA,ANNUAL,1998,0.148722638635
7_5309410_41714,ANNUAL,high,0.75,PIURA,ANNUAL,1998,0.316889011019
7_5309410_41760,ANNUAL,medium,4.55,PIURA,ANNUAL,1998,0.249445246797
7_5309410_46440,ANNUAL,medium,1.2,PIURA,ANNUAL,2003,0.230378286768
7_5309410_73651,ANNUAL,medium,2.0,PIURA,ANNUAL,2002,0.14041872676
7_5309410_73669,ANNUAL,medium,0.52,PIURA,ANNUAL,2002,0.13768992809
7_5309410_73746,ANNUAL,medium,0.4741,PIURA,ANNUAL,2002,0.2485554426
7_5309410_73790,PERENNIAL,low,2.0,PIURA,ANNUAL,2002,0.11232222046
7_5309410_73891,ANNUAL,high,1.6800000000000002,PIURA,ANNUAL,2002,0.11841227927
7_5309410_73947,ANNUAL,medium,0.6362,PIURA,ANNUAL,2002,0.12949656335
7_5309410_74009,ANNUAL,medium,0.0925,PIURA,ANNUAL,2002,0.2360707173
7_5309410_74018,ANNUAL,medium,0.15,PIURA,ANNUAL,2002,0.15496467099
7_5309410_74060,PERENNIAL,medium,1.175,PIURA,ANNUAL,2002,0.15229021915
7_5309410_74072,ANNUAL,high,0.15,PIURA,ANNUAL,2002,0.09160579323
7_5309410_74180,ANNUAL,medium,0.252,PIURA,ANNUAL,2002,0.13178554396
7_5309410_74187,ANNUAL,low,6.35,PIURA,ANNUAL,2002,0.12296571978
7_5309410_74283,ANNUAL,low,6.0,PIURA,ANNUAL,2002,0.11266304855
7_5309410_74338,ANNUAL,high,1.6,PIURA,ANNUAL,2002,0.1069005561
7_5309410_74341,ANNUAL,high,0.2,PIURA,ANNUAL,2002,0.10673330374
7_5309410_74649,ANNUAL,medium,0.6900000000000001,PIURA,ANNUAL,2002,0.14279097088
7_5309410_74653,ANNUAL,medium,0.0625,PIURA,ANNUAL,2002,0.09328242257
7_5309410_74684,ANNUAL,low,5.55,PIURA,ANNUAL,2003,0.15712401144
7_5309410_74717,ANNUAL,high,0.125,PIURA,ANNUAL,2003,0.13745869239
7_5309410_74719,ANNUAL,medium,1.26,PIURA,ANNUAL,2003,0.11607884424
7_5309410_74746,ANNUAL,medium,0.5,PIURA,ANNUAL,2003,0.25402350575
7_5309410_74813,ANNUAL,medium,0.06,PIURA,ANNUAL,2002,0.19582603533
7_5309410_74816,ANNUAL,medium,0.5392,PIURA,ANNUAL,2003,0.14111121724
7_5309410_74849,ANNUAL,medium,0.1875,PIURA,ANNUAL,2002,0.20456803721
7_5309410_74873,ANNUAL,medium,0.18,PIURA,ANNUAL,2002,0.17605089984
7_5309410_74880,ANNUAL,medium,0.56,PIURA,ANNUAL,2002,0.15585102414
7_5309410_74883,ANNUAL,medium,0.32,PIURA,ANNUAL,2002,0.16127613789
7_5309410_74888,ANNUAL,medium,0.74,PIURA,ANNUAL,2002,0.2511732052
7_5309410_74899,ANNUAL,high,0.085,PIURA,ANNUAL,2002,0.10738207471
7_5309410_74907,ANNUAL,high,0.12,PIURA,ANNUAL,2002,0.11893178819
7_5309410_74923,ANNUAL,high,0.12,PIURA,ANNUAL,2002,0.10177173205
7_5309410_75112,ANNUAL,high,0.24,PIURA,ANNUAL,2002,0.09232008998
7_5309410_76170,ANNUAL,medium,0.05,PIURA,ANNUAL,2003,0.10797101173
7_5309410_76174,PERENNIAL,medium,0.05,PIURA,ANNUAL,2003,0.18652545335
7_5309410_76181,ANNUAL,medium,0.4539,PIURA,ANNUAL,2003,0.24406482571
7_5309410_76186,ANNUAL,low,0.13,PIURA,ANNUAL,2003,0.12916888545
7_5309410_76197,ANNUAL,medium,2.1100000000000003,PIURA,ANNUAL,2003,0.09242757367
7_5309410_76198,ANNUAL,medium,2.7818,PIURA,ANNUAL,2003,0.10327919933
7_5309410_76689,ANNUAL,low,0.2125,PIURA,ANNUAL,2003,0.12890172868
7_5309410_77196,ANNUAL,high,0.3,PIURA,PASTURE_FALLOW,2001,0.118195905632
7_5309410_77231,ANNUAL,medium,0.3432,PIURA,ANNUAL,2003,0.267194375779
7_5309410_77236,ANNUAL,medium,1.26,PIURA,ANNUAL,2003,0.351730045887
7_5309410_77237,ANNUAL,high,9.49,PIURA,ANNUAL,2003,0.222977175201
7_5309410_77247,ANNUAL,medium,0.41000000000000003,PIURA,ANNUAL,2003,0.128327415243
7_5309410_77271,PERENNIAL,low,0.8500000000000001,PIURA,ANNUAL,2003,1.25420832045
7_5309410_77274,ANNUAL,medium,0.5,PIURA,ANNUAL,2003,0.516459099144
7_5309410_78370,ANNUAL,medium,0.3799,PIURA,ANNUAL,2003,0.147529658968
7_5309415_06963,ANNUAL,high,1.25,PIURA,PASTURE_FALLOW,1998,0.102382079408
7_5309415_080662,ANNUAL,medium,3.75,PIURA,ANNUAL,2006,0.174592782084
7_5309415_080736,ANNUAL,medium,2.0,PIURA,ANNUAL,2006,0.232958097059
7_5309415_080756,ANNUAL,high,3.5,PIURA,ANNUAL,2006,0.82020423314
7_5309415_080757,ANNUAL,high,1.5,PIURA,ANNUAL,2008,0.81998866564
7_5309415_10101,ANNUAL,low,0.08,PIURA,ANNUAL,1998,1.18624120562
7_5309415_10105,ANNUAL,medium,0.5800000000000001,PIURA,ANNUAL,1998,0.263644419234
7_5309415_10133,PASTURE_FALLOW,high,0.5,PIURA,PERENNIAL,1998,0.0929454840169
7_5309415_10137,PASTURE_FALLOW,high,0.75,PIURA,ANNUAL,1998,0.690965141596
7_5309415_10152,ANNUAL,medium,2.8000000000000003,PIURA,ANNUAL,1998,0.252120079067
7_5309415_15707,ANNUAL,medium,1.75,PIURA,PASTURE_FALLOW,1998,0.144899951263
7_5309415_15708,ANNUAL,medium,0.8,PIURA,PASTURE_FALLOW,1998,0.135285264273
7_5309415_15725,ANNUAL,low,0.56,PIURA,PASTURE_FALLOW,1998,0.254342616948
7_5309415_15976,ANNUAL,medium,1.46,PIURA,PASTURE_FALLOW,1998,1.33651670979
7_5309415_15977,ANNUAL,medium,0.91,PIURA,PASTURE_FALLOW,1998,1.25471743495
7_5309415_15978,ANNUAL,low,1.0,PIURA,PASTURE_FALLOW,1998,1.15011197308
7_5309415_15984,ANNUAL,high,1.4,PIURA,PASTURE_FALLOW,1998,1.40351882705
7_5309415_15985,ANNUAL,medium,1.1,PIURA,PASTURE_FALLOW,1998,1.53888179819
7_5309415_15992,ANNUAL,medium,0.5,PIURA,PASTURE_FALLOW,1998,1.1182557986
7_5309415_16002,ANNUAL,medium,0.56,PIURA,PASTURE_FALLOW,1998,0.746490598657
7_5309415_16631,ANNUAL,medium,0.65,PIURA,ANNUAL,1998,0.2564346436
7_5309415_16665,ANNUAL,medium,3.18,PIURA,ANNUAL,1998,0.586038019709
7_5309415_16692,ANNUAL,medium,1.05,PIURA,ANNUAL,1998,0.902339355581
7_5309415_16713,ANNUAL,medium,0.4,PIURA,PASTURE_FALLOW,1998,1.01207714265
7_5309415_16725,ANNUAL,medium,0.45,PIURA,ANNUAL,1998,0.56664230717
7_5309415_16726,ANNUAL,medium,0.52,PIURA,ANNUAL,1998,0.504834476323
7_5309415_16728,ANNUAL,medium,0.6,PIURA,ANNUAL,1998,0.533396892746
7_5309415_16729,ANNUAL,high,0.51,PIURA,ANNUAL,1998,0.788348887386
7_5309415_16731,ANNUAL,medium,0.35,PIURA,ANNUAL,1998,0.562744703812
7_5309415_16732,ANNUAL,low,0.08,PIURA,ANNUAL,1998,0.575249132897
7_5309415_16741,ANNUAL,low,0.28,PIURA,ANNUAL,1998,0.212913726659
7_5309415_16756,ANNUAL,medium,0.76,PIURA,ANNUAL,1998,0.308090316885
7_5309415_16789,ANNUAL,medium,0.42,PIURA,ANNUAL,1998,0.414787107758
7_5309415_16829,ANNUAL,medium,0.45999999999999996,PIURA,ANNUAL,1998,0.319650456091
7_5309415_16833,ANNUAL,medium,1.5,PIURA,ANNUAL,1998,0.524617649939
7_5309415_16844,ANNUAL,medium,0.35,PIURA,ANNUAL,1998,0.551587107717
7_5309415_16853,ANNUAL,medium,0.7,PIURA,ANNUAL,1998,0.22578678875
7_5309415_16894,ANNUAL,medium,0.7,PIURA,PASTURE_FALLOW,1998,0.13457537564
7_5309415_16895,ANNUAL,medium,0.98,PIURA,PASTURE_FALLOW,1998,0.119531016654
7_5309415_16903,ANNUAL,low,0.4,PIURA,PASTURE_FALLOW,1998,0.440382586011
7_5309415_19205,ANNUAL,medium,0.4,PIURA,ANNUAL,1998,2.01728458193
7_5309415_19209,ANNUAL,medium,6.0,PIURA,ANNUAL,1998,1.0368019267
7_5309415_19213,ANNUAL,medium,1.5,PIURA,ANNUAL,1998,1.52794824092
7_5309415_19215,ANNUAL,low,0.48,PIURA,ANNUAL,1998,0.265107947077
7_5309415_19227,ANNUAL,medium,3.0,PIURA,ANNUAL,1998,0.559408547927
7_5309415_19228,PERENNIAL,low,3.5,PIURA,ANNUAL,1998,1.13789509286
7_5309415_19230,ANNUAL,high,0.26,PIURA,ANNUAL,1998,0.519966637558
7_5309415_19238,ANNUAL,medium,3.3,PIURA,ANNUAL,1998,1.41319587325
7_5309415_19243,ANNUAL,medium,5.68,PIURA,ANNUAL,1998,0.935572123464
7_5309415_19244,ANNUAL,medium,0.382,PIURA,ANNUAL,1998,0.736305988
7_5309415_19246,ANNUAL,medium,3.0,PIURA,ANNUAL,1998,1.37776358704
7_5309415_19253,ANNUAL,medium,1.0,PIURA,ANNUAL,1998,0.0993034221424
7_5309415_19271,ANNUAL,medium,2.23,PIURA,ANNUAL,1998,2.5720243736
7_5309415_19313,ANNUAL,medium,7.0,PIURA,ANNUAL,1998,0.230848665044
7_5309415_19316,ANNUAL,medium,0.25,PIURA,ANNUAL,1998,0.280719107007
7_5309415_19410,ANNUAL,medium,2.52,PIURA,PASTURE_FALLOW,2003,0.266750663981
7_5309415_19444,ANNUAL,medium,0.18,PIURA,PERENNIAL,2003,0.220217885632
7_5309415_19455,ANNUAL,low,0.5,PIURA,ANNUAL,2003,0.218861247701
7_5309415_19470,ANNUAL,high,0.8,PIURA,ANNUAL,2003,0.189495319897
7_5309415_19484,ANNUAL,low,0.1,PIURA,ANNUAL,2003,0.142180917516
7_5309415_19494,ANNUAL,medium,0.13,PIURA,ANNUAL,2003,0.120590827568
7_5309415_19561,ANNUAL,high,0.26,PIURA,ANNUAL,2003,0.465924229205
7_5309415_25114,PASTURE_FALLOW,high,0.30000000000000004,PIURA,PASTURE_FALLOW,1998,0.123340212923
7_5309415_25115,ANNUAL,medium,0.73,PIURA,PASTURE_FALLOW,1998,0.102182808815
7_5309415_25171,ANNUAL,high,0.6,PIURA,PASTURE_FALLOW,1998,0.378282705925
7_5309415_25173,ANNUAL,medium,0.8,PIURA,ANNUAL,1998,0.411554227582
7_5309415_25179,PASTURE_FALLOW,medium,0.13,PIURA,ANNUAL,2003,0.367323596192
7_5309415_25185,PASTURE_FALLOW,medium,1.0,PIURA,PASTURE_FALLOW,2001,0.0935846406151
7_5309415_29859,ANNUAL,high,3.67,PIURA,ANNUAL,1998,0.60016245197
7_5309415_29865,ANNUAL,low,1.5,PIURA,ANNUAL,1998,0.62814869408
7_5309415_29866,ANNUAL,medium,2.9,PIURA,ANNUAL,1998,0.60528448723
7_5309415_29893,ANNUAL,medium,2.4699999999999998,PIURA,ANNUAL,1998,0.52874324561
7_5309415_29897,ANNUAL,medium,3.0,PIURA,ANNUAL,1998,0.36794593397
7_5309415_35007,ANNUAL,high,0.98,PIURA,ANNUAL,1998,0.498360125303
7_5309415_35017,ANNUAL,medium,1.5,PIURA,ANNUAL,1998,0.502086607825
7_5309415_35020,ANNUAL,medium,1.4,PIURA,ANNUAL,1998,1.13391731154
7_5309415_35022,ANNUAL,low,1.41,PIURA,ANNUAL,1998,0.383958416713
7_5309415_35037,ANNUAL,medium,1.11,PIURA,ANNUAL,1998,0.440356739154
7_5309415_35039,ANNUAL,medium,0.25,PIURA,ANNUAL,1998,0.309852648581
7_5309415_35041,ANNUAL,medium,1.79,PIURA,ANNUAL,1998,0.428446286939
7_5309415_35043,ANNUAL,medium,1.13,PIURA,ANNUAL,1998,0.322789428129
7_5309415_35055,ANNUAL,low,1.6600000000000001,PIURA,PASTURE_FALLOW,1998,0.215021262268
7_5309415_35059,ANNUAL,medium,0.66,PIURA,ANNUAL,1998,0.152718019541
7_5309415_35068,ANNUAL,medium,1.79,PIURA,ANNUAL,1998,0.128519544309
7_5309415_35128,ANNUAL,medium,2.5,PIURA,ANNUAL,1998,0.525360935806
7_5309415_35134,ANNUAL,medium,0.97,PIURA,ANNUAL,2003,0.325250124913
7_5309415_35140,ANNUAL,low,1.5,PIURA,ANNUAL,2003,0.320909825314
7_5309415_35152,ANNUAL,medium,1.72,PIURA,ANNUAL,1998,0.321058479619
7_5309415_35158,ANNUAL,medium,1.3,PIURA,ANNUAL,1998,0.31905038731
7_5309415_35160,ANNUAL,low,0.18,PIURA,ANNUAL,2003,0.321886058847
7_5309415_35166,ANNUAL,medium,0.9299999999999999,PIURA,ANNUAL,2003,0.358965190937
7_5309415_35177,ANNUAL,medium,3.5,PIURA,ANNUAL,1998,0.405202902321
7_5309415_35178,ANNUAL,low,2.5,PIURA,ANNUAL,1998,0.384556329393
7_5309415_35182,ANNUAL,medium,6.48,PIURA,ANNUAL,2003,0.538473114979
7_5309415_35186,ANNUAL,medium,1.6,PIURA,PASTURE_FALLOW,1998,0.55064113573
7_5309415_35195,ANNUAL,medium,3.25,PIURA,PASTURE_FALLOW,1998,0.187048141277
7_5309415_35198,ANNUAL,medium,1.86,PIURA,ANNUAL,2003,0.557659983129
7_5309415_35375,ANNUAL,medium,3.27,PIURA,ANNUAL,1998,0.56736781463
7_5309415_35391,ANNUAL,medium,2.75,PIURA,PASTURE_FALLOW,1998,0.10428550488
7_5309415_38423,ANNUAL,high,2.5,PIURA,ANNUAL,1998,0.531463679827
7_5309415_38427,ANNUAL,medium,0.25,PIURA,ANNUAL,1998,0.384382920348
7_5309415_38432,ANNUAL,high,3.45,PIURA,ANNUAL,1998,0.328199278734
7_5309415_38433,ANNUAL,medium,2.5,PIURA,ANNUAL,1998,0.445996269949
7_5309415_38434,ANNUAL,medium,0.32,PIURA,ANNUAL,1998,0.488253007616
7_5309415_38458,ANNUAL,medium,3.0,PIURA,ANNUAL,1998,0.441495508449
7_5309415_38473,ANNUAL,medium,2.5,PIURA,ANNUAL,1998,0.238334865208
7_5309415_38479,ANNUAL,medium,3.0,PIURA,ANNUAL,1998,0.211541718934
7_5309415_38480,ANNUAL,medium,0.4,PIURA,ANNUAL,1998,0.234317680821
7_5309415_38483,ANNUAL,medium,3.0,PIURA,ANNUAL,1998,0.192177110113
7_5309415_38506,ANNUAL,low,0.8999999999999999,PIURA,ANNUAL,1998,0.211881303977
7_5309415_39003,ANNUAL,medium,3.05,PIURA,ANNUAL,1998,0.549361782791
7_5309415_39047,ANNUAL,medium,0.15,PIURA,ANNUAL,1998,0.88380099667
7_5309415_39063,ANNUAL,medium,11.15,PIURA,ANNUAL,1998,0.5147369671
7_5309415_39076,ANNUAL,medium,3.7,PIURA,ANNUAL,1998,0.44772284695
7_5309415_39363,ANNUAL,medium,2.0,PIURA,ANNUAL,1998,0.397256697661
7_5309415_39365,ANNUAL,high,5.699999999999999,PIURA,ANNUAL,1998,0.874826933016
7_5309415_39378,ANNUAL,medium,5.5,PIURA,ANNUAL,1998,0.9065591263
7_5309415_39380,PERENNIAL,medium,3.66,PIURA,ANNUAL,1998,0.204642253318
7_5309415_39381,PERENNIAL,medium,3.84,PIURA,ANNUAL,1998,0.79395883605
7_5309415_39383,ANNUAL,medium,5.199999999999999,PIURA,ANNUAL,1998,0.97316904694
7_5309415_39432,ANNUAL,medium,4.0,PIURA,ANNUAL,1998,0.359513580686
7_5309415_39443,ANNUAL,medium,2.5,PIURA,ANNUAL,1998,0.434754926899
7_5309415_39448,ANNUAL,medium,6.0,PIURA,ANNUAL,1998,0.41775849385
7_5309415_39484,ANNUAL,medium,2.8,PIURA,ANNUAL,1998,0.303528177541
7_5309415_39485,ANNUAL,medium,3.25,PIURA,ANNUAL,1998,0.555116832459
7_5309415_39486,ANNUAL,medium,2.5,PIURA,ANNUAL,1998,0.51667026222
7_5309415_39508,ANNUAL,medium,3.25,PIURA,ANNUAL,1998,0.334431802017
7_5309415_39514,ANNUAL,medium,2.6,PIURA,ANNUAL,1998,0.669184239726
7_5309415_39526,ANNUAL,medium,4.0,PIURA,ANNUAL,1998,0.292986779758
7_5309415_39532,ANNUAL,medium,4.5,PIURA,ANNUAL,1998,0.303831771926
7_5309415_39552,ANNUAL,low,10.41,PIURA,ANNUAL,1998,0.363156347765
7_5309415_39556,ANNUAL,medium,17.0,PIURA,ANNUAL,1998,0.40978607177
7_5309415_39561,ANNUAL,medium,0.12,PIURA,ANNUAL,1998,0.42790979705
7_5309415_39673,ANNUAL,medium,3.75,PIURA,ANNUAL,1998,0.149282516334
7_5309415_39700,ANNUAL,medium,2.2,PIURA,ANNUAL,1998,0.568248682688
7_5309415_39701,ANNUAL,medium,3.0,PIURA,ANNUAL,1998,1.87483992925
7_5309415_39704,ANNUAL,medium,2.7,PIURA,ANNUAL,1998,1.54834838601
7_5309415_39821,PERENNIAL,low,3.0,PIURA,ANNUAL,1998,0.307480061178
7_5309415_39843,ANNUAL,medium,0.0305,PIURA,ANNUAL,1998,0.17758257814
7_5309415_39846,ANNUAL,medium,2.25,PIURA,ANNUAL,1998,0.18761028786
7_5309415_39851,ANNUAL,medium,3.14,PIURA,ANNUAL,1998,0.1871024057
7_5309415_42719,ANNUAL,medium,2.92,PIURA,ANNUAL,1998,1.22454375569
7_5309415_42730,ANNUAL,medium,3.4,PIURA,ANNUAL,1998,1.05956704594
7_5309415_42732,ANNUAL,medium,2.2,PIURA,ANNUAL,1998,1.09111867251
7_5309415_42781,ANNUAL,medium,1.1099999999999999,PIURA,ANNUAL,1998,0.38271502465
7_5309415_42783,ANNUAL,medium,3.05,PIURA,ANNUAL,1998,0.38633403829
7_5309415_42784,PERENNIAL,low,6.25,PIURA,ANNUAL,1998,0.37567097529
7_5309415_42788,ANNUAL,medium,1.4200000000000002,PIURA,ANNUAL,1998,0.38609371982
7_5309415_42800,ANNUAL,medium,2.8,PIURA,ANNUAL,1998,0.39031963628
7_5309415_42807,ANNUAL,medium,0.5,PIURA,PASTURE_FALLOW,1998,0.708605466778
7_5309415_42861,ANNUAL,medium,0.25,PIURA,ANNUAL,1998,0.579599891384
7_5309415_42871,ANNUAL,medium,0.4,PIURA,ANNUAL,1998,0.19535388997
7_5309415_42874,ANNUAL,medium,0.2,PIURA,ANNUAL,1998,0.983960621763
7_5309415_42875,ANNUAL,medium,5.9,PIURA,ANNUAL,1998,0.797024698581
7_5309415_42891,ANNUAL,low,4.5,PIURA,ANNUAL,1998,1.49224227032
7_5309415_42900,ANNUAL,medium,3.53,PIURA,ANNUAL,1998,0.97687009367
7_5309415_42904,ANNUAL,low,2.4000000000000004,PIURA,ANNUAL,1998,0.405284176979
7_5309415_42967,ANNUAL,high,2.25,PIURA,ANNUAL,1998,0.248814837579
7_5309415_42985,ANNUAL,high,4.0,PIURA,ANNUAL,1998,1.00089089271
7_5309415_44732,ANNUAL,medium,3.2,PIURA,ANNUAL,1998,0.577219223039
7_5309415_44736,ANNUAL,medium,2.0,PIURA,ANNUAL,1998,0.402444900107
7_5309415_44737,ANNUAL,medium,13.5,PIURA,ANNUAL,1998,0.971088570421
7_5309415_44746,ANNUAL,medium,0.3496,PIURA,ANNUAL,2000,0.172506034657
7_5309415_44751,ANNUAL,medium,2.5,PIURA,ANNUAL,2000,0.551108112593
7_5309415_44755,ANNUAL,medium,2.25,PIURA,ANNUAL,2000,0.330152739518
7_5309415_44757,ANNUAL,medium,0.75,PIURA,ANNUAL,1998,0.613847360551
7_5309415_44759,ANNUAL,medium,2.2,PIURA,ANNUAL,2000,0.35205925148
7_5309415_44860,ANNUAL,high,4.5,PIURA,ANNUAL,1998,0.0968625095009
7_5309415_44994,ANNUAL,medium,3.0,PIURA,ANNUAL,1998,0.5726843934
7_5309415_44995,ANNUAL,medium,3.32,PIURA,ANNUAL,1998,0.44981510003
7_5309415_44996,ANNUAL,medium,0.4,PIURA,ANNUAL,1998,0.87071039233
7_5309415_46016,ANNUAL,medium,2.05,PIURA,ANNUAL,1998,0.92349873895
7_5309415_46018,ANNUAL,medium,2.18,PIURA,ANNUAL,1998,0.95399929218
7_5309415_46019,ANNUAL,medium,0.6,PIURA,ANNUAL,1998,0.9053972979
7_5309415_46024,ANNUAL,medium,2.9,PIURA,ANNUAL,1998,0.315681721508
7_5309415_46030,ANNUAL,low,20.439999999999998,PIURA,ANNUAL,1998,1.04469858594
7_5309415_46048,ANNUAL,medium,2.41,PIURA,ANNUAL,1998,0.77248190115
7_5309415_46053,ANNUAL,medium,3.6208,PIURA,ANNUAL,1998,0.68844245171
7_5309415_46055,ANNUAL,medium,4.45,PIURA,ANNUAL,1998,0.82673921064
7_5309415_46059,ANNUAL,medium,0.060000000000000005,PIURA,ANNUAL,1998,0.42250749661
7_5309415_46060,ANNUAL,medium,3.1,PIURA,ANNUAL,1998,0.22086386042
7_5309415_46061,ANNUAL,medium,2.5,PIURA,ANNUAL,1998,0.19845799055
7_5309415_46075,ANNUAL,medium,1.0,PIURA,ANNUAL,1998,0.93632124224
7_5309415_46078,ANNUAL,medium,3.75,PIURA,ANNUAL,1998,0.84067217472
7_5309415_46079,ANNUAL,medium,5.4,PIURA,ANNUAL,1998,1.14103664103
7_5309415_46604,ANNUAL,low,3.5,PIURA,ANNUAL,1998,0.39528715052
7_5309415_46606,ANNUAL,medium,2.75,PIURA,ANNUAL,1998,0.59608139002
7_5309415_46610,ANNUAL,medium,3.09,PIURA,ANNUAL,1998,0.79041463631
7_5309415_47203,ANNUAL,medium,1.25,PIURA,ANNUAL,2003,0.37790312978
7_5309415_47206,ANNUAL,medium,1.7,PIURA,ANNUAL,2003,1.15523198442
7_5309415_47212,ANNUAL,medium,2.94,PIURA,ANNUAL,1998,0.6202565598
7_5309415_47216,ANNUAL,medium,0.6,PIURA,ANNUAL,2003,0.26574490726
7_5309415_47655,ANNUAL,high,0.65,PIURA,ANNUAL,1998,0.0937490353981
7_5309415_47673,ANNUAL,high,0.5,PIURA,ANNUAL,1998,0.86141548532
7_5309415_47674,ANNUAL,high,0.7143,PIURA,ANNUAL,1998,0.71057538629
7_5309415_47678,ANNUAL,low,0.30160000000000003,PIURA,ANNUAL,1998,0.27732551991
7_5309415_47685,ANNUAL,high,0.14,PIURA,ANNUAL,1998,0.26561841293
7_5309415_47694,ANNUAL,high,0.48,PIURA,ANNUAL,1998,0.48609569899
7_5309415_47696,ANNUAL,high,1.6,PIURA,ANNUAL,1998,0.77659570867
7_5309415_47698,ANNUAL,low,0.51,PIURA,ANNUAL,1998,0.25399508666
7_5309415_49017,ANNUAL,low,1.67,PIURA,ANNUAL,1998,0.321116903065
7_5309415_49306,ANNUAL,low,0.59,PIURA,ANNUAL,1998,0.099597041328
7_5309415_49328,ANNUAL,medium,0.4,PIURA,ANNUAL,1998,0.102768888114
7_5309415_49330,ANNUAL,medium,1.0,PIURA,ANNUAL,1998,0.134472306139
7_5309415_49524,ANNUAL,medium,2.9200000000000004,PIURA,ANNUAL,2003,0.718815482844
7_5309415_49525,ANNUAL,medium,2.2,PIURA,ANNUAL,2003,0.724480130078
7_5309415_49529,ANNUAL,medium,7.63,PIURA,ANNUAL,2003,0.881097299912
7_5309415_49535,ANNUAL,medium,1.71,PIURA,ANNUAL,2003,0.461250113768
7_5309415_49537,ANNUAL,medium,2.6799999999999997,PIURA,ANNUAL,2003,0.827949430454
7_5309415_49755,ANNUAL,high,1.5,PIURA,ANNUAL,1998,0.19532912902
7_5309415_49777,ANNUAL,low,0.6,PIURA,ANNUAL,1998,0.267081087427
7_5309415_49789,ANNUAL,high,2.77,PIURA,ANNUAL,1998,0.170140758887
7_5309415_49792,ANNUAL,high,0.65,PIURA,ANNUAL,1998,0.124339035364
7_5309415_49793,ANNUAL,high,0.0625,PIURA,ANNUAL,1998,0.132414920921
7_5309415_49794,ANNUAL,medium,3.0,PIURA,ANNUAL,1998,0.135135137988
7_5309415_49938,ANNUAL,medium,0.3,PIURA,ANNUAL,1998,0.26840607193
7_5309415_75968,ANNUAL,medium,0.12,PIURA,ANNUAL,2003,0.149522827285
7_5309415_76119,ANNUAL,medium,0.4,PIURA,ANNUAL,2003,0.14881552978
7_5309415_76269,PERENNIAL,medium,1.12,PIURA,ANNUAL,2003,0.192574538355
7_5309415_76298,ANNUAL,medium,0.72,PIURA,ANNUAL,2003,0.284865286634
7_5309415_76311,ANNUAL,high,1.55,PIURA,ANNUAL,2001,0.26078352931
7_5309415_76328,ANNUAL,high,0.32,PIURA,ANNUAL,2001,0.09019734435
7_5309415_76350,ANNUAL,medium,3.0,PIURA,ANNUAL,2001,0.36673500732
7_5309415_76509,ANNUAL,medium,0.03,PIURA,ANNUAL,2001,0.30134865816
7_5309415_76512,ANNUAL,medium,0.28,PIURA,ANNUAL,2003,0.225883608397
7_5309415_76519,ANNUAL,high,0.13,PIURA,ANNUAL,2001,0.14271111895
7_5309415_76524,ANNUAL,high,0.12,PIURA,ANNUAL,2003,0.101992165246
7_5309415_76526,ANNUAL,low,0.75,PIURA,ANNUAL,2001,1.39637228152
7_5309415_76527,ANNUAL,medium,1.2000000000000002,PIURA,ANNUAL,2001,0.48212335446
7_5309415_76531,ANNUAL,medium,1.24,PIURA,ANNUAL,2001,0.26552761531
7_5309415_76539,ANNUAL,high,0.25,PIURA,ANNUAL,2001,0.17395537942
7_5309415_76544,ANNUAL,high,0.25,PIURA,ANNUAL,2001,0.261747326281
7_5309415_76547,ANNUAL,medium,0.1603,PIURA,ANNUAL,2001,0.10881245613
7_5309415_76548,ANNUAL,medium,1.8,PIURA,ANNUAL,2001,0.0911092040795
7_5309415_76552,ANNUAL,medium,2.5,PIURA,ANNUAL,2001,0.123200947819
7_5309415_76553,ANNUAL,high,0.05,PIURA,ANNUAL,2003,0.277708690531
7_5309415_76591,ANNUAL,medium,0.8900000000000001,PIURA,ANNUAL,2003,0.15742115519
7_5309415_76598,ANNUAL,medium,1.112,PIURA,ANNUAL,2001,0.157393511481
7_5309415_76617,ANNUAL,medium,0.25,PIURA,ANNUAL,2001,0.11475966827
7_5309415_76648,ANNUAL,high,0.04,PIURA,ANNUAL,2003,0.15657972537
7_5309415_76665,ANNUAL,high,1.2200000000000002,PIURA,ANNUAL,2001,0.164947481308
7_5309415_76712,ANNUAL,medium,1.71,PIURA,ANNUAL,2001,0.13414110302
7_5309415_76731,ANNUAL,high,0.6000000000000001,PIURA,ANNUAL,2003,0.162224054443
7_5309415_76741,ANNUAL,medium,0.46,PIURA,ANNUAL,2001,0.21520599703
7_5309415_76743,PERENNIAL,low,1.06,PIURA,ANNUAL,2001,0.1489599672
7_5309415_76749,ANNUAL,medium,0.78,PIURA,ANNUAL,2001,0.41498094895
7_5309415_76768,ANNUAL,medium,1.33,PIURA,ANNUAL,2001,0.118201205213
7_5309415_76770,ANNUAL,medium,1.9,PIURA,ANNUAL,2003,0.0992218512559
7_5309415_76792,ANNUAL,high,0.75,PIURA,ANNUAL,2001,0.419890634139
7_5309415_76859,ANNUAL,high,0.5,PIURA,ANNUAL,2001,0.147420316312
7_5309415_76866,ANNUAL,high,0.06,PIURA,ANNUAL,2001,0.154685935193
7_5309415_76869,ANNUAL,medium,2.04,PIURA,ANNUAL,2001,0.67778980517
7_5309415_76894,ANNUAL,high,0.4,PIURA,ANNUAL,2003,0.411586023885
7_5309415_76913,ANNUAL,medium,1.7000000000000002,PIURA,ANNUAL,2003,0.30392789924
7_5309415_76966,ANNUAL,medium,0.16,PIURA,ANNUAL,2001,0.19555721121
7_5309415_76978,ANNUAL,high,0.30000000000000004,PIURA,ANNUAL,2001,0.44311108606
7_5309415_76981,ANNUAL,medium,0.16,PIURA,ANNUAL,2003,0.45857771678
7_5309415_76995,ANNUAL,high,0.14,PIURA,ANNUAL,2003,0.11029142213
7_5309415_77000,ANNUAL,low,0.21000000000000002,PIURA,ANNUAL,2003,0.18791889529
7_5309415_77005,ANNUAL,medium,1.18,PIURA,ANNUAL,2003,0.11933883202
7_5309415_77212,ANNUAL,medium,0.18,PIURA,ANNUAL,2003,0.0914125545
7_5309415_77257,ANNUAL,medium,11.9,PIURA,ANNUAL,2003,0.287115124469
7_5309415_77291,ANNUAL,low,1.25,PIURA,ANNUAL,2003,0.389138906308
7_5309415_77292,ANNUAL,medium,2.06,PIURA,ANNUAL,2003,0.100279575044
7_5309415_77302,ANNUAL,medium,2.04,PIURA,ANNUAL,2003,0.448035063463
7_5309415_77322,ANNUAL,medium,3.25,PIURA,ANNUAL,2003,0.201067324563
7_5309415_77325,ANNUAL,medium,1.8800000000000001,PIURA,ANNUAL,2003,0.146063484349
7_5309415_77331,ANNUAL,medium,2.23,PIURA,ANNUAL,2003,0.258352474329
7_5309415_77336,ANNUAL,medium,0.18,PIURA,ANNUAL,2003,0.104132362347
7_5309415_77368,ANNUAL,high,0.17,PIURA,ANNUAL,2003,0.171019167503
7_5309415_77387,ANNUAL,medium,1.0,PIURA,ANNUAL,2003,0.183077936084
7_5309415_77388,ANNUAL,medium,3.6,PIURA,ANNUAL,2003,0.196438722658
7_5309415_77396,ANNUAL,medium,1.53,PIURA,ANNUAL,2003,0.23477376921
7_5309415_77606,ANNUAL,medium,3.52,PIURA,ANNUAL,2003,0.176912126603
7_5309415_77612,ANNUAL,medium,1.7,PIURA,ANNUAL,2003,0.2049270852
7_5309415_77613,ANNUAL,medium,4.15,PIURA,ANNUAL,2003,0.218463707445
7_5309415_77614,ANNUAL,medium,4.0,PIURA,ANNUAL,2003,0.187079404547
7_5309415_77615,ANNUAL,medium,1.8599999999999999,PIURA,ANNUAL,2003,0.199443354526
7_5309415_77616,ANNUAL,medium,1.75,PIURA,ANNUAL,2003,0.812780798612
7_5309415_77617,ANNUAL,medium,2.6,PIURA,ANNUAL,2003,0.177938918436
7_5309415_77618,ANNUAL,medium,2.25,PIURA,ANNUAL,2003,0.198171832228
7_5309415_77620,ANNUAL,medium,0.9299999999999999,PIURA,ANNUAL,2003,0.141030083862
7_5309415_77623,ANNUAL,high,1.75,PIURA,PASTURE_FALLOW,2003,0.141910386505
7_5309415_77627,ANNUAL,medium,0.68,PIURA,PASTURE_FALLOW,2003,0.275639042467
7_5309415_77642,ANNUAL,high,0.2,PIURA,ANNUAL,2003,0.11400096236
7_5309415_77645,ANNUAL,low,2.97,PIURA,ANNUAL,2003,0.273259723439
7_5309415_77646,ANNUAL,low,0.5,PIURA,ANNUAL,2003,0.226889540458
7_5309415_77970,ANNUAL,medium,5.64,PIURA,ANNUAL,2003,0.197240670936
7_5309415_77977,ANNUAL,medium,3.37,PIURA,ANNUAL,2003,0.417702366872
7_5309415_77982,ANNUAL,medium,1.25,PIURA,ANNUAL,2003,0.159620102859
7_5309415_77995,ANNUAL,medium,2.17,PIURA,ANNUAL,2003,0.211858751502
7_5309415_78312,ANNUAL,low,0.45,PIURA,ANNUAL,2001,0.413025688193
7_5309415_78318,ANNUAL,high,0.5,PIURA,ANNUAL,2001,0.205558175027
7_5309415_78319,ANNUAL,high,0.5,PIURA,ANNUAL,2003,0.525122989317
7_5309415_78320,ANNUAL,medium,0.8,PIURA,ANNUAL,2001,0.174638703369
7_5309415_78322,ANNUAL,low,2.45,PIURA,ANNUAL,2003,0.147939706164
7_5309415_78339,ANNUAL,high,0.1,PIURA,ANNUAL,2001,0.0967299855786
7_5309415_78362,ANNUAL,medium,1.0,PIURA,PERENNIAL,2001,0.162070113404
7_5309415_78439,ANNUAL,high,3.6,PIURA,ANNUAL,2003,0.212765597879
7_5309420_15188,ANNUAL,medium,1.5,PIURA,ANNUAL,1998,0.369134014978
7_5309420_15189,ANNUAL,low,0.13,PIURA,ANNUAL,1998,0.725069487485
7_5309420_15193,ANNUAL,medium,3.3200000000000003,PIURA,ANNUAL,1998,0.343728475635
7_5309420_15200,ANNUAL,medium,2.75,PIURA,ANNUAL,1998,0.268689036881
7_5309420_15203,ANNUAL,medium,3.0,PIURA,ANNUAL,2001,0.237250954318
7_5309420_15212,ANNUAL,high,2.7800000000000002,PIURA,ANNUAL,2003,0.861550780668
7_5309420_15224,ANNUAL,medium,1.5,PIURA,ANNUAL,2003,0.217288239396
7_5309420_15227,ANNUAL,low,0.175,PIURA,ANNUAL,1998,0.874842842703
7_5309420_15231,ANNUAL,medium,1.82,PIURA,ANNUAL,1998,0.313521585042
7_5309420_15235,ANNUAL,medium,0.9199999999999999,PIURA,ANNUAL,1998,0.244334973389
7_5309420_15238,ANNUAL,medium,1.5999999999999999,PIURA,ANNUAL,1998,0.191661459179
7_5309420_15272,ANNUAL,medium,1.5,PIURA,ANNUAL,1998,0.163229718539
7_5309420_15289,ANNUAL,medium,1.5,PIURA,ANNUAL,1998,0.277775809947
7_5309420_15295,ANNUAL,medium,1.0,PIURA,ANNUAL,1998,0.330617796756
7_5309420_15297,ANNUAL,medium,1.5,PIURA,ANNUAL,1998,0.369191596158
7_5309420_15306,ANNUAL,medium,3.0,PIURA,ANNUAL,1998,0.186805704964
7_5309420_15313,ANNUAL,medium,1.5,PIURA,ANNUAL,1998,0.271527195217
7_5309420_15326,ANNUAL,medium,3.0,PIURA,ANNUAL,1998,0.431475285857
7_5309420_15333,ANNUAL,medium,16.5,PIURA,ANNUAL,1998,0.367857506494
7_5309420_15352,ANNUAL,medium,0.2,PIURA,ANNUAL,2003,0.422393986817
7_5309420_15354,ANNUAL,medium,1.5,PIURA,ANNUAL,2003,0.293903521642
7_5309420_15360,ANNUAL,medium,1.5,PIURA,ANNUAL,2003,0.521417161947
7_5309420_15368,ANNUAL,medium,1.6,PIURA,ANNUAL,1998,0.413659431828
7_5309420_15373,ANNUAL,medium,6.750000000000001,PIURA,ANNUAL,1998,0.106661435134
7_5309420_15382,ANNUAL,medium,5.88,PIURA,ANNUAL,1998,0.320790076577
7_5309420_15542,ANNUAL,medium,1.9,PIURA,PASTURE_FALLOW,1998,0.566358655162
7_5309420_15910,ANNUAL,low,0.5,PIURA,PASTURE_FALLOW,1998,0.963683859543
7_5309420_16011,PASTURE_FALLOW,low,3.0,PIURA,PASTURE_FALLOW,1998,0.563679165794
7_5309420_16086,ANNUAL,medium,2.0,PIURA,ANNUAL,1998,0.156100848864
7_5309420_16098,ANNUAL,medium,0.4987,PIURA,PASTURE_FALLOW,1998,2.2783058707
7_5309420_16120,ANNUAL,low,1.0,PIURA,ANNUAL,1998,0.205752727581
7_5309420_16140,ANNUAL,medium,0.45099999999999996,PIURA,PASTURE_FALLOW,1998,0.187075446777
7_5309420_16183,ANNUAL,low,2.81,PIURA,ANNUAL,1998,0.103967373401
7_5309420_16188,ANNUAL,medium,2.25,PIURA,ANNUAL,1998,0.114172377302
7_5309420_16242,ANNUAL,medium,0.4,PIURA,PASTURE_FALLOW,1998,0.093124679207
7_5309420_16290,ANNUAL,high,3.0,PIURA,PASTURE_FALLOW,1998,1.75680532465
7_5309420_16297,ANNUAL,medium,1.5999999999999999,PIURA,ANNUAL,1998,0.210965953261
7_5309420_16304,ANNUAL,medium,3.0,PIURA,PASTURE_FALLOW,1998,0.273771990233
7_5309420_16308,ANNUAL,medium,0.8,PIURA,PASTURE_FALLOW,1998,0.401680131047
7_5309420_16317,ANNUAL,medium,2.0,PIURA,ANNUAL,1998,2.28957167675
7_5309420_16318,ANNUAL,high,2.3,PIURA,PASTURE_FALLOW,1998,0.674497241666
7_5309420_16321,PERENNIAL,high,1.2999999999999998,PIURA,PASTURE_FALLOW,1998,0.989659594464
7_5309420_16323,ANNUAL,medium,3.0,PIURA,PASTURE_FALLOW,1998,0.269151306845
7_5309420_16345,ANNUAL,medium,5.5,PIURA,PASTURE_FALLOW,1998,0.422657739751
7_5309420_16370,ANNUAL,low,1.5,PIURA,PASTURE_FALLOW,1998,0.470787370171
7_5309420_16374,ANNUAL,medium,2.3,PIURA,PASTURE_FALLOW,1998,1.16518179162
7_5309420_16404,PERENNIAL,low,0.8,PIURA,PASTURE_FALLOW,1998,0.14222271708
7_5309420_16437,ANNUAL,medium,3.0,PIURA,ANNUAL,1998,0.153688943867
7_5309420_16509,ANNUAL,medium,3.35,PIURA,ANNUAL,1998,0.217565289402
7_5309420_16529,ANNUAL,low,0.4,PIURA,ANNUAL,1998,0.272854132002
7_5309420_16549,ANNUAL,medium,2.4699999999999998,PIURA,ANNUAL,1998,0.239401053549
7_5309420_16570,ANNUAL,medium,1.9,PIURA,ANNUAL,1998,0.414437377401
7_5309420_16602,ANNUAL,low,2.0,PIURA,ANNUAL,1998,0.614937163144
7_5309420_16614,ANNUAL,low,0.0264,PIURA,ANNUAL,1998,0.52844273333
7_5309420_16624,ANNUAL,medium,1.0,PIURA,ANNUAL,1998,0.272420032181
7_5309420_16625,ANNUAL,medium,3.16,PIURA,ANNUAL,1998,0.239753597074
7_5309420_16642,PERENNIAL,low,12.75,PIURA,ANNUAL,1998,0.291847091104
7_5309420_16653,ANNUAL,medium,0.5,PIURA,ANNUAL,1998,0.304788439449
7_5309420_16774,ANNUAL,high,1.77,PIURA,ANNUAL,1998,0.213554137631
7_5309420_16779,ANNUAL,medium,3.0,PIURA,ANNUAL,1998,0.256725911211
7_5309420_16781,ANNUAL,medium,1.71,PIURA,ANNUAL,1998,0.218880892833
7_5309420_16782,ANNUAL,medium,2.94,PIURA,ANNUAL,1998,0.216005198055
7_5309420_16791,ANNUAL,medium,1.77,PIURA,ANNUAL,1998,0.301758044537
7_5309420_16803,ANNUAL,medium,3.5794,PIURA,ANNUAL,1998,0.224692557748
7_5309420_16810,ANNUAL,medium,0.27,PIURA,ANNUAL,1998,0.191007027676
7_5309420_16932,ANNUAL,medium,0.336,PIURA,ANNUAL,1998,0.218709569637
7_5309420_16942,ANNUAL,medium,1.6600000000000001,PIURA,ANNUAL,1998,0.327112905801
7_5309420_16954,ANNUAL,medium,0.30000000000000004,PIURA,ANNUAL,1998,0.0927378101028
7_5309420_16988,ANNUAL,medium,2.0,PIURA,PASTURE_FALLOW,1998,0.345811865838
7_5309420_35222,ANNUAL,medium,2.3000000000000003,PIURA,ANNUAL,1998,0.457202816513
7_5309420_35234,ANNUAL,medium,2.49,PIURA,ANNUAL,1998,0.287161663817
7_5309420_35260,ANNUAL,medium,2.45,PIURA,ANNUAL,1998,0.21562197333
7_5309420_35325,ANNUAL,medium,2.8505,PIURA,ANNUAL,1998,1.15360974621
7_5309420_35404,ANNUAL,medium,7.5,PIURA,ANNUAL,1998,0.126556312648
7_5309420_35437,ANNUAL,medium,3.0,PIURA,ANNUAL,1998,0.143362630864
7_5309420_35447,ANNUAL,medium,2.5,PIURA,ANNUAL,1998,0.0997324066624
7_5309420_35475,ANNUAL,medium,2.5,PIURA,ANNUAL,1998,0.142114339984
7_5309420_35483,ANNUAL,medium,3.0,PIURA,ANNUAL,1998,0.146919183493
7_5309420_35493,ANNUAL,medium,0.06,PIURA,ANNUAL,1998,0.140684060611
7_5309420_35496,ANNUAL,low,0.9,PIURA,ANNUAL,1998,0.141824709187
7_5309420_35505,ANNUAL,medium,3.25,PIURA,PASTURE_FALLOW,1998,1.34240544149
7_5309420_35518,ANNUAL,medium,4.0,PIURA,ANNUAL,1998,0.288866945811
7_5309420_35519,ANNUAL,medium,1.9,PIURA,ANNUAL,1998,0.0920917811064
7_5309420_35521,ANNUAL,low,2.8,PIURA,ANNUAL,1998,0.758884983069
7_5309420_35523,ANNUAL,medium,3.5,PIURA,PASTURE_FALLOW,1998,0.278555377713
7_5309420_35528,ANNUAL,medium,2.5999999999999996,PIURA,PASTURE_FALLOW,1998,0.304450632511
7_5309420_35529,ANNUAL,medium,0.75,PIURA,PASTURE_FALLOW,1998,0.33150702114
7_5309420_35555,ANNUAL,medium,1.7,PIURA,ANNUAL,1998,0.943595184687
7_5309420_35563,ANNUAL,medium,2.0,PIURA,ANNUAL,1998,0.304980354602
7_5309420_35571,ANNUAL,medium,2.0,PIURA,ANNUAL,1998,0.238040450522
7_5309420_35604,ANNUAL,medium,2.4,PIURA,ANNUAL,1998,0.300522974536
7_5309420_35610,ANNUAL,medium,3.0,PIURA,ANNUAL,1998,0.781587070325
7_5309420_35612,ANNUAL,medium,3.0,PIURA,ANNUAL,1998,0.524080940999
7_5309420_35627,ANNUAL,medium,3.2,PIURA,ANNUAL,1998,0.492816819269
7_5309420_35635,ANNUAL,medium,3.8,PIURA,ANNUAL,1998,0.306310715168
7_5309420_38374,ANNUAL,medium,0.4,PIURA,ANNUAL,1998,0.147840873112
7_5309420_38411,ANNUAL,medium,10.1,PIURA,ANNUAL,1998,0.14337187969
7_5309420_38412,ANNUAL,medium,2.1399999999999997,PIURA,ANNUAL,1998,0.116620836666
7_5309420_38500,ANNUAL,high,3.9000000000000004,PIURA,ANNUAL,1998,0.520420465201
7_5309420_38505,PERENNIAL,medium,3.0,PIURA,ANNUAL,1998,0.432726843483
7_5309420_38512,ANNUAL,high,1.0,PIURA,ANNUAL,1998,0.250740058121
7_5309420_38517,ANNUAL,high,0.7,PIURA,ANNUAL,2003,0.240623520283
7_5309420_38519,ANNUAL,low,1.3599999999999999,PIURA,ANNUAL,1998,0.637717083663
7_5309420_38523,ANNUAL,low,0.2,PIURA,PASTURE_FALLOW,1998,0.106532452159
7_5309420_38525,ANNUAL,medium,2.21,PIURA,PASTURE_FALLOW,1998,0.283691464431
7_5309420_38532,ANNUAL,medium,0.25,PIURA,ANNUAL,1998,0.275370700417
7_5309420_38534,ANNUAL,medium,0.54,PIURA,ANNUAL,1998,0.127915868896
7_5309420_38536,ANNUAL,medium,2.11,PIURA,ANNUAL,1998,0.332220604459
7_5309420_38541,ANNUAL,high,0.37,PIURA,ANNUAL,1998,0.189459074617
7_5309420_38543,ANNUAL,high,0.27,PIURA,ANNUAL,1998,0.249307542016
7_5309420_38546,ANNUAL,high,0.24,PIURA,PASTURE_FALLOW,1998,0.233710866574
7_5309420_38547,ANNUAL,medium,0.8600000000000001,PIURA,PASTURE_FALLOW,1998,0.262943086997
7_5309420_38548,ANNUAL,high,1.77,PIURA,ANNUAL,1998,0.456416444661
7_5309420_38552,ANNUAL,high,3.5,PIURA,ANNUAL,1998,0.33457042729
7_5309420_38553,ANNUAL,high,0.35,PIURA,ANNUAL,1998,0.37653167127
7_5309420_38554,ANNUAL,high,1.7999999999999998,PIURA,ANNUAL,1998,0.320989300755
7_5309420_38555,ANNUAL,high,0.38,PIURA,ANNUAL,1998,0.405609276519
7_5309420_38557,ANNUAL,low,0.64,PIURA,ANNUAL,1998,0.214969997611
7_5309420_38558,ANNUAL,medium,0.13,PIURA,ANNUAL,2003,0.129016851782
7_5309420_38560,ANNUAL,medium,0.5,PIURA,PASTURE_FALLOW,1998,0.550112918442
7_5309420_38570,ANNUAL,medium,0.9,PIURA,ANNUAL,2003,0.315124338637
7_5309420_39708,ANNUAL,medium,2.5,PIURA,ANNUAL,1998,1.81024497989
7_5309420_39709,ANNUAL,medium,3.0,PIURA,ANNUAL,1998,1.28822458839
7_5309420_39710,ANNUAL,medium,2.2,PIURA,ANNUAL,1998,1.01779535161
7_5309420_42843,ANNUAL,medium,2.5,PIURA,PASTURE_FALLOW,1998,0.244186522627
7_5309420_42844,ANNUAL,medium,0.75,PIURA,PASTURE_FALLOW,1998,0.309427201351
7_5309420_42855,ANNUAL,medium,3.0,PIURA,PASTURE_FALLOW,1998,0.143657067412
7_5309420_42859,ANNUAL,medium,2.0,PIURA,PASTURE_FALLOW,1998,0.579678641207
7_5309420_47025,ANNUAL,medium,1.0,PIURA,ANNUAL,1998,0.381194976988
7_5309420_47037,PERENNIAL,low,6.0,PIURA,ANNUAL,1998,0.686613000072
7_5309420_49853,ANNUAL,low,4.4,PIURA,ANNUAL,2003,0.486146073073
7_5309420_49866,ANNUAL,medium,0.17,PIURA,ANNUAL,1998,0.13876989151
7_5309420_49868,ANNUAL,high,2.77,PIURA,ANNUAL,1998,0.14399693489
7_5309420_75374,PERENNIAL,medium,0.5,PIURA,PASTURE_FALLOW,2002,1.03162238506
7_5309420_75386,ANNUAL,medium,2.57,PIURA,PASTURE_FALLOW,2002,1.1932978511
7_5309420_75392,ANNUAL,low,0.03,PIURA,PASTURE_FALLOW,2002,0.786150750338
7_5309420_75401,ANNUAL,medium,0.48,PIURA,PASTURE_FALLOW,2002,1.57601923478
7_5309420_75404,ANNUAL,medium,0.25,PIURA,PASTURE_FALLOW,2002,1.43090396012
7_5309420_75410,ANNUAL,medium,2.5,PIURA,PASTURE_FALLOW,2002,1.55483919838
7_5309420_76883,ANNUAL,low,0.6000000000000001,PIURA,ANNUAL,2003,0.161218586806
7_5309425_078683,PERENNIAL,medium,0.75,PIURA,ANNUAL,2004,1.42761499753
7_5309425_10450,ANNUAL,low,7.0,PIURA,ANNUAL,1998,8.22015505342
7_5309425_10456,PASTURE_FALLOW,medium,6.0,PIURA,ANNUAL,1998,3.97946020604
7_5309425_15940,ANNUAL,low,0.29,PIURA,ANNUAL,1998,3.99571453719
7_5309455_07008,PERENNIAL,high,0.4,PIURA,PERENNIAL,2001,0.229610074852
7_5309455_07162,PERENNIAL,high,1.45,PIURA,PERENNIAL,2001,6.7460562447
7_5309455_16404,PERENNIAL,low,4.0,PIURA,PERENNIAL,2001,10.6537462165
7_5309460_066773,ANNUAL,high,1.0,PIURA,ANNUAL,2005,0.629016390995
7_5309460_066816,PERENNIAL,medium,2.0,PIURA,ANNUAL,2005,0.971991510938
7_5309460_30438,ANNUAL,medium,0.5,PIURA,ANNUAL,2001,1.03110026239
7_5309460_30640,PERENNIAL,medium,0.4,PIURA,PERENNIAL,2004,0.108072172712
7_5309460_32051,ANNUAL,high,0.5,PIURA,ANNUAL,2006,0.951014601914
7_5309460_32849,ANNUAL,high,0.25,PIURA,ANNUAL,2004,0.710113710932
7_5309460_66066,ANNUAL,high,0.5,PIURA,ANNUAL,2001,0.513019132103
7_5309460_66510,ANNUAL,medium,3.5,PIURA,ANNUAL,2004,0.497453796325
7_5359395_26225,ANNUAL,medium,2.2,PIURA,ANNUAL,1998,0.60988608354
7_5359395_26272,ANNUAL,medium,0.5,PIURA,ANNUAL,1998,1.59193552917
7_5359395_26274,ANNUAL,medium,2.5,PIURA,ANNUAL,1998,1.62844685852
7_5359395_26282,ANNUAL,low,0.5,PIURA,ANNUAL,1998,2.10307041981
7_5359395_26284,ANNUAL,low,0.42,PIURA,ANNUAL,1998,0.50059354124
7_5359395_26305,ANNUAL,low,1.0,PIURA,ANNUAL,1998,0.6903203646
7_5359395_26310,ANNUAL,medium,0.46,PIURA,ANNUAL,1998,0.8415949956
7_5359395_26314,ANNUAL,low,0.07,PIURA,PASTURE_FALLOW,2003,0.21810772648
7_5359395_26316,ANNUAL,medium,0.2,PIURA,ANNUAL,1998,1.18005290272
7_5359395_26325,ANNUAL,low,4.63,PIURA,ANNUAL,1998,0.73307356302
7_5359395_26356,ANNUAL,low,1.34,PIURA,PASTURE_FALLOW,2003,0.59534041274
7_5359395_26387,PERENNIAL,medium,2.75,PIURA,ANNUAL,1998,1.29139302286
7_5359395_26389,ANNUAL,low,1.0,PIURA,ANNUAL,2002,1.07181681276
7_5359395_26390,PERENNIAL,low,9.03,PIURA,PASTURE_FALLOW,2003,1.35889432908
7_5359395_26394,ANNUAL,medium,0.25,PIURA,ANNUAL,1998,0.3565402063
7_5359395_37306,ANNUAL,medium,0.6,PIURA,PASTURE_FALLOW,2002,1.24852294541
7_5359395_37327,ANNUAL,low,0.27,PIURA,ANNUAL,1998,0.65677185123
7_5359395_37328,ANNUAL,high,1.2999999999999998,PIURA,ANNUAL,2002,0.54906983371
7_5359395_37329,ANNUAL,low,0.0615,PIURA,ANNUAL,1998,0.57884635933
7_5359395_37332,ANNUAL,high,2.25,PIURA,PASTURE_FALLOW,2003,0.107899115773
7_5359395_37336,ANNUAL,medium,0.175,PIURA,ANNUAL,1998,0.54650965486
7_5359395_37352,ANNUAL,medium,2.25,PIURA,ANNUAL,1998,1.14977800617
7_5359395_37368,ANNUAL,high,0.5,PIURA,ANNUAL,1998,1.02612888489
7_5359395_37370,ANNUAL,low,1.0,PIURA,ANNUAL,1998,0.34867143678
7_5359395_37371,ANNUAL,medium,1.0,PIURA,ANNUAL,1998,0.728245408722
7_5359395_37592,ANNUAL,medium,0.5,PIURA,ANNUAL,2002,2.37421663231
7_5359395_37601,ANNUAL,medium,3.0,PIURA,ANNUAL,2002,1.20061054081
7_5359395_56392,ANNUAL,medium,6.048,PIURA,PASTURE_FALLOW,1999,1.85741750172
7_5359395_56395,ANNUAL,medium,0.85,PIURA,PASTURE_FALLOW,1999,0.50934198581
7_5359395_59384,ANNUAL,medium,1.0,PIURA,PASTURE_FALLOW,1999,0.96988876219
7_5359395_59445,ANNUAL,high,0.5,PIURA,ANNUAL,1999,1.04956134857
7_5359395_59446,ANNUAL,medium,4.04,PIURA,ANNUAL,1999,1.09885968294
7_5359395_59451,ANNUAL,medium,0.5,PIURA,ANNUAL,1999,0.502374559328
7_5359395_59461,ANNUAL,medium,0.77,PIURA,ANNUAL,1999,0.232916170959
7_5359395_59462,ANNUAL,medium,2.6,PIURA,PASTURE_FALLOW,1999,1.04948289126
7_5359395_59464,ANNUAL,medium,1.0,PIURA,PASTURE_FALLOW,1999,0.230748561813
7_5359395_59469,ANNUAL,medium,1.0,PIURA,ANNUAL,1999,0.287586229677
7_5359395_59478,ANNUAL,low,2.6,PIURA,PASTURE_FALLOW,1999,0.251616843178
7_5359395_59480,ANNUAL,medium,0.5,PIURA,ANNUAL,2000,0.234958128918
7_5359395_59490,ANNUAL,medium,1.0,PIURA,PASTURE_FALLOW,1999,0.726157855369
7_5359395_59498,ANNUAL,medium,1.5,PIURA,PASTURE_FALLOW,1999,0.808755574403
7_5359395_59935,ANNUAL,medium,4.0,PIURA,PASTURE_FALLOW,2000,0.803930818495
7_5359395_59936,ANNUAL,low,0.5,PIURA,PASTURE_FALLOW,2002,0.473683088077
7_5359395_59954,ANNUAL,medium,0.75,PIURA,ANNUAL,1999,0.111439561815
7_5359395_59961,ANNUAL,medium,0.25,PIURA,ANNUAL,1999,0.289754479794
7_5359395_59981,ANNUAL,medium,2.0,PIURA,PASTURE_FALLOW,1999,0.777858115672
7_5359395_60816,ANNUAL,medium,1.7799999999999998,PIURA,PASTURE_FALLOW,1999,0.588682784135
7_5359395_60820,ANNUAL,low,1.2000000000000002,PIURA,PASTURE_FALLOW,1999,0.484868147574
7_5359395_60827,ANNUAL,medium,0.75,PIURA,PASTURE_FALLOW,1999,0.256007151976
7_5359395_60832,ANNUAL,medium,2.0,PIURA,PASTURE_FALLOW,1999,0.457524242321
7_5359395_60839,ANNUAL,medium,3.39,PIURA,PASTURE_FALLOW,1999,0.504140210214
7_5359395_60842,ANNUAL,high,2.25,PIURA,PASTURE_FALLOW,1999,0.453183787156
7_5359395_60850,ANNUAL,medium,1.0,PIURA,PASTURE_FALLOW,1999,0.267087198349
7_5359395_60857,ANNUAL,medium,0.9299999999999999,PIURA,PASTURE_FALLOW,1999,0.206695026691
7_5359395_60867,ANNUAL,medium,0.41,PIURA,PASTURE_FALLOW,1999,0.411212391731
7_5359395_62636,ANNUAL,medium,3.25,PIURA,PASTURE_FALLOW,1999,1.19458622976
7_5359395_62637,ANNUAL,medium,1.35,PIURA,PASTURE_FALLOW,1999,1.04236195679
7_5359395_62661,ANNUAL,low,8.0,PIURA,PASTURE_FALLOW,1999,2.35475258703
7_5359395_63006,ANNUAL,low,0.25,PIURA,PASTURE_FALLOW,2002,1.00168125809
7_5359395_63016,ANNUAL,low,0.5,PIURA,ANNUAL,1999,1.67265511169
7_5359395_63024,ANNUAL,high,0.35,PIURA,PASTURE_FALLOW,1999,0.483368311349
7_5359395_63026,ANNUAL,low,3.0,PIURA,PASTURE_FALLOW,1999,0.617719173223
7_5359395_63028,ANNUAL,medium,3.85,PIURA,PASTURE_FALLOW,1999,2.85649135509
7_5359395_63029,ANNUAL,high,0.25,PIURA,PASTURE_FALLOW,1999,0.457370519128
7_5359395_63447,ANNUAL,low,1.5,PIURA,PASTURE_FALLOW,1999,0.246872866046
7_5359395_63454,ANNUAL,medium,0.8,PIURA,PASTURE_FALLOW,1999,0.184841615858
7_5359395_63480,ANNUAL,low,0.25,PIURA,ANNUAL,1999,0.301063431478
7_5359395_63501,ANNUAL,medium,0.21,PIURA,ANNUAL,2002,0.739967873238
7_5359395_63534,ANNUAL,medium,0.65,PIURA,ANNUAL,1999,2.45838726954
7_5359395_63541,ANNUAL,medium,0.25,PIURA,ANNUAL,2002,0.945111778909
7_5359395_65293,ANNUAL,medium,0.25,PIURA,PASTURE_FALLOW,1999,0.266620420742
7_5359395_65294,ANNUAL,high,3.25,PIURA,PASTURE_FALLOW,1999,0.272264264734
7_5359395_65297,ANNUAL,medium,3.75,PIURA,PASTURE_FALLOW,1999,0.168093860983
7_5359395_65312,ANNUAL,medium,0.5,PIURA,ANNUAL,1999,1.02392826719
7_5359395_65313,ANNUAL,medium,0.1,PIURA,ANNUAL,1999,0.89725911287
7_5359395_65314,ANNUAL,medium,0.74,PIURA,ANNUAL,1999,0.72366396525
7_5359395_65317,ANNUAL,high,0.5,PIURA,ANNUAL,1999,1.50929014375
7_5359395_65368,ANNUAL,medium,0.8,PIURA,ANNUAL,1999,0.7496046751
7_5359395_66382,ANNUAL,low,0.5,PIURA,ANNUAL,2002,1.00205487136
7_5359395_70347,ANNUAL,medium,0.74,PIURA,PASTURE_FALLOW,1999,0.800946114486
7_5359395_70352,ANNUAL,medium,0.66,PIURA,PASTURE_FALLOW,1999,0.332204467318
7_5359395_70354,PERENNIAL,low,1.29,PIURA,PASTURE_FALLOW,1999,0.500755876773
7_5359395_70359,ANNUAL,medium,6.0,PIURA,PASTURE_FALLOW,1999,0.864137966583
7_5359395_70360,PERENNIAL,low,1.0,PIURA,PASTURE_FALLOW,1999,0.51260234798
7_5359395_70372,ANNUAL,medium,0.55,PIURA,PASTURE_FALLOW,1999,0.358868033603
7_5359395_70606,ANNUAL,medium,5.2,PIURA,PASTURE_FALLOW,1999,0.598873056376
7_5359395_70628,ANNUAL,medium,0.9299999999999999,PIURA,PASTURE_FALLOW,1999,0.64725540431
7_5359395_70631,ANNUAL,medium,1.71,PIURA,PASTURE_FALLOW,1999,0.721429766574
7_5359395_70657,ANNUAL,medium,1.85,PIURA,PASTURE_FALLOW,1999,0.575831973155
7_5359395_70659,ANNUAL,medium,6.0,PIURA,PASTURE_FALLOW,1999,0.39809003768
7_5359395_70664,ANNUAL,medium,1.26,PIURA,PASTURE_FALLOW,1999,0.232707615241
7_5359395_70665,ANNUAL,high,1.3599999999999999,PIURA,PASTURE_FALLOW,1999,0.187375108297
7_5359395_70667,ANNUAL,medium,1.31,PIURA,PASTURE_FALLOW,1999,0.249276736956
7_5359395_70669,ANNUAL,low,1.0,PIURA,PASTURE_FALLOW,1999,0.937865835977
7_5359395_75285,ANNUAL,high,0.25,PIURA,ANNUAL,2002,0.38702334332
7_5359395_75292,ANNUAL,low,0.5,PIURA,PASTURE_FALLOW,2002,0.570839970379
7_5359395_75295,ANNUAL,low,0.13,PIURA,PASTURE_FALLOW,2002,0.315071401575
7_5359395_78457,ANNUAL,medium,2.5,PIURA,ANNUAL,2001,1.45411205377
7_5359395_78565,ANNUAL,high,7.04,PIURA,ANNUAL,2004,2.66111613387
7_5359395_78568,ANNUAL,medium,3.0,PIURA,ANNUAL,2004,1.09135921585
7_5359400_07620,ANNUAL,medium,1.1400000000000001,PIURA,ANNUAL,1998,0.5004602593
7_5359400_07675,ANNUAL,medium,0.84,PIURA,PASTURE_FALLOW,1998,0.26210484942
7_5359400_07676,ANNUAL,medium,2.51,PIURA,ANNUAL,1998,0.539144447516
7_5359400_07682,ANNUAL,medium,2.39,PIURA,PASTURE_FALLOW,1998,0.0995227566134
7_5359400_07732,ANNUAL,low,0.25,PIURA,ANNUAL,2003,0.504826370796
7_5359400_07749,ANNUAL,low,1.83,PIURA,ANNUAL,2001,0.808523111285
7_5359400_07785,ANNUAL,medium,1.0,PIURA,ANNUAL,2002,0.387689478513
7_5359400_07789,ANNUAL,medium,0.9500000000000001,PIURA,ANNUAL,2002,0.804915482798
7_5359400_07793,ANNUAL,low,2.58,PIURA,ANNUAL,1998,0.994865347472
7_5359400_07815,ANNUAL,medium,2.75,PIURA,ANNUAL,1998,0.423900678061
7_5359400_07818,ANNUAL,medium,3.64,PIURA,ANNUAL,1998,0.629610692031
7_5359400_07836,ANNUAL,medium,0.9299999999999999,PIURA,ANNUAL,1998,0.425346470234
7_5359400_07843,ANNUAL,medium,1.47,PIURA,ANNUAL,1998,0.246871142895
7_5359400_07870,ANNUAL,medium,4.1,PIURA,ANNUAL,1998,0.359535861778
7_5359400_07885,ANNUAL,medium,4.5,PIURA,ANNUAL,2002,0.233065309274
7_5359400_079559,ANNUAL,medium,2.2399999999999998,PIURA,ANNUAL,2005,0.227204891527
7_5359400_079560,PERENNIAL,low,5.0,PIURA,ANNUAL,2005,0.226588555486
7_5359400_079562,ANNUAL,medium,3.03,PIURA,ANNUAL,2005,0.226242502654
7_5359400_079563,ANNUAL,high,2.53,PIURA,ANNUAL,2005,0.22608408937
7_5359400_079566,ANNUAL,medium,2.83,PIURA,ANNUAL,2005,0.22538835228
7_5359400_079571,ANNUAL,medium,1.7500000000000002,PIURA,ANNUAL,2005,0.223749622931
7_5359400_079574,ANNUAL,low,1.28,PIURA,ANNUAL,2005,0.223988889181
7_5359400_079584,ANNUAL,high,1.94,PIURA,ANNUAL,2005,0.212366205378
7_5359400_079586,ANNUAL,medium,1.94,PIURA,ANNUAL,2005,0.20936460585
7_5359400_07969,ANNUAL,low,0.1725,PIURA,ANNUAL,1998,0.348688950238
7_5359400_08014,ANNUAL,medium,0.2,PIURA,PASTURE_FALLOW,1998,0.45880757661
7_5359400_08020,ANNUAL,high,1.0,PIURA,PASTURE_FALLOW,1998,0.72842663138
7_5359400_080772,ANNUAL,medium,13.4,PIURA,ANNUAL,2009,2.03520924185
7_5359400_08319,ANNUAL,medium,1.8399999999999999,PIURA,ANNUAL,1998,0.30661651357
7_5359400_08401,ANNUAL,medium,4.01,PIURA,PASTURE_FALLOW,1998,0.305161393114
7_5359400_08426,ANNUAL,medium,2.75,PIURA,ANNUAL,1998,1.69433076681
7_5359400_08427,ANNUAL,low,2.0,PIURA,ANNUAL,1998,1.05650053512
7_5359400_08432,ANNUAL,medium,1.5,PIURA,ANNUAL,1998,0.4615986786
7_5359400_08449,ANNUAL,medium,6.5,PIURA,ANNUAL,1998,0.106333608411
7_5359400_08496,ANNUAL,medium,0.62,PIURA,PASTURE_FALLOW,1998,0.189348899378
7_5359400_08507,ANNUAL,medium,0.28,PIURA,ANNUAL,1998,0.148653414925
7_5359400_08515,ANNUAL,medium,1.25,PIURA,PASTURE_FALLOW,1998,1.30633774656
7_5359400_08519,ANNUAL,medium,0.75,PIURA,ANNUAL,1998,0.148745548707
7_5359400_08604,ANNUAL,medium,0.4,PIURA,ANNUAL,1998,3.34357957256
7_5359400_08605,ANNUAL,medium,0.35,PIURA,ANNUAL,1998,1.27178721823
7_5359400_08606,ANNUAL,low,4.5,PIURA,ANNUAL,1998,1.14839484351
7_5359400_08611,ANNUAL,high,5.22,PIURA,ANNUAL,1998,0.331776254247
7_5359400_08613,ANNUAL,high,4.14,PIURA,ANNUAL,1998,0.241701241523
7_5359400_08614,ANNUAL,medium,4.27,PIURA,ANNUAL,1998,0.425051763477
7_5359400_08618,ANNUAL,high,1.0,PIURA,ANNUAL,1998,3.75760571549
7_5359400_08656,ANNUAL,medium,1.4500000000000002,PIURA,PASTURE_FALLOW,1998,0.175074156258
7_5359400_08664,ANNUAL,medium,0.6000000000000001,PIURA,ANNUAL,1998,0.170850738602
7_5359400_08668,ANNUAL,high,0.92,PIURA,ANNUAL,1998,0.160078215049
7_5359400_08670,ANNUAL,medium,7.78,PIURA,ANNUAL,1998,0.153755695077
7_5359400_08676,ANNUAL,low,1.84,PIURA,ANNUAL,1998,0.831438144788
7_5359400_08679,ANNUAL,medium,4.16,PIURA,ANNUAL,1998,3.05501735208
7_5359400_08690,ANNUAL,medium,4.64,PIURA,PASTURE_FALLOW,1998,0.991138857909
7_5359400_08703,ANNUAL,medium,5.0,PIURA,ANNUAL,1998,0.924817083067
7_5359400_08706,ANNUAL,medium,4.25,PIURA,ANNUAL,1998,0.643055318118
7_5359400_08707,ANNUAL,medium,2.2,PIURA,ANNUAL,1998,0.60171194317
7_5359400_08713,ANNUAL,medium,2.9,PIURA,ANNUAL,1998,0.805127777483
7_5359400_08718,ANNUAL,medium,1.3475,PIURA,ANNUAL,1998,0.432705363547
7_5359400_08719,ANNUAL,medium,1.03,PIURA,ANNUAL,1998,0.529882629664
7_5359400_08721,ANNUAL,medium,0.35,PIURA,ANNUAL,1998,1.01876650293
7_5359400_08738,ANNUAL,high,4.29,PIURA,ANNUAL,1998,0.677770756913
7_5359400_08740,ANNUAL,medium,10.0,PIURA,ANNUAL,1998,0.597927713519
7_5359400_08745,ANNUAL,high,3.41,PIURA,PASTURE_FALLOW,2001,1.40488232916
7_5359400_08757,ANNUAL,low,1.9500000000000002,PIURA,ANNUAL,1998,1.1140068215
7_5359400_08758,ANNUAL,medium,1.5,PIURA,ANNUAL,1998,0.977147059606
7_5359400_08771,ANNUAL,medium,1.5,PIURA,PASTURE_FALLOW,1998,0.541170913212
7_5359400_08786,ANNUAL,medium,1.25,PIURA,ANNUAL,1998,0.364897970086
7_5359400_08787,ANNUAL,medium,5.75,PIURA,ANNUAL,1998,1.42987647222
7_5359400_08789,ANNUAL,high,0.18,PIURA,ANNUAL,1998,0.229214835209
7_5359400_08844,ANNUAL,medium,1.8299999999999998,PIURA,ANNUAL,1998,0.708958110123
7_5359400_08848,ANNUAL,medium,2.4299999999999997,PIURA,PASTURE_FALLOW,1998,0.253312458566
7_5359400_08875,PASTURE_FALLOW,low,0.25,PIURA,PASTURE_FALLOW,1998,0.282276190838
7_5359400_08956,ANNUAL,medium,2.4299999999999997,PIURA,ANNUAL,1998,0.189703847397
7_5359400_08962,ANNUAL,medium,2.35,PIURA,ANNUAL,1998,0.291225690603
7_5359400_08965,ANNUAL,medium,2.5,PIURA,ANNUAL,1998,3.15322881919
7_5359400_08974,ANNUAL,medium,0.08,PIURA,ANNUAL,1998,0.453816975495
7_5359400_08976,ANNUAL,medium,0.57,PIURA,PASTURE_FALLOW,1998,0.75610705514
7_5359400_08983,ANNUAL,high,0.53,PIURA,PASTURE_FALLOW,1998,0.254193402473
7_5359400_08988,ANNUAL,medium,2.4,PIURA,PASTURE_FALLOW,1998,0.655995332699
7_5359400_08998,ANNUAL,low,2.9,PIURA,PASTURE_FALLOW,1998,0.48818643523
7_5359400_12624,ANNUAL,medium,4.529999999999999,PIURA,ANNUAL,2002,1.17481684612
7_5359400_12629,ANNUAL,high,1.4,PIURA,ANNUAL,2002,0.930304706311
7_5359400_12630,ANNUAL,high,2.25,PIURA,ANNUAL,2002,0.954881572023
7_5359400_12657,ANNUAL,medium,0.61,PIURA,ANNUAL,2003,0.358139053792
7_5359400_12666,ANNUAL,high,2.0,PIURA,ANNUAL,1998,0.701204533179
7_5359400_12672,ANNUAL,medium,1.0,PIURA,ANNUAL,1998,0.56097007361
7_5359400_12691,ANNUAL,medium,1.5,PIURA,ANNUAL,1998,1.29008251536
7_5359400_12759,ANNUAL,medium,3.0,PIURA,PASTURE_FALLOW,2002,1.4098678736
7_5359400_12778,ANNUAL,high,0.75,PIURA,PASTURE_FALLOW,2003,0.290445072265
7_5359400_12805,ANNUAL,high,1.0,PIURA,ANNUAL,1998,0.726563605932
7_5359400_12820,ANNUAL,low,2.75,PIURA,ANNUAL,1998,0.200777640347
7_5359400_12823,ANNUAL,high,1.0,PIURA,ANNUAL,2003,0.0994813269082
7_5359400_12834,ANNUAL,medium,1.75,PIURA,ANNUAL,1998,0.222549923926
7_5359400_12836,ANNUAL,medium,1.55,PIURA,ANNUAL,1998,0.201076146681
7_5359400_12837,ANNUAL,high,2.5,PIURA,ANNUAL,1998,0.690484626871
7_5359400_12839,ANNUAL,medium,0.44999999999999996,PIURA,ANNUAL,1998,0.660464261704
7_5359400_12844,ANNUAL,medium,2.1399999999999997,PIURA,ANNUAL,1998,0.457315800247
7_5359400_12875,ANNUAL,medium,1.0,PIURA,ANNUAL,1998,0.796784529039
7_5359400_12877,ANNUAL,medium,0.5,PIURA,ANNUAL,1998,1.0452201345
7_5359400_12879,ANNUAL,medium,0.25,PIURA,PASTURE_FALLOW,2003,0.867974069677
7_5359400_12892,ANNUAL,high,0.5,PIURA,PASTURE_FALLOW,2002,0.764970667577
7_5359400_12904,ANNUAL,high,3.0,PIURA,PASTURE_FALLOW,2002,0.518705354848
7_5359400_12905,PERENNIAL,medium,1.75,PIURA,ANNUAL,1998,1.2008370598
7_5359400_12911,ANNUAL,medium,0.75,PIURA,ANNUAL,1998,0.810575415619
7_5359400_12925,ANNUAL,high,1.0,PIURA,PASTURE_FALLOW,2002,0.75466126479
7_5359400_12937,ANNUAL,high,2.75,PIURA,ANNUAL,1998,0.182537213287
7_5359400_12938,ANNUAL,medium,1.88,PIURA,ANNUAL,2002,1.23400923666
7_5359400_12939,ANNUAL,high,0.59,PIURA,ANNUAL,1998,0.355759983675
7_5359400_12957,ANNUAL,low,9.0,PIURA,PASTURE_FALLOW,1998,0.430014968477
7_5359400_12978,ANNUAL,high,1.75,PIURA,ANNUAL,1998,0.0923998030888
7_5359400_13318,ANNUAL,medium,0.9,PIURA,ANNUAL,1998,0.33217683613
7_5359400_13372,ANNUAL,medium,0.28,PIURA,ANNUAL,1998,0.43479833752
7_5359400_13375,ANNUAL,low,0.55,PIURA,ANNUAL,1998,0.45390475486
7_5359400_13380,ANNUAL,medium,0.55,PIURA,ANNUAL,1998,0.46281440346
7_5359400_13485,ANNUAL,low,0.11,PIURA,ANNUAL,1998,0.180128874112
7_5359400_13487,ANNUAL,medium,1.8599999999999999,PIURA,ANNUAL,1998,0.176219016569
7_5359400_13500,ANNUAL,low,3.0,PIURA,ANNUAL,1998,0.183871670411
7_5359400_13555,ANNUAL,medium,0.75,PIURA,ANNUAL,1998,0.234473513808
7_5359400_13560,ANNUAL,medium,1.4000000000000001,PIURA,ANNUAL,1998,0.20764243897
7_5359400_13562,ANNUAL,medium,0.25,PIURA,ANNUAL,1998,0.179033709872
7_5359400_13569,ANNUAL,medium,1.5,PIURA,ANNUAL,1998,1.01055471582
7_5359400_13611,ANNUAL,high,1.75,PIURA,ANNUAL,1998,0.146823366791
7_5359400_13618,ANNUAL,medium,3.75,PIURA,ANNUAL,1998,0.319285421543
7_5359400_13626,ANNUAL,medium,1.15,PIURA,ANNUAL,1998,0.958653508157
7_5359400_13629,ANNUAL,medium,3.25,PIURA,ANNUAL,1998,0.815301214913
7_5359400_13631,ANNUAL,high,0.42,PIURA,ANNUAL,1998,0.519997595813
7_5359400_13632,ANNUAL,medium,0.4,PIURA,ANNUAL,1998,0.58661774464
7_5359400_13634,PERENNIAL,medium,13.0,PIURA,ANNUAL,1998,1.17358812211
7_5359400_13829,ANNUAL,medium,0.63,PIURA,ANNUAL,2002,0.882756549149
7_5359400_24560,ANNUAL,medium,0.9400000000000001,PIURA,ANNUAL,1998,0.3974320742
7_5359400_24564,ANNUAL,medium,0.5800000000000001,PIURA,ANNUAL,1998,0.10357224112
7_5359400_24565,ANNUAL,low,0.63,PIURA,PASTURE_FALLOW,1998,0.13689019548
7_5359400_24589,ANNUAL,medium,1.95,PIURA,PASTURE_FALLOW,1998,0.17564230926
7_5359400_24602,ANNUAL,medium,1.16,PIURA,PASTURE_FALLOW,1998,0.4419417518
7_5359400_24606,ANNUAL,medium,3.35,PIURA,PASTURE_FALLOW,1998,1.17438654679
7_5359400_24611,ANNUAL,medium,0.71,PIURA,PASTURE_FALLOW,1998,0.28328128938
7_5359400_24627,ANNUAL,medium,1.6600000000000001,PIURA,PASTURE_FALLOW,1998,0.256789211401
7_5359400_24662,ANNUAL,medium,1.21,PIURA,PASTURE_FALLOW,1998,0.31425860164
7_5359400_24664,ANNUAL,medium,0.18,PIURA,PASTURE_FALLOW,1998,0.30012306874
7_5359400_24698,ANNUAL,high,0.54,PIURA,PASTURE_FALLOW,1998,0.29266134538
7_5359400_24699,ANNUAL,medium,3.12,PIURA,PASTURE_FALLOW,1998,0.28426141716
7_5359400_24705,ANNUAL,low,12.5,PIURA,PASTURE_FALLOW,1998,1.11820279307
7_5359400_24806,ANNUAL,medium,1.85,PIURA,PASTURE_FALLOW,1998,0.0931683379489
7_5359400_24995,ANNUAL,low,2.33,PIURA,PASTURE_FALLOW,1998,0.18528317528
7_5359400_26002,ANNUAL,high,1.0,PIURA,ANNUAL,1998,0.875666287894
7_5359400_26004,ANNUAL,medium,0.5,PIURA,ANNUAL,1998,1.92539219147
7_5359400_26011,ANNUAL,high,0.5,PIURA,ANNUAL,1998,0.727698559607
7_5359400_26028,ANNUAL,medium,1.5,PIURA,ANNUAL,1998,0.186560543434
7_5359400_26045,ANNUAL,high,4.0,PIURA,ANNUAL,1998,1.00055518838
7_5359400_26068,PERENNIAL,low,8.5,PIURA,ANNUAL,1998,0.519887936066
7_5359400_26097,ANNUAL,medium,2.07,PIURA,PASTURE_FALLOW,1998,0.278517950192
7_5359400_26105,ANNUAL,medium,1.18,PIURA,PASTURE_FALLOW,2002,0.177218963813
7_5359400_26141,PERENNIAL,medium,4.0,PIURA,ANNUAL,1998,0.320377323625
7_5359400_26158,ANNUAL,medium,2.75,PIURA,ANNUAL,1998,0.743235229998
7_5359400_26160,PERENNIAL,low,3.6,PIURA,ANNUAL,1998,1.38009078285
7_5359400_26169,ANNUAL,medium,2.0,PIURA,ANNUAL,1998,1.55227473942
7_5359400_26177,ANNUAL,high,3.21,PIURA,ANNUAL,1998,1.54808807991
7_5359400_26181,ANNUAL,medium,3.05,PIURA,ANNUAL,1998,0.663025309824
7_5359400_26195,ANNUAL,medium,2.0,PIURA,ANNUAL,1998,0.269576532768
7_5359400_26201,ANNUAL,medium,2.45,PIURA,ANNUAL,1998,0.262646789631
7_5359400_27802,ANNUAL,medium,0.2,PIURA,PASTURE_FALLOW,2001,0.603646204406
7_5359400_27817,ANNUAL,medium,0.9600000000000001,PIURA,ANNUAL,1998,0.676046620169
7_5359400_27822,ANNUAL,low,0.85,PIURA,ANNUAL,1998,0.674010079921
7_5359400_27823,ANNUAL,high,0.8,PIURA,ANNUAL,1998,0.871903041533
7_5359400_27825,ANNUAL,medium,0.16,PIURA,PASTURE_FALLOW,2003,0.15405306982
7_5359400_27826,ANNUAL,medium,0.5,PIURA,ANNUAL,1998,0.476788083186
7_5359400_27833,ANNUAL,high,0.16,PIURA,ANNUAL,1998,0.890747866356
7_5359400_27835,ANNUAL,medium,2.4000000000000004,PIURA,ANNUAL,1998,1.00169314647
7_5359400_27840,ANNUAL,medium,0.85,PIURA,ANNUAL,1998,0.150371227413
7_5359400_27843,ANNUAL,medium,6.25,PIURA,ANNUAL,1998,0.185615039575
7_5359400_27846,ANNUAL,medium,0.12,PIURA,ANNUAL,1998,0.224618384053
7_5359400_27862,ANNUAL,low,4.5,PIURA,PASTURE_FALLOW,1998,0.518607704368
7_5359400_27908,ANNUAL,low,0.8,PIURA,PASTURE_FALLOW,2003,0.859603434611
7_5359400_27915,ANNUAL,medium,1.0,PIURA,ANNUAL,1998,0.651495821042
7_5359400_27929,ANNUAL,medium,2.5,PIURA,ANNUAL,1998,0.887470245972
7_5359400_38575,ANNUAL,medium,0.37,PIURA,ANNUAL,1998,0.730279103895
7_5359400_38578,ANNUAL,medium,4.85,PIURA,PASTURE_FALLOW,1998,1.88942319647
7_5359400_38585,ANNUAL,low,2.5,PIURA,ANNUAL,1998,0.321861989828
7_5359400_49907,ANNUAL,low,0.88,PIURA,ANNUAL,1998,5.62682383866
7_5359400_59811,ANNUAL,medium,5.0,PIURA,PASTURE_FALLOW,1999,0.351997028438
7_5359400_59821,ANNUAL,low,1.77,PIURA,PASTURE_FALLOW,1999,1.41478546681
7_5359400_59828,ANNUAL,medium,2.9699999999999998,PIURA,PASTURE_FALLOW,1999,0.945362267933
7_5359400_59838,ANNUAL,medium,0.7,PIURA,PASTURE_FALLOW,1999,1.48328538852
7_5359400_61035,ANNUAL,medium,1.5,PIURA,ANNUAL,1999,1.74892782819
7_5359400_65291,ANNUAL,medium,0.1,PIURA,PASTURE_FALLOW,1999,0.228653923847
7_5359400_72919,ANNUAL,medium,0.75,PIURA,ANNUAL,2002,0.401219224438
7_5359400_75250,ANNUAL,high,2.4,PIURA,PASTURE_FALLOW,2002,1.7711523398
7_5359400_75263,ANNUAL,medium,0.25,PIURA,PASTURE_FALLOW,2002,0.102589922265
7_5359400_75298,ANNUAL,medium,8.0,PIURA,ANNUAL,2002,0.197320305606
7_5359400_75301,ANNUAL,medium,4.2,PIURA,PASTURE_FALLOW,2002,0.38805977928
7_5359400_75332,ANNUAL,medium,4.32,PIURA,ANNUAL,2001,0.719182012649
7_5359400_75338,ANNUAL,low,0.8999999999999999,PIURA,ANNUAL,2001,0.440670666861
7_5359400_75447,ANNUAL,medium,1.8,PIURA,ANNUAL,2002,1.50311900665
7_5359400_75454,ANNUAL,medium,0.86,PIURA,PASTURE_FALLOW,2002,1.07260852309
7_5359400_75463,ANNUAL,low,1.1500000000000001,PIURA,ANNUAL,2002,0.264460653897
7_5359400_75465,ANNUAL,high,0.45,PIURA,ANNUAL,2002,0.343042744262
7_5359400_75734,ANNUAL,high,4.0,PIURA,ANNUAL,2003,0.123593527347
7_5359400_75744,ANNUAL,medium,0.97,PIURA,PASTURE_FALLOW,2003,0.294579832727
7_5359400_75937,ANNUAL,medium,0.75,PIURA,PASTURE_FALLOW,2003,0.220378408312
7_5359400_76024,ANNUAL,medium,1.8,PIURA,ANNUAL,2001,0.110928315248
7_5359400_76036,ANNUAL,low,0.32,PIURA,PASTURE_FALLOW,2002,0.252679342185
7_5359400_76173,ANNUAL,high,0.25,PIURA,ANNUAL,2003,0.179227558043
7_5359400_76201,ANNUAL,medium,1.2,PIURA,ANNUAL,2001,0.55159539544
7_5359400_78472,ANNUAL,medium,0.25,PIURA,ANNUAL,2001,0.923160125508
7_5359405_078678,ANNUAL,low,2.25,PIURA,ANNUAL,2004,0.174743055914
7_5359405_078704,ANNUAL,medium,1.5,PIURA,ANNUAL,2004,0.183646693843
7_5359405_078706,ANNUAL,low,1.2,PIURA,ANNUAL,2004,0.379115419854
7_5359405_078713,ANNUAL,medium,0.8,PIURA,ANNUAL,2004,0.128960137762
7_5359405_078752,ANNUAL,medium,3.1500000000000004,PIURA,ANNUAL,2004,0.24117041415
7_5359405_078913,PERENNIAL,high,0.15,PIURA,ANNUAL,2004,0.280926629707
7_5359405_078914,PERENNIAL,low,0.09,PIURA,ANNUAL,2004,0.0987385495843
7_5359405_078916,ANNUAL,medium,0.23,PIURA,ANNUAL,2004,0.21256307384
7_5359405_078917,ANNUAL,high,0.05,PIURA,ANNUAL,2004,0.155839046661
7_5359405_078919,ANNUAL,medium,0.5800000000000001,PIURA,ANNUAL,2004,0.463859585345
7_5359405_078925,ANNUAL,medium,3.72,PIURA,ANNUAL,2004,0.620021977617
7_5359405_078929,ANNUAL,medium,0.45,PIURA,ANNUAL,2004,0.203663525973
7_5359405_078938,ANNUAL,medium,0.36,PIURA,ANNUAL,2004,0.302022627141
7_5359405_078946,ANNUAL,low,0.5,PIURA,ANNUAL,2004,0.247311231176
7_5359405_079238,ANNUAL,medium,7.68,PIURA,PASTURE_FALLOW,2004,0.193721271365
7_5359405_079259,ANNUAL,medium,0.36,PIURA,ANNUAL,2004,0.191183644179
7_5359405_079268,ANNUAL,low,0.41000000000000003,PIURA,ANNUAL,2004,0.1512655872
7_5359405_079301,ANNUAL,medium,0.5,PIURA,ANNUAL,2004,0.0938736801766
7_5359405_079306,PASTURE_FALLOW,high,0.15,PIURA,ANNUAL,2004,1.6442218131
7_5359405_079309,ANNUAL,high,0.21,PIURA,ANNUAL,2004,0.234487103481
7_5359405_079312,ANNUAL,low,2.0,PIURA,ANNUAL,2004,0.234486358938
7_5359405_079315,PASTURE_FALLOW,medium,0.08,PIURA,ANNUAL,2004,0.234486727872
7_5359405_079316,ANNUAL,low,3.12,PIURA,PASTURE_FALLOW,2004,0.140434707834
7_5359405_079590,ANNUAL,low,0.4,PIURA,ANNUAL,2005,0.200101975001
7_5359405_079625,ANNUAL,medium,0.03,PIURA,PASTURE_FALLOW,2005,0.16604709014
7_5359405_079627,ANNUAL,medium,2.21,PIURA,PASTURE_FALLOW,2005,0.0947145769352
7_5359405_079667,ANNUAL,medium,0.25,PIURA,ANNUAL,2005,0.863032653499
7_5359405_079678,PERENNIAL,low,4.0,PIURA,ANNUAL,2005,0.211170149863
7_5359405_079681,ANNUAL,high,0.8999999999999999,PIURA,ANNUAL,2005,0.177875239026
7_5359405_079686,ANNUAL,high,0.6,PIURA,ANNUAL,2005,0.294572652151
7_5359405_079692,ANNUAL,high,1.35,PIURA,PASTURE_FALLOW,2005,1.13566449816
7_5359405_079790,ANNUAL,low,0.1,PIURA,ANNUAL,2005,0.112050151616
7_5359405_079808,ANNUAL,medium,0.33,PIURA,PASTURE_FALLOW,2005,0.110366592265
7_5359405_079932,ANNUAL,high,0.52,PIURA,PASTURE_FALLOW,2005,0.504154226437
7_5359405_079943,ANNUAL,low,1.63,PIURA,PASTURE_FALLOW,2005,0.797067879127
7_5359405_079944,ANNUAL,medium,2.0,PIURA,PASTURE_FALLOW,2005,0.852112435019
7_5359405_080351,ANNUAL,high,0.42000000000000004,PIURA,ANNUAL,2005,0.104552633164
7_5359405_080669,ANNUAL,medium,0.85,PIURA,ANNUAL,2006,0.90050857859
7_5359405_080672,ANNUAL,high,0.56,PIURA,ANNUAL,2006,0.47589477871
7_5359405_080674,ANNUAL,medium,1.77,PIURA,ANNUAL,2006,0.42558301598
7_5359405_080678,ANNUAL,medium,1.25,PIURA,ANNUAL,2006,0.26070353184
7_5359405_08337,ANNUAL,high,0.8099999999999999,PIURA,ANNUAL,1998,0.12447685182
7_5359405_08358,ANNUAL,high,0.25,PIURA,ANNUAL,1998,1.23331626124
7_5359405_13701,ANNUAL,medium,2.1799999999999997,PIURA,ANNUAL,1998,0.10725023483
7_5359405_24707,ANNUAL,medium,0.56,PIURA,PASTURE_FALLOW,1998,0.45449096463
7_5359405_24708,ANNUAL,medium,4.5,PIURA,PASTURE_FALLOW,1998,0.47327277187
7_5359405_24714,ANNUAL,medium,0.96,PIURA,PASTURE_FALLOW,1998,0.31891950284
7_5359405_24729,ANNUAL,medium,0.28,PIURA,PASTURE_FALLOW,1998,0.74802976442
7_5359405_24730,ANNUAL,high,0.8300000000000001,PIURA,PASTURE_FALLOW,1998,0.63869625147
7_5359405_24734,ANNUAL,low,0.30000000000000004,PIURA,PASTURE_FALLOW,1998,0.63073944699
7_5359405_24738,ANNUAL,medium,0.5,PIURA,PASTURE_FALLOW,1998,1.54198416022
7_5359405_24749,ANNUAL,high,0.5,PIURA,ANNUAL,1998,0.45778524293
7_5359405_24752,ANNUAL,medium,0.75,PIURA,ANNUAL,1998,0.28257608177
7_5359405_24756,ANNUAL,high,0.38,PIURA,PASTURE_FALLOW,1998,0.33012406673
7_5359405_24767,ANNUAL,medium,12.0,PIURA,PASTURE_FALLOW,1998,1.41208661126
7_5359405_24768,ANNUAL,high,2.6,PIURA,ANNUAL,1998,1.03052729963
7_5359405_24856,ANNUAL,medium,2.19,PIURA,PASTURE_FALLOW,1998,0.13421837787
7_5359405_24864,ANNUAL,low,4.279999999999999,PIURA,PASTURE_FALLOW,1998,0.1730558866
7_5359405_24878,ANNUAL,medium,1.96,PIURA,PASTURE_FALLOW,1998,0.159123082874
7_5359405_24881,ANNUAL,medium,1.94,PIURA,PASTURE_FALLOW,1998,0.17640928971
7_5359405_24882,ANNUAL,low,11.25,PIURA,PASTURE_FALLOW,1998,0.14114917928
7_5359405_24883,ANNUAL,low,4.5,PIURA,PASTURE_FALLOW,1998,0.145161107138
7_5359405_24939,PERENNIAL,medium,1.85,PIURA,ANNUAL,1998,1.29487990939
7_5359405_24972,ANNUAL,medium,0.75,PIURA,PASTURE_FALLOW,1998,0.24600435787
7_5359405_24976,ANNUAL,medium,3.25,PIURA,ANNUAL,1998,0.25306918107
7_5359405_24980,ANNUAL,medium,0.525,PIURA,PASTURE_FALLOW,1998,0.28500563801
7_5359405_24982,ANNUAL,medium,0.36,PIURA,PASTURE_FALLOW,1998,0.24111687061
7_5359405_28185,ANNUAL,low,0.024,PIURA,ANNUAL,1998,0.310775176444
7_5359405_28194,ANNUAL,medium,0.26,PIURA,ANNUAL,1998,0.73520417249
7_5359405_28198,PERENNIAL,high,0.46,PIURA,ANNUAL,1998,0.426190957046
7_5359405_28200,ANNUAL,medium,0.27,PIURA,ANNUAL,1998,0.279477829037
7_5359405_31784,ANNUAL,medium,0.165,PIURA,ANNUAL,1998,0.107578337625
7_5359405_31789,PERENNIAL,low,12.0,PIURA,ANNUAL,1998,0.349065934226
7_5359405_33394,ANNUAL,medium,2.41,PIURA,PASTURE_FALLOW,1998,1.01388371014
7_5359405_33400,ANNUAL,medium,0.30000000000000004,PIURA,PASTURE_FALLOW,1998,0.652615133719
7_5359405_33403,ANNUAL,medium,2.91,PIURA,PASTURE_FALLOW,1998,0.337375398638
7_5359405_33860,ANNUAL,high,1.69,PIURA,ANNUAL,1998,1.57843760942
7_5359405_33871,ANNUAL,medium,0.35,PIURA,ANNUAL,1998,0.352848415603
7_5359405_33876,ANNUAL,medium,0.54,PIURA,ANNUAL,1998,0.379364587839
7_5359405_33883,ANNUAL,medium,1.61,PIURA,ANNUAL,1998,0.314360864625
7_5359405_33884,ANNUAL,high,0.54,PIURA,ANNUAL,1998,0.181337380109
7_5359405_33887,ANNUAL,high,0.22,PIURA,PASTURE_FALLOW,1998,0.256279266563
7_5359405_33888,ANNUAL,low,1.25,PIURA,PASTURE_FALLOW,1998,0.147840431675
7_5359405_33889,ANNUAL,medium,1.0,PIURA,ANNUAL,1998,0.141506142703
7_5359405_33890,ANNUAL,medium,0.39,PIURA,ANNUAL,1998,0.102763710053
7_5359405_33908,ANNUAL,low,0.7,PIURA,ANNUAL,1998,1.08132031817
7_5359405_33917,ANNUAL,low,12.5,PIURA,ANNUAL,1998,0.303301261246
7_5359405_33919,ANNUAL,medium,1.5,PIURA,PASTURE_FALLOW,1998,2.36579249907
7_5359405_33925,ANNUAL,medium,1.61,PIURA,ANNUAL,1998,0.170687086913
7_5359405_33926,ANNUAL,low,1.61,PIURA,ANNUAL,1998,1.60579241615
7_5359405_33930,ANNUAL,medium,0.04,PIURA,PASTURE_FALLOW,1998,0.242832861343
7_5359405_34102,ANNUAL,medium,1.19,PIURA,ANNUAL,1998,0.322654875524
7_5359405_34153,ANNUAL,medium,0.22,PIURA,ANNUAL,1998,0.88677080125
7_5359405_34173,ANNUAL,medium,0.22,PIURA,ANNUAL,1998,0.58298583349
7_5359405_34180,ANNUAL,low,0.5,PIURA,ANNUAL,1998,0.553738596628
7_5359405_34252,ANNUAL,medium,0.42,PIURA,ANNUAL,1998,0.412015831973
7_5359405_34257,ANNUAL,low,1.75,PIURA,ANNUAL,1998,0.277667872785
7_5359405_35803,ANNUAL,medium,0.12,PIURA,ANNUAL,1998,0.930927573353
7_5359405_35812,ANNUAL,medium,0.45,PIURA,ANNUAL,1998,0.402038565892
7_5359405_35830,ANNUAL,low,0.15,PIURA,ANNUAL,1998,0.269319451567
7_5359405_35841,PERENNIAL,low,1.0,PIURA,ANNUAL,1998,0.73034488705
7_5359405_35851,ANNUAL,medium,0.48,PIURA,ANNUAL,1998,0.740395745772
7_5359405_35853,ANNUAL,medium,0.25,PIURA,ANNUAL,1998,0.768104807445
7_5359405_35860,ANNUAL,medium,0.62,PIURA,ANNUAL,1998,0.733880586796
7_5359405_35874,ANNUAL,medium,0.86,PIURA,ANNUAL,1998,0.252899046791
7_5359405_35885,ANNUAL,medium,0.09,PIURA,ANNUAL,1998,0.20693696688
7_5359405_35891,ANNUAL,medium,0.65,PIURA,ANNUAL,1998,0.18544186599
7_5359405_35899,ANNUAL,medium,1.13,PIURA,ANNUAL,1998,0.18642783515
7_5359405_35931,PERENNIAL,medium,1.6,PIURA,ANNUAL,1998,0.0995008277274
7_5359405_35949,PERENNIAL,medium,0.72,PIURA,ANNUAL,1998,0.102940362477
7_5359405_35957,ANNUAL,medium,0.26,PIURA,ANNUAL,2003,0.156516207355
7_5359405_35962,ANNUAL,medium,0.65,PIURA,ANNUAL,1998,0.13882801069
7_5359405_35982,ANNUAL,medium,3.56,PIURA,ANNUAL,2003,0.123549921505
7_5359405_38037,ANNUAL,medium,0.8400000000000001,PIURA,ANNUAL,1998,0.18936286422
7_5359405_38052,PERENNIAL,medium,1.25,PIURA,ANNUAL,1998,0.14252999071
7_5359405_38087,ANNUAL,medium,0.15,PIURA,ANNUAL,1998,0.55205664898
7_5359405_38088,PERENNIAL,low,6.93,PIURA,ANNUAL,1998,0.51298723884
7_5359405_38091,ANNUAL,medium,3.15,PIURA,ANNUAL,1998,0.61550297513
7_5359405_38094,ANNUAL,medium,0.31,PIURA,ANNUAL,1998,0.543493945317
7_5359405_38105,ANNUAL,medium,0.8300000000000001,PIURA,ANNUAL,1998,0.409754480266
7_5359405_38107,ANNUAL,medium,0.5,PIURA,ANNUAL,1998,0.964300909576
7_5359405_38136,ANNUAL,high,4.140000000000001,PIURA,ANNUAL,1998,0.328543235583
7_5359405_38172,ANNUAL,medium,0.61,PIURA,ANNUAL,1998,0.656729544275
7_5359405_38199,ANNUAL,medium,0.36,PIURA,ANNUAL,1998,0.228189795782
7_5359405_38581,ANNUAL,low,2.45,PIURA,PASTURE_FALLOW,1998,14.9949982792
7_5359405_38593,ANNUAL,high,0.5,PIURA,ANNUAL,1998,0.230937877821
7_5359405_38642,PERENNIAL,low,5.05,PIURA,ANNUAL,1998,0.220273115986
7_5359405_38645,ANNUAL,medium,0.25,PIURA,ANNUAL,1998,0.305537241472
7_5359405_38650,ANNUAL,medium,1.2,PIURA,ANNUAL,1998,0.210767285632
7_5359405_38655,ANNUAL,medium,8.96,PIURA,ANNUAL,1998,0.239031558915
7_5359405_38661,ANNUAL,medium,0.48,PIURA,ANNUAL,1998,0.477304087472
7_5359405_38663,ANNUAL,medium,1.4600000000000002,PIURA,ANNUAL,1998,0.200790392014
7_5359405_38667,ANNUAL,medium,1.4,PIURA,ANNUAL,1998,0.147852496642
7_5359405_38677,ANNUAL,high,0.29,PIURA,ANNUAL,1998,0.213114828304
7_5359405_38692,ANNUAL,medium,1.48,PIURA,ANNUAL,1998,1.18996302491
7_5359405_38695,ANNUAL,high,1.55,PIURA,ANNUAL,1998,0.773598850176
7_5359405_38728,ANNUAL,medium,0.5,PIURA,ANNUAL,1998,0.095940148794
7_5359405_38748,ANNUAL,medium,0.63,PIURA,ANNUAL,1998,0.0992496294323
7_5359405_38764,ANNUAL,high,0.35000000000000003,PIURA,ANNUAL,1998,0.126699961415
7_5359405_38767,ANNUAL,low,0.41000000000000003,PIURA,ANNUAL,2003,0.0933644895786
7_5359405_38772,ANNUAL,medium,0.5,PIURA,ANNUAL,1998,0.18767714718
7_5359405_38773,ANNUAL,medium,0.29000000000000004,PIURA,ANNUAL,1998,0.100702692981
7_5359405_38776,ANNUAL,medium,0.37,PIURA,ANNUAL,1998,0.239264061654
7_5359405_42012,ANNUAL,medium,1.88,PIURA,ANNUAL,1998,0.462201634758
7_5359405_42018,ANNUAL,high,0.12000000000000001,PIURA,ANNUAL,1998,0.095492134088
7_5359405_42028,ANNUAL,medium,2.86,PIURA,ANNUAL,1998,0.108225907498
7_5359405_42051,ANNUAL,medium,1.8,PIURA,ANNUAL,1998,0.809292052876
7_5359405_42059,ANNUAL,medium,3.85,PIURA,ANNUAL,1998,1.09396366331
7_5359405_42061,ANNUAL,medium,2.95,PIURA,ANNUAL,1998,1.09454600619
7_5359405_42064,ANNUAL,medium,4.0600000000000005,PIURA,ANNUAL,1998,1.46078522272
7_5359405_42074,PERENNIAL,medium,0.53,PIURA,ANNUAL,1998,0.683358146304
7_5359405_42117,ANNUAL,medium,0.25,PIURA,ANNUAL,1998,0.303757683709
7_5359405_42122,ANNUAL,medium,3.68,PIURA,ANNUAL,2003,0.366107494605
7_5359405_42123,ANNUAL,low,0.30000000000000004,PIURA,ANNUAL,1998,0.316826798539
7_5359405_42129,ANNUAL,medium,1.75,PIURA,ANNUAL,1998,0.249744206717
7_5359405_42146,ANNUAL,medium,2.43,PIURA,ANNUAL,2003,0.482390452054
7_5359405_42149,ANNUAL,low,0.75,PIURA,ANNUAL,2003,0.267613761971
7_5359405_42153,ANNUAL,high,0.6000000000000001,PIURA,ANNUAL,2003,0.270414283013
7_5359405_42164,ANNUAL,low,1.3599999999999999,PIURA,ANNUAL,2003,0.525494449158
7_5359405_42179,ANNUAL,medium,0.5,PIURA,ANNUAL,1998,0.407811646347
7_5359405_42180,ANNUAL,low,1.7999999999999998,PIURA,ANNUAL,1998,0.595938804581
7_5359405_42186,ANNUAL,medium,0.75,PIURA,ANNUAL,1998,0.34388922097
7_5359405_42187,ANNUAL,medium,3.0999999999999996,PIURA,ANNUAL,1998,0.144231272648
7_5359405_42190,ANNUAL,medium,0.52,PIURA,ANNUAL,1998,0.550800923556
7_5359405_42192,ANNUAL,high,0.8300000000000001,PIURA,ANNUAL,1998,0.174581255771
7_5359405_42195,ANNUAL,low,0.35000000000000003,PIURA,ANNUAL,1998,0.825176276778
7_5359405_42196,ANNUAL,medium,0.7,PIURA,ANNUAL,1998,0.247820906946
7_5359405_42207,ANNUAL,low,0.5,PIURA,ANNUAL,1998,0.843081861562
7_5359405_43125,ANNUAL,medium,0.7000000000000001,PIURA,ANNUAL,1998,0.39447047793
7_5359405_43132,ANNUAL,high,0.48,PIURA,ANNUAL,1998,0.24732051788
7_5359405_43138,ANNUAL,medium,2.2199999999999998,PIURA,ANNUAL,1998,0.73334972915
7_5359405_43140,ANNUAL,high,0.8,PIURA,ANNUAL,1998,0.49368563244
7_5359405_46650,ANNUAL,low,0.245,PIURA,ANNUAL,1998,0.787097530662
7_5359405_46713,ANNUAL,high,0.22000000000000003,PIURA,ANNUAL,1998,0.105604936766
7_5359405_46730,ANNUAL,high,0.29,PIURA,ANNUAL,2003,0.147648103247
7_5359405_46750,PERENNIAL,low,12.0,PIURA,ANNUAL,1998,0.115401007171
7_5359405_46784,ANNUAL,medium,0.87,PIURA,ANNUAL,1998,0.246191674482
7_5359405_46787,ANNUAL,medium,1.27,PIURA,ANNUAL,2003,0.278508940741
7_5359405_46789,PERENNIAL,low,4.5,PIURA,ANNUAL,2003,0.273304172378
7_5359405_46793,ANNUAL,high,3.0088,PIURA,ANNUAL,2003,1.48302904341
7_5359405_46806,ANNUAL,medium,0.24,PIURA,PASTURE_FALLOW,1998,0.641963663032
7_5359405_46808,ANNUAL,medium,1.0,PIURA,PASTURE_FALLOW,1998,0.652497329066
7_5359405_46809,ANNUAL,medium,0.5,PIURA,PASTURE_FALLOW,1998,0.27976363074
7_5359405_46819,ANNUAL,medium,1.2499999999999998,PIURA,PASTURE_FALLOW,1998,0.397544466512
7_5359405_46829,ANNUAL,medium,0.09,PIURA,PASTURE_FALLOW,1998,0.420583490522
7_5359405_46835,ANNUAL,low,1.0,PIURA,PASTURE_FALLOW,1998,0.524753755077
7_5359405_46866,ANNUAL,medium,0.48,PIURA,PASTURE_FALLOW,1998,0.244258110411
7_5359405_46869,ANNUAL,high,3.0,PIURA,PASTURE_FALLOW,1998,0.941784604349
7_5359405_46876,ANNUAL,medium,0.65,PIURA,PASTURE_FALLOW,1998,0.903655266234
7_5359405_46883,ANNUAL,medium,2.12,PIURA,PASTURE_FALLOW,1998,0.427921377468
7_5359405_46886,ANNUAL,high,0.25,PIURA,PASTURE_FALLOW,1998,0.860503499479
7_5359405_46892,ANNUAL,medium,0.8400000000000001,PIURA,PASTURE_FALLOW,1998,0.880690589271
7_5359405_46895,ANNUAL,high,1.08,PIURA,ANNUAL,1998,0.87490063941
7_5359405_46898,ANNUAL,high,2.3499999999999996,PIURA,PASTURE_FALLOW,1998,0.948183393262
7_5359405_46912,ANNUAL,medium,2.07,PIURA,ANNUAL,1998,0.433624685259
7_5359405_46939,ANNUAL,low,1.0,PIURA,ANNUAL,1998,0.198165254984
7_5359405_46959,ANNUAL,low,0.136,PIURA,ANNUAL,1998,0.288012224481
7_5359405_46968,ANNUAL,medium,3.0,PIURA,ANNUAL,1998,0.141942517667
7_5359405_46978,ANNUAL,high,4.1375,PIURA,ANNUAL,1998,0.197860635537
7_5359405_46979,ANNUAL,high,0.52,PIURA,ANNUAL,1998,0.197701500328
7_5359405_46981,ANNUAL,high,2.79,PIURA,ANNUAL,1998,0.11095853476
7_5359405_46982,ANNUAL,medium,0.36,PIURA,ANNUAL,1998,1.04407331041
7_5359405_46984,ANNUAL,medium,1.4500000000000002,PIURA,ANNUAL,1998,0.260600870254
7_5359405_46991,ANNUAL,low,1.42,PIURA,ANNUAL,1998,0.340470640129
7_5359405_46997,ANNUAL,medium,1.16,PIURA,ANNUAL,1998,0.166226614933
7_5359405_46998,ANNUAL,high,1.25,PIURA,ANNUAL,1998,0.189694710864
7_5359405_47000,ANNUAL,medium,1.5,PIURA,ANNUAL,1998,0.316374430993
7_5359405_47715,ANNUAL,medium,0.41000000000000003,PIURA,ANNUAL,1998,0.809462324843
7_5359405_47724,PERENNIAL,medium,0.4,PIURA,PASTURE_FALLOW,1998,0.41444730199
7_5359405_47741,PERENNIAL,low,3.05,PIURA,ANNUAL,2003,0.229532115182
7_5359405_47762,ANNUAL,medium,0.5,PIURA,PASTURE_FALLOW,1998,0.323266159427
7_5359405_48011,ANNUAL,medium,36.0,PIURA,ANNUAL,1998,3.95241303443
7_5359405_48023,ANNUAL,medium,0.79,PIURA,ANNUAL,1998,0.180868080862
7_5359405_48024,ANNUAL,low,0.3,PIURA,ANNUAL,2003,0.297494824613
7_5359405_48037,ANNUAL,medium,0.36,PIURA,ANNUAL,1998,0.197013650335
7_5359405_48045,ANNUAL,medium,2.0999999999999996,PIURA,ANNUAL,2003,0.290618612651
7_5359405_48048,ANNUAL,medium,0.15,PIURA,ANNUAL,1998,0.147278600153
7_5359405_48058,ANNUAL,medium,0.33,PIURA,PASTURE_FALLOW,1998,0.107468735879
7_5359405_48063,ANNUAL,low,0.58,PIURA,ANNUAL,1998,0.123486921283
7_5359405_48084,ANNUAL,medium,0.5,PIURA,ANNUAL,2003,0.160812179881
7_5359405_48093,ANNUAL,high,0.82,PIURA,ANNUAL,1998,0.410322746939
7_5359405_48126,ANNUAL,high,0.75,PIURA,ANNUAL,1998,0.251460298762
7_5359405_48149,ANNUAL,medium,0.3,PIURA,ANNUAL,1998,0.338289552328
7_5359405_48167,ANNUAL,medium,0.61,PIURA,ANNUAL,1998,0.60572244025
7_5359405_48168,ANNUAL,high,0.49,PIURA,ANNUAL,1998,0.45482809494
7_5359405_48183,ANNUAL,high,1.86,PIURA,ANNUAL,1998,0.90626442991
7_5359405_48198,ANNUAL,medium,0.83,PIURA,ANNUAL,1998,0.69733147398
7_5359405_48206,ANNUAL,low,0.12,PIURA,PASTURE_FALLOW,1998,0.39244339396
7_5359405_48216,PERENNIAL,low,3.0,PIURA,ANNUAL,1998,0.45181170486
7_5359405_48221,ANNUAL,high,2.4,PIURA,ANNUAL,1998,0.3361346409
7_5359405_48224,ANNUAL,medium,0.48,PIURA,ANNUAL,1998,0.51808833842
7_5359405_49432,ANNUAL,medium,3.03,PIURA,ANNUAL,1998,0.666935847123
7_5359405_49438,ANNUAL,medium,1.37,PIURA,PASTURE_FALLOW,2003,0.854106790301
7_5359405_49444,ANNUAL,medium,0.45,PIURA,ANNUAL,1998,0.820695617131
7_5359405_49446,ANNUAL,medium,0.5,PIURA,ANNUAL,1998,0.954511859327
7_5359405_49463,ANNUAL,medium,0.8200000000000001,PIURA,ANNUAL,1998,0.195412891095
7_5359405_50008,PERENNIAL,low,0.24,PIURA,ANNUAL,1998,0.414986686339
7_5359405_73547,ANNUAL,high,0.27,PIURA,ANNUAL,2003,0.176632441274
7_5359405_76014,ANNUAL,medium,0.49,PIURA,ANNUAL,2003,0.306880437045
7_5359405_76157,ANNUAL,medium,3.5,PIURA,ANNUAL,2003,0.0956768596266
7_5359405_76482,ANNUAL,high,0.5,PIURA,ANNUAL,2001,0.240995855864
7_5359405_76824,ANNUAL,medium,1.5,PIURA,ANNUAL,2001,0.327236390695
7_5359405_76827,ANNUAL,medium,0.58,PIURA,ANNUAL,2001,0.58336284605
7_5359405_76828,ANNUAL,medium,0.4,PIURA,ANNUAL,2001,0.403630238746
7_5359405_76829,ANNUAL,medium,0.37,PIURA,ANNUAL,2001,0.191214432488
7_5359405_76840,ANNUAL,high,0.2,PIURA,ANNUAL,2003,0.312825837308
7_5359405_76842,ANNUAL,medium,9.5,PIURA,ANNUAL,2003,0.494406930416
7_5359405_76845,ANNUAL,medium,0.42,PIURA,ANNUAL,2001,0.421612973482
7_5359405_77058,ANNUAL,high,1.19,PIURA,ANNUAL,2001,0.185204724492
7_5359405_77059,ANNUAL,high,0.24,PIURA,ANNUAL,2001,0.0957805855005
7_5359405_77062,ANNUAL,low,0.45,PIURA,ANNUAL,2003,0.374611983652
7_5359405_77065,ANNUAL,high,0.59,PIURA,ANNUAL,2003,0.245385716244
7_5359405_77069,ANNUAL,low,0.33999999999999997,PIURA,ANNUAL,2003,0.347730205253
7_5359405_77100,ANNUAL,low,2.73,PIURA,ANNUAL,2001,1.00322141453
7_5359405_77101,ANNUAL,medium,1.8599999999999999,PIURA,ANNUAL,2003,0.169850950119
7_5359405_77102,ANNUAL,high,0.2,PIURA,ANNUAL,2003,0.332915717221
7_5359405_77105,ANNUAL,medium,0.15000000000000002,PIURA,ANNUAL,2001,0.162863877722
7_5359405_77106,ANNUAL,medium,1.7,PIURA,ANNUAL,2001,0.186553032841
7_5359405_77107,ANNUAL,low,0.5,PIURA,ANNUAL,2001,0.139931597893
7_5359405_77179,ANNUAL,medium,0.25,PIURA,ANNUAL,2003,0.322550458688
7_5359405_77180,ANNUAL,medium,2.6500000000000004,PIURA,ANNUAL,2003,0.191629197237
7_5359405_77181,ANNUAL,high,0.14,PIURA,ANNUAL,2003,0.142574693687
7_5359405_77187,ANNUAL,high,0.2,PIURA,ANNUAL,2003,0.133042371181
7_5359405_77189,ANNUAL,medium,0.9586,PIURA,ANNUAL,2003,0.106255654332
7_5359405_77544,ANNUAL,high,0.5,PIURA,ANNUAL,2001,0.478310620924
7_5359405_77547,ANNUAL,high,0.02,PIURA,ANNUAL,2003,0.13748082086
7_5359405_77549,ANNUAL,medium,0.6299999999999999,PIURA,ANNUAL,2001,0.148384064682
7_5359405_77664,ANNUAL,medium,0.53,PIURA,ANNUAL,2003,0.135885231535
7_5359405_77692,ANNUAL,medium,0.9099999999999999,PIURA,ANNUAL,2003,0.218430944443
7_5359405_77693,ANNUAL,medium,0.75,PIURA,ANNUAL,2003,0.394723656882
7_5359405_77858,ANNUAL,medium,1.5,PIURA,ANNUAL,2003,0.483717788638
7_5359405_78451,ANNUAL,medium,2.01,PIURA,ANNUAL,2003,0.116508216453
7_5359410_00723,ANNUAL,medium,1.7,PIURA,ANNUAL,1998,0.792288986849
7_5359410_00730,ANNUAL,high,1.4,PIURA,ANNUAL,1998,0.761077331619
7_5359410_00737,ANNUAL,medium,0.35,PIURA,ANNUAL,1998,0.452800619546
7_5359410_00748,ANNUAL,low,0.67,PIURA,ANNUAL,1998,0.883569650069
7_5359410_00779,ANNUAL,medium,0.6,PIURA,ANNUAL,1998,0.662208675049
7_5359410_00789,ANNUAL,medium,1.0,PIURA,ANNUAL,1998,1.02293216549
7_5359410_00976,PERENNIAL,medium,0.75,PIURA,ANNUAL,1998,0.149503565052
7_5359410_00979,ANNUAL,medium,0.5,PIURA,ANNUAL,1998,0.431069916013
7_5359410_01616,ANNUAL,low,0.1,PIURA,ANNUAL,1998,1.18543267293
7_5359410_01626,ANNUAL,medium,3.0,PIURA,ANNUAL,1998,1.58266923697
7_5359410_01644,ANNUAL,medium,0.46,PIURA,ANNUAL,1998,0.183436519797
7_5359410_01652,ANNUAL,medium,1.0,PIURA,ANNUAL,1998,0.352996749002
7_5359410_01656,ANNUAL,medium,0.75,PIURA,ANNUAL,1998,0.240611666052
7_5359410_01660,ANNUAL,medium,0.75,PIURA,ANNUAL,1998,0.551682203812
7_5359410_01668,ANNUAL,medium,1.7,PIURA,ANNUAL,1998,0.2442752434
7_5359410_01679,ANNUAL,medium,0.75,PIURA,ANNUAL,1998,0.484239913067
7_5359410_01687,ANNUAL,medium,0.75,PIURA,ANNUAL,1998,0.234737591464
7_5359410_01711,ANNUAL,low,0.2,PIURA,ANNUAL,1998,0.366628508519
7_5359410_01712,ANNUAL,low,10.0,PIURA,ANNUAL,1998,0.361205520662
7_5359410_01716,ANNUAL,medium,1.0,PIURA,ANNUAL,1998,1.32452851644
7_5359410_05950,ANNUAL,medium,1.5,PIURA,ANNUAL,1998,1.06796218471
7_5359410_05951,ANNUAL,low,1.4,PIURA,ANNUAL,1998,0.864765959647
7_5359410_05953,ANNUAL,medium,1.57,PIURA,ANNUAL,1998,1.05460207403
7_5359410_05956,ANNUAL,low,0.48,PIURA,ANNUAL,1998,0.256978324487
7_5359410_05977,ANNUAL,low,0.1,PIURA,ANNUAL,1998,0.66988833795
7_5359410_05993,ANNUAL,medium,0.6,PIURA,ANNUAL,1998,0.663890645419
7_5359410_06060,ANNUAL,medium,1.3,PIURA,ANNUAL,1998,0.28619695595
7_5359410_06066,ANNUAL,high,3.4,PIURA,ANNUAL,1998,0.268782530031
7_5359410_06085,ANNUAL,medium,2.35,PIURA,ANNUAL,1998,0.178260425319
7_5359410_06088,ANNUAL,medium,3.25,PIURA,ANNUAL,1998,0.236741944489
7_5359410_06118,ANNUAL,high,1.04,PIURA,ANNUAL,1998,0.188866150278
7_5359410_06135,ANNUAL,medium,0.2,PIURA,ANNUAL,1998,1.64026490508
7_5359410_06136,ANNUAL,medium,1.0,PIURA,ANNUAL,1998,1.16867299298
7_5359410_06138,ANNUAL,medium,0.7,PIURA,ANNUAL,1998,1.66088499381
7_5359410_06139,ANNUAL,medium,1.3700999999999999,PIURA,ANNUAL,1998,1.6674348156
7_5359410_06141,ANNUAL,medium,3.59,PIURA,ANNUAL,1998,1.68627047127
7_5359410_06158,PERENNIAL,medium,0.30000000000000004,PIURA,ANNUAL,1998,1.80170654998
7_5359410_06164,PASTURE_FALLOW,medium,0.2,PIURA,ANNUAL,1998,1.61748401116
7_5359410_06276,ANNUAL,medium,0.4,PIURA,ANNUAL,1998,0.741981962688
7_5359410_079901,ANNUAL,high,0.2,PIURA,ANNUAL,2005,0.0925476371478
7_5359410_079904,ANNUAL,high,1.5,PIURA,PASTURE_FALLOW,2005,0.581809162898
7_5359410_079916,PERENNIAL,high,0.25,PIURA,PASTURE_FALLOW,2005,1.02109806481
7_5359410_079918,ANNUAL,high,0.25,PIURA,PASTURE_FALLOW,2005,1.00126977694
7_5359410_079926,ANNUAL,high,0.5,PIURA,PASTURE_FALLOW,2005,0.710413066561
7_5359410_079928,ANNUAL,medium,0.25,PIURA,PASTURE_FALLOW,2005,0.711341831203
7_5359410_079954,PERENNIAL,medium,0.1,PIURA,PASTURE_FALLOW,2005,1.07892535748
7_5359410_079956,ANNUAL,medium,0.3,PIURA,PASTURE_FALLOW,2005,3.71538680989
7_5359410_079958,ANNUAL,low,0.2554,PIURA,PASTURE_FALLOW,2005,0.408470948636
7_5359410_079965,ANNUAL,medium,0.28,PIURA,PASTURE_FALLOW,2005,1.37539785806
7_5359410_079968,ANNUAL,low,0.35,PIURA,PASTURE_FALLOW,2005,1.00893127115
7_5359410_079977,ANNUAL,medium,0.08,PIURA,PASTURE_FALLOW,2005,0.339221078669
7_5359410_079992,ANNUAL,medium,0.52,PIURA,PASTURE_FALLOW,2005,0.168902768059
7_5359410_080001,ANNUAL,medium,0.53,PIURA,PASTURE_FALLOW,2005,1.17902258706
7_5359410_080296,ANNUAL,medium,0.76,PIURA,ANNUAL,2005,0.165937624675
7_5359410_080298,ANNUAL,high,0.58,PIURA,ANNUAL,2005,0.155599186299
7_5359410_080302,PERENNIAL,low,1.3599999999999999,PIURA,ANNUAL,2005,0.110371546239
7_5359410_080305,PERENNIAL,medium,0.12,PIURA,ANNUAL,2005,0.117598165332
7_5359410_080336,ANNUAL,low,0.1,PIURA,ANNUAL,2005,0.107615582007
7_5359410_080396,ANNUAL,high,0.9,PIURA,ANNUAL,2005,0.239859686031
7_5359410_080739,ANNUAL,medium,9.25,PIURA,ANNUAL,2006,0.294287687343
7_5359410_080740,ANNUAL,medium,1.2000000000000002,PIURA,ANNUAL,2006,0.766824627355
7_5359410_10361,ANNUAL,medium,1.2,PIURA,ANNUAL,1998,1.16022778492
7_5359410_10362,ANNUAL,medium,0.75,PIURA,ANNUAL,1998,1.0679572177
7_5359410_10367,ANNUAL,medium,0.4,PIURA,ANNUAL,1998,0.387440818537
7_5359410_10385,PERENNIAL,low,1.94,PIURA,ANNUAL,2001,0.56636539524
7_5359410_10399,ANNUAL,low,0.5,PIURA,ANNUAL,1998,0.15095039117
7_5359410_17356,ANNUAL,high,2.0,PIURA,ANNUAL,1998,0.382616197484
7_5359410_17374,ANNUAL,high,2.59,PIURA,ANNUAL,1998,0.624055165865
7_5359410_17382,ANNUAL,medium,0.8320000000000001,PIURA,ANNUAL,1998,0.101843509516
7_5359410_17383,PASTURE_FALLOW,medium,0.15,PIURA,ANNUAL,1998,0.133315277258
7_5359410_17385,ANNUAL,low,0.0934,PIURA,ANNUAL,1998,0.0929555398943
7_5359410_17442,ANNUAL,medium,3.5,PIURA,ANNUAL,1998,0.208202353368
7_5359410_17443,ANNUAL,medium,0.3,PIURA,ANNUAL,1998,0.257337609632
7_5359410_17444,ANNUAL,medium,2.35,PIURA,ANNUAL,1998,0.268751035871
7_5359410_17475,ANNUAL,medium,3.5,PIURA,ANNUAL,1998,0.59331092986
7_5359410_17495,ANNUAL,medium,1.35,PIURA,ANNUAL,1998,0.40828078604
7_5359410_17519,ANNUAL,medium,1.98,PIURA,ANNUAL,1998,0.55088315366
7_5359410_17537,ANNUAL,medium,2.3899999999999997,PIURA,ANNUAL,1998,0.23997616819
7_5359410_17546,ANNUAL,medium,2.52,PIURA,ANNUAL,1998,0.27040908918
7_5359410_17558,ANNUAL,medium,2.9,PIURA,ANNUAL,1998,0.21854445084
7_5359410_17563,ANNUAL,low,3.51,PIURA,PASTURE_FALLOW,1998,0.2389793418
7_5359410_17618,ANNUAL,medium,1.75,PIURA,ANNUAL,1998,0.22382150622
7_5359410_17661,ANNUAL,low,0.16,PIURA,ANNUAL,1998,0.23356493127
7_5359410_17680,ANNUAL,medium,1.25,PIURA,ANNUAL,1998,0.24874680078
7_5359410_17692,ANNUAL,medium,4.25,PIURA,ANNUAL,1998,0.18484433563
7_5359410_17696,ANNUAL,medium,1.0,PIURA,ANNUAL,1998,0.28213529575
7_5359410_17699,ANNUAL,medium,0.25,PIURA,ANNUAL,1998,0.25849202946
7_5359410_17746,ANNUAL,medium,0.5,PIURA,ANNUAL,1998,0.410634179711
7_5359410_18401,ANNUAL,medium,1.98,PIURA,PASTURE_FALLOW,1998,0.49902263177
7_5359410_18410,ANNUAL,medium,1.5,PIURA,PASTURE_FALLOW,1998,0.62606830138
7_5359410_18423,ANNUAL,low,0.5,PIURA,ANNUAL,1998,0.57678084304
7_5359410_18441,ANNUAL,medium,3.2,PIURA,ANNUAL,1998,0.64178920916
7_5359410_18490,ANNUAL,medium,1.65,PIURA,PASTURE_FALLOW,1998,0.33075012775
7_5359410_18498,ANNUAL,low,1.5,PIURA,PASTURE_FALLOW,1998,0.439617160892
7_5359410_18524,ANNUAL,high,0.64,PIURA,ANNUAL,1998,0.182093360582
7_5359410_18529,ANNUAL,medium,0.6100000000000001,PIURA,PASTURE_FALLOW,1998,0.568493457893
7_5359410_18614,PERENNIAL,high,2.672,PIURA,ANNUAL,1998,0.69154395073
7_5359410_18615,PERENNIAL,medium,0.25,PIURA,ANNUAL,1998,0.73234388577
7_5359410_18616,PERENNIAL,medium,0.15000000000000002,PIURA,ANNUAL,1998,0.79448702602
7_5359410_18618,PERENNIAL,high,0.5,PIURA,ANNUAL,1998,0.20601939567
7_5359410_18619,PERENNIAL,high,0.2,PIURA,ANNUAL,1998,0.80922136968
7_5359410_18626,ANNUAL,high,0.19,PIURA,ANNUAL,1998,0.166409046831
7_5359410_18627,ANNUAL,medium,0.36,PIURA,ANNUAL,1998,0.124176919574
7_5359410_18630,ANNUAL,medium,0.73,PIURA,PASTURE_FALLOW,1998,0.11486133414
7_5359410_18651,ANNUAL,medium,1.32,PIURA,ANNUAL,1998,0.137278159558
7_5359410_18654,ANNUAL,medium,0.2,PIURA,PASTURE_FALLOW,1998,0.145033895236
7_5359410_18670,ANNUAL,low,13.52,PIURA,ANNUAL,1998,0.44606492588
7_5359410_18679,ANNUAL,medium,0.2,PIURA,ANNUAL,1998,0.28403579742
7_5359410_18680,ANNUAL,medium,0.47000000000000003,PIURA,ANNUAL,1998,0.48999813936
7_5359410_18685,ANNUAL,medium,0.3,PIURA,ANNUAL,1998,1.12662754022
7_5359410_18693,ANNUAL,medium,1.61,PIURA,ANNUAL,2003,0.11559666566
7_5359410_18718,ANNUAL,medium,0.66,PIURA,ANNUAL,1998,0.281764553439
7_5359410_18780,ANNUAL,medium,1.15,PIURA,PASTURE_FALLOW,1998,0.110403495725
7_5359410_18793,PERENNIAL,low,1.0,PIURA,PASTURE_FALLOW,1998,0.194624392294
7_5359410_18795,PERENNIAL,low,6.5,PIURA,PASTURE_FALLOW,1998,0.161442448837
7_5359410_19614,ANNUAL,medium,0.5,PIURA,ANNUAL,1998,0.257556925742
7_5359410_19618,ANNUAL,medium,0.22,PIURA,ANNUAL,1998,0.144650482304
7_5359410_19649,ANNUAL,medium,1.1300000000000001,PIURA,ANNUAL,1998,0.216958452663
7_5359410_19667,ANNUAL,medium,3.3,PIURA,ANNUAL,1998,0.16478508404
7_5359410_19693,ANNUAL,medium,2.5700000000000003,PIURA,ANNUAL,1998,0.18101507165
7_5359410_19694,ANNUAL,medium,0.6,PIURA,ANNUAL,1998,0.19551566316
7_5359410_19709,ANNUAL,low,0.05,PIURA,ANNUAL,1998,0.33873929398
7_5359410_19766,ANNUAL,medium,2.6,PIURA,ANNUAL,1998,0.42455904751
7_5359410_19781,ANNUAL,medium,0.71,PIURA,ANNUAL,1998,0.0937637865656
7_5359410_19792,ANNUAL,medium,1.5,PIURA,ANNUAL,1998,0.103735984005
7_5359410_19803,ANNUAL,medium,1.41,PIURA,ANNUAL,1998,0.17586857025
7_5359410_19872,ANNUAL,medium,0.13,PIURA,ANNUAL,1998,0.64719969442
7_5359410_19876,ANNUAL,medium,2.88,PIURA,ANNUAL,1998,0.09386152082
7_5359410_25010,ANNUAL,medium,2.5700000000000003,PIURA,ANNUAL,1998,0.284243279602
7_5359410_25018,ANNUAL,medium,5.0,PIURA,ANNUAL,1998,0.358387772204
7_5359410_28004,ANNUAL,low,0.048,PIURA,ANNUAL,2003,0.457763323536
7_5359410_28025,ANNUAL,low,1.5,PIURA,ANNUAL,1998,0.44943636508
7_5359410_28036,PERENNIAL,medium,0.44,PIURA,ANNUAL,1998,0.557051797727
7_5359410_28056,ANNUAL,medium,0.17,PIURA,ANNUAL,1998,0.35247210058
7_5359410_28067,ANNUAL,medium,0.94,PIURA,ANNUAL,1998,0.1696874672
7_5359410_28169,ANNUAL,medium,0.5700000000000001,PIURA,ANNUAL,2003,0.24378324396
7_5359410_28213,ANNUAL,medium,0.1,PIURA,ANNUAL,1998,0.368264720802
7_5359410_28221,ANNUAL,high,2.6999999999999997,PIURA,ANNUAL,1998,0.323538116193
7_5359410_28225,ANNUAL,low,2.3,PIURA,ANNUAL,1998,0.628996244268
7_5359410_28228,ANNUAL,medium,1.0,PIURA,ANNUAL,1998,0.602363207094
7_5359410_28240,ANNUAL,medium,1.5,PIURA,ANNUAL,1998,0.510156444775
7_5359410_28241,ANNUAL,medium,3.0,PIURA,ANNUAL,1998,1.51544503891
7_5359410_28244,ANNUAL,medium,4.35,PIURA,ANNUAL,1998,0.624549300216
7_5359410_28255,ANNUAL,medium,3.35,PIURA,ANNUAL,1998,2.2362339635
7_5359410_28260,PERENNIAL,low,12.0,PIURA,ANNUAL,1998,1.00383620546
7_5359410_28267,ANNUAL,medium,3.29,PIURA,ANNUAL,1998,0.38696370232
7_5359410_28268,ANNUAL,medium,1.04,PIURA,ANNUAL,1998,0.374309386108
7_5359410_28271,ANNUAL,medium,4.2,PIURA,ANNUAL,1998,0.379564647643
7_5359410_28283,ANNUAL,medium,2.6,PIURA,ANNUAL,1998,2.17200396555
7_5359410_28300,ANNUAL,medium,3.0,PIURA,ANNUAL,1998,2.13020336145
7_5359410_28311,ANNUAL,medium,1.0,PIURA,ANNUAL,1998,0.494271190618
7_5359410_28318,PERENNIAL,low,3.5,PIURA,ANNUAL,1998,1.18196325753
7_5359410_28334,ANNUAL,medium,0.52,PIURA,ANNUAL,1998,0.126488395316
7_5359410_28350,PERENNIAL,low,1.0,PIURA,ANNUAL,1998,0.206862777093
7_5359410_28364,ANNUAL,medium,0.3,PIURA,ANNUAL,1998,0.139223899697
7_5359410_28368,ANNUAL,high,0.66,PIURA,ANNUAL,1998,0.223824377847
7_5359410_28511,ANNUAL,low,3.75,PIURA,ANNUAL,1998,0.097053359214
7_5359410_28586,ANNUAL,high,0.1,PIURA,ANNUAL,1998,0.0966965322962
7_5359410_28631,ANNUAL,medium,1.0,PIURA,ANNUAL,1998,0.27196945977
7_5359410_28668,ANNUAL,medium,2.5,PIURA,ANNUAL,1998,1.02419037049
7_5359410_29214,ANNUAL,medium,1.5,PIURA,ANNUAL,1998,0.222570275258
7_5359410_29217,ANNUAL,medium,1.5,PIURA,ANNUAL,1998,0.871971301866
7_5359410_29220,ANNUAL,medium,1.63,PIURA,ANNUAL,1998,0.96915714071
7_5359410_29224,ANNUAL,medium,2.0,PIURA,ANNUAL,1998,0.996865794587
7_5359410_29228,ANNUAL,medium,6.25,PIURA,ANNUAL,1998,0.890101634428
7_5359410_29238,ANNUAL,medium,0.75,PIURA,ANNUAL,1998,1.07387257253
7_5359410_29250,ANNUAL,medium,2.21,PIURA,ANNUAL,1998,0.250862221632
7_5359410_29254,PERENNIAL,low,13.469999999999999,PIURA,ANNUAL,1998,0.972938610824
7_5359410_29258,ANNUAL,medium,1.64,PIURA,ANNUAL,1998,0.379173342624
7_5359410_29276,PERENNIAL,medium,5.02,PIURA,ANNUAL,1998,0.130648940727
7_5359410_29283,ANNUAL,low,1.47,PIURA,ANNUAL,1998,0.323160233134
7_5359410_29286,ANNUAL,medium,1.0,PIURA,ANNUAL,1998,0.327307791024
7_5359410_29288,ANNUAL,medium,1.7000000000000002,PIURA,ANNUAL,1998,0.302325183258
7_5359410_29347,ANNUAL,medium,2.5,PIURA,ANNUAL,1998,0.147754095787
7_5359410_29351,ANNUAL,medium,3.48,PIURA,ANNUAL,1998,0.717704568379
7_5359410_29356,ANNUAL,medium,1.85,PIURA,ANNUAL,1998,0.58898667076
7_5359410_29365,ANNUAL,medium,1.6,PIURA,ANNUAL,1998,0.65789682231
7_5359410_29366,ANNUAL,medium,1.79,PIURA,ANNUAL,1998,0.800826765904
7_5359410_29367,ANNUAL,medium,1.56,PIURA,ANNUAL,1998,0.841397985548
7_5359410_29369,ANNUAL,medium,1.49,PIURA,ANNUAL,1998,0.949893071373
7_5359410_29608,ANNUAL,medium,1.46,PIURA,ANNUAL,1998,0.69894301732
7_5359410_29615,ANNUAL,low,1.25,PIURA,ANNUAL,1998,0.15632327062
7_5359410_29627,ANNUAL,medium,0.44999999999999996,PIURA,ANNUAL,1998,0.32872765977
7_5359410_29640,ANNUAL,medium,0.29,PIURA,ANNUAL,1998,0.33138002713
7_5359410_33030,ANNUAL,medium,1.05,PIURA,ANNUAL,1998,0.616804730445
7_5359410_33044,ANNUAL,medium,0.5,PIURA,ANNUAL,1998,0.410608392082
7_5359410_33049,ANNUAL,medium,2.0,PIURA,ANNUAL,1998,0.77021135944
7_5359410_33052,ANNUAL,medium,1.68,PIURA,ANNUAL,1998,0.759019105341
7_5359410_33075,ANNUAL,medium,0.1,PIURA,ANNUAL,1998,0.12018813496
7_5359410_33096,ANNUAL,medium,0.6100000000000001,PIURA,PASTURE_FALLOW,1998,0.25800099959
7_5359410_33106,ANNUAL,medium,1.94,PIURA,ANNUAL,1998,0.18928264346
7_5359410_33110,ANNUAL,low,3.15,PIURA,ANNUAL,1998,0.20652327817
7_5359410_33136,ANNUAL,medium,1.9500000000000002,PIURA,ANNUAL,1998,0.21905335477
7_5359410_33142,ANNUAL,medium,0.75,PIURA,ANNUAL,1998,0.21586413154
7_5359410_33147,ANNUAL,low,1.0,PIURA,ANNUAL,1998,0.2254660481
7_5359410_33151,ANNUAL,medium,1.75,PIURA,ANNUAL,1998,0.65323001889
7_5359410_33307,ANNUAL,medium,0.12,PIURA,ANNUAL,1998,0.0926502477853
7_5359410_33310,ANNUAL,high,0.17,PIURA,ANNUAL,1998,0.104863286968
7_5359410_33330,ANNUAL,high,0.31,PIURA,ANNUAL,1998,0.139612883438
7_5359410_33332,ANNUAL,medium,0.5,PIURA,ANNUAL,1998,0.28358258396
7_5359410_33361,ANNUAL,medium,2.35,PIURA,ANNUAL,1998,0.236807650262
7_5359410_33362,ANNUAL,medium,0.05,PIURA,ANNUAL,1998,0.304584942553
7_5359410_33383,ANNUAL,medium,2.05,PIURA,ANNUAL,1998,0.272060675429
7_5359410_33390,ANNUAL,medium,1.3,PIURA,PASTURE_FALLOW,1998,0.524305142722
7_5359410_33477,ANNUAL,medium,1.9,PIURA,ANNUAL,1998,0.258205046058
7_5359410_33479,ANNUAL,medium,1.04,PIURA,ANNUAL,1998,0.256263424201
7_5359410_33511,ANNUAL,medium,1.71,PIURA,ANNUAL,1998,0.250669166793
7_5359410_33527,ANNUAL,medium,2.45,PIURA,PASTURE_FALLOW,1998,0.217944188962
7_5359410_33550,PERENNIAL,medium,0.5800000000000001,PIURA,PERENNIAL,1998,0.116434874934
7_5359410_33555,ANNUAL,high,0.3,PIURA,ANNUAL,1998,0.299335854842
7_5359410_33562,ANNUAL,medium,0.39,PIURA,PASTURE_FALLOW,1998,0.259625595465
7_5359410_33563,PERENNIAL,medium,0.30000000000000004,PIURA,PASTURE_FALLOW,1998,0.181203069833
7_5359410_33566,ANNUAL,high,0.36,PIURA,PASTURE_FALLOW,1998,0.149731353155
7_5359410_33615,ANNUAL,medium,0.3,PIURA,PASTURE_FALLOW,1998,0.117955648058
7_5359410_33643,ANNUAL,medium,1.04,PIURA,PASTURE_FALLOW,1998,0.369933497818
7_5359410_33646,ANNUAL,medium,0.6,PIURA,PASTURE_FALLOW,1998,0.398667932496
7_5359410_33647,PERENNIAL,low,1.24,PIURA,PASTURE_FALLOW,1998,0.223054266455
7_5359410_33648,ANNUAL,low,3.0,PIURA,PASTURE_FALLOW,1998,0.0921687757187
7_5359410_33667,PERENNIAL,medium,1.4,PIURA,PASTURE_FALLOW,1998,0.272211936038
7_5359410_33672,ANNUAL,high,0.05,PIURA,ANNUAL,1998,0.102585702973
7_5359410_33676,ANNUAL,medium,0.2,PIURA,PASTURE_FALLOW,1998,0.171844327759
7_5359410_33678,ANNUAL,medium,0.30000000000000004,PIURA,PASTURE_FALLOW,1998,0.248929793296
7_5359410_33697,ANNUAL,medium,1.5,PIURA,PASTURE_FALLOW,1998,0.190139106429
7_5359410_33698,ANNUAL,high,2.5600000000000005,PIURA,PASTURE_FALLOW,1998,0.152980880008
7_5359410_35748,ANNUAL,medium,0.75,PIURA,ANNUAL,1998,0.12104436496
7_5359410_38357,ANNUAL,medium,0.5,PIURA,ANNUAL,2003,0.153230676534
7_5359410_38358,ANNUAL,medium,0.44,PIURA,ANNUAL,1998,0.224676745719
7_5359410_42406,ANNUAL,medium,2.7,PIURA,ANNUAL,1998,0.104029682526
7_5359410_42407,ANNUAL,medium,2.0,PIURA,ANNUAL,1998,0.119379889515
7_5359410_42419,ANNUAL,low,12.0,PIURA,ANNUAL,1998,0.107336577482
7_5359410_42420,ANNUAL,medium,2.1999999999999997,PIURA,ANNUAL,1998,0.0962464067002
7_5359410_42422,ANNUAL,medium,1.0,PIURA,ANNUAL,1998,0.110507545651
7_5359410_42426,ANNUAL,medium,2.7,PIURA,ANNUAL,1998,0.113723342087
7_5359410_42453,ANNUAL,medium,2.36,PIURA,ANNUAL,1998,0.223308807263
7_5359410_42460,ANNUAL,medium,2.4,PIURA,PASTURE_FALLOW,1998,0.719085757532
7_5359410_42462,ANNUAL,medium,2.43,PIURA,ANNUAL,1998,0.499511367066
7_5359410_42470,ANNUAL,medium,1.94,PIURA,ANNUAL,1998,0.512046964169
7_5359410_42475,ANNUAL,medium,1.0,PIURA,ANNUAL,1998,0.472095983945
7_5359410_42478,ANNUAL,medium,5.98,PIURA,ANNUAL,1998,0.496536364543
7_5359410_42488,ANNUAL,medium,0.88,PIURA,ANNUAL,1998,0.276310702059
7_5359410_42489,ANNUAL,medium,2.41,PIURA,ANNUAL,1998,0.264002472247
7_5359410_42493,ANNUAL,medium,1.6400000000000001,PIURA,ANNUAL,1998,0.260361395532
7_5359410_42495,ANNUAL,medium,1.99,PIURA,ANNUAL,1998,0.201769725147
7_5359410_42496,ANNUAL,medium,2.0700000000000003,PIURA,ANNUAL,1998,0.13864657346
7_5359410_42499,ANNUAL,medium,1.8599999999999999,PIURA,ANNUAL,1998,0.266511046761
7_5359410_42518,ANNUAL,medium,1.67,PIURA,ANNUAL,1998,0.889111654696
7_5359410_42519,ANNUAL,medium,0.75,PIURA,PASTURE_FALLOW,1998,0.93684116929
7_5359410_42529,ANNUAL,medium,1.5,PIURA,ANNUAL,1998,0.369349938993
7_5359410_42592,ANNUAL,high,0.48,PIURA,ANNUAL,1998,0.103922516742
7_5359410_42593,ANNUAL,low,2.85,PIURA,PASTURE_FALLOW,1998,0.319339194314
7_5359410_42598,ANNUAL,high,0.4,PIURA,ANNUAL,1998,0.0959727356566
7_5359410_44121,ANNUAL,high,0.64,PIURA,ANNUAL,2003,0.16698656596
7_5359410_44203,ANNUAL,low,0.63,PIURA,ANNUAL,2003,0.166658619611
7_5359410_44215,ANNUAL,medium,0.28,PIURA,PASTURE_FALLOW,2003,0.149377994216
7_5359410_44509,PERENNIAL,medium,0.65,PIURA,ANNUAL,1998,0.206384711325
7_5359410_44896,ANNUAL,low,0.32999999999999996,PIURA,ANNUAL,1998,0.161858881443
7_5359410_44903,ANNUAL,medium,1.0,PIURA,ANNUAL,1998,0.236434347951
7_5359410_44919,ANNUAL,medium,0.05,PIURA,ANNUAL,1998,0.171638591096
7_5359410_44922,ANNUAL,high,2.0,PIURA,ANNUAL,1998,2.3783601558
7_5359410_46119,ANNUAL,medium,0.39,PIURA,ANNUAL,2003,0.105673844009
7_5359410_46183,PERENNIAL,medium,0.25,PIURA,ANNUAL,2003,0.106193562672
7_5359410_46257,ANNUAL,medium,0.089,PIURA,ANNUAL,2003,0.0989199260017
7_5359410_46330,ANNUAL,high,0.1,PIURA,ANNUAL,2003,0.0982276018395
7_5359410_46336,ANNUAL,medium,0.22,PIURA,ANNUAL,1998,0.225032920824
7_5359410_46347,ANNUAL,low,0.38,PIURA,ANNUAL,1998,0.205257440266
7_5359410_46392,PERENNIAL,medium,0.74,PIURA,ANNUAL,2003,0.319939731278
7_5359410_46511,ANNUAL,medium,1.75,PIURA,ANNUAL,2003,0.178318046649
7_5359410_46512,ANNUAL,medium,4.25,PIURA,ANNUAL,2003,0.191838683018
7_5359410_46513,ANNUAL,medium,0.6,PIURA,ANNUAL,2003,0.125699515051
7_5359410_47784,PERENNIAL,medium,0.6000000000000001,PIURA,ANNUAL,2003,0.293274291372
7_5359410_47924,ANNUAL,medium,1.98,PIURA,PASTURE_FALLOW,1998,0.124664062288
7_5359410_47925,ANNUAL,medium,0.5,PIURA,ANNUAL,1998,0.112487077955
7_5359410_77012,ANNUAL,medium,1.4000000000000001,PIURA,ANNUAL,2003,0.134106348247
7_5359410_77013,ANNUAL,medium,0.07,PIURA,ANNUAL,2003,0.19368344055
7_5359410_77035,PERENNIAL,medium,1.71,PIURA,ANNUAL,2003,0.300869992645
7_5359410_77038,ANNUAL,medium,0.75,PIURA,ANNUAL,2003,0.434338801906
7_5359410_77040,ANNUAL,high,0.17,PIURA,PASTURE_FALLOW,2003,0.176394895968
7_5359410_77041,ANNUAL,high,0.17,PIURA,PASTURE_FALLOW,2003,0.183366815081
7_5359410_77054,PERENNIAL,medium,1.6800000000000002,PIURA,PASTURE_FALLOW,2003,0.680863849137
7_5359410_77146,ANNUAL,medium,0.26,PIURA,ANNUAL,2003,0.0909422190904
7_5359410_77164,ANNUAL,medium,0.44000000000000006,PIURA,ANNUAL,2003,0.0954075362149
7_5359410_77364,ANNUAL,high,0.67,PIURA,PERENNIAL,2001,0.138496222103
7_5359410_77409,PERENNIAL,medium,1.59,PIURA,ANNUAL,2003,0.13147294571
7_5359410_77410,ANNUAL,high,0.3276,PIURA,ANNUAL,2003,0.10860599845
7_5359410_77417,ANNUAL,medium,1.23,PIURA,ANNUAL,2003,0.346034146536
7_5359410_77566,ANNUAL,low,0.51,PIURA,ANNUAL,2003,0.092431108423
7_5359410_77568,ANNUAL,low,0.52,PIURA,ANNUAL,2003,0.155483060297
7_5359410_77582,ANNUAL,high,0.25,PIURA,ANNUAL,2003,0.270123695416
7_5359410_77586,ANNUAL,medium,1.05,PIURA,ANNUAL,2003,0.369340495782
7_5359410_77591,ANNUAL,medium,0.2,PIURA,ANNUAL,2003,0.113501785438
7_5359410_77594,ANNUAL,high,0.58,PIURA,ANNUAL,2003,0.243096651282
7_5359410_77597,ANNUAL,medium,3.5,PIURA,ANNUAL,2003,0.09177223424
7_5359410_77604,ANNUAL,high,3.09,PIURA,ANNUAL,2003,0.11050517572
7_5359410_77706,ANNUAL,high,0.1,PIURA,ANNUAL,2003,0.13549335265
7_5359410_77736,PERENNIAL,medium,0.71,PIURA,ANNUAL,2003,0.169839875984
7_5359410_77766,ANNUAL,medium,0.17,PIURA,ANNUAL,2003,0.260934914543
7_5359410_77770,ANNUAL,high,0.2,PIURA,ANNUAL,2003,0.218306348552
7_5359410_77776,ANNUAL,medium,1.56,PIURA,ANNUAL,2003,0.113332507675
7_5359410_77785,ANNUAL,medium,2.0,PIURA,ANNUAL,2003,0.146973177328
7_5359410_78028,ANNUAL,medium,2.0,PIURA,ANNUAL,2003,0.211536567138
7_5359410_78061,ANNUAL,medium,0.63,PIURA,ANNUAL,2003,0.185758640863
7_5359410_78066,ANNUAL,medium,1.02,PIURA,ANNUAL,2003,0.386561319306
7_5359410_78076,ANNUAL,medium,0.4,PIURA,ANNUAL,2003,0.204944010834
7_5359410_78083,ANNUAL,medium,0.9600000000000001,PIURA,ANNUAL,2003,0.196370478467
7_5359410_78089,ANNUAL,high,0.45999999999999996,PIURA,ANNUAL,2003,0.309529958677
7_5359410_78094,PERENNIAL,medium,0.67,PIURA,ANNUAL,2003,0.183466015453
7_5359410_78102,ANNUAL,medium,1.75,PIURA,ANNUAL,2003,0.131775339846
7_5359410_78109,ANNUAL,low,1.2324,PIURA,ANNUAL,2003,0.193822452076
7_5359410_78120,ANNUAL,low,1.75,PIURA,ANNUAL,2003,0.171003249635
7_5359410_78125,ANNUAL,high,0.58,PIURA,ANNUAL,2003,0.210483692491
7_5359410_78189,ANNUAL,medium,0.72,PIURA,ANNUAL,2003,0.126946313318
7_5359410_78190,ANNUAL,medium,0.53,PIURA,ANNUAL,2003,0.177485012611
7_5359410_78267,ANNUAL,medium,0.2,PIURA,ANNUAL,2003,0.158536924025
7_5359410_78275,ANNUAL,medium,0.7,PIURA,ANNUAL,2003,0.244880582263
7_5359410_78284,ANNUAL,medium,0.2,PIURA,ANNUAL,2003,0.233436159278
7_5359410_78286,ANNUAL,medium,0.16,PIURA,ANNUAL,2003,0.0998125673719
7_5359415_00027,ANNUAL,medium,0.25,PIURA,ANNUAL,1998,1.41204490808
7_5359415_00036,ANNUAL,medium,0.35,PIURA,ANNUAL,1998,0.781107096108
7_5359415_00054,ANNUAL,medium,7.5,PIURA,PASTURE_FALLOW,1998,0.282722352272
7_5359415_00055,ANNUAL,medium,0.6,PIURA,ANNUAL,1998,0.740249738319
7_5359415_00056,ANNUAL,high,1.0499999999999998,PIURA,ANNUAL,1998,0.714182141499
7_5359415_00061,ANNUAL,medium,2.8,PIURA,ANNUAL,1998,0.443546804411
7_5359415_00064,ANNUAL,medium,0.55,PIURA,PASTURE_FALLOW,1998,1.22895422432
7_5359415_00083,ANNUAL,medium,1.4,PIURA,ANNUAL,1998,0.306508779315
7_5359415_00086,PERENNIAL,low,1.5,PIURA,ANNUAL,1998,0.407592391585
7_5359415_00107,ANNUAL,medium,2.7,PIURA,PASTURE_FALLOW,1998,0.134124594568
7_5359415_00112,ANNUAL,high,2.7,PIURA,PASTURE_FALLOW,1998,0.13546652926
7_5359415_00139,ANNUAL,medium,3.3000000000000003,PIURA,ANNUAL,1998,0.115683890294
7_5359415_00162,ANNUAL,low,1.0,PIURA,PASTURE_FALLOW,1998,0.103242805126
7_5359415_00165,ANNUAL,medium,6.0,PIURA,PASTURE_FALLOW,1998,0.103228727846
7_5359415_00175,ANNUAL,low,0.62,PIURA,ANNUAL,1998,0.106337820882
7_5359415_00247,ANNUAL,medium,1.21,PIURA,PASTURE_FALLOW,1998,0.238423135435
7_5359415_00248,ANNUAL,medium,0.3329,PIURA,ANNUAL,1998,0.22835858819
7_5359415_00263,ANNUAL,low,0.5,PIURA,PASTURE_FALLOW,1998,0.192655605678
7_5359415_00264,ANNUAL,medium,2.7600000000000002,PIURA,PASTURE_FALLOW,1998,0.134416316153
7_5359415_00266,ANNUAL,medium,3.5134,PIURA,ANNUAL,1998,0.106855829087
7_5359415_00281,ANNUAL,medium,0.5700000000000001,PIURA,ANNUAL,1998,0.280001939736
7_5359415_00283,ANNUAL,medium,2.08,PIURA,ANNUAL,1998,1.30964344073
7_5359415_00305,ANNUAL,low,0.48,PIURA,ANNUAL,1998,1.38442927647
7_5359415_00341,ANNUAL,medium,3.5,PIURA,ANNUAL,1998,1.08234023834
7_5359415_00358,PERENNIAL,low,0.5,PIURA,ANNUAL,1998,1.51693195619
7_5359415_00386,ANNUAL,medium,5.0,PIURA,ANNUAL,1998,0.61605034014
7_5359415_00402,ANNUAL,medium,2.7,PIURA,ANNUAL,1998,0.630830950195
7_5359415_00439,ANNUAL,medium,2.1,PIURA,ANNUAL,1998,0.404330696268
7_5359415_00443,ANNUAL,medium,10.4,PIURA,ANNUAL,1998,1.41122988504
7_5359415_00462,ANNUAL,high,1.7,PIURA,ANNUAL,1998,1.38711731005
7_5359415_00465,ANNUAL,medium,2.7,PIURA,ANNUAL,1998,1.67675521867
7_5359415_00475,ANNUAL,medium,1.7,PIURA,ANNUAL,1998,0.147035997872
7_5359415_00493,PERENNIAL,medium,1.4,PIURA,ANNUAL,1998,0.62045766951
7_5359415_00496,ANNUAL,medium,3.43,PIURA,ANNUAL,1998,0.480858548893
7_5359415_00503,ANNUAL,medium,0.8567,PIURA,ANNUAL,1998,0.327587429469
7_5359415_00505,ANNUAL,medium,0.08,PIURA,ANNUAL,1998,0.336216135779
7_5359415_00520,ANNUAL,medium,2.0,PIURA,ANNUAL,1998,0.157595185436
7_5359415_00550,ANNUAL,low,0.25,PIURA,ANNUAL,1998,0.257863253449
7_5359415_00551,ANNUAL,medium,1.1,PIURA,ANNUAL,1998,0.158971171641
7_5359415_00555,ANNUAL,medium,0.525,PIURA,ANNUAL,1998,0.186034589159
7_5359415_00571,ANNUAL,medium,0.75,PIURA,ANNUAL,1998,0.0928913457624
7_5359415_00585,ANNUAL,medium,0.852,PIURA,ANNUAL,1998,0.103211475424
7_5359415_00605,ANNUAL,high,1.0,PIURA,ANNUAL,1998,1.0711516899
7_5359415_00607,ANNUAL,medium,2.8,PIURA,ANNUAL,1998,1.03947338031
7_5359415_00621,ANNUAL,medium,1.4,PIURA,ANNUAL,1998,0.615935840004
7_5359415_00630,ANNUAL,medium,1.1,PIURA,ANNUAL,1998,0.20865928406
7_5359415_00643,ANNUAL,medium,1.0,PIURA,ANNUAL,1998,0.818629274398
7_5359415_00657,ANNUAL,high,1.0,PIURA,ANNUAL,1998,0.764436895513
7_5359415_00660,ANNUAL,medium,5.55,PIURA,ANNUAL,1998,0.616793759386
7_5359415_00680,ANNUAL,medium,0.7,PIURA,ANNUAL,1998,0.125134735792
7_5359415_00699,ANNUAL,medium,0.7,PIURA,ANNUAL,1998,0.74535065958
7_5359415_00773,ANNUAL,medium,1.5,PIURA,ANNUAL,1998,1.1198838042
7_5359415_00805,ANNUAL,medium,1.8,PIURA,ANNUAL,1998,0.229293434518
7_5359415_00809,ANNUAL,medium,4.5,PIURA,ANNUAL,1998,0.446124055158
7_5359415_00816,ANNUAL,medium,1.1,PIURA,ANNUAL,1998,0.761823030892
7_5359415_00817,ANNUAL,medium,0.8400000000000001,PIURA,ANNUAL,1998,0.115374995152
7_5359415_00830,ANNUAL,medium,1.8,PIURA,ANNUAL,1998,0.103286390291
7_5359415_00831,ANNUAL,medium,2.5900000000000003,PIURA,ANNUAL,1998,0.259500786281
7_5359415_00833,ANNUAL,medium,3.6100000000000003,PIURA,ANNUAL,1998,0.459008470368
7_5359415_00835,ANNUAL,medium,7.42,PIURA,ANNUAL,1998,1.06360393467
7_5359415_00838,ANNUAL,high,1.44,PIURA,ANNUAL,1998,2.03632448616
7_5359415_00866,ANNUAL,low,0.11499999999999999,PIURA,ANNUAL,1998,0.333936788417
7_5359415_00871,ANNUAL,medium,0.8,PIURA,ANNUAL,1998,0.567769815309
7_5359415_00888,ANNUAL,medium,5.6,PIURA,ANNUAL,1998,0.514759415262
7_5359415_00889,ANNUAL,low,0.1,PIURA,ANNUAL,1998,0.543655755262
7_5359415_00892,ANNUAL,medium,1.0,PIURA,ANNUAL,1998,0.540311523378
7_5359415_00894,ANNUAL,medium,1.15,PIURA,ANNUAL,1998,0.272073854955
7_5359415_00897,ANNUAL,medium,0.6,PIURA,ANNUAL,1998,0.335909606179
7_5359415_00902,ANNUAL,medium,0.81,PIURA,ANNUAL,1998,0.352882350135
7_5359415_00912,ANNUAL,medium,0.44999999999999996,PIURA,ANNUAL,1998,0.385182329785
7_5359415_00940,ANNUAL,high,1.4,PIURA,ANNUAL,1998,0.392965740279
7_5359415_00942,ANNUAL,low,1.36,PIURA,ANNUAL,1998,0.288390625022
7_5359415_00943,ANNUAL,medium,1.2,PIURA,ANNUAL,1998,0.701355409103
7_5359415_00961,ANNUAL,medium,0.95,PIURA,ANNUAL,1998,0.610095404664
7_5359415_00963,ANNUAL,medium,0.6,PIURA,ANNUAL,1998,0.29737064543
7_5359415_00964,PERENNIAL,low,1.15,PIURA,ANNUAL,1998,0.609908944419
7_5359415_00968,ANNUAL,low,0.55,PIURA,ANNUAL,1998,0.447897590799
7_5359415_00974,ANNUAL,medium,0.7,PIURA,ANNUAL,1998,0.661388690319
7_5359415_04288,ANNUAL,medium,3.9,PIURA,ANNUAL,1998,0.925745959954
7_5359415_04294,ANNUAL,medium,3.88,PIURA,ANNUAL,1998,0.245539350259
7_5359415_04334,ANNUAL,medium,0.12,PIURA,ANNUAL,1998,0.144301744518
7_5359415_04408,ANNUAL,medium,1.1,PIURA,ANNUAL,1998,0.293884971858
7_5359415_04419,ANNUAL,medium,0.43,PIURA,ANNUAL,1998,0.321007061486
7_5359415_04437,ANNUAL,medium,1.1400000000000001,PIURA,ANNUAL,1998,0.161495424886
7_5359415_04487,ANNUAL,medium,0.5387,PIURA,ANNUAL,1998,0.14738593362
7_5359415_04489,ANNUAL,medium,0.6502,PIURA,ANNUAL,1998,0.199419569509
7_5359415_04498,ANNUAL,medium,0.46,PIURA,ANNUAL,1998,0.173991560438
7_5359415_04501,ANNUAL,medium,0.8,PIURA,ANNUAL,1998,0.437764326414
7_5359415_04504,ANNUAL,medium,0.3385,PIURA,ANNUAL,1998,0.360770838621
7_5359415_04536,ANNUAL,high,1.0,PIURA,ANNUAL,1998,0.672864014713
7_5359415_04537,ANNUAL,medium,1.3,PIURA,ANNUAL,1998,0.719702755572
7_5359415_04559,ANNUAL,medium,0.675,PIURA,ANNUAL,1998,0.133668524864
7_5359415_04615,ANNUAL,medium,1.0,PIURA,ANNUAL,1998,0.196412569609
7_5359415_04622,PASTURE_FALLOW,high,0.27,PIURA,ANNUAL,1998,0.724197179857
7_5359415_04640,ANNUAL,medium,2.0,PIURA,ANNUAL,1998,1.0219442655
7_5359415_04648,ANNUAL,medium,10.799999999999999,PIURA,ANNUAL,1998,1.77403915368
7_5359415_04664,ANNUAL,medium,0.5,PIURA,ANNUAL,1998,0.450439934056
7_5359415_04669,ANNUAL,medium,1.5,PIURA,ANNUAL,1998,0.767544929756
7_5359415_04670,ANNUAL,medium,4.0,PIURA,ANNUAL,1998,0.489600319738
7_5359415_04690,ANNUAL,medium,2.8200000000000003,PIURA,ANNUAL,1998,0.159685405255
7_5359415_05226,ANNUAL,high,1.5,PIURA,ANNUAL,1998,0.264570920802
7_5359415_05228,ANNUAL,medium,0.8,PIURA,ANNUAL,1998,0.902706998665
7_5359415_05230,ANNUAL,low,1.0,PIURA,ANNUAL,1998,1.19527470506
7_5359415_05245,ANNUAL,medium,1.4,PIURA,ANNUAL,1998,1.21042911253
7_5359415_05266,ANNUAL,medium,1.7,PIURA,ANNUAL,1998,0.314257125573
7_5359415_05277,ANNUAL,medium,4.15,PIURA,ANNUAL,1998,0.921669314217
7_5359415_05366,ANNUAL,low,0.1,PIURA,ANNUAL,1998,0.613519904274
7_5359415_05373,ANNUAL,medium,2.5,PIURA,ANNUAL,1998,1.85281682878
7_5359415_05384,ANNUAL,medium,1.0,PIURA,ANNUAL,1998,2.81669212292
7_5359415_05901,ANNUAL,medium,0.4,PIURA,ANNUAL,1998,0.602514884121
7_5359415_06008,ANNUAL,low,1.5100000000000002,PIURA,ANNUAL,1998,0.277141503901
7_5359415_06026,ANNUAL,medium,3.8,PIURA,ANNUAL,1998,0.344858129329
7_5359415_06027,ANNUAL,medium,1.3,PIURA,ANNUAL,1998,0.310297319803
7_5359415_06035,ANNUAL,medium,1.8599999999999999,PIURA,ANNUAL,1998,1.97566426098
7_5359415_06176,ANNUAL,medium,3.0,PIURA,ANNUAL,1998,0.267846421565
7_5359415_06184,ANNUAL,medium,0.7,PIURA,ANNUAL,1998,1.45220134487
7_5359415_06220,ANNUAL,medium,1.0,PIURA,ANNUAL,1998,1.44617139921
7_5359415_06229,ANNUAL,medium,3.0,PIURA,ANNUAL,1998,0.470506880974
7_5359415_06233,ANNUAL,medium,2.55,PIURA,ANNUAL,1998,0.507823020001
7_5359415_06236,ANNUAL,medium,0.35,PIURA,ANNUAL,1998,2.07547031896
7_5359415_06238,ANNUAL,medium,0.7,PIURA,ANNUAL,1998,1.22849049115
7_5359415_06981,ANNUAL,low,0.75,PIURA,PASTURE_FALLOW,1998,0.136227949249
7_5359415_06983,ANNUAL,medium,0.5,PIURA,PASTURE_FALLOW,1998,0.119760278046
7_5359415_079516,ANNUAL,low,1.26,PIURA,ANNUAL,2005,0.488618826071
7_5359415_079518,ANNUAL,medium,3.59,PIURA,ANNUAL,2005,0.587874617961
7_5359415_079520,ANNUAL,medium,0.5,PIURA,ANNUAL,2005,0.59339593855
7_5359415_079522,ANNUAL,low,1.09,PIURA,ANNUAL,2005,0.545094346203
7_5359415_079523,ANNUAL,medium,1.0,PIURA,ANNUAL,2005,0.544072082583
7_5359415_079524,ANNUAL,low,0.2695,PIURA,ANNUAL,2005,0.597838295308
7_5359415_079535,ANNUAL,low,1.2,PIURA,ANNUAL,2005,0.132079748113
7_5359415_079536,ANNUAL,low,0.02,PIURA,ANNUAL,2005,0.198474653662
7_5359415_079537,ANNUAL,high,2.99,PIURA,ANNUAL,2005,0.543820432775
7_5359415_079541,ANNUAL,high,0.5,PIURA,ANNUAL,2005,0.576898332967
7_5359415_079542,ANNUAL,medium,1.15,PIURA,ANNUAL,2005,0.644362550603
7_5359415_079546,ANNUAL,high,2.4,PIURA,ANNUAL,2005,0.582037366269
7_5359415_079550,ANNUAL,medium,1.0,PIURA,ANNUAL,2005,0.606615548602
7_5359415_080437,PERENNIAL,high,0.5,PIURA,PERENNIAL,2006,1.43455152731
7_5359415_09089,PERENNIAL,medium,1.9529999999999998,PIURA,ANNUAL,1998,0.129723910582
7_5359415_09100,ANNUAL,high,1.38,PIURA,ANNUAL,1998,0.21820764171
7_5359415_09123,PERENNIAL,medium,1.8,PIURA,ANNUAL,1998,0.225456692045
7_5359415_09140,ANNUAL,medium,1.22,PIURA,ANNUAL,1998,0.24668975548
7_5359415_09142,ANNUAL,low,0.375,PIURA,ANNUAL,1998,0.25071342719
7_5359415_09164,ANNUAL,medium,5.719999999999999,PIURA,ANNUAL,1998,0.24768765481
7_5359415_09779,ANNUAL,medium,1.1,PIURA,ANNUAL,1998,1.03718881299
7_5359415_10741,ANNUAL,medium,0.18,PIURA,ANNUAL,1998,1.7105881145
7_5359415_10776,ANNUAL,medium,1.82,PIURA,ANNUAL,1998,0.202554676673
7_5359415_10805,ANNUAL,high,0.1,PIURA,ANNUAL,2001,2.38137330765
7_5359415_10959,ANNUAL,medium,1.0,PIURA,ANNUAL,1998,0.297795498626
7_5359415_10964,ANNUAL,low,0.48,PIURA,ANNUAL,1998,0.291359282502
7_5359415_10965,ANNUAL,medium,1.02,PIURA,ANNUAL,1998,0.312520067264
7_5359415_10966,ANNUAL,medium,0.5,PIURA,ANNUAL,1998,0.264150433559
7_5359415_10978,ANNUAL,low,0.25,PIURA,ANNUAL,2001,0.309003479853
7_5359415_10980,ANNUAL,medium,0.49,PIURA,ANNUAL,1998,0.320013257241
7_5359415_14074,PERENNIAL,medium,2.05,PIURA,ANNUAL,1998,1.43271594824
7_5359415_14096,ANNUAL,medium,0.6000000000000001,PIURA,ANNUAL,1998,1.13816259014
7_5359415_14604,ANNUAL,medium,1.95,PIURA,ANNUAL,1998,1.19397317027
7_5359415_14608,ANNUAL,medium,3.95,PIURA,ANNUAL,1998,1.05714134304
7_5359415_14617,ANNUAL,medium,2.295,PIURA,ANNUAL,1998,0.0924707635
7_5359415_14620,ANNUAL,medium,4.0,PIURA,ANNUAL,1998,1.26955420184
7_5359415_16019,ANNUAL,low,2.5,PIURA,PASTURE_FALLOW,1998,0.715362209271
7_5359415_16035,ANNUAL,medium,0.5,PIURA,PASTURE_FALLOW,1998,0.50347105309
7_5359415_16041,ANNUAL,medium,0.2,PIURA,PASTURE_FALLOW,1998,0.37248824017
7_5359415_16044,ANNUAL,medium,1.5,PIURA,PASTURE_FALLOW,1998,0.356743894808
7_5359415_16060,ANNUAL,medium,1.3,PIURA,PASTURE_FALLOW,1998,1.25532113771
7_5359415_16063,ANNUAL,medium,0.5,PIURA,PASTURE_FALLOW,1998,1.09694675152
7_5359415_17008,ANNUAL,medium,2.8,PIURA,ANNUAL,1998,0.264542686847
7_5359415_17011,ANNUAL,high,0.6499999999999999,PIURA,ANNUAL,1998,0.537693497191
7_5359415_17015,ANNUAL,medium,0.33999999999999997,PIURA,ANNUAL,1998,0.38029941703
7_5359415_17031,ANNUAL,medium,0.25,PIURA,ANNUAL,1998,0.231508464976
7_5359415_17093,PASTURE_FALLOW,medium,4.08,PIURA,ANNUAL,1998,0.204079111039
7_5359415_17096,ANNUAL,medium,5.67,PIURA,ANNUAL,1998,0.383383722721
7_5359415_17106,ANNUAL,medium,6.75,PIURA,ANNUAL,1998,0.297789048826
7_5359415_17117,ANNUAL,medium,0.74,PIURA,ANNUAL,1998,1.17093748313
7_5359415_17118,ANNUAL,medium,3.07,PIURA,ANNUAL,1998,0.185956316539
7_5359415_17121,ANNUAL,medium,2.5,PIURA,ANNUAL,1998,2.50390831166
7_5359415_17148,ANNUAL,medium,2.25,PIURA,ANNUAL,1998,2.19211403716
7_5359415_17168,ANNUAL,medium,4.0,PIURA,ANNUAL,1998,0.276302911401
7_5359415_17176,ANNUAL,medium,2.5,PIURA,ANNUAL,1998,1.25418712896
7_5359415_17187,ANNUAL,medium,2.63,PIURA,ANNUAL,1998,1.04754761414
7_5359415_17191,ANNUAL,medium,1.5,PIURA,ANNUAL,1998,0.48848530883
7_5359415_17195,ANNUAL,medium,2.83,PIURA,ANNUAL,1998,0.522420920558
7_5359415_17203,ANNUAL,medium,4.5,PIURA,ANNUAL,1998,0.499312355366
7_5359415_17211,ANNUAL,high,0.75,PIURA,ANNUAL,1998,1.21812158322
7_5359415_17215,ANNUAL,high,0.9,PIURA,ANNUAL,1998,0.948695945949
7_5359415_17224,ANNUAL,high,1.4,PIURA,ANNUAL,1998,1.31929359899
7_5359415_17226,ANNUAL,medium,1.06,PIURA,ANNUAL,1998,0.309778965095
7_5359415_17227,ANNUAL,high,3.2935999999999996,PIURA,ANNUAL,1998,0.273816600919
7_5359415_17230,ANNUAL,high,1.48,PIURA,ANNUAL,1998,0.23533231097
7_5359415_17233,ANNUAL,high,0.44,PIURA,ANNUAL,1998,0.287405452341
7_5359415_17235,ANNUAL,high,0.42000000000000004,PIURA,ANNUAL,1998,0.265495350862
7_5359415_17236,ANNUAL,medium,2.5199999999999996,PIURA,ANNUAL,1998,0.272116491759
7_5359415_17256,ANNUAL,medium,1.22,PIURA,ANNUAL,1998,0.231990966269
7_5359415_17258,ANNUAL,medium,4.17,PIURA,ANNUAL,1998,0.228094374777
7_5359415_17266,ANNUAL,low,0.49,PIURA,ANNUAL,1998,0.539607783671
7_5359415_17274,PASTURE_FALLOW,medium,0.92,PIURA,ANNUAL,1998,1.91253610683
7_5359415_17283,ANNUAL,high,4.75,PIURA,ANNUAL,1998,1.00142288606
7_5359415_17287,ANNUAL,medium,1.41,PIURA,ANNUAL,1998,1.40408812861
7_5359415_17309,ANNUAL,medium,0.05,PIURA,ANNUAL,1998,0.595028559604
7_5359415_17319,ANNUAL,low,0.16,PIURA,ANNUAL,2003,0.141638026788
7_5359415_17327,ANNUAL,high,0.51,PIURA,ANNUAL,1998,0.173481463003
7_5359415_17330,ANNUAL,high,0.1,PIURA,PASTURE_FALLOW,2003,0.220776161469
7_5359415_17332,ANNUAL,low,0.03,PIURA,ANNUAL,1998,0.126998126495
7_5359415_17349,ANNUAL,medium,1.1,PIURA,ANNUAL,1998,0.106979195809
7_5359415_17393,PASTURE_FALLOW,high,0.1,PIURA,ANNUAL,1998,0.134514028272
7_5359415_17396,ANNUAL,medium,0.45,PIURA,ANNUAL,1998,0.139325864052
7_5359415_17397,ANNUAL,medium,3.0,PIURA,ANNUAL,1998,0.296794992115
7_5359415_17398,ANNUAL,high,0.1,PIURA,ANNUAL,1998,0.180066049733
7_5359415_19571,ANNUAL,medium,0.66,PIURA,ANNUAL,1998,0.346258905593
7_5359415_19578,PASTURE_FALLOW,medium,0.05,PIURA,ANNUAL,1998,0.1136659965
7_5359415_19579,ANNUAL,medium,0.15,PIURA,ANNUAL,2003,0.158686518364
7_5359415_23949,ANNUAL,low,1.52,PIURA,ANNUAL,1998,0.707444940097
7_5359415_24215,ANNUAL,medium,0.21000000000000002,PIURA,PASTURE_FALLOW,1998,0.0937801277774
7_5359415_24218,ANNUAL,medium,2.25,PIURA,PASTURE_FALLOW,1998,0.146870625666
7_5359415_24227,PERENNIAL,medium,0.23,PIURA,PASTURE_FALLOW,1998,0.177699732808
7_5359415_24231,ANNUAL,medium,3.3000000000000003,PIURA,PASTURE_FALLOW,1998,0.172951478282
7_5359415_24238,ANNUAL,medium,6450.0,PIURA,PASTURE_FALLOW,1998,0.144219855788
7_5359415_25194,ANNUAL,low,2.8499999999999996,PIURA,PASTURE_FALLOW,1998,0.965695541942
7_5359415_25196,ANNUAL,high,3.35,PIURA,PASTURE_FALLOW,1998,1.2076190517
7_5359415_29317,ANNUAL,high,0.25,PIURA,ANNUAL,1998,0.222373975938
7_5359415_29319,ANNUAL,medium,1.85,PIURA,ANNUAL,1998,0.228811503198
7_5359415_78382,ANNUAL,medium,0.18,PIURA,ANNUAL,2003,0.151810910275
7_5359420_09001,ANNUAL,medium,1.0,PIURA,ANNUAL,1998,0.204394624709
7_5359420_09207,ANNUAL,medium,0.7,PIURA,ANNUAL,1998,0.49564483953
7_5359420_09210,ANNUAL,medium,0.2,PIURA,ANNUAL,1998,0.50104470025
7_5359420_09211,ANNUAL,medium,2.385,PIURA,ANNUAL,1998,0.54962169226
7_5359420_09215,ANNUAL,low,0.85,PIURA,ANNUAL,1998,0.68952644473
7_5359420_09262,ANNUAL,medium,1.16,PIURA,ANNUAL,1998,0.163356548189
7_5359420_09354,ANNUAL,medium,0.8500000000000001,PIURA,ANNUAL,1998,0.24437303939
7_5359420_14033,ANNUAL,medium,1.3,PIURA,ANNUAL,1998,0.225087354816
7_5359420_14035,PERENNIAL,medium,2.958,PIURA,PERENNIAL,1998,0.596896241174
7_5359420_14038,ANNUAL,medium,11.051,PIURA,ANNUAL,1998,0.284299198774
7_5359420_14050,PERENNIAL,medium,1.6,PIURA,ANNUAL,1998,0.32897587542
7_5359420_14055,PERENNIAL,medium,1.2,PIURA,ANNUAL,1998,0.322889378191
7_5359420_14064,ANNUAL,high,1.0,PIURA,ANNUAL,1998,0.26300041658
7_5359420_14065,ANNUAL,medium,1.5,PIURA,ANNUAL,1998,0.730729530295
7_5359420_14134,ANNUAL,medium,1.65,PIURA,ANNUAL,1998,0.229018595909
7_5359420_14201,ANNUAL,medium,1.7000000000000002,PIURA,ANNUAL,1998,0.9112222287
7_5359420_14203,ANNUAL,medium,0.05,PIURA,ANNUAL,1998,0.97341857007
7_5359420_14260,ANNUAL,medium,0.85,PIURA,PASTURE_FALLOW,1998,0.39693327122
7_5359420_14263,ANNUAL,medium,0.85,PIURA,ANNUAL,1998,0.78772611817
7_5359420_14264,ANNUAL,medium,3.0004,PIURA,PASTURE_FALLOW,1998,0.5902833733
7_5359420_14296,ANNUAL,medium,0.8001,PIURA,ANNUAL,1998,0.53957725604
7_5359420_14297,ANNUAL,medium,0.85,PIURA,PASTURE_FALLOW,1998,0.29728891235
7_5359420_14315,ANNUAL,high,2.0,PIURA,ANNUAL,1998,0.45821099048
7_5359420_14338,ANNUAL,medium,5.1,PIURA,ANNUAL,1998,0.3892207135
7_5359420_14342,ANNUAL,medium,1.1,PIURA,ANNUAL,1998,0.3358384522
7_5359420_14346,PERENNIAL,high,8.75,PIURA,ANNUAL,1998,0.9924193385
7_5359420_14347,ANNUAL,high,0.07,PIURA,ANNUAL,1998,0.13730068252
7_5359420_14367,ANNUAL,medium,0.35,PIURA,ANNUAL,1998,0.50225511562
7_5359420_15010,ANNUAL,medium,3.0,PIURA,PASTURE_FALLOW,1998,1.02747069771
7_5359420_15022,ANNUAL,medium,44.3,PIURA,PASTURE_FALLOW,1998,0.516674344796
7_5359420_15068,ANNUAL,medium,1.82,PIURA,PASTURE_FALLOW,1998,0.901651589564
7_5359420_15086,ANNUAL,high,2.85,PIURA,PASTURE_FALLOW,1998,0.32962939852
7_5359420_15101,ANNUAL,high,2.36,PIURA,PASTURE_FALLOW,1998,0.403515509801
7_5359420_15104,ANNUAL,medium,1.86,PIURA,PASTURE_FALLOW,1998,0.320465290725
7_5359420_15106,ANNUAL,medium,4.69,PIURA,PASTURE_FALLOW,1998,0.210899283975
7_5359420_15120,ANNUAL,medium,2.85,PIURA,PASTURE_FALLOW,1998,0.705369038503
7_5359420_15138,ANNUAL,medium,2.85,PIURA,PASTURE_FALLOW,1998,0.155963829573
7_5359420_15140,ANNUAL,medium,2.5,PIURA,PASTURE_FALLOW,1998,0.130085048809
7_5359420_15141,ANNUAL,medium,2.6799999999999997,PIURA,PASTURE_FALLOW,1998,0.127665445384
7_5359420_15143,ANNUAL,medium,2.85,PIURA,PASTURE_FALLOW,1998,0.321038793625
7_5359420_15148,ANNUAL,medium,3.5,PIURA,PASTURE_FALLOW,1998,0.203787778449
7_5359420_15150,ANNUAL,low,0.0603,PIURA,PASTURE_FALLOW,1998,0.112279089181
7_5359420_15406,ANNUAL,high,3.8,PIURA,PASTURE_FALLOW,1998,0.587577991344
7_5359420_15446,ANNUAL,medium,1.81,PIURA,PASTURE_FALLOW,1998,0.338272846323
7_5359420_15448,ANNUAL,medium,2.0,PIURA,PASTURE_FALLOW,1998,0.362951858047
7_5359420_15459,PERENNIAL,medium,0.5,PIURA,PERENNIAL,1998,0.478550413558
7_5359420_15467,PERENNIAL,medium,1.95,PIURA,PASTURE_FALLOW,1998,0.449293182456
7_5359420_15468,PERENNIAL,medium,0.3,PIURA,PASTURE_FALLOW,1998,0.423999171457
7_5359420_15471,ANNUAL,high,3.4000000000000004,PIURA,PASTURE_FALLOW,1998,0.487768112189
7_5359420_15524,ANNUAL,medium,3.0,PIURA,PASTURE_FALLOW,1998,0.853416898857
7_5359420_15600,ANNUAL,medium,2.32,PIURA,PASTURE_FALLOW,1998,1.50718748105
7_5359420_15604,PERENNIAL,medium,3.48,PIURA,PASTURE_FALLOW,1998,2.07203202319
7_5359420_15643,ANNUAL,high,1.0,PIURA,ANNUAL,1998,0.755583745739
7_5359420_15646,ANNUAL,high,0.75,PIURA,ANNUAL,1998,0.458281063033
7_5359420_15651,ANNUAL,high,7.25,PIURA,ANNUAL,1998,5.1691762414
7_5359420_15652,ANNUAL,high,0.0076,PIURA,PASTURE_FALLOW,1998,3.04738139081
7_5359420_15653,PERENNIAL,medium,0.75,PIURA,ANNUAL,1998,4.28238722288
7_5359420_15661,PASTURE_FALLOW,high,1.0,PIURA,ANNUAL,1998,4.77724712037
7_5359420_15691,ANNUAL,medium,0.75,PIURA,ANNUAL,1998,2.8275103832
7_5359420_15696,ANNUAL,low,3.83,PIURA,ANNUAL,1998,4.23643721066
7_5359420_15791,ANNUAL,high,2.8000000000000003,PIURA,PASTURE_FALLOW,1998,2.27921470667
7_5359420_15801,ANNUAL,medium,1.9,PIURA,ANNUAL,1998,0.499257361568
7_5359420_15805,ANNUAL,medium,2.15,PIURA,ANNUAL,1998,0.742415456617
7_5359420_15815,ANNUAL,medium,2.15,PIURA,ANNUAL,1998,0.414646059319
7_5359420_15816,ANNUAL,medium,2.35,PIURA,ANNUAL,1998,0.547892636257
7_5359420_15819,ANNUAL,high,1.8832,PIURA,PASTURE_FALLOW,1998,1.01351227948
7_5359420_15821,ANNUAL,medium,1.8685,PIURA,ANNUAL,1998,0.324168357177
7_5359420_15823,PERENNIAL,low,0.6,PIURA,PASTURE_FALLOW,1998,0.302793340219
7_5359420_15825,ANNUAL,low,1.4,PIURA,PASTURE_FALLOW,1998,0.270900863364
7_5359420_15831,ANNUAL,medium,2.23,PIURA,PASTURE_FALLOW,1998,1.17871215843
7_5359420_15832,ANNUAL,medium,2.0,PIURA,PASTURE_FALLOW,1998,0.677222127142
7_5359420_15833,ANNUAL,medium,2.48,PIURA,PASTURE_FALLOW,1998,0.382243872244
7_5359420_15839,ANNUAL,medium,2.76,PIURA,PASTURE_FALLOW,1998,0.559275616283
7_5359420_15849,ANNUAL,medium,1.1,PIURA,PASTURE_FALLOW,1998,0.583292227476
7_5359420_15850,ANNUAL,high,2.3,PIURA,PASTURE_FALLOW,1998,0.728074401577
7_5359420_15857,ANNUAL,high,2.85,PIURA,PASTURE_FALLOW,1998,0.557622862263
7_5359420_15865,ANNUAL,medium,3.0,PIURA,ANNUAL,1998,1.03121251974
7_5359420_15869,ANNUAL,medium,4.5,PIURA,PASTURE_FALLOW,1998,0.788981154211
7_5359420_15874,ANNUAL,medium,0.08,PIURA,PASTURE_FALLOW,1998,0.877375230708
7_5359420_15882,ANNUAL,medium,4.5,PIURA,PASTURE_FALLOW,1998,0.682609487522
7_5359420_15885,ANNUAL,medium,2.3,PIURA,PASTURE_FALLOW,1998,0.362300890709
7_5359420_15887,ANNUAL,medium,2.3,PIURA,PASTURE_FALLOW,1998,0.483394925142
7_5359420_15923,ANNUAL,medium,2.0,PIURA,PASTURE_FALLOW,1998,1.1690066155
7_5359420_15937,ANNUAL,medium,0.8999999999999999,PIURA,PASTURE_FALLOW,1998,0.876329867423
7_5359420_15938,ANNUAL,medium,1.2,PIURA,PASTURE_FALLOW,1998,0.767421940494
7_5359420_15956,ANNUAL,high,1.5,PIURA,ANNUAL,1998,0.43094633416
7_5359420_15960,ANNUAL,medium,2.9,PIURA,PASTURE_FALLOW,1998,0.114610905715
7_5359420_16054,ANNUAL,medium,2.9,PIURA,PASTURE_FALLOW,1998,0.396870859907
7_5359420_16055,ANNUAL,medium,2.3,PIURA,PASTURE_FALLOW,1998,0.14793426436
7_5359420_16056,ANNUAL,medium,2.3,PIURA,PASTURE_FALLOW,1998,0.248007191326
7_5359420_16058,ANNUAL,medium,2.3,PIURA,PASTURE_FALLOW,1998,0.643604629676
7_5359420_16201,ANNUAL,medium,2.3,PIURA,ANNUAL,1998,0.372151505568
7_5359420_16207,ANNUAL,medium,2.3,PIURA,PASTURE_FALLOW,1998,0.973696796004
7_5359420_16256,ANNUAL,medium,1.1,PIURA,PASTURE_FALLOW,1998,1.23584791621
7_5359420_16258,ANNUAL,high,5.4,PIURA,PASTURE_FALLOW,1998,1.82848301202
7_5359420_16261,ANNUAL,medium,2.9,PIURA,PASTURE_FALLOW,1998,0.624653421007
7_5359420_16273,ANNUAL,medium,1.9,PIURA,PASTURE_FALLOW,1998,0.628206247381
7_5359420_16274,ANNUAL,medium,1.9,PIURA,PASTURE_FALLOW,1998,0.643969879593
7_5359420_16282,ANNUAL,medium,1.8900000000000001,PIURA,PASTURE_FALLOW,1998,0.528277812045
7_5359420_16286,ANNUAL,medium,1.9,PIURA,PASTURE_FALLOW,1998,0.531009386699
7_5359420_16320,ANNUAL,medium,1.55,PIURA,PASTURE_FALLOW,1998,1.46056315728
7_5359420_16331,ANNUAL,high,2.25,PIURA,PASTURE_FALLOW,1998,0.730819424202
7_5359420_16334,ANNUAL,medium,3.05,PIURA,PASTURE_FALLOW,1998,0.702983498902
7_5359420_16338,ANNUAL,medium,4.95,PIURA,PASTURE_FALLOW,1998,0.851602781144
7_5359420_16340,PERENNIAL,high,0.6,PIURA,PASTURE_FALLOW,1998,1.5266083392
7_5359420_16386,ANNUAL,medium,2.3,PIURA,PASTURE_FALLOW,1998,0.160821927797
7_5359420_16388,ANNUAL,high,2.3,PIURA,PASTURE_FALLOW,1998,0.159979611564
7_5359420_16395,ANNUAL,medium,2.3,PIURA,ANNUAL,1998,0.132364424813
7_5359420_24272,ANNUAL,low,15.0,PIURA,ANNUAL,1998,0.200010517187
7_5359435_018299,PERENNIAL,high,1.0,PIURA,PASTURE_FALLOW,2004,5.4717293794
7_5359435_018493,PERENNIAL,high,4.5,PIURA,PERENNIAL,2005,5.58621671368
7_5359435_019879,PERENNIAL,high,0.9,PIURA,PERENNIAL,2009,0.999967949061
7_5359435_019880,PERENNIAL,high,1.3,PIURA,PERENNIAL,2009,1.49994739322
7_5359435_04625,PERENNIAL,low,0.2,PIURA,PERENNIAL,2001,3.97660747045
7_5359435_04896,PERENNIAL,high,6.0,PIURA,PERENNIAL,2001,1.23979310512
7_5359435_17412,PERENNIAL,high,2.0,PIURA,PERENNIAL,2005,3.89992796939
7_5359435_17417,PERENNIAL,high,5.0,PIURA,PERENNIAL,2000,6.93202455305
7_5359435_17461,PERENNIAL,high,1.25,PIURA,ANNUAL,2001,3.8999007631
7_5359440_018626,PERENNIAL,high,3.5,PIURA,PERENNIAL,2005,3.47015405619
7_5359440_04454,PERENNIAL,high,7.5,PIURA,PERENNIAL,2001,7.01046441348
7_5359440_04866,PERENNIAL,medium,0.25,PIURA,PERENNIAL,2006,1.91918813209
7_5359440_05441,PERENNIAL,medium,6.5,PIURA,PASTURE_FALLOW,2001,2.8707169599
7_5359440_16084,PERENNIAL,medium,1.0,PIURA,PERENNIAL,2001,1.12980536741
7_5359445_018239,PERENNIAL,high,0.5,PIURA,PERENNIAL,2004,0.746088314827
7_5359445_019071,PERENNIAL,high,1.0,PIURA,PERENNIAL,2006,0.67002955982
7_5359445_019796,PERENNIAL,medium,0.25,PIURA,PERENNIAL,2007,0.972437377713
7_5359445_019914,PERENNIAL,high,1.0,PIURA,PERENNIAL,2010,2.35865851801
7_5359445_18118,PERENNIAL,high,1.0,PIURA,PERENNIAL,2001,0.350515417895
7_5359450_019076,PERENNIAL,high,1.0,PIURA,PERENNIAL,2006,1.99997885246
7_5359450_019077,PERENNIAL,high,3.8,PIURA,PASTURE_FALLOW,2006,4.67991412341
7_5359450_019137,PERENNIAL,high,3.5,PIURA,PERENNIAL,2007,6.94666241501
7_5359450_019167,PERENNIAL,high,9.0,PIURA,PERENNIAL,2008,2.37111859003
7_5359450_019177,PERENNIAL,medium,6.0,PIURA,PERENNIAL,2006,7.8877041083
7_5359450_019852,PERENNIAL,medium,4.5,PIURA,PERENNIAL,2009,0.484102184298
7_5359450_06661,PERENNIAL,high,1.0,PIURA,ANNUAL,2003,1.66926692133
7_5359450_18228,PERENNIAL,medium,0.75,PIURA,PERENNIAL,2004,0.105739323839
7_5359455_019704,PERENNIAL,high,7.5,PIURA,PERENNIAL,2007,1.14786072895
7_5359455_019705,PERENNIAL,high,0.5,PIURA,PERENNIAL,2007,0.57389948178
7_5359455_06855,PERENNIAL,low,4.0,PIURA,PERENNIAL,2001,2.07981068898
7_5359455_15711,PERENNIAL,high,0.9299999999999999,PIURA,PERENNIAL,2001,0.73988734558
7_5359460_22159,PERENNIAL,medium,8.0,PIURA,PERENNIAL,2004,4.99312055944
7_5409405_078651,ANNUAL,low,0.07,PIURA,ANNUAL,2004,0.340175630901
7_5409405_078653,ANNUAL,high,0.04,PIURA,ANNUAL,2004,0.307855294411
7_5409405_080066,ANNUAL,medium,0.15,PIURA,PASTURE_FALLOW,2005,0.27046654075
7_5409405_080194,ANNUAL,medium,0.18,PIURA,PASTURE_FALLOW,2005,0.129766978731
7_5409405_080198,PERENNIAL,low,7.72,PIURA,PASTURE_FALLOW,2005,0.133155565455
7_5409405_33785,ANNUAL,high,0.15,PIURA,ANNUAL,1998,0.143072567346
7_5409405_33792,ANNUAL,low,0.22,PIURA,ANNUAL,1998,0.256072445175
7_5409405_33796,ANNUAL,medium,0.2,PIURA,ANNUAL,1998,0.197256644979
7_5409405_33798,ANNUAL,medium,1.16,PIURA,PASTURE_FALLOW,1998,0.229589575527
7_5409405_33799,ANNUAL,low,0.8300000000000001,PIURA,ANNUAL,1998,0.130393617817
7_5409405_33803,ANNUAL,medium,0.21,PIURA,PASTURE_FALLOW,1998,0.267173149974
7_5409405_33804,ANNUAL,medium,0.2,PIURA,ANNUAL,1998,0.193312824845
7_5409405_33811,ANNUAL,medium,0.2,PIURA,ANNUAL,1998,0.387776079228
7_5409405_33832,ANNUAL,medium,0.18,PIURA,PASTURE_FALLOW,1998,0.488053255505
7_5409405_33833,ANNUAL,medium,0.42000000000000004,PIURA,PASTURE_FALLOW,1998,0.374879541523
7_5409405_33836,ANNUAL,medium,0.2,PIURA,PASTURE_FALLOW,1998,0.53548132555
7_5409405_33842,ANNUAL,medium,0.5700000000000001,PIURA,PASTURE_FALLOW,1998,0.57819794928
7_5409405_33898,ANNUAL,medium,0.2,PIURA,ANNUAL,1998,0.99704249801
7_5409405_33914,ANNUAL,medium,0.72,PIURA,PASTURE_FALLOW,1998,1.15000645013
7_5409405_33943,ANNUAL,medium,0.25,PIURA,PASTURE_FALLOW,1998,0.688899777786
7_5409405_33965,ANNUAL,low,0.30000000000000004,PIURA,PASTURE_FALLOW,1998,0.396497250606
7_5409405_33966,ANNUAL,low,0.25,PIURA,PASTURE_FALLOW,1998,0.521503257535
7_5409405_33968,ANNUAL,medium,0.12,PIURA,PASTURE_FALLOW,1998,0.489153391772
7_5409405_33978,ANNUAL,medium,0.13999999999999999,PIURA,PASTURE_FALLOW,1998,0.756398193482
7_5409405_33979,ANNUAL,medium,0.4,PIURA,PASTURE_FALLOW,1998,0.826289183531
7_5409405_33984,ANNUAL,low,0.5,PIURA,PASTURE_FALLOW,1998,0.674102797554
7_5409405_33986,ANNUAL,medium,1.3,PIURA,PASTURE_FALLOW,1998,0.205203393831
7_5409405_33987,ANNUAL,high,0.1,PIURA,PASTURE_FALLOW,1998,0.185705369859
7_5409405_33993,ANNUAL,high,0.16,PIURA,PASTURE_FALLOW,1998,0.474440986657
7_5409405_33996,ANNUAL,medium,2.36,PIURA,PASTURE_FALLOW,1998,0.88520926426
7_5409405_44329,ANNUAL,medium,0.25,PIURA,ANNUAL,1998,0.709903136938
7_5409405_44337,ANNUAL,medium,0.28,PIURA,ANNUAL,1998,0.139591937233
7_5409405_44339,ANNUAL,medium,3.52,PIURA,ANNUAL,1998,0.175475052461
7_5409405_44342,ANNUAL,medium,0.5,PIURA,ANNUAL,1998,0.166026707009
7_5409405_44357,ANNUAL,high,0.3,PIURA,ANNUAL,1998,0.144544727285
7_5409405_44375,ANNUAL,medium,0.4,PIURA,ANNUAL,1998,0.217249589356
7_5409405_44401,ANNUAL,high,0.4,PIURA,ANNUAL,1998,0.158317433624
7_5409405_44417,ANNUAL,medium,0.5,PIURA,ANNUAL,1998,0.191991382913
7_5409405_44450,ANNUAL,high,0.4,PIURA,ANNUAL,1998,0.172480495729
7_5409405_44468,ANNUAL,medium,0.4,PIURA,ANNUAL,1998,0.373827021588
7_5409405_44482,ANNUAL,medium,1.53,PIURA,ANNUAL,1998,0.179280284807
7_5409405_44486,ANNUAL,medium,20.25,PIURA,ANNUAL,1998,0.133817550578
7_5409405_44488,ANNUAL,medium,0.1,PIURA,ANNUAL,1998,0.269810421441
7_5409405_47231,ANNUAL,medium,0.7,PIURA,ANNUAL,1998,0.90903151798
7_5409405_47235,ANNUAL,low,0.6,PIURA,ANNUAL,1998,0.915244020709
7_5409405_47238,ANNUAL,high,2.74,PIURA,ANNUAL,1998,0.979842084788
7_5409405_47239,ANNUAL,high,1.17,PIURA,ANNUAL,1998,1.16103039786
7_5409405_47240,ANNUAL,medium,1.16,PIURA,ANNUAL,1998,1.15410516764
7_5409405_47242,ANNUAL,low,1.3,PIURA,ANNUAL,1998,1.32952362942
7_5409405_47245,ANNUAL,high,1.32,PIURA,ANNUAL,1998,1.42349559582
7_5409405_47246,ANNUAL,low,2.25,PIURA,ANNUAL,1998,1.43581592428
7_5409405_47247,ANNUAL,high,5.28,PIURA,ANNUAL,1998,0.311700023753
7_5409405_47249,ANNUAL,medium,1.0,PIURA,PASTURE_FALLOW,1998,0.310299567253
7_5409405_47252,ANNUAL,low,6.0,PIURA,ANNUAL,1998,0.981936429596
7_5409405_47253,ANNUAL,medium,2.0,PIURA,ANNUAL,1998,0.349707412904
7_5409405_47259,ANNUAL,high,4.58,PIURA,ANNUAL,1998,0.501384791198
7_5409405_47262,ANNUAL,medium,0.2,PIURA,PASTURE_FALLOW,1998,0.518894898667
7_5409405_47263,ANNUAL,medium,1.5,PIURA,PASTURE_FALLOW,1998,0.556845004369
7_5409405_47265,ANNUAL,high,0.2,PIURA,PASTURE_FALLOW,1998,0.486776956415
7_5409405_47276,ANNUAL,medium,0.30000000000000004,PIURA,PASTURE_FALLOW,1998,0.417688072384
7_5409405_47278,ANNUAL,medium,1.1199999999999999,PIURA,ANNUAL,1998,0.474620321506
7_5409405_47297,ANNUAL,medium,1.3,PIURA,ANNUAL,1998,0.420134571072
7_5409405_47298,ANNUAL,low,3.26,PIURA,ANNUAL,1998,0.764765148443
7_5409405_47300,ANNUAL,high,1.12,PIURA,PASTURE_FALLOW,1998,0.70668184616
7_5409405_47304,ANNUAL,low,0.5,PIURA,ANNUAL,1998,0.184916528461
7_5409405_47305,ANNUAL,medium,0.002,PIURA,PASTURE_FALLOW,1998,0.237568750495
7_5409405_47332,ANNUAL,medium,0.25,PIURA,PASTURE_FALLOW,1998,0.402319165794
7_5409405_47333,ANNUAL,medium,0.25,PIURA,PASTURE_FALLOW,1998,0.326125031126
7_5409405_47335,ANNUAL,medium,0.5,PIURA,PASTURE_FALLOW,1998,0.388607608701
7_5409405_47338,ANNUAL,medium,0.6699999999999999,PIURA,PASTURE_FALLOW,1998,0.376822148464
7_5409405_47371,PERENNIAL,low,8.75,PIURA,PASTURE_FALLOW,1998,1.11687474599
7_5409405_47399,ANNUAL,low,0.11,PIURA,PASTURE_FALLOW,1998,0.813587541057
7_5409405_47416,ANNUAL,medium,0.6,PIURA,PASTURE_FALLOW,1998,0.415721689241
7_5409405_77682,ANNUAL,high,0.13,PIURA,ANNUAL,2003,0.564960591792
7_5409405_77684,ANNUAL,low,2.6,PIURA,ANNUAL,2003,1.17708112756
7_5409405_77687,ANNUAL,high,3.0,PIURA,ANNUAL,2003,0.582652664234
7_5409405_77688,ANNUAL,medium,0.86,PIURA,ANNUAL,2003,0.763100634451
7_5409410_01553,PERENNIAL,medium,0.06,PIURA,ANNUAL,1998,0.140189183942
7_5409410_01726,ANNUAL,high,0.25,PIURA,ANNUAL,1998,0.787660180801
7_5409410_01737,ANNUAL,medium,0.62,PIURA,ANNUAL,1998,0.486821116226
7_5409410_01739,ANNUAL,medium,1.53,PIURA,ANNUAL,1998,0.45723042029
7_5409410_01750,PERENNIAL,low,5.0,PIURA,ANNUAL,1998,0.367446023106
7_5409410_01753,ANNUAL,low,0.25,PIURA,ANNUAL,1998,1.42502052116
7_5409410_01770,ANNUAL,low,0.06,PIURA,ANNUAL,1998,1.06264325678
7_5409410_01787,PERENNIAL,medium,1.0,PIURA,ANNUAL,1998,1.62736907986
7_5409410_01788,PERENNIAL,medium,2.16,PIURA,ANNUAL,1998,0.13134875888
7_5409410_02004,ANNUAL,high,0.88,PIURA,ANNUAL,1998,1.80476079611
7_5409410_02025,PERENNIAL,low,0.55,PIURA,ANNUAL,1998,0.81379786137
7_5409410_02031,ANNUAL,medium,2.13,PIURA,ANNUAL,1998,0.223981893108
7_5409410_02033,ANNUAL,low,1.5,PIURA,ANNUAL,1998,0.59589187512
7_5409410_02065,ANNUAL,medium,3.0,PIURA,ANNUAL,1998,0.28812916179
7_5409410_02067,ANNUAL,medium,2.75,PIURA,ANNUAL,1998,0.72265249034
7_5409410_02070,ANNUAL,medium,3.0,PIURA,ANNUAL,1998,0.635878390529
7_5409410_02080,PERENNIAL,medium,1.6,PIURA,ANNUAL,1998,0.623307378235
7_5409410_02108,ANNUAL,medium,0.4,PIURA,ANNUAL,1998,0.49515455189
7_5409410_02113,ANNUAL,medium,0.8,PIURA,ANNUAL,1998,0.55896440992
7_5409410_06863,ANNUAL,medium,1.0,PIURA,ANNUAL,1998,0.32442294352
7_5409410_06869,ANNUAL,medium,0.6,PIURA,ANNUAL,1998,0.62134617114
7_5409410_06874,ANNUAL,medium,0.38,PIURA,ANNUAL,1998,0.6997896643
7_5409410_06875,ANNUAL,medium,1.5,PIURA,ANNUAL,1998,0.67734476357
7_5409410_06883,ANNUAL,low,0.12,PIURA,ANNUAL,1998,0.23810476132
7_5409410_06885,ANNUAL,high,0.2,PIURA,ANNUAL,1998,0.52423414184
7_5409410_06889,ANNUAL,medium,0.99,PIURA,ANNUAL,1998,0.13499846348
7_5409410_06895,ANNUAL,medium,1.2,PIURA,ANNUAL,1998,0.15304376464
7_5409410_06897,PERENNIAL,medium,2.2,PIURA,ANNUAL,1998,0.1457879893
7_5409410_06929,ANNUAL,medium,0.5,PIURA,ANNUAL,1998,0.2851459546
7_5409410_06932,ANNUAL,medium,0.25,PIURA,ANNUAL,1998,0.36802801624
7_5409410_06949,ANNUAL,medium,3.37,PIURA,ANNUAL,1998,0.50042878471
7_5409410_06953,ANNUAL,medium,2.0,PIURA,ANNUAL,1998,0.81835034353
7_5409410_078837,ANNUAL,medium,0.25,PIURA,ANNUAL,2004,2.07130121104
7_5409410_078842,PERENNIAL,low,2.3,PIURA,ANNUAL,2004,0.316322801879
7_5409410_078849,PERENNIAL,medium,0.18,PIURA,ANNUAL,2004,0.515791938066
7_5409410_080014,ANNUAL,medium,1.0,PIURA,PASTURE_FALLOW,2005,0.665644247476
7_5409410_080022,ANNUAL,medium,1.0,PIURA,PASTURE_FALLOW,2005,0.626762177781
7_5409410_080035,ANNUAL,medium,4.5,PIURA,PASTURE_FALLOW,2005,0.17261691658
7_5409410_080042,ANNUAL,medium,0.36,PIURA,PASTURE_FALLOW,2005,0.28965553555
7_5409410_080060,ANNUAL,medium,1.5,PIURA,PASTURE_FALLOW,2005,0.09754316649
7_5409410_080258,PERENNIAL,high,0.4,PIURA,PASTURE_FALLOW,2005,0.818207528254
7_5409410_10205,ANNUAL,medium,1.5,PIURA,ANNUAL,1998,0.13317621832
7_5409410_10291,ANNUAL,medium,0.09,PIURA,ANNUAL,1998,0.251525555493
7_5409410_10299,ANNUAL,medium,0.5,PIURA,ANNUAL,1998,0.3794144751
7_5409410_10304,ANNUAL,low,0.14,PIURA,ANNUAL,1998,0.100489725409
7_5409410_10314,PERENNIAL,low,1.5,PIURA,ANNUAL,1998,0.10313319907
7_5409410_10695,ANNUAL,low,0.21000000000000002,PIURA,ANNUAL,2000,0.938175509077
7_5409410_10700,ANNUAL,low,1.1,PIURA,ANNUAL,1998,0.287088546715
7_5409410_10708,ANNUAL,medium,0.18,PIURA,ANNUAL,1998,1.96926909822
7_5409410_10731,ANNUAL,medium,0.16999999999999998,PIURA,ANNUAL,1998,2.13652025277
7_5409410_10786,ANNUAL,medium,0.25,PIURA,ANNUAL,2003,0.85380083916
7_5409410_17804,ANNUAL,medium,0.75,PIURA,ANNUAL,1998,0.71966166327
7_5409410_17817,ANNUAL,medium,1.32,PIURA,ANNUAL,2001,2.47282389984
7_5409410_18203,ANNUAL,medium,0.72,PIURA,ANNUAL,1998,0.4658384452
7_5409410_18217,ANNUAL,medium,0.99,PIURA,ANNUAL,1998,0.4800386855
7_5409410_18252,ANNUAL,medium,0.91,PIURA,ANNUAL,1998,0.23485828593
7_5409410_18266,ANNUAL,medium,0.5,PIURA,ANNUAL,1998,0.2999393667
7_5409410_18268,ANNUAL,medium,2.0,PIURA,ANNUAL,1998,0.26325556762
7_5409410_18272,PERENNIAL,medium,0.79,PIURA,ANNUAL,1998,0.39732990304
7_5409410_18274,ANNUAL,medium,0.53,PIURA,ANNUAL,1998,0.31807148729
7_5409410_18278,PERENNIAL,low,10.0,PIURA,ANNUAL,1998,0.32640031523
7_5409410_18316,ANNUAL,medium,0.12,PIURA,PASTURE_FALLOW,1998,0.32838970973
7_5409410_18317,ANNUAL,medium,4.2,PIURA,PASTURE_FALLOW,1998,0.29034759795
7_5409410_18332,ANNUAL,medium,6.319999999999999,PIURA,PASTURE_FALLOW,1998,0.374588049311
7_5409410_18334,ANNUAL,medium,1.89,PIURA,PASTURE_FALLOW,1998,0.396820998739
7_5409410_18336,ANNUAL,medium,1.0,PIURA,PASTURE_FALLOW,2000,0.400411138373
7_5409410_18344,ANNUAL,medium,0.89,PIURA,PASTURE_FALLOW,1998,0.516409464131
7_5409410_18349,ANNUAL,medium,0.95,PIURA,PASTURE_FALLOW,1998,0.564095024237
7_5409410_18354,PERENNIAL,medium,0.94,PIURA,PASTURE_FALLOW,1998,0.45109560921
7_5409410_18357,ANNUAL,medium,1.0,PIURA,PASTURE_FALLOW,1998,0.315435790334
7_5409410_18379,ANNUAL,low,9.7,PIURA,ANNUAL,1998,0.40104070773
7_5409410_18389,ANNUAL,medium,2.69,PIURA,ANNUAL,1998,0.48651430347
7_5409410_18399,PERENNIAL,medium,0.75,PIURA,ANNUAL,1998,0.53898550224
7_5409410_18419,ANNUAL,medium,1.0,PIURA,PASTURE_FALLOW,1998,0.60897980283
7_5409410_18444,PERENNIAL,low,1.0,PIURA,ANNUAL,1998,0.4914899832
7_5409410_18447,ANNUAL,medium,0.25,PIURA,PASTURE_FALLOW,1998,0.54039608969
7_5409410_18453,ANNUAL,medium,0.25,PIURA,PASTURE_FALLOW,1998,0.19132276506
7_5409410_18480,ANNUAL,medium,1.54,PIURA,ANNUAL,1998,0.28447862798
7_5409410_18504,ANNUAL,medium,2.05,PIURA,PASTURE_FALLOW,1998,0.238779692966
7_5409410_18506,ANNUAL,medium,0.25,PIURA,ANNUAL,1998,0.218224644088
7_5409410_18507,ANNUAL,low,1.3800000000000001,PIURA,ANNUAL,1998,0.220164409129
7_5409410_18508,ANNUAL,medium,1.48,PIURA,PASTURE_FALLOW,1998,0.185610964586
7_5409410_18532,ANNUAL,medium,0.59,PIURA,ANNUAL,1998,0.0918185403163
7_5409410_25020,ANNUAL,medium,1.04,PIURA,PASTURE_FALLOW,1998,0.328433477362
7_5409410_25025,ANNUAL,medium,2.0,PIURA,ANNUAL,1998,0.438756266757
7_5409410_25028,PERENNIAL,medium,0.5,PIURA,ANNUAL,1998,0.702431806122
7_5409410_25037,ANNUAL,medium,1.0,PIURA,ANNUAL,1998,0.77137900989
7_5409410_25046,PERENNIAL,medium,1.02,PIURA,PERENNIAL,1998,0.171027563103
7_5409410_25049,ANNUAL,medium,2.5,PIURA,ANNUAL,1998,0.172049063251
7_5409410_25058,PERENNIAL,medium,0.75,PIURA,ANNUAL,1998,0.0955018089358
7_5409410_29410,ANNUAL,low,0.62,PIURA,ANNUAL,2003,1.57009489633
7_5409410_29452,ANNUAL,medium,3.48,PIURA,ANNUAL,1998,1.9853103119
7_5409410_29556,ANNUAL,medium,0.1,PIURA,ANNUAL,1998,0.61042637064
7_5409410_29565,ANNUAL,low,0.37,PIURA,ANNUAL,1998,0.15383078063
7_5409410_29566,ANNUAL,low,0.92,PIURA,ANNUAL,1998,0.38706437271
7_5409410_29568,ANNUAL,medium,1.55,PIURA,ANNUAL,1998,0.41422586791
7_5409410_29591,ANNUAL,low,1.8800000000000001,PIURA,ANNUAL,1998,0.184207384091
7_5409410_29595,ANNUAL,low,0.5,PIURA,ANNUAL,1998,0.270308410961
7_5409410_29598,ANNUAL,low,0.75,PIURA,ANNUAL,1998,0.37655500866
7_5409410_29599,ANNUAL,medium,0.1,PIURA,ANNUAL,1998,0.160849396316
7_5409410_29776,ANNUAL,medium,2.05,PIURA,ANNUAL,1998,0.17890010307
7_5409410_29779,ANNUAL,medium,1.0,PIURA,ANNUAL,1998,0.19572975937
7_5409410_29790,ANNUAL,medium,1.97,PIURA,ANNUAL,1998,0.21711434042
7_5409410_29795,ANNUAL,medium,1.24,PIURA,ANNUAL,1998,0.1678760963
7_5409410_29796,ANNUAL,medium,1.03,PIURA,ANNUAL,1998,0.10387511029
7_5409410_33950,ANNUAL,medium,0.25,PIURA,PASTURE_FALLOW,1998,1.10601330046
7_5409410_42386,ANNUAL,medium,0.91,PIURA,PASTURE_FALLOW,1998,0.279409173904
7_5409415_00362,ANNUAL,medium,0.6000000000000001,PIURA,ANNUAL,1998,0.64983565412
7_5409415_00368,ANNUAL,medium,3.4,PIURA,ANNUAL,1998,1.50839362001
7_5409415_00373,ANNUAL,medium,2.7,PIURA,ANNUAL,1998,0.68837124457
7_5409415_01017,ANNUAL,high,1.5,PIURA,ANNUAL,1998,0.752573587272
7_5409415_01022,ANNUAL,medium,5.5,PIURA,ANNUAL,1998,1.52430084719
7_5409415_01031,ANNUAL,medium,1.05,PIURA,ANNUAL,1998,1.51562632189
7_5409415_01034,ANNUAL,low,1.98,PIURA,ANNUAL,1998,1.01850011286
7_5409415_01047,ANNUAL,medium,1.7999999999999998,PIURA,ANNUAL,1998,1.50646756845
7_5409415_01048,ANNUAL,medium,1.4,PIURA,ANNUAL,1998,0.564926400759
7_5409415_01052,ANNUAL,medium,0.5,PIURA,ANNUAL,1998,0.335001056236
7_5409415_01168,ANNUAL,low,1.0,PIURA,ANNUAL,1998,1.15705544039
7_5409415_01169,ANNUAL,medium,0.5,PIURA,ANNUAL,1998,0.430645017973
7_5409415_01171,ANNUAL,medium,1.0,PIURA,PASTURE_FALLOW,1996,1.37220264409
7_5409415_01175,ANNUAL,medium,1.0,PIURA,ANNUAL,1998,1.24729589879
7_5409415_01244,ANNUAL,medium,1.78,PIURA,ANNUAL,1998,0.097620135483
7_5409415_01301,ANNUAL,low,0.30000000000000004,PIURA,ANNUAL,1998,0.204439480036
7_5409415_01303,ANNUAL,medium,1.2,PIURA,ANNUAL,1998,0.237756715321
7_5409415_01326,PERENNIAL,low,2.75,PIURA,ANNUAL,1998,0.722003764478
7_5409415_01360,ANNUAL,medium,0.5,PIURA,ANNUAL,1998,0.197236050637
7_5409415_01380,ANNUAL,medium,0.75,PIURA,ANNUAL,1998,0.468814791857
7_5409415_01397,ANNUAL,low,0.1,PIURA,ANNUAL,1998,0.474585877858
7_5409415_01420,PERENNIAL,low,1.75,PIURA,ANNUAL,1998,0.213875456774
7_5409415_01566,ANNUAL,medium,0.54,PIURA,ANNUAL,1998,0.162579977204
7_5409415_04221,ANNUAL,medium,0.8,PIURA,ANNUAL,1998,0.966876909436
7_5409415_080345,ANNUAL,medium,0.5,PIURA,PERENNIAL,2005,1.7743506878
7_5409415_09602,ANNUAL,medium,4.0,PIURA,ANNUAL,1998,0.32546896141
7_5409415_09610,ANNUAL,high,1.0,PIURA,ANNUAL,1998,0.52266216831
7_5409415_09615,ANNUAL,low,0.4,PIURA,ANNUAL,1998,0.31538361915
7_5409415_09651,ANNUAL,medium,1.6,PIURA,ANNUAL,1998,0.38631751864
7_5409415_09660,ANNUAL,medium,1.2,PIURA,ANNUAL,1998,0.35703223355
7_5409415_09674,ANNUAL,medium,1.4,PIURA,ANNUAL,1998,0.33060979459
7_5409415_09686,PERENNIAL,low,0.66,PIURA,ANNUAL,1998,0.36686197112
7_5409415_09724,PERENNIAL,medium,2.4,PIURA,ANNUAL,1998,0.123462169849
7_5409415_09804,ANNUAL,medium,0.1501,PIURA,ANNUAL,1998,0.52588023612
7_5409415_09821,PERENNIAL,medium,3.42,PIURA,ANNUAL,1998,0.443318218153
7_5409415_09836,ANNUAL,medium,0.79,PIURA,PASTURE_FALLOW,1998,0.30070353422
7_5409415_09851,PERENNIAL,medium,2.75,PIURA,PASTURE_FALLOW,1998,0.73461940927
7_5409415_09882,PERENNIAL,medium,2.1399999999999997,PIURA,PASTURE_FALLOW,1998,0.418435458335
7_5409415_09904,ANNUAL,high,3.5,PIURA,PASTURE_FALLOW,1998,0.649984294324
7_5409415_09905,PERENNIAL,medium,1.0,PIURA,PASTURE_FALLOW,1998,1.28554358652
7_5409415_09906,ANNUAL,medium,1.0,PIURA,ANNUAL,1998,1.55242497047
7_5409415_09917,ANNUAL,medium,2.5,PIURA,PASTURE_FALLOW,1998,0.459954677505
7_5409415_09921,PERENNIAL,medium,3.3,PIURA,PASTURE_FALLOW,1998,0.563286133937
7_5409415_09931,ANNUAL,low,0.4,PIURA,PASTURE_FALLOW,1998,0.129963500482
7_5409415_09955,ANNUAL,low,0.30000000000000004,PIURA,PASTURE_FALLOW,1998,0.185991720651
7_5409415_09959,PERENNIAL,medium,2.9,PIURA,PASTURE_FALLOW,1998,0.178924145181
7_5409415_09966,PERENNIAL,medium,1.78,PIURA,ANNUAL,1998,0.250174492043
7_5409415_10481,ANNUAL,low,0.5,PIURA,ANNUAL,1998,0.709815106029
7_5409415_10522,ANNUAL,medium,1.9,PIURA,ANNUAL,1998,0.723455878714
7_5409415_10526,ANNUAL,medium,0.94,PIURA,ANNUAL,1998,0.752136581488
7_5409415_10552,ANNUAL,high,0.25,PIURA,ANNUAL,1998,2.33193390066
7_5409415_10626,ANNUAL,medium,2.0,PIURA,ANNUAL,1998,0.147535520924
7_5409415_10711,ANNUAL,medium,0.22,PIURA,ANNUAL,1998,0.161878362629
7_5409415_10720,ANNUAL,medium,0.3,PIURA,ANNUAL,1998,1.75072280894
7_5409415_10723,ANNUAL,high,3.15,PIURA,ANNUAL,1998,1.78501456127
7_5409415_10727,ANNUAL,high,0.9420000000000001,PIURA,ANNUAL,1998,1.69360931874
7_5409415_10734,ANNUAL,medium,1.23,PIURA,ANNUAL,1998,2.28694332617
7_5409415_10806,ANNUAL,low,0.5,PIURA,ANNUAL,1998,0.171547399534
7_5409415_10818,ANNUAL,medium,1.08,PIURA,ANNUAL,1998,0.471962067088
7_5409415_10820,ANNUAL,medium,0.72,PIURA,ANNUAL,1998,1.09148077964
7_5409415_10833,ANNUAL,medium,1.0,PIURA,ANNUAL,1998,0.423411873771
7_5409415_10840,ANNUAL,medium,0.77,PIURA,ANNUAL,2001,0.439612922852
7_5409415_10861,ANNUAL,low,0.11,PIURA,ANNUAL,1998,1.21070089271
7_5409415_10867,ANNUAL,medium,0.5,PIURA,ANNUAL,1998,0.511273853841
7_5409415_10887,ANNUAL,low,0.06,PIURA,ANNUAL,1998,0.488056651709
7_5409415_10899,ANNUAL,low,0.1,PIURA,ANNUAL,1998,1.06532636041
7_5409415_10906,ANNUAL,low,1.07,PIURA,ANNUAL,2001,1.09481944471
7_5409415_10921,ANNUAL,medium,1.08,PIURA,ANNUAL,1998,0.278684383164
7_5409415_10922,ANNUAL,low,0.9299999999999999,PIURA,ANNUAL,1998,0.298095093312
7_5409415_10927,ANNUAL,medium,1.55,PIURA,ANNUAL,1998,0.279938208158
7_5409415_10928,ANNUAL,medium,1.06,PIURA,ANNUAL,1998,0.306359692423
7_5409415_10946,ANNUAL,high,1.24,PIURA,ANNUAL,1998,0.308716799271
7_5409415_14434,ANNUAL,medium,0.64,PIURA,ANNUAL,1998,0.602058980823
7_5409415_14445,ANNUAL,low,2.3,PIURA,ANNUAL,1998,0.744694683753
7_5409415_14806,ANNUAL,medium,2.8,PIURA,ANNUAL,1998,0.245956900351
7_5409415_14825,ANNUAL,medium,2.65,PIURA,PASTURE_FALLOW,1998,0.421496116215
7_5409415_14861,ANNUAL,medium,1.64,PIURA,ANNUAL,1998,0.58539607593
7_5409415_14868,ANNUAL,medium,1.94,PIURA,ANNUAL,1998,0.650878336178
7_5409415_14883,PERENNIAL,medium,3.6,PIURA,ANNUAL,1998,0.606538103345
7_5409415_14908,PERENNIAL,medium,0.71,PIURA,ANNUAL,1998,0.462238688738
7_5409415_14959,ANNUAL,medium,6.0,PIURA,ANNUAL,1998,0.600591740287
7_5409415_14980,PERENNIAL,medium,2.1,PIURA,ANNUAL,1998,1.28869907861
7_5409415_24119,PERENNIAL,high,2.25,PIURA,ANNUAL,1998,1.21771629215
7_5409415_24130,ANNUAL,medium,1.75,PIURA,ANNUAL,1998,0.485879979743
7_5409415_24169,ANNUAL,medium,40.0,PIURA,ANNUAL,1998,0.18286607409
7_5409415_24170,ANNUAL,medium,0.5,PIURA,ANNUAL,1998,0.45861994094
7_5409415_24182,PERENNIAL,low,1.8,PIURA,ANNUAL,1998,0.429481578762
7_5409415_24185,ANNUAL,medium,0.2,PIURA,ANNUAL,1998,0.418176199136
7_5409415_24187,ANNUAL,medium,1.0,PIURA,ANNUAL,1998,0.44758742322
7_5409415_24191,ANNUAL,medium,1.6,PIURA,ANNUAL,1998,0.40692890282
7_5409415_24193,ANNUAL,medium,4.4799999999999995,PIURA,ANNUAL,1998,0.447758942811
7_5409415_24196,ANNUAL,medium,2.3,PIURA,ANNUAL,1998,0.413505858329
7_5409415_24329,ANNUAL,low,11.1,PIURA,PASTURE_FALLOW,1998,0.4013928194
7_5409415_24359,ANNUAL,medium,0.86,PIURA,PASTURE_FALLOW,1998,0.206504762027
7_5409415_24362,ANNUAL,medium,0.7,PIURA,PASTURE_FALLOW,1998,0.397713150269
7_5409415_24366,PERENNIAL,medium,3.5999999999999996,PIURA,PASTURE_FALLOW,1998,0.776629533706
7_5409415_24419,ANNUAL,medium,0.4,PIURA,PASTURE_FALLOW,1998,0.729063203989
7_5409415_24421,PERENNIAL,medium,2.54,PIURA,PASTURE_FALLOW,1998,0.192155469341
7_5409415_24466,PERENNIAL,medium,2.2,PIURA,PASTURE_FALLOW,1998,0.580754011959
7_5409415_24477,PERENNIAL,medium,2.62,PIURA,PASTURE_FALLOW,1998,0.566306324247
7_5409415_24479,ANNUAL,medium,1.3,PIURA,PASTURE_FALLOW,1998,0.562320072881
7_5409415_24483,ANNUAL,medium,2.05,PIURA,PASTURE_FALLOW,1998,0.34872248267
7_5409415_24490,ANNUAL,medium,1.78,PIURA,PASTURE_FALLOW,1998,0.342062909787
7_5409415_24491,ANNUAL,high,0.9,PIURA,ANNUAL,1998,0.313702626865
7_5409415_24500,ANNUAL,high,2.75,PIURA,ANNUAL,1998,0.155804416498
7_5409415_26914,ANNUAL,medium,2.26,PIURA,ANNUAL,1998,0.44641666848
7_5409415_29038,ANNUAL,medium,1.2,PIURA,ANNUAL,1998,0.6804210992
7_5409415_29059,ANNUAL,medium,1.1,PIURA,ANNUAL,1998,0.75872336955
7_5409415_29063,ANNUAL,medium,6.542999999999999,PIURA,ANNUAL,1998,0.64219259253
7_5409415_29066,ANNUAL,medium,0.9,PIURA,ANNUAL,1998,0.66485091657
7_5409415_29071,ANNUAL,medium,1.2,PIURA,ANNUAL,1998,0.67199727399
7_5409415_29073,ANNUAL,medium,0.9500000000000001,PIURA,ANNUAL,1998,0.62589359597
7_5409415_29077,ANNUAL,medium,1.4,PIURA,ANNUAL,1998,0.72710641321
7_5409415_29078,ANNUAL,medium,1.15,PIURA,ANNUAL,1998,0.6798920297
7_5409415_29111,ANNUAL,medium,1.1,PIURA,ANNUAL,1998,0.193178469453
7_5409415_29119,PERENNIAL,low,0.85,PIURA,ANNUAL,1998,0.353822720531
7_5409415_29120,ANNUAL,medium,1.0,PIURA,ANNUAL,1998,2.03337985648
7_5409415_29132,ANNUAL,high,11.0,PIURA,PASTURE_FALLOW,1998,0.688754774415
7_5409415_29149,PERENNIAL,medium,1.9,PIURA,ANNUAL,1998,0.175467699085
7_5409415_29168,ANNUAL,low,2.31,PIURA,ANNUAL,1998,0.287994925856
7_5409415_29171,PERENNIAL,medium,2.26,PIURA,ANNUAL,1998,0.358069917323
7_5409415_29175,PERENNIAL,medium,2.3,PIURA,ANNUAL,1998,0.203678082838
7_5409420_080776,PERENNIAL,medium,0.16,PIURA,ANNUAL,2009,0.434497861359
7_5409420_09227,ANNUAL,medium,2.39,PIURA,ANNUAL,1998,0.23077282179
7_5409420_09232,ANNUAL,medium,1.15,PIURA,ANNUAL,1998,0.47489429862
7_5409420_09258,ANNUAL,medium,0.15,PIURA,ANNUAL,1998,0.21275817532
7_5409420_09409,ANNUAL,medium,1.5499999999999998,PIURA,ANNUAL,1998,1.07384325583
7_5409420_09417,ANNUAL,low,9.7,PIURA,ANNUAL,1998,0.200846698936
7_5409420_09421,ANNUAL,low,0.14,PIURA,ANNUAL,1998,0.93708995625
7_5409420_09422,ANNUAL,medium,1.7000000000000002,PIURA,ANNUAL,1998,1.21912125074
7_5409420_09466,ANNUAL,medium,0.5,PIURA,PASTURE_FALLOW,1998,0.657675585433
7_5409420_09473,PERENNIAL,medium,3.5,PIURA,PASTURE_FALLOW,1998,0.594171479171
7_5409420_09476,ANNUAL,medium,1.25,PIURA,PASTURE_FALLOW,1998,0.600435352017
7_5409420_09488,ANNUAL,low,0.0181,PIURA,PASTURE_FALLOW,1998,0.690774956676
7_5409420_09514,ANNUAL,medium,6.0,PIURA,ANNUAL,1998,0.491129147619
7_5409420_09518,PERENNIAL,medium,1.75,PIURA,ANNUAL,1998,0.596632589994
7_5409420_09540,ANNUAL,medium,4.375,PIURA,ANNUAL,1998,0.415548171124
7_5409420_09550,ANNUAL,medium,12.5,PIURA,ANNUAL,1998,0.250011513662
7_5409420_09574,ANNUAL,medium,3.9899999999999998,PIURA,ANNUAL,1998,0.253195737473
7_5409420_09587,PERENNIAL,medium,1.0,PIURA,ANNUAL,1998,0.638975149788
7_5409420_09597,ANNUAL,medium,1.0,PIURA,ANNUAL,1998,0.604505288092
7_5409420_14232,ANNUAL,medium,0.81,PIURA,PASTURE_FALLOW,1998,0.809035182
7_5409420_14293,ANNUAL,medium,2.41,PIURA,ANNUAL,1998,0.59954189788
7_5409420_14394,ANNUAL,high,2.33,PIURA,ANNUAL,1998,0.852315043693
7_5409420_14396,ANNUAL,medium,4.85,PIURA,ANNUAL,1998,0.138462091628
7_5409420_14402,PERENNIAL,medium,3.55,PIURA,ANNUAL,1998,0.738139376103
7_5409420_14437,ANNUAL,medium,1.0,PIURA,ANNUAL,1998,0.493494478297
7_5409420_14450,ANNUAL,high,4.0,PIURA,ANNUAL,1998,0.181125670232
7_5409420_14470,ANNUAL,medium,9.0,PIURA,ANNUAL,1998,0.0947085052458
7_5409420_14476,PERENNIAL,medium,0.0024000000000000002,PIURA,ANNUAL,1998,0.108318703672
7_5409420_14516,PERENNIAL,medium,3.8,PIURA,ANNUAL,1998,0.10029838487
7_5409420_14519,ANNUAL,medium,0.6124999999999999,PIURA,ANNUAL,1998,0.101222230177
7_5409420_14532,ANNUAL,medium,0.5,PIURA,ANNUAL,1998,0.0957588490123
7_5409420_14556,ANNUAL,medium,2.9,PIURA,ANNUAL,1998,0.228952346534
7_5409420_20077,ANNUAL,medium,1.8199999999999998,PIURA,ANNUAL,1998,4.99744674939
7_5409420_24135,ANNUAL,medium,0.5,PIURA,ANNUAL,1998,0.512814453016
7_5409420_24136,ANNUAL,medium,2.6,PIURA,ANNUAL,1998,0.521165277617
7_5409420_24142,ANNUAL,medium,2.0,PIURA,ANNUAL,1998,0.517101736537
7_5409420_24154,PERENNIAL,medium,4.66,PIURA,ANNUAL,1998,0.447874705348
7_5409420_24157,ANNUAL,medium,1.0,PIURA,ANNUAL,1998,0.411097630471
7_5409420_26819,PERENNIAL,medium,6.199999999999999,PIURA,ANNUAL,1998,0.50493833326
7_5409420_26850,ANNUAL,medium,0.7,PIURA,ANNUAL,1998,0.33059980779
7_5409425_018393,PERENNIAL,low,9.5,PIURA,PASTURE_FALLOW,2005,0.100830737158
7_5409425_019891,ANNUAL,medium,1.5,PIURA,PASTURE_FALLOW,2009,2.86432583957
7_5409425_080703,PERENNIAL,medium,16.9,PIURA,PERENNIAL,2006,0.371701189522
7_5409430_018944,ANNUAL,medium,0.25,PIURA,PASTURE_FALLOW,2006,0.100000889553
7_5409440_018735,PERENNIAL,high,3.25,PIURA,ANNUAL,2006,2.06313930239
7_5409440_019179,PERENNIAL,high,2.0,PIURA,ANNUAL,2006,1.00000107212
7_5409440_019894,PERENNIAL,medium,0.25,PIURA,ANNUAL,2009,1.99830132508
7_5409440_04321,ANNUAL,medium,5.38,PIURA,ANNUAL,2001,1.10548947999
7_5409440_04350,ANNUAL,medium,3.0,PIURA,ANNUAL,2001,0.44916581154
7_5409445_018671,PERENNIAL,high,7.1,PIURA,ANNUAL,2005,0.56325794779
7_5409445_018672,ANNUAL,high,0.6,PIURA,ANNUAL,2005,0.570693206156
7_5409445_018673,ANNUAL,medium,0.75,PIURA,ANNUAL,2005,0.359326935715
7_5409445_018688,ANNUAL,medium,0.42000000000000004,PIURA,PERENNIAL,2005,0.140356585481
7_5409445_018691,ANNUAL,high,1.25,PIURA,ANNUAL,2005,0.33149707213
7_5409445_018693,ANNUAL,high,2.5,PIURA,ANNUAL,2005,0.121961088976
7_5409445_018703,ANNUAL,high,2.15,PIURA,ANNUAL,2005,0.364682371699
7_5409445_018706,ANNUAL,high,1.25,PIURA,ANNUAL,2005,0.312991355018
7_5409445_018708,ANNUAL,high,0.5,PIURA,ANNUAL,2005,0.384637999138
7_5409445_018712,ANNUAL,medium,0.37,PIURA,ANNUAL,2005,0.211491296028
7_5409445_018716,PERENNIAL,high,0.02,PIURA,ANNUAL,2005,0.140840627834
7_5409445_018717,ANNUAL,medium,7.2,PIURA,ANNUAL,2005,0.168860976748
7_5409445_019867,ANNUAL,high,3.38,PIURA,ANNUAL,2009,2.46082346507
7_5409445_02930,ANNUAL,medium,1.0,PIURA,ANNUAL,2001,0.94496154348
7_5409445_02974,ANNUAL,medium,1.5,PIURA,ANNUAL,2001,1.67439948243
7_5409445_04271,ANNUAL,medium,1.5,PIURA,ANNUAL,2001,0.632656833967
7_5409445_16528,ANNUAL,medium,0.25,PIURA,ANNUAL,2001,0.428453231533
7_5409445_16578,ANNUAL,high,5.72,PIURA,ANNUAL,2001,0.562196267936
7_5409445_16581,ANNUAL,medium,12.0,PIURA,ANNUAL,2001,0.247393188791
7_5409445_16586,ANNUAL,high,0.5,PIURA,ANNUAL,2001,0.485500261691
7_5409445_16587,ANNUAL,high,6.76,PIURA,ANNUAL,2001,1.21143924252
7_5409445_16595,ANNUAL,high,3.38,PIURA,ANNUAL,2001,0.311539067232
7_5409445_16634,ANNUAL,high,0.08,PIURA,ANNUAL,2001,0.286073886178
7_5409450_019926,PERENNIAL,high,4.0,PIURA,PERENNIAL,2010,3.08973836158
7_5409455_040481,PERENNIAL,medium,1.0,PIURA,PERENNIAL,2007,8.5198652148
7_5409455_22255,PERENNIAL,high,3.95,PIURA,PERENNIAL,2001,6.12826893584
7_5409460_028903,PERENNIAL,high,40.0,PIURA,PERENNIAL,2006,40.9391825925
7_5409460_067123,PERENNIAL,medium,1.0,PIURA,PERENNIAL,2009,0.595393682471
7_5409460_067129,PERENNIAL,medium,3.0,PIURA,PERENNIAL,2010,3.99993051471
7_5409460_20802,PERENNIAL,medium,3.75,PIURA,PERENNIAL,2001,3.92766838333
7_5409460_20860,PERENNIAL,medium,11.0,PIURA,PERENNIAL,2001,9.01610646134
7_5409460_23860,PERENNIAL,high,1.0,PIURA,PERENNIAL,2001,0.742703844418
7_5409460_28613,PERENNIAL,medium,1.125,PIURA,PERENNIAL,2001,0.384396158353
7_5409460_28615,PERENNIAL,high,2.0,PIURA,PASTURE_FALLOW,2001,1.20609147104
7_5409465_028807,PERENNIAL,medium,2.5,PIURA,PERENNIAL,2004,0.280433879184
7_5409465_57227,PERENNIAL,medium,0.75,PIURA,PERENNIAL,2001,0.321354786194
7_5459445_21000,ANNUAL,medium,0.5,PIURA,PASTURE_FALLOW,1999,1.99154151807
7_5459445_21064,PERENNIAL,low,6.0,PIURA,PASTURE_FALLOW,1999,2.57121864525
7_5459445_21098,ANNUAL,high,1.25,PIURA,PASTURE_FALLOW,1999,2.39856277573
7_5459445_21099,ANNUAL,medium,1.5,PIURA,PASTURE_FALLOW,1999,1.88202692467
7_5459445_21104,ANNUAL,high,0.5,PIURA,PASTURE_FALLOW,1999,2.70478681724
7_5459445_21155,ANNUAL,high,5.0,PIURA,PASTURE_FALLOW,1999,3.01995271152
7_5459445_21156,ANNUAL,high,1.0,PIURA,PASTURE_FALLOW,1999,2.84771963903
7_5459445_21157,PERENNIAL,low,0.5,PIURA,PASTURE_FALLOW,1999,2.54909502478
7_5459445_21160,ANNUAL,low,1.0,PIURA,PASTURE_FALLOW,1999,2.36138045801
7_5459445_21173,ANNUAL,high,3.5,PIURA,PASTURE_FALLOW,1999,1.79427124163
7_5459445_21177,ANNUAL,medium,0.5,PIURA,ANNUAL,1999,0.84436298535
7_5459450_007807,PERENNIAL,high,5.2,PIURA,ANNUAL,2007,5.95286848189
7_5459450_090073,PERENNIAL,medium,65.0,PIURA,PERENNIAL,2007,23.3995378277
7_5459450_20002,PERENNIAL,low,2.2,PIURA,ANNUAL,1999,1.93378642529
7_5459450_20003,ANNUAL,medium,1.5,PIURA,ANNUAL,1999,1.76243783948
7_5459450_20013,ANNUAL,low,2.0,PIURA,ANNUAL,1999,0.63823013521
7_5459450_20032,PERENNIAL,medium,1.7,PIURA,ANNUAL,1998,2.06324357388
7_5459450_20041,PERENNIAL,medium,1.7999999999999998,PIURA,ANNUAL,1999,1.76335673853
7_5459450_20043,PERENNIAL,medium,1.5,PIURA,ANNUAL,1999,0.912123947192
7_5459450_20052,PERENNIAL,medium,6.25,PIURA,ANNUAL,1999,2.2434162351
7_5459450_20053,PERENNIAL,medium,2.2,PIURA,ANNUAL,1999,3.72251632284
7_5459450_20055,PERENNIAL,medium,0.2,PIURA,ANNUAL,1999,1.59577351118
7_5459450_20062,PERENNIAL,medium,1.0,PIURA,ANNUAL,1999,1.47680614949
7_5459450_20074,PERENNIAL,medium,1.7,PIURA,PASTURE_FALLOW,1999,0.591915792216
7_5459450_20078,ANNUAL,medium,1.7,PIURA,PASTURE_FALLOW,1999,0.178127432627
7_5459450_20079,PERENNIAL,medium,1.7,PIURA,PASTURE_FALLOW,1999,0.549059778919
7_5459450_20081,PERENNIAL,high,1.0,PIURA,PASTURE_FALLOW,1999,0.567865358372
7_5459450_20097,PERENNIAL,high,3.4,PIURA,PASTURE_FALLOW,1999,0.779890597706
7_5459450_20109,PERENNIAL,medium,1.7,PIURA,PASTURE_FALLOW,1999,0.969725248887
7_5459450_20113,ANNUAL,high,1.0,PIURA,ANNUAL,1999,0.465843177494
7_5459450_20130,PERENNIAL,medium,5.2,PIURA,PERENNIAL,1999,2.54529566542
7_5459450_20144,PERENNIAL,low,1.0,PIURA,PERENNIAL,1999,0.554323883506
7_5459450_20145,PERENNIAL,low,3.0,PIURA,ANNUAL,1999,3.34302620213
7_5459450_20146,PERENNIAL,low,1.0,PIURA,PERENNIAL,1999,3.17459329166
7_5459450_20147,PERENNIAL,medium,2.25,PIURA,PERENNIAL,1999,3.00058706815
7_5459450_20149,PERENNIAL,medium,17.25,PIURA,PERENNIAL,1999,2.04667573713
7_5459450_20155,PERENNIAL,medium,6.0,PIURA,PERENNIAL,1999,1.65787319699
7_5459450_20158,PERENNIAL,medium,2.4,PIURA,PERENNIAL,1999,1.18720990804
7_5459450_20162,PERENNIAL,low,0.5,PIURA,PERENNIAL,1999,0.77439324611
7_5459450_20164,PERENNIAL,medium,1.0,PIURA,PASTURE_FALLOW,1999,1.65221401271
7_5459450_20171,ANNUAL,low,1.0,PIURA,PASTURE_FALLOW,1999,1.09735500134
7_5459450_20177,ANNUAL,medium,1.7,PIURA,PASTURE_FALLOW,1999,0.824256886028
7_5459450_20184,PERENNIAL,medium,1.0,PIURA,PASTURE_FALLOW,1999,0.556574542434
7_5459450_20186,PERENNIAL,medium,1.0,PIURA,PASTURE_FALLOW,1999,0.709034866681
7_5459450_20236,PERENNIAL,medium,1.0,PIURA,PERENNIAL,1999,6.96856701142
7_5459450_20237,PERENNIAL,high,1.0,PIURA,PASTURE_FALLOW,1999,6.97615834824
7_5459450_20246,PERENNIAL,high,1.0,PIURA,ANNUAL,1999,10.0925940935
7_5459450_21035,ANNUAL,high,0.4,PIURA,PASTURE_FALLOW,1999,0.605892021356
7_5459450_21063,ANNUAL,medium,0.25,PIURA,PASTURE_FALLOW,1999,0.669192344787
7_5459450_21070,ANNUAL,medium,0.25,PIURA,PASTURE_FALLOW,1999,1.4114352719
7_5459450_21077,ANNUAL,medium,0.25,PIURA,ANNUAL,1999,1.67238703225
7_5459450_21078,ANNUAL,medium,0.2,PIURA,PASTURE_FALLOW,1999,1.32139278619
7_5459450_21079,ANNUAL,medium,0.25,PIURA,ANNUAL,1999,1.53645049203
7_5459450_21081,ANNUAL,medium,0.6,PIURA,PASTURE_FALLOW,1999,1.15625009249
7_5459450_21086,ANNUAL,high,0.12,PIURA,PASTURE_FALLOW,1999,1.38063357448
7_5459450_21089,ANNUAL,medium,0.5,PIURA,ANNUAL,1999,1.437279675
7_5459450_21118,ANNUAL,medium,0.4,PIURA,PASTURE_FALLOW,1999,0.572866438801
7_5459450_21191,ANNUAL,medium,3.5,PIURA,PASTURE_FALLOW,1999,3.72020427504
7_5459450_23537,ANNUAL,medium,0.75,PIURA,ANNUAL,1999,0.76129398096
7_5459450_23856,PERENNIAL,medium,6.0,PIURA,PERENNIAL,1999,9.90460375059
7_5459455_038136,ANNUAL,high,3.0,PIURA,PERENNIAL,2005,3.92610710339
7_5459455_36272,PERENNIAL,low,14.5,PIURA,PERENNIAL,2003,0.36902436182
7_5459465_21552,PERENNIAL,medium,1.375,PIURA,PERENNIAL,2001,0.641001117153
7_5459465_25161,PERENNIAL,low,1.25,PIURA,PERENNIAL,2004,0.331078414037
7_5459470_028716,PERENNIAL,medium,1.25,PIURA,PASTURE_FALLOW,2006,0.746200448679
7_5459470_028717,PERENNIAL,medium,0.95,PIURA,PERENNIAL,2004,0.746129061807
7_5459470_23109,ANNUAL,high,1.0,PIURA,ANNUAL,2001,0.533326681851
7_5459470_25336,PERENNIAL,medium,3.24,PIURA,ANNUAL,2001,0.636223827047
7_5459475_028797,PERENNIAL,high,0.5,PIURA,ANNUAL,2005,0.83949506908
7_5459475_028798,PERENNIAL,medium,0.75,PIURA,ANNUAL,2005,0.318913440481
7_5459475_23035,PERENNIAL,medium,1.7,PIURA,ANNUAL,2001,0.139639157428
7_5509450_20201,PERENNIAL,high,2.0,PIURA,PERENNIAL,1999,0.420787787034
7_5509450_20205,PERENNIAL,high,2.0,PIURA,PASTURE_FALLOW,1999,4.80514985555
7_5509450_20208,PERENNIAL,medium,3.0,PIURA,ANNUAL,1999,0.837676233349
7_5509450_20214,PERENNIAL,medium,1.5,PIURA,ANNUAL,1999,0.541557792076
7_5509450_20222,PERENNIAL,high,1.0,PIURA,PERENNIAL,1999,4.08494526413
7_5509450_20223,PERENNIAL,medium,27.0,PIURA,PERENNIAL,1999,0.656923563301
7_5509450_20226,PERENNIAL,high,11.74,PIURA,PERENNIAL,1999,0.953538674172
7_5509450_20232,PERENNIAL,medium,10.5,PIURA,PERENNIAL,1999,1.07045900794
7_5509450_20233,PERENNIAL,high,2.0,PIURA,PERENNIAL,1999,2.08095695937
7_5509450_20234,PERENNIAL,high,3.5,PIURA,PERENNIAL,1999,7.00814254056
7_5509450_20238,PERENNIAL,high,3.0,PIURA,PERENNIAL,1999,4.20251159766
7_5509450_20240,PERENNIAL,high,2.0,PIURA,PERENNIAL,1999,3.75897915816
7_5509450_20241,PERENNIAL,high,1.0,PIURA,PERENNIAL,1999,1.34075011455
7_5509450_20248,PERENNIAL,medium,2.0,PIURA,ANNUAL,1999,2.73934674991
7_5509450_20255,PERENNIAL,high,5.0,PIURA,PERENNIAL,1999,5.1335554134
7_5509450_20256,PERENNIAL,low,0.5,PIURA,ANNUAL,1999,0.94891531473
7_5509450_20267,PERENNIAL,high,1.4,PIURA,PERENNIAL,1999,0.480365580116
7_5509450_20300,PERENNIAL,low,4.75,PIURA,PASTURE_FALLOW,1999,1.82735669477
7_5509450_20314,PERENNIAL,low,0.55,PIURA,ANNUAL,1999,2.87024629915
7_5509450_20315,PERENNIAL,medium,4.85,PIURA,PASTURE_FALLOW,1999,0.425391626523
7_5509450_20318,ANNUAL,low,0.62,PIURA,PASTURE_FALLOW,1999,0.717402730563
7_5509450_20338,PERENNIAL,medium,3.5,PIURA,PERENNIAL,1999,2.4315790187
7_5509450_20349,PERENNIAL,medium,5.35,PIURA,PERENNIAL,1999,3.91129595407
7_5509450_20350,PERENNIAL,high,3.75,PIURA,PERENNIAL,1999,3.89875216015
7_5509450_20355,PERENNIAL,medium,1.75,PIURA,PERENNIAL,1999,2.07964920814
7_5509450_20360,PERENNIAL,high,3.5,PIURA,PERENNIAL,1999,1.22290437872
7_5509450_20363,PERENNIAL,low,4.0,PIURA,PERENNIAL,1999,4.35336958815
7_5509450_20376,PERENNIAL,high,4.0,PIURA,PERENNIAL,1999,0.149667635178
7_5509450_20377,PERENNIAL,high,1.0,PIURA,PERENNIAL,1999,0.24228522756
7_5509450_20378,PERENNIAL,medium,2.7,PIURA,PERENNIAL,1999,0.125221758297
7_5509450_20380,PERENNIAL,medium,4.5,PIURA,PERENNIAL,1999,0.223761926814
7_5509450_20384,PERENNIAL,medium,0.5,PIURA,PERENNIAL,1999,0.22741794437
7_5509450_20386,PERENNIAL,high,2.0,PIURA,PASTURE_FALLOW,1999,0.221286959616
7_5509450_20387,PERENNIAL,medium,1.0,PIURA,PASTURE_FALLOW,1999,0.191018326998
7_5509450_20389,PERENNIAL,medium,3.0,PIURA,PERENNIAL,1999,1.04280962014
7_5509450_20399,PERENNIAL,medium,3.06,PIURA,PERENNIAL,1999,0.826203237757
7_5509450_20506,PERENNIAL,medium,1.75,PIURA,ANNUAL,1999,0.832117519909
7_5509450_20521,PERENNIAL,medium,3.0,PIURA,ANNUAL,1999,1.32283792862
7_5509450_20530,PERENNIAL,medium,55.0,PIURA,PASTURE_FALLOW,1999,0.56345509576
7_5509450_20531,PERENNIAL,high,8.0,PIURA,ANNUAL,1999,0.629114084299
7_5509450_20532,PERENNIAL,medium,2.0,PIURA,ANNUAL,1999,0.568470241508
7_5509450_20537,ANNUAL,medium,0.5,PIURA,PASTURE_FALLOW,1999,1.32348418434
7_5509450_20988,PERENNIAL,high,4.0,PIURA,PERENNIAL,1999,4.40417274733
7_5509450_20990,PERENNIAL,low,4.5,PIURA,PERENNIAL,1999,4.75311812749
7_5509450_21241,PERENNIAL,medium,3.5,PIURA,PASTURE_FALLOW,1999,0.848374734596
7_5509450_21322,ANNUAL,medium,1.0,PIURA,PASTURE_FALLOW,1999,2.40231539848
7_5509450_21325,ANNUAL,medium,0.5,PIURA,PASTURE_FALLOW,1999,3.20641081896
7_5509450_21327,PERENNIAL,medium,0.9500000000000001,PIURA,PASTURE_FALLOW,1999,2.22089055763
7_5509450_21328,PERENNIAL,medium,2.75,PIURA,PASTURE_FALLOW,1999,2.56366980684
7_5509450_21350,ANNUAL,medium,0.24,PIURA,PASTURE_FALLOW,1999,0.201305578915
7_5509450_21356,ANNUAL,medium,1.0,PIURA,PASTURE_FALLOW,1999,0.657700228573
7_5509450_21382,ANNUAL,medium,3.65,PIURA,PASTURE_FALLOW,1999,0.726411666607
7_5509450_21396,PERENNIAL,medium,0.5,PIURA,PASTURE_FALLOW,1999,1.70087905672
7_5509450_23852,PERENNIAL,high,7.5,PIURA,PERENNIAL,1999,0.289096626745
7_5509455_007821,PERENNIAL,medium,15.5,PIURA,ANNUAL,2007,0.166832704326
7_5509455_038126,PERENNIAL,medium,2.0,PIURA,PERENNIAL,2005,3.29616018307
7_5509455_038210,PERENNIAL,high,0.75,PIURA,PERENNIAL,2006,0.654174282087
7_5509455_038214,PERENNIAL,medium,1.25,PIURA,PERENNIAL,2006,2.27968954685
7_5509455_038320,PERENNIAL,high,0.9,PIURA,PERENNIAL,2006,0.712414143976
7_5509455_038321,PERENNIAL,high,0.95,PIURA,PERENNIAL,2005,0.600832549225
7_5509455_038322,PERENNIAL,high,1.9,PIURA,PERENNIAL,2006,0.824117016637
7_5509455_07885,PERENNIAL,high,1.0,PIURA,PERENNIAL,2001,9.40986759171
7_5509455_08069,PERENNIAL,medium,8.0,PIURA,PERENNIAL,2001,9.0131351254
7_5509455_20333,PERENNIAL,high,1.0,PIURA,PERENNIAL,1999,7.28305666939
7_5509455_20336,PERENNIAL,high,3.0,PIURA,PERENNIAL,1999,2.21738678094
7_5509455_20339,PERENNIAL,high,3.6399999999999997,PIURA,ANNUAL,1999,2.69826075853
7_5509455_20340,PERENNIAL,high,5.0,PIURA,PERENNIAL,1999,1.80651570146
7_5509455_20342,PERENNIAL,medium,2.0,PIURA,PERENNIAL,1999,2.89219716772
7_5509455_20344,PERENNIAL,medium,6.0,PIURA,PERENNIAL,1999,1.61767944099
7_5509455_20347,PERENNIAL,high,3.2800000000000002,PIURA,PERENNIAL,1999,3.37355928165
7_5509455_20352,PERENNIAL,low,3.7800000000000002,PIURA,ANNUAL,1999,3.66842218364
7_5509455_20356,PERENNIAL,high,3.0,PIURA,PERENNIAL,1999,3.08000287792
7_5509455_20359,PERENNIAL,medium,3.0,PIURA,PERENNIAL,1999,3.75861660656
7_5509455_20494,PERENNIAL,medium,3.5,PIURA,PASTURE_FALLOW,1999,2.02080336277
7_5509455_20980,PERENNIAL,high,3.5,PIURA,PERENNIAL,1999,1.24143392468
7_5509455_20983,PERENNIAL,medium,2.0,PIURA,PERENNIAL,1999,1.03538349054
7_5509455_20986,PERENNIAL,low,5.8,PIURA,PERENNIAL,1999,3.8932109354
7_5509455_20991,PERENNIAL,medium,2.5,PIURA,PERENNIAL,1999,0.169651247053
7_5509455_20996,PERENNIAL,medium,6.0,PIURA,PASTURE_FALLOW,1999,2.52488431506
7_5509455_20997,PERENNIAL,medium,0.89,PIURA,ANNUAL,1999,0.315804308987
7_5509455_23861,PERENNIAL,medium,8.5,PIURA,PERENNIAL,1999,5.62062090126
7_5509455_23862,PERENNIAL,medium,3.0,PIURA,PERENNIAL,1999,2.56152376888
7_5509455_23874,PERENNIAL,medium,0.5,PIURA,ANNUAL,1999,0.614696745676
7_5509455_23882,PERENNIAL,high,3.5,PIURA,PERENNIAL,1999,6.28350788967
7_5509455_23885,PERENNIAL,high,5.5,PIURA,PERENNIAL,2001,2.70117694716
7_5509455_23887,PERENNIAL,medium,7.15,PIURA,ANNUAL,1999,1.83432213972
7_5509455_23898,PERENNIAL,high,2.0,PIURA,PERENNIAL,1999,3.72772693878
7_5509455_24000,PERENNIAL,medium,8.0,PIURA,PERENNIAL,1999,6.14655529618
7_5509455_24024,PERENNIAL,high,6.0,PIURA,ANNUAL,1999,4.50149775748
7_5509455_24025,PERENNIAL,high,1.0,PIURA,ANNUAL,1999,23.5872094904
7_5509455_33333,PERENNIAL,high,1.0,PIURA,PERENNIAL,2001,1.0721029111
7_5509455_35644,PERENNIAL,low,1.0,PIURA,PERENNIAL,2003,1.06132311888
7_5509455_41721,PERENNIAL,low,1.0,PIURA,PERENNIAL,2003,2.15192234527
7_5509460_030726,PERENNIAL,high,3.0,PIURA,PERENNIAL,2010,3.23892785471
7_5509465_37287,PERENNIAL,high,8.0,PIURA,PERENNIAL,2004,4.64527089444
7_5509465_37288,PERENNIAL,medium,22.5,PIURA,PERENNIAL,2004,3.64090625141
7_5509475_028776,ANNUAL,high,0.5,PIURA,ANNUAL,2004,0.497468372675
7_5509475_028778,ANNUAL,high,0.5,PIURA,ANNUAL,2004,0.639183301486
7_5509475_028780,ANNUAL,high,0.5,PIURA,ANNUAL,2004,0.639255909563
7_5509475_028781,ANNUAL,high,0.5,PIURA,ANNUAL,2004,0.639165146469
7_5509475_028789,PERENNIAL,high,1.0,PIURA,PERENNIAL,2005,0.994916228265
7_5509475_028794,PERENNIAL,medium,10.5,PIURA,ANNUAL,2005,2.35988077465
7_5509475_028812,ANNUAL,medium,0.75,PIURA,ANNUAL,2005,0.268869977306
7_5509475_028813,ANNUAL,medium,3.5,PIURA,ANNUAL,2006,0.581549247844
7_5509475_028814,ANNUAL,high,1.25,PIURA,ANNUAL,2006,0.999985158351
7_5509475_028864,PERENNIAL,high,2.0,PIURA,ANNUAL,2006,1.76854910069
7_5509475_22628,PERENNIAL,high,1.13,PIURA,ANNUAL,2001,1.82117250695
7_5509475_22714,ANNUAL,high,2.25,PIURA,ANNUAL,2001,2.49420211935
7_5509475_25965,ANNUAL,medium,17.0,PIURA,ANNUAL,2001,0.486397488037
7_5509475_28701,ANNUAL,medium,5.0,PIURA,ANNUAL,2003,1.21672418342
7_5559450_20422,PERENNIAL,low,13.0,PIURA,PASTURE_FALLOW,1999,13.0337620129
7_5559450_21271,PERENNIAL,medium,0.25,PIURA,PASTURE_FALLOW,1999,0.267439861582
7_5559450_21275,PERENNIAL,medium,2.01,PIURA,PERENNIAL,1999,1.23479594876
7_5559450_21310,PERENNIAL,medium,1.0,PIURA,PERENNIAL,1999,0.647316525218
7_5559450_21316,PERENNIAL,medium,1.25,PIURA,PERENNIAL,1999,1.46926354706
7_5559455_20451,PERENNIAL,medium,3.0,PIURA,PERENNIAL,1999,1.56202015324
7_5559455_20458,ANNUAL,medium,1.0,PIURA,PASTURE_FALLOW,1999,2.63009311953
7_5559455_20459,PERENNIAL,low,1.75,PIURA,PASTURE_FALLOW,1999,2.15118932957
7_5559455_20475,PERENNIAL,low,24.37,PIURA,PASTURE_FALLOW,1999,2.17554139618
7_5559455_21268,PERENNIAL,low,22.5,PIURA,PASTURE_FALLOW,1999,2.86488866561
7_5559455_21279,ANNUAL,high,0.5,PIURA,PASTURE_FALLOW,1999,0.651617073456
7_5559455_21280,PERENNIAL,high,2.25,PIURA,PASTURE_FALLOW,1999,3.08803625743
7_5559455_21288,PERENNIAL,medium,0.76,PIURA,PASTURE_FALLOW,1999,0.297522960271
7_5559460_038131,PERENNIAL,high,2.25,PIURA,PERENNIAL,2005,4.16264651682
7_5559460_08629,PERENNIAL,high,8.0,PIURA,PERENNIAL,2001,3.48184030526
7_5559460_09284,PERENNIAL,low,1.5,PIURA,PERENNIAL,2004,5.61260490748
7_5559460_35678,PERENNIAL,medium,9.74,PIURA,PERENNIAL,2003,12.0294798087
7_5559465_08604,PERENNIAL,high,10.0,PIURA,PERENNIAL,2003,5.96374076002
7_5609450_21167,ANNUAL,medium,3.75,PIURA,ANNUAL,1999,3.46273897922
7_5609450_21171,ANNUAL,high,3.0,PIURA,ANNUAL,1999,3.25380606555
7_5609450_21215,PERENNIAL,low,0.5,PIURA,PERENNIAL,1999,0.960240785914
7_5609450_21406,ANNUAL,medium,0.2,PIURA,PASTURE_FALLOW,1999,1.14570093964
7_5609450_21411,ANNUAL,medium,1.0,PIURA,PASTURE_FALLOW,1999,0.835029634938
7_5609450_21415,ANNUAL,high,0.5700000000000001,PIURA,PASTURE_FALLOW,1999,1.13003030432
7_5609450_21425,ANNUAL,medium,0.25,PIURA,PASTURE_FALLOW,1999,0.830914056692
7_5609450_21438,ANNUAL,medium,4.75,PIURA,PASTURE_FALLOW,1999,1.10584412956
7_5609450_21444,ANNUAL,medium,1.0,PIURA,PASTURE_FALLOW,1999,1.15941389246
7_5609450_21467,ANNUAL,medium,0.5,PIURA,PASTURE_FALLOW,1999,0.675624040745
7_5609450_21495,ANNUAL,high,1.76,PIURA,PASTURE_FALLOW,1999,0.871711005162
7_5609450_21496,ANNUAL,high,6.0,PIURA,PASTURE_FALLOW,1999,1.1424877742
7_5609450_21505,PERENNIAL,medium,2.5,PIURA,PASTURE_FALLOW,1999,1.21592392489
7_5609450_21510,PERENNIAL,medium,0.8,PIURA,PASTURE_FALLOW,1999,2.16421351454
7_5609450_21514,ANNUAL,medium,0.5,PIURA,PASTURE_FALLOW,1999,0.564880647976
7_5609450_21516,PERENNIAL,medium,9.5,PIURA,PASTURE_FALLOW,1999,2.22025141343
7_5609450_21519,ANNUAL,medium,2.75,PIURA,PASTURE_FALLOW,1999,0.930927260599
7_5609450_21537,ANNUAL,medium,0.5,PIURA,PASTURE_FALLOW,1999,2.12243571054
7_5609450_21542,ANNUAL,medium,0.09999999999999999,PIURA,PASTURE_FALLOW,1999,0.584740797847
7_5609450_21561,ANNUAL,medium,1.5,PIURA,PASTURE_FALLOW,1999,1.68973283615
7_5609450_21611,PERENNIAL,medium,0.22,PIURA,PASTURE_FALLOW,1999,1.49887867063
7_5609450_21617,ANNUAL,medium,0.5,PIURA,PASTURE_FALLOW,1999,1.58116953684
7_5609450_21635,ANNUAL,low,1.0,PIURA,PASTURE_FALLOW,1999,0.186354291769
7_5609450_21658,ANNUAL,medium,0.25,PIURA,PASTURE_FALLOW,1999,0.44693144526
7_5609450_21751,ANNUAL,medium,0.5,PIURA,PASTURE_FALLOW,1999,0.486003186088
7_5609450_21752,ANNUAL,medium,0.2,PIURA,PASTURE_FALLOW,1999,0.369260318188
7_5609450_21778,PERENNIAL,medium,0.15,PIURA,PASTURE_FALLOW,1999,0.192827387981
7_5609455_20429,PERENNIAL,low,1.7,PIURA,PASTURE_FALLOW,1999,3.13833934986
7_5609455_20431,PERENNIAL,medium,1.25,PIURA,PASTURE_FALLOW,1999,1.8901918421
7_5609455_20608,PERENNIAL,high,2.0,PIURA,PASTURE_FALLOW,1999,1.54196371186
7_5609455_20609,PERENNIAL,medium,2.0,PIURA,PASTURE_FALLOW,1999,3.0204735734
7_5609455_20616,PERENNIAL,medium,3.25,PIURA,PASTURE_FALLOW,1999,4.72691261507
7_5609455_20677,ANNUAL,medium,0.75,PIURA,ANNUAL,1999,2.73125993496
7_5609455_20681,PERENNIAL,medium,5.65,PIURA,ANNUAL,1999,2.78875743202
7_5609455_20708,PERENNIAL,medium,2.55,PIURA,ANNUAL,1999,4.32019995658
7_5609455_20722,PERENNIAL,medium,7.5,PIURA,PASTURE_FALLOW,1999,0.322889437008
7_5609455_20727,PERENNIAL,medium,11.25,PIURA,PASTURE_FALLOW,1999,0.104990498266
7_5609455_20742,PERENNIAL,medium,3.0,PIURA,PASTURE_FALLOW,1999,0.694885653979
7_5609455_20753,PERENNIAL,high,1.0,PIURA,PERENNIAL,1999,0.668336572798
7_5609455_20762,PERENNIAL,medium,2.15,PIURA,PERENNIAL,1999,4.33900610475
7_5609455_20767,PERENNIAL,low,1.5,PIURA,PERENNIAL,1999,3.53170597974
7_5609455_20776,ANNUAL,low,24.9,PIURA,PERENNIAL,1999,1.32888900777
7_5609455_21166,ANNUAL,medium,3.5,PIURA,ANNUAL,1999,1.67202823997
7_5609455_21570,ANNUAL,low,0.03,PIURA,PASTURE_FALLOW,1999,1.83738420843
7_5609455_21577,ANNUAL,medium,1.25,PIURA,PASTURE_FALLOW,1999,0.153197035911
7_5609455_21579,ANNUAL,high,0.03,PIURA,PASTURE_FALLOW,1999,0.283965609169
7_5609455_21975,ANNUAL,high,2.75,PIURA,ANNUAL,1999,2.71844515809
7_5609455_21991,ANNUAL,medium,4.0,PIURA,ANNUAL,1999,4.02475931116
7_5609455_23664,ANNUAL,medium,4.0,PIURA,ANNUAL,1999,3.37663802389
7_5609455_23736,ANNUAL,medium,3.0,PIURA,ANNUAL,1999,1.74481992308
7_5609455_23740,PERENNIAL,high,3.0,PIURA,ANNUAL,1999,0.234158577206
7_5609455_23745,ANNUAL,medium,4.0,PIURA,ANNUAL,1999,2.02858875349
7_5609455_24036,PERENNIAL,medium,11.75,PIURA,PERENNIAL,1999,0.800383850479
7_5609455_24039,PERENNIAL,high,5.97,PIURA,PERENNIAL,1999,3.09952535999
7_5609455_24040,PERENNIAL,high,4.2,PIURA,PERENNIAL,1999,3.13078420754
7_5609460_09104,PERENNIAL,low,0.75,PIURA,PERENNIAL,2004,6.66731392958
7_5609460_09250,PERENNIAL,high,8.0,PIURA,PERENNIAL,2001,8.81790485446
7_5609460_09409,PERENNIAL,medium,9.0,PIURA,PERENNIAL,2001,14.4671317782
7_5609460_09477,PERENNIAL,medium,3.0,PIURA,PERENNIAL,2001,5.3270669777
7_5609465_038166,PERENNIAL,high,0.98,PIURA,PERENNIAL,2005,0.868614506222
7_5609470_08913,PERENNIAL,high,9.0,PIURA,PERENNIAL,2001,0.472353409735
7_5659455_019354,PERENNIAL,medium,4.5,PIURA,PERENNIAL,2007,3.97741573126
7_5659455_019398,PERENNIAL,high,15.5,PIURA,PERENNIAL,2007,7.19697569564
7_5659455_019400,PERENNIAL,medium,12.0,PIURA,PERENNIAL,2007,10.6005353532
7_5659455_019456,PERENNIAL,high,3.0,PIURA,PERENNIAL,2007,2.22123649975
7_5659455_019457,PERENNIAL,high,0.5,PIURA,PERENNIAL,2007,0.913562209788
7_5659455_024592,PERENNIAL,medium,1.5,PIURA,PERENNIAL,2005,0.940653133974
7_5659455_024595,PERENNIAL,high,1.5,PIURA,PERENNIAL,2005,0.74077398534
7_5659455_024597,PERENNIAL,high,4.0,PIURA,PERENNIAL,2005,1.64153146854
7_5659455_024601,PERENNIAL,high,1.0,PIURA,PERENNIAL,2005,1.41496314495
7_5659455_024603,PERENNIAL,high,4.5,PIURA,PERENNIAL,2005,1.73577768303
7_5659455_024604,PERENNIAL,low,1.0,PIURA,PERENNIAL,2005,0.489042114331
7_5659455_030621,PERENNIAL,medium,9.0,PIURA,PERENNIAL,2009,17.6730639012
7_5659455_20624,PERENNIAL,medium,9.0,PIURA,PASTURE_FALLOW,1999,3.76025073238
7_5659455_20806,PERENNIAL,high,12.5,PIURA,PERENNIAL,1999,16.6410030771
7_5659455_20815,PERENNIAL,high,4.75,PIURA,PERENNIAL,1999,9.32337354578
7_5659455_20819,PERENNIAL,medium,2.0,PIURA,PERENNIAL,1999,11.4879648308
7_5659455_20820,PERENNIAL,high,8.5,PIURA,PERENNIAL,1999,18.7180986104
7_5659455_20841,PERENNIAL,high,1.5,PIURA,PASTURE_FALLOW,1999,3.46291972268
7_5659455_20847,PERENNIAL,high,5.0,PIURA,PASTURE_FALLOW,1999,5.74809280615
7_5659455_20850,ANNUAL,high,1.5,PIURA,PASTURE_FALLOW,1999,6.79949099891
7_5659455_20865,PERENNIAL,medium,7.5,PIURA,PERENNIAL,1999,16.8312857626
7_5659455_20875,PERENNIAL,high,3.4,PIURA,PERENNIAL,1999,4.49634603162
7_5659455_20877,PERENNIAL,high,2.5,PIURA,PERENNIAL,1999,0.80925532303
7_5659455_20887,PERENNIAL,low,1.0,PIURA,PERENNIAL,1999,0.740508035921
7_5659455_20900,ANNUAL,low,0.15,PIURA,PERENNIAL,1999,8.42369525055
7_5659455_20901,PERENNIAL,high,7.8,PIURA,PERENNIAL,1999,13.583227156
7_5659455_20904,PERENNIAL,high,4.5,PIURA,PERENNIAL,1999,4.8426028952
7_5659455_20906,PERENNIAL,high,13.25,PIURA,PERENNIAL,1999,6.82622833838
7_5659455_20908,PERENNIAL,medium,3.0,PIURA,PERENNIAL,1999,7.97299075278
7_5659455_20909,PERENNIAL,high,6.0,PIURA,PERENNIAL,1999,6.77398901994
7_5659455_20911,PERENNIAL,high,6.93,PIURA,PERENNIAL,1999,2.71128536908
7_5659455_20912,PERENNIAL,high,1.0,PIURA,PERENNIAL,1999,0.570922349217
7_5659455_20913,PERENNIAL,high,4.0,PIURA,PERENNIAL,1999,3.14760639175
7_5659455_20914,PERENNIAL,high,4.0,PIURA,PERENNIAL,1999,1.85242679082
7_5659455_20920,PERENNIAL,high,3.0,PIURA,PERENNIAL,1999,1.80579725376
7_5659455_20924,PERENNIAL,medium,12.0,PIURA,PERENNIAL,1999,4.63666855488
7_5659455_20934,PERENNIAL,high,5.0,PIURA,PERENNIAL,1999,4.8771584993
7_5659455_20937,PERENNIAL,high,8.9,PIURA,PERENNIAL,1999,4.15331369549
7_5659455_20938,PERENNIAL,high,8.0,PIURA,PERENNIAL,1999,3.26708319134
7_5659455_20939,PERENNIAL,high,4.5,PIURA,PERENNIAL,1999,4.39070519282
7_5659455_20940,PERENNIAL,medium,11.0,PIURA,PERENNIAL,1999,10.6744809511
7_5659455_20941,PERENNIAL,high,6.0,PIURA,PERENNIAL,1999,4.55313655969
7_5659455_23974,PERENNIAL,high,6.0,PIURA,PERENNIAL,1999,6.83472645686
7_5659455_23975,PERENNIAL,high,5.5,PIURA,PERENNIAL,1999,9.63590987481
7_5659455_23976,PERENNIAL,high,8.0,PIURA,PERENNIAL,1999,14.0039480535
7_5659455_23978,PERENNIAL,medium,5.2,PIURA,PERENNIAL,1999,15.2350556051
7_5659455_24007,PERENNIAL,high,5.5,PIURA,PERENNIAL,1999,23.600410379
7_5659455_24008,PERENNIAL,high,7.0,PIURA,PERENNIAL,1999,16.5480606234
7_5659455_24542,PERENNIAL,low,1.5,PIURA,PERENNIAL,2000,0.941801322045
7_5659460_019363,PERENNIAL,high,3.0,PIURA,PERENNIAL,2007,3.07079001717
7_5659460_019376,PERENNIAL,high,2.0,PIURA,PERENNIAL,2007,0.383830548258
7_5659460_019383,PERENNIAL,medium,5.5,PIURA,PERENNIAL,2007,0.503154468347
7_5659460_019385,PERENNIAL,medium,3.0,PIURA,PERENNIAL,2007,0.11184924613
7_5659460_019387,PERENNIAL,high,3.0,PIURA,PERENNIAL,2007,2.61438342479
7_5659460_019390,PERENNIAL,medium,3.0,PIURA,PERENNIAL,2007,1.15483829624
7_5659460_019403,PERENNIAL,low,1.5,PIURA,PERENNIAL,2007,0.959427953704
7_5659460_019415,PERENNIAL,high,8.35,PIURA,PERENNIAL,2007,2.87440291242
7_5659460_019421,PERENNIAL,high,2.5,PIURA,PERENNIAL,2007,2.50439953273
7_5659460_019422,PERENNIAL,medium,8.25,PIURA,PERENNIAL,2007,7.3234063966
7_5659460_019423,PERENNIAL,medium,0.5,PIURA,PERENNIAL,2007,5.95823639976
7_5659460_019461,PERENNIAL,medium,2.0,PIURA,PERENNIAL,2007,0.401940521562
7_5659460_019462,PERENNIAL,high,5.0,PIURA,PERENNIAL,2007,2.10047487215
7_5659460_019463,PERENNIAL,medium,5.5,PIURA,PERENNIAL,2007,6.66877605986
7_5659460_019465,PERENNIAL,medium,5.0,PIURA,PERENNIAL,2007,3.11001506957
7_5659460_019467,PERENNIAL,high,2.0,PIURA,PERENNIAL,2007,0.641795987397
7_5659460_019468,PERENNIAL,medium,3.0,PIURA,PERENNIAL,2007,0.934082976202
7_5659460_019527,PERENNIAL,medium,2.8,PIURA,PERENNIAL,2007,0.908328343458
7_5659460_038350,PERENNIAL,medium,2.15,PIURA,PERENNIAL,2006,2.8198960155
7_5659460_038351,PERENNIAL,medium,5.5,PIURA,PERENNIAL,2006,0.839189446097
7_5659460_10110,PERENNIAL,medium,18.0,PIURA,PERENNIAL,2001,1.81691860394
7_5659460_10290,PERENNIAL,high,2.45,PIURA,PERENNIAL,2001,2.7729209853
7_5659460_10296,PERENNIAL,medium,3.0,PIURA,PERENNIAL,2001,3.11292760109
7_5659460_10297,PERENNIAL,high,1.25,PIURA,PERENNIAL,2001,2.19255720883
7_5659460_10299,PERENNIAL,high,1.75,PIURA,PERENNIAL,2001,1.05116157253
7_5659460_10301,PERENNIAL,high,18.740000000000002,PIURA,PERENNIAL,2001,6.30522186464
7_5659460_10302,PERENNIAL,medium,3.13,PIURA,PERENNIAL,2001,5.70994083745
7_5659460_10306,PERENNIAL,high,8.0,PIURA,PERENNIAL,2001,8.31523017731
7_5659460_10307,PERENNIAL,high,11.75,PIURA,PERENNIAL,2001,14.0540532942
7_5659460_10317,PERENNIAL,high,3.75,PIURA,PERENNIAL,2001,3.57373452135
7_5659460_10321,PERENNIAL,medium,35.61,PIURA,PERENNIAL,2001,10.0731847391
7_5659460_10322,PERENNIAL,high,1.48,PIURA,PERENNIAL,2001,1.23026280601
7_5659460_10324,PERENNIAL,medium,9.0,PIURA,PERENNIAL,2001,3.0822944699
7_5659460_10327,PERENNIAL,medium,9.3,PIURA,PERENNIAL,2001,2.7670241533
7_5659460_10331,PERENNIAL,medium,3.8,PIURA,PERENNIAL,2001,0.783009569363
7_5659460_10352,PERENNIAL,medium,16.08,PIURA,PERENNIAL,2001,6.02118480479
7_5659460_10353,PERENNIAL,high,5.19,PIURA,PERENNIAL,2001,2.50241836758
7_5659460_10356,PERENNIAL,low,4.0,PIURA,PERENNIAL,2001,1.90664373795
7_5659460_10358,PERENNIAL,medium,11.0,PIURA,PERENNIAL,2001,12.8514522823
7_5659460_10364,ANNUAL,low,3.0,PIURA,PERENNIAL,2001,11.1067653745
7_5659460_10368,PERENNIAL,high,1.0,PIURA,PERENNIAL,2001,0.891470418193
7_5659460_10418,PERENNIAL,high,3.0,PIURA,PERENNIAL,2001,3.78371419009
7_5659460_10424,PERENNIAL,high,9.0,PIURA,PERENNIAL,2001,3.40934028703
7_5659460_10425,PERENNIAL,medium,4.0,PIURA,PERENNIAL,2001,3.33650717266
7_5659460_10428,PERENNIAL,high,5.0600000000000005,PIURA,PERENNIAL,2001,3.47918442629
7_5659460_10429,PERENNIAL,high,6.0,PIURA,PERENNIAL,2001,3.03596790958
7_5659460_10430,PERENNIAL,high,1.0,PIURA,PERENNIAL,2001,2.77455996945
7_5659460_10431,PERENNIAL,high,18.0,PIURA,PERENNIAL,2001,3.41639794593
7_5659460_10435,PERENNIAL,medium,13.55,PIURA,PERENNIAL,2001,5.07265709149
7_5659460_10436,PERENNIAL,high,0.5,PIURA,PERENNIAL,2001,1.08718420584
7_5659460_10438,PERENNIAL,high,4.0,PIURA,PERENNIAL,2001,2.11806403192
7_5659460_10439,PERENNIAL,high,8.0,PIURA,PERENNIAL,2001,2.69809035011
7_5659460_10440,PERENNIAL,high,1.3,PIURA,PERENNIAL,2001,1.00336233586
7_5659460_20927,PERENNIAL,medium,21.94,PIURA,PERENNIAL,1999,0.198278285829
7_5659460_20950,PERENNIAL,medium,4.0,PIURA,PERENNIAL,1999,9.69634060593
7_5659460_20957,PERENNIAL,high,4.0,PIURA,PERENNIAL,1999,1.25794662085
7_5659460_20971,PERENNIAL,medium,1.5,PIURA,PERENNIAL,1999,1.17790815497
7_5659460_20976,PERENNIAL,high,10.0,PIURA,PERENNIAL,1999,4.49681991313
7_5659460_33505,PERENNIAL,high,1.0,PIURA,PERENNIAL,1999,0.986682977208
7_5659460_35734,PERENNIAL,high,14.25,PIURA,PERENNIAL,2003,4.6194537329
7_5659465_09443,PERENNIAL,high,8.0,PIURA,PERENNIAL,2001,8.55505383624
7_5659465_09832,ANNUAL,medium,0.47,PIURA,PERENNIAL,2001,16.0172432093
7_5659465_09840,PERENNIAL,medium,3.0,PIURA,PERENNIAL,2001,11.2373090805
7_5659465_09841,PERENNIAL,medium,2.5,PIURA,PERENNIAL,2001,14.9255045532
7_5659465_09843,PERENNIAL,medium,4.5,PIURA,PERENNIAL,2001,5.52651169919
7_5659465_09844,PERENNIAL,high,7.5,PIURA,PERENNIAL,2001,11.1174053566
7_5659465_09847,PERENNIAL,high,16.0,PIURA,PERENNIAL,2001,8.94712807823
7_5659465_09848,PERENNIAL,high,4.0,PIURA,PERENNIAL,2001,3.8804257278
7_5659465_09853,PERENNIAL,high,4.03,PIURA,PERENNIAL,2001,17.3736615662
7_5659465_09857,PERENNIAL,medium,4.0,PIURA,PERENNIAL,2001,2.67130881107
7_5659465_09858,PERENNIAL,high,1.85,PIURA,PERENNIAL,2001,9.16945962821
7_5659465_09860,PERENNIAL,high,5.4,PIURA,PERENNIAL,2001,8.35380554353
7_5659465_09871,PERENNIAL,medium,7.0,PIURA,PERENNIAL,2001,12.1031417363
7_5659465_09872,PERENNIAL,high,3.0,PIURA,PERENNIAL,2001,1.57309259513
7_5659465_09876,PERENNIAL,high,2.0,PIURA,PERENNIAL,2001,18.5775784828
7_5659465_09878,PERENNIAL,high,2.4,PIURA,PERENNIAL,2001,2.48391020101
7_5659465_09886,PERENNIAL,high,1.8,PIURA,PERENNIAL,2001,6.57712700817
7_5659465_10002,PERENNIAL,high,5.5,PIURA,PERENNIAL,2001,5.50161532426
7_5659465_10003,PERENNIAL,high,7.12,PIURA,PERENNIAL,2001,6.00137674776
7_5659465_10004,PERENNIAL,medium,3.0,PIURA,PERENNIAL,2001,14.8807793987
7_5659465_10005,PERENNIAL,high,5.65,PIURA,PERENNIAL,2001,7.99078476504
7_5659465_10008,PERENNIAL,medium,6.0,PIURA,ANNUAL,2001,8.62516159243
7_5659465_10009,PERENNIAL,medium,4.0,PIURA,PERENNIAL,2001,5.01435225384
7_5659465_10012,PERENNIAL,medium,0.5,PIURA,PERENNIAL,2001,7.20911105567
7_5659465_10021,PERENNIAL,medium,10.5,PIURA,PERENNIAL,2001,5.69786719381
7_5659465_10022,PERENNIAL,low,4.0,PIURA,PERENNIAL,2001,6.01509954095
7_5659465_10023,PERENNIAL,medium,5.0,PIURA,PERENNIAL,2001,8.38851965842
7_5659465_10025,PERENNIAL,high,1.75,PIURA,ANNUAL,2001,5.16132705038
7_5659465_10026,PERENNIAL,high,3.0,PIURA,ANNUAL,2001,4.90599113836
7_5659465_10027,PERENNIAL,high,3.0,PIURA,PERENNIAL,2001,5.92656172209
7_5659465_10028,PERENNIAL,high,4.0,PIURA,PERENNIAL,2001,5.12805113545
7_5659465_10029,PERENNIAL,high,12.0,PIURA,PERENNIAL,2001,7.55646829296
7_5659465_10030,PERENNIAL,medium,9.0,PIURA,PERENNIAL,2001,8.84639075186
7_5659465_10032,PERENNIAL,high,3.0,PIURA,PERENNIAL,2001,6.49355518522
7_5659465_10034,PERENNIAL,high,3.0,PIURA,PERENNIAL,2001,10.9456001557
7_5659465_10036,PERENNIAL,high,8.0,PIURA,PERENNIAL,2001,0.785291816162
7_5659465_10037,PERENNIAL,medium,7.0,PIURA,ANNUAL,2001,9.95543867319
7_5659465_10047,PERENNIAL,low,5.0,PIURA,PERENNIAL,2001,2.51067034481
7_5659465_10056,PERENNIAL,medium,1.0,PIURA,PERENNIAL,2001,4.48221807173
7_5659465_10057,PERENNIAL,high,1.0,PIURA,PERENNIAL,1999,1.70273544017
7_5659465_10058,PERENNIAL,medium,11.0,PIURA,PERENNIAL,2001,16.0773586221
7_5659465_10061,PERENNIAL,medium,12.0,PIURA,PERENNIAL,2001,13.8231382409
7_5659465_10065,PERENNIAL,medium,8.5,PIURA,PERENNIAL,2001,1.02821597479
7_5659465_10066,PERENNIAL,medium,3.85,PIURA,PERENNIAL,2001,2.72377383958
7_5659465_10070,PERENNIAL,medium,7.0,PIURA,PERENNIAL,2001,1.43121758709
7_5659465_10075,PERENNIAL,high,4.34,PIURA,PERENNIAL,2001,2.76152314611
7_5659465_10076,PERENNIAL,high,3.25,PIURA,PERENNIAL,2001,3.53262772626
7_5659465_10079,PERENNIAL,medium,2.0,PIURA,PERENNIAL,2001,1.12672882055
7_5659465_10092,PERENNIAL,medium,2.0,PIURA,PERENNIAL,2001,0.500380241186
7_5659465_10114,PERENNIAL,medium,7.5,PIURA,PERENNIAL,2001,1.22640461973
7_5659465_33190,PERENNIAL,medium,8.5,PIURA,PERENNIAL,2001,2.37744539986
7_5659465_33192,PERENNIAL,medium,2.0,PIURA,PERENNIAL,2001,1.47612546939
7_5659465_33201,PERENNIAL,high,6.0,PIURA,PERENNIAL,2001,14.2729122369
7_5659465_33211,PERENNIAL,medium,5.85,PIURA,PERENNIAL,2001,0.272851800244
7_5659465_33230,PERENNIAL,medium,1.4,PIURA,PERENNIAL,2001,3.92318296511
7_5659465_33231,PERENNIAL,medium,0.4,PIURA,PERENNIAL,2001,3.16899098878
7_5709450_030670,PERENNIAL,high,5.8,PIURA,PERENNIAL,2010,5.63145182194
7_5709450_088949,PERENNIAL,high,2.2,PIURA,PERENNIAL,2007,1.2399830712
7_5709450_21807,PERENNIAL,medium,2.0,PIURA,ANNUAL,1999,0.370644862162
7_5709450_21809,PERENNIAL,medium,1.0,PIURA,ANNUAL,1999,0.384610816935
7_5709450_21813,PERENNIAL,medium,1.25,PIURA,ANNUAL,1999,0.379930812944
7_5709450_21814,PERENNIAL,medium,0.75,PIURA,ANNUAL,1999,0.325268873901
7_5709450_21816,PERENNIAL,medium,1.25,PIURA,ANNUAL,1999,0.383920257153
7_5709450_21822,PERENNIAL,medium,2.0,PIURA,ANNUAL,1999,0.42171981246
7_5709450_21825,PERENNIAL,medium,1.25,PIURA,ANNUAL,1999,0.539129966616
7_5709450_21828,PERENNIAL,medium,1.5,PIURA,ANNUAL,1999,0.418350973284
7_5709450_21830,PERENNIAL,medium,1.5,PIURA,ANNUAL,1999,0.378996936531
7_5709450_21842,PERENNIAL,medium,1.5,PIURA,ANNUAL,1999,0.55543988319
7_5709450_21844,PERENNIAL,medium,0.75,PIURA,ANNUAL,1999,0.596243601953
7_5709450_21854,PERENNIAL,high,1.0,PIURA,ANNUAL,1999,0.328874277473
7_5709450_21867,PERENNIAL,medium,0.5,PIURA,ANNUAL,1999,0.419161826562
7_5709450_21872,PERENNIAL,medium,1.25,PIURA,ANNUAL,1999,0.915894838377
7_5709450_21880,PERENNIAL,low,0.99,PIURA,ANNUAL,1999,1.18639287626
7_5709450_21887,PERENNIAL,medium,1.4,PIURA,ANNUAL,1999,1.13898578581
7_5709450_21889,PERENNIAL,medium,1.25,PIURA,ANNUAL,1999,0.991516594248
7_5709450_21895,PERENNIAL,medium,1.5,PIURA,ANNUAL,1999,1.27382140491
7_5709450_21901,PERENNIAL,medium,1.25,PIURA,ANNUAL,1999,1.30489165424
7_5709450_21903,PERENNIAL,medium,1.0,PIURA,ANNUAL,1999,0.999067164233
7_5709450_21917,PERENNIAL,medium,1.25,PIURA,ANNUAL,1999,1.91620819511
7_5709450_21927,PERENNIAL,high,1.0,PIURA,ANNUAL,1999,0.79484136217
7_5709450_21928,PERENNIAL,medium,1.75,PIURA,ANNUAL,1999,0.996818804902
7_5709450_21931,PERENNIAL,low,1.25,PIURA,ANNUAL,1999,0.914978249288
7_5709450_21936,ANNUAL,low,0.09,PIURA,ANNUAL,1999,0.18192162065
7_5709450_21940,ANNUAL,high,1.5,PIURA,ANNUAL,1999,0.443643837179
7_5709450_21946,ANNUAL,high,0.5,PIURA,ANNUAL,1999,0.753553518643
7_5709450_21965,PERENNIAL,medium,5.0,PIURA,ANNUAL,1999,0.318137916316
7_5709450_22007,PERENNIAL,high,3.0,PIURA,PERENNIAL,1999,1.56386100025
7_5709455_019348,PERENNIAL,low,0.62,PIURA,PERENNIAL,2007,3.34216668463
7_5709455_019388,PERENNIAL,high,1.5,PIURA,PERENNIAL,2007,1.36165220958
7_5709455_019446,PERENNIAL,medium,0.48000000000000004,PIURA,PERENNIAL,2007,0.99897871459
7_5709455_019480,PERENNIAL,high,7.49,PIURA,PERENNIAL,2007,3.26790348572
7_5709455_019484,PERENNIAL,high,10.0,PIURA,PERENNIAL,2007,1.25332399411
7_5709455_019485,PERENNIAL,medium,8.48,PIURA,PERENNIAL,2007,0.146324777529
7_5709455_019501,PERENNIAL,low,24.55,PIURA,PERENNIAL,2007,2.45347699632
7_5709455_019508,PERENNIAL,medium,1.25,PIURA,PERENNIAL,2007,2.71792146296
7_5709455_019509,PERENNIAL,high,3.19,PIURA,PERENNIAL,2007,2.13484824561
7_5709455_019511,PERENNIAL,medium,3.0,PIURA,PERENNIAL,2007,0.105005081446
7_5709455_019512,PERENNIAL,high,2.24,PIURA,PERENNIAL,2007,1.98128932674
7_5709455_019514,PERENNIAL,high,21.240000000000002,PIURA,PERENNIAL,2007,0.350449654052
7_5709455_019515,PERENNIAL,high,0.24,PIURA,PERENNIAL,2007,0.195993127197
7_5709455_019541,PERENNIAL,high,7.98,PIURA,PERENNIAL,2007,4.33023109789
7_5709455_019546,PERENNIAL,high,2.0,PIURA,PERENNIAL,2007,0.623777698368
7_5709455_019547,PERENNIAL,high,7.45,PIURA,PERENNIAL,2007,0.262473112125
7_5709455_019568,PERENNIAL,high,4.99,PIURA,PERENNIAL,2007,4.74288151352
7_5709455_019571,PERENNIAL,high,10.5,PIURA,PERENNIAL,2007,3.33803981535
7_5709455_019687,PERENNIAL,low,5.12,PIURA,PERENNIAL,2007,4.80242776913
7_5709455_037657,PERENNIAL,medium,22.0,PIURA,PERENNIAL,2004,0.576036894008
7_5709455_037673,PERENNIAL,medium,0.75,PIURA,PERENNIAL,2004,1.21384360043
7_5709455_037857,PERENNIAL,high,1.99,PIURA,PERENNIAL,2005,1.66268204581
7_5709455_038137,PERENNIAL,high,2.99,PIURA,PERENNIAL,2005,2.57714599089
7_5709455_038141,PERENNIAL,high,2.4000000000000004,PIURA,PERENNIAL,2005,0.863707162733
7_5709455_038152,PERENNIAL,high,3.0,PIURA,PERENNIAL,2005,1.24996877713
7_5709455_038160,PERENNIAL,medium,9.0,PIURA,PERENNIAL,2005,1.71889188013
7_5709455_038232,PERENNIAL,medium,12.0,PIURA,PERENNIAL,2005,2.99993169277
7_5709455_038238,PERENNIAL,medium,3.5,PIURA,PERENNIAL,2005,3.48919290786
7_5709455_038263,PERENNIAL,medium,32.0,PIURA,ANNUAL,2006,10.1597852558
7_5709455_11532,PERENNIAL,high,3.0,PIURA,PERENNIAL,2000,3.82555743218
7_5709455_11628,PERENNIAL,high,13.0,PIURA,PASTURE_FALLOW,2001,7.09118962518
7_5709455_11637,PERENNIAL,high,35.0,PIURA,PERENNIAL,2001,5.18864784486
7_5709455_11642,PERENNIAL,high,1.0,PIURA,PERENNIAL,2001,1.07160369094
7_5709455_11643,PERENNIAL,low,14.0,PIURA,PERENNIAL,2001,1.37820405859
7_5709455_16082,PERENNIAL,high,7.0,PIURA,PERENNIAL,2001,14.1445038736
7_5709455_20802,PERENNIAL,high,154.0,PIURA,PERENNIAL,1999,38.475002699
7_5709455_22009,PERENNIAL,medium,0.25,PIURA,PERENNIAL,1999,1.37435850015
7_5709455_22206,PERENNIAL,high,2.0,PIURA,PERENNIAL,1999,23.1829734876
7_5709455_22609,PERENNIAL,high,4.5,PIURA,PERENNIAL,1999,14.1935810024
7_5709455_24003,PERENNIAL,high,5.0,PIURA,PERENNIAL,1999,8.14580738034
7_5709455_24005,PERENNIAL,high,6.0,PIURA,PERENNIAL,1999,11.3334546599
7_5709455_24006,PERENNIAL,high,7.5,PIURA,PERENNIAL,1999,24.5739954875
7_5709455_24196,PERENNIAL,high,4.8,PIURA,PERENNIAL,1999,4.94833010792
7_5709455_24197,PERENNIAL,high,9.5,PIURA,PASTURE_FALLOW,1999,5.88374581785
7_5709455_24198,PERENNIAL,high,5.9,PIURA,PERENNIAL,1999,5.44629278346
7_5709455_24200,PERENNIAL,high,6.0,PIURA,PERENNIAL,2001,7.53539573327
7_5709455_24202,PERENNIAL,high,2.0,PIURA,PERENNIAL,1999,7.25429318325
7_5709455_24203,PERENNIAL,high,17.35,PIURA,PERENNIAL,1999,6.44036210137
7_5709455_24204,PERENNIAL,high,41.0,PIURA,PERENNIAL,1999,6.1615700744
7_5709455_24206,PERENNIAL,high,9.0,PIURA,PERENNIAL,1999,5.97047383645
7_5709455_24207,PERENNIAL,high,5.0,PIURA,PERENNIAL,1999,4.29051209622
7_5709455_30726,PERENNIAL,medium,4.5,PIURA,PERENNIAL,2001,3.98703603259
7_5709455_30988,PERENNIAL,low,0.25,PIURA,PERENNIAL,2001,1.98388220484
7_5709460_019389,PERENNIAL,high,2.7,PIURA,PERENNIAL,2007,1.00822113747
7_5709460_019425,PERENNIAL,medium,4.25,PIURA,PERENNIAL,2007,0.6434721245
7_5709460_019427,PERENNIAL,medium,4.0,PIURA,PERENNIAL,2007,3.86234843403
7_5709460_019432,PERENNIAL,high,1.25,PIURA,PERENNIAL,2007,0.97714400369
7_5709460_019436,PERENNIAL,medium,3.4,PIURA,PERENNIAL,2007,0.3633973625
7_5709460_019439,PERENNIAL,high,0.5,PIURA,PERENNIAL,2007,0.918369593467
7_5709460_019444,PERENNIAL,medium,9.0,PIURA,PERENNIAL,2007,3.81848657083
7_5709460_019448,PERENNIAL,high,9.0,PIURA,PERENNIAL,2007,3.03661893192
7_5709460_019449,PERENNIAL,high,5.0,PIURA,PERENNIAL,2007,3.35548520017
7_5709460_019451,PERENNIAL,high,4.0,PIURA,PERENNIAL,2007,3.6296903146
7_5709460_019452,PERENNIAL,high,5.0,PIURA,PERENNIAL,2007,4.51350872014
7_5709460_019453,PERENNIAL,high,6.720000000000001,PIURA,PERENNIAL,2007,4.33937491392
7_5709460_019472,PERENNIAL,high,6.0,PIURA,PERENNIAL,2007,8.55231258459
7_5709460_019474,PERENNIAL,high,6.5,PIURA,PERENNIAL,2007,3.54257490181
7_5709460_019478,PERENNIAL,high,14.05,PIURA,PERENNIAL,2007,2.76640079728
7_5709460_019488,PERENNIAL,medium,3.0,PIURA,PERENNIAL,2007,4.08033303899
7_5709460_019490,PERENNIAL,medium,4.0,PIURA,PERENNIAL,2007,4.0606022657
7_5709460_019492,PERENNIAL,medium,3.49,PIURA,PERENNIAL,2007,2.63495184055
7_5709460_019504,PERENNIAL,high,3.0,PIURA,PERENNIAL,2007,2.78453298441
7_5709460_019505,PERENNIAL,medium,4.0,PIURA,PERENNIAL,2007,4.12894952789
7_5709460_019506,PERENNIAL,high,3.0,PIURA,PERENNIAL,2007,2.36310582028
7_5709460_019507,PERENNIAL,high,22.0,PIURA,PERENNIAL,2007,1.49766664377
7_5709460_019517,PERENNIAL,high,3.0,PIURA,PERENNIAL,2007,2.4373018104
7_5709460_019518,PERENNIAL,high,11.59,PIURA,PERENNIAL,2007,2.71186027393
7_5709460_019530,ANNUAL,low,0.75,PIURA,PERENNIAL,2007,13.5452956368
7_5709460_019531,PERENNIAL,medium,27.5,PIURA,PERENNIAL,2007,2.56013111986
7_5709460_019534,PERENNIAL,high,3.49,PIURA,PERENNIAL,2007,2.2735704086
7_5709460_019537,PERENNIAL,high,1.2000000000000002,PIURA,PERENNIAL,2007,0.355307175287
7_5709460_019538,PERENNIAL,high,7.8,PIURA,PERENNIAL,2007,0.269083040644
7_5709460_019540,PERENNIAL,low,10.25,PIURA,PERENNIAL,2007,4.93757368282
7_5709460_019558,PERENNIAL,high,15.99,PIURA,PERENNIAL,2007,3.88981970276
7_5709460_019563,PERENNIAL,high,3.92,PIURA,PERENNIAL,2007,0.527260768356
7_5709460_019564,PERENNIAL,medium,11.49,PIURA,PERENNIAL,2007,2.1440019106
7_5709460_019566,PERENNIAL,medium,4.5,PIURA,PERENNIAL,2007,2.95748222082
7_5709460_019567,PERENNIAL,high,3.5,PIURA,PERENNIAL,2007,2.48789919307
7_5709460_019570,PERENNIAL,high,8.0,PIURA,PERENNIAL,2007,8.94266866406
7_5709460_019572,PERENNIAL,medium,3.0,PIURA,PERENNIAL,2007,3.2846504869
7_5709460_019573,PERENNIAL,medium,4.3,PIURA,PERENNIAL,2007,3.25457662635
7_5709460_030574,PERENNIAL,medium,3.0,PIURA,PERENNIAL,2008,1.81736456456
7_5709460_030721,PERENNIAL,high,2.0,PIURA,PERENNIAL,2010,2.66641517685
7_5709460_037859,PERENNIAL,low,1.96,PIURA,PERENNIAL,2005,0.419275454572
7_5709460_037860,PERENNIAL,high,3.5,PIURA,PERENNIAL,2005,0.38916135301
7_5709460_037862,PERENNIAL,high,0.8,PIURA,PERENNIAL,2005,0.365472924087
7_5709460_037863,PERENNIAL,high,0.4,PIURA,PERENNIAL,2005,0.448576297659
7_5709460_038200,PERENNIAL,medium,3.5,PIURA,PERENNIAL,2005,0.382302533904
7_5709460_038202,PERENNIAL,high,1.75,PIURA,PERENNIAL,2005,0.982992074162
7_5709460_038203,PERENNIAL,high,3.75,PIURA,PERENNIAL,2005,2.59897485325
7_5709460_038212,PERENNIAL,high,4.75,PIURA,PERENNIAL,2006,4.62530975707
7_5709460_10859,PERENNIAL,high,3.5,PIURA,PERENNIAL,2001,2.52244872926
7_5709460_11436,PERENNIAL,high,4.25,PIURA,PERENNIAL,2001,5.02194023699
7_5709460_20949,PERENNIAL,high,4.5,PIURA,PERENNIAL,1999,10.6282641664
7_5709460_20952,PERENNIAL,high,22.5,PIURA,PERENNIAL,1999,4.43472795308
7_5709460_20953,PERENNIAL,high,2.8,PIURA,PERENNIAL,1999,3.07723385845
7_5709460_20955,PERENNIAL,high,13.25,PIURA,PERENNIAL,1999,8.86297867147
7_5709460_22200,PERENNIAL,high,3.49,PIURA,PERENNIAL,1999,1.07882549098
7_5709460_22201,PERENNIAL,medium,3.0,PIURA,PERENNIAL,1999,2.66890030186
7_5709460_22202,PERENNIAL,high,0.5,PIURA,PERENNIAL,1999,0.604303972404
7_5709460_35536,PERENNIAL,high,1.07,PIURA,PERENNIAL,2000,1.16063237109
7_5709460_35683,PERENNIAL,low,2.0,PIURA,PERENNIAL,2003,4.74633963514
7_5709460_36738,PERENNIAL,low,5.5,PIURA,PERENNIAL,2004,1.21401827021
7_5709460_36739,PERENNIAL,medium,1.75,PIURA,PERENNIAL,2004,1.0150098729
7_5709465_030619,PERENNIAL,low,1.15,PIURA,PERENNIAL,2008,3.84949633117
7_5709465_030639,PERENNIAL,high,4.0,PIURA,PERENNIAL,2009,4.29995038061
7_5709465_030640,PERENNIAL,high,4.25,PIURA,PERENNIAL,2009,4.49994334125
7_5709465_038077,PERENNIAL,high,3.37,PIURA,PERENNIAL,2005,1.07493508563
7_5709465_038091,PERENNIAL,low,0.75,PIURA,ANNUAL,2005,0.193175309387
7_5709465_038287,PERENNIAL,high,0.25,PIURA,ANNUAL,2006,2.88431313619
7_5709465_038288,PERENNIAL,high,2.0,PIURA,PERENNIAL,2006,1.19325559396
7_5709465_10015,PERENNIAL,high,5.0,PIURA,PERENNIAL,2001,8.03898279549
7_5709465_10042,PERENNIAL,medium,1.5,PIURA,PERENNIAL,2001,14.8390033523
7_5709465_10043,PERENNIAL,high,4.0,PIURA,PERENNIAL,2001,9.03705720714
7_5709470_037669,PERENNIAL,high,2.5,PIURA,ANNUAL,2004,1.98984939921
7_5709470_35682,PERENNIAL,high,5.0,PIURA,PASTURE_FALLOW,2003,2.0555984525
7_5709480_30048,ANNUAL,high,1.52,PIURA,PERENNIAL,2001,7.32672488968
7_5759445_23342,PERENNIAL,medium,3.0,PIURA,ANNUAL,1999,0.588149624587
7_5759445_23374,PERENNIAL,low,1.5,PIURA,ANNUAL,1999,1.70994214212
7_5759450_024662,PERENNIAL,high,9.5,PIURA,PERENNIAL,2006,4.20179104322
7_5759450_22027,PERENNIAL,low,4.0,PIURA,PERENNIAL,1999,2.41200303352
7_5759450_22028,PERENNIAL,high,5.74,PIURA,ANNUAL,1999,5.28050163558
7_5759450_22032,PERENNIAL,high,3.0,PIURA,PERENNIAL,1999,10.2513281229
7_5759450_22033,PERENNIAL,high,3.0,PIURA,PERENNIAL,1999,6.76889521242
7_5759450_22035,PERENNIAL,low,7.5,PIURA,PERENNIAL,1999,8.0826843242
7_5759450_22038,PERENNIAL,high,3.2,PIURA,PERENNIAL,1999,1.68449381926
7_5759450_22048,PERENNIAL,high,20.0,PIURA,PERENNIAL,1999,10.4420022245
7_5759450_22049,PERENNIAL,medium,1.5,PIURA,PERENNIAL,1999,0.73488669911
7_5759450_22052,PERENNIAL,high,0.4,PIURA,PERENNIAL,1999,0.59388431187
7_5759450_22054,PERENNIAL,low,1.4,PIURA,PERENNIAL,1999,0.92077684715
7_5759450_22055,PERENNIAL,high,3.0,PIURA,PERENNIAL,1999,0.77255132405
7_5759450_22056,PERENNIAL,medium,1.95,PIURA,PERENNIAL,1999,1.01624418951
7_5759450_22058,PERENNIAL,low,19.0,PIURA,PERENNIAL,2001,18.7978373227
7_5759450_22069,PERENNIAL,medium,5.0,PIURA,PERENNIAL,1999,1.57473135408
7_5759450_22218,PERENNIAL,high,14.5,PIURA,PERENNIAL,1999,2.30670238953
7_5759450_22221,PERENNIAL,high,3.5,PIURA,PERENNIAL,1999,1.69029807414
7_5759450_22222,PERENNIAL,high,2.0,PIURA,PERENNIAL,1999,1.20289523756
7_5759450_22223,PERENNIAL,high,2.9,PIURA,PERENNIAL,1999,1.05151656449
7_5759450_22226,PERENNIAL,high,2.0,PIURA,PERENNIAL,1999,1.23948642441
7_5759450_22237,PERENNIAL,high,3.0,PIURA,PERENNIAL,1999,12.3528116797
7_5759450_22239,PERENNIAL,high,3.0,PIURA,PERENNIAL,1999,26.0143825447
7_5759450_22249,PERENNIAL,low,0.5,PIURA,PERENNIAL,1999,0.745409303644
7_5759450_22251,PERENNIAL,low,4.95,PIURA,PERENNIAL,1999,4.28917000462
7_5759450_22252,PERENNIAL,high,3.6999999999999997,PIURA,PERENNIAL,1999,1.88075820721
7_5759450_22253,PERENNIAL,high,1.0,PIURA,PERENNIAL,1999,0.384008851302
7_5759450_22254,PERENNIAL,medium,1.0,PIURA,PERENNIAL,1999,1.41242482839
7_5759450_22255,PERENNIAL,high,4.0,PIURA,PERENNIAL,1999,10.5912191109
7_5759450_22256,PERENNIAL,high,10.0,PIURA,PERENNIAL,2001,10.2686205453
7_5759450_22257,PERENNIAL,high,4.5,PIURA,PERENNIAL,2001,11.0510569847
7_5759450_22258,PERENNIAL,low,14.5,PIURA,PERENNIAL,2001,11.1483716407
7_5759450_22378,PERENNIAL,high,6.0,PIURA,PERENNIAL,1999,1.63643613062
7_5759450_22413,PERENNIAL,medium,11.0,PIURA,PERENNIAL,1999,10.9858653765
7_5759450_22414,PERENNIAL,medium,3.5,PIURA,PERENNIAL,1999,6.57745390921
7_5759450_22415,PERENNIAL,high,11.0,PIURA,PERENNIAL,1999,10.5643102931
7_5759450_22448,PERENNIAL,high,19.5,PIURA,ANNUAL,1999,2.1357460305
7_5759450_22640,PERENNIAL,medium,0.25,PIURA,PERENNIAL,1999,2.32962723809
7_5759450_22692,PERENNIAL,high,6.0,PIURA,PERENNIAL,1999,4.74314491728
7_5759450_22694,PERENNIAL,medium,0.5,PIURA,ANNUAL,1999,3.81862569667
7_5759450_22695,PERENNIAL,high,0.75,PIURA,PERENNIAL,1999,1.28126801667
7_5759450_22816,PERENNIAL,low,5.0,PIURA,PERENNIAL,1999,6.55887685535
7_5759450_22818,PERENNIAL,low,2.6,PIURA,PERENNIAL,1999,3.43726003494
7_5759450_22820,PERENNIAL,high,10.0,PIURA,PERENNIAL,1999,11.3795896483
7_5759450_22821,PERENNIAL,high,5.0,PIURA,PERENNIAL,1999,1.24057661342
7_5759450_22823,PERENNIAL,high,2.35,PIURA,PERENNIAL,1999,2.22863134626
7_5759450_22827,PERENNIAL,medium,1.7,PIURA,PERENNIAL,1999,1.61712536857
7_5759450_22829,PERENNIAL,high,5.0,PIURA,PERENNIAL,1999,6.46290219172
7_5759450_22830,PERENNIAL,high,4.5,PIURA,PERENNIAL,1999,6.59377137005
7_5759450_22833,PERENNIAL,high,4.5,PIURA,PERENNIAL,1999,5.50428669353
7_5759450_22837,PERENNIAL,high,5.9,PIURA,PERENNIAL,1999,4.09878394367
7_5759450_22838,PERENNIAL,high,1.0,PIURA,PERENNIAL,1999,0.71402204631
7_5759450_22839,PERENNIAL,high,3.3,PIURA,PERENNIAL,1999,0.72875787758
7_5759450_22840,PERENNIAL,high,0.9,PIURA,PERENNIAL,1999,0.97776754079
7_5759450_22845,PERENNIAL,high,8.92,PIURA,PERENNIAL,1999,10.4557885183
7_5759450_22847,PERENNIAL,medium,8.0,PIURA,PERENNIAL,1999,6.47879610347
7_5759450_22855,PERENNIAL,high,12.2,PIURA,PERENNIAL,1999,12.1763331863
7_5759450_22856,PERENNIAL,high,6.5,PIURA,PERENNIAL,1999,8.14343397107
7_5759450_22859,PERENNIAL,medium,14.0,PIURA,PERENNIAL,1999,1.55825726942
7_5759450_22861,ANNUAL,medium,0.3,PIURA,ANNUAL,1999,18.4201409626
7_5759450_22896,PERENNIAL,medium,6.95,PIURA,PERENNIAL,2001,6.65578133273
7_5759450_24179,PERENNIAL,high,3.4,PIURA,PERENNIAL,1999,11.8592341409
7_5759450_24340,PERENNIAL,high,2.75,PIURA,PERENNIAL,1999,0.57631562373
7_5759455_024657,PERENNIAL,high,36.0,PIURA,PERENNIAL,2006,9.04415714014
7_5759455_030587,PERENNIAL,high,7.2,PIURA,PERENNIAL,2008,7.27388815424
7_5759455_030589,PERENNIAL,high,6.8,PIURA,PERENNIAL,2008,6.77461880503
7_5759455_030590,PERENNIAL,high,3.0,PIURA,PERENNIAL,2008,4.47768251104
7_5759455_030592,PERENNIAL,high,3.0,PIURA,PERENNIAL,2008,2.98502225869
7_5759455_030600,PERENNIAL,high,11.0,PIURA,PERENNIAL,2008,1.99997101849
7_5759455_030601,PERENNIAL,medium,10.0,PIURA,PERENNIAL,2008,9.38721364157
7_5759455_030617,PERENNIAL,high,4.5,PIURA,PERENNIAL,2008,1.09032633807
7_5759455_030618,PERENNIAL,medium,1.99,PIURA,PERENNIAL,2008,1.2756283745
7_5759455_030718,PERENNIAL,high,1.8,PIURA,PERENNIAL,2010,2.16382587439
7_5759455_030720,PERENNIAL,high,1.8,PIURA,PERENNIAL,2010,1.7078956127
7_5759455_037676,PERENNIAL,high,1.2,PIURA,PERENNIAL,2004,1.19978761298
7_5759455_038145,PERENNIAL,medium,10.0,PIURA,ANNUAL,2005,4.97467848801
7_5759455_038153,PERENNIAL,high,2.0,PIURA,PERENNIAL,2005,0.99996111265
7_5759455_038193,PERENNIAL,high,6.0,PIURA,PERENNIAL,2005,5.84928642229
7_5759455_11632,PERENNIAL,medium,15.0,PIURA,PASTURE_FALLOW,2001,2.60923988327
7_5759455_12231,PERENNIAL,high,65.8,PIURA,PERENNIAL,2001,20.1380437082
7_5759455_22011,PERENNIAL,high,12.0,PIURA,PERENNIAL,1999,32.6915851135
7_5759455_22013,PERENNIAL,high,12.0,PIURA,PERENNIAL,1999,35.0981284508
7_5759455_22016,PERENNIAL,high,8.2,PIURA,PERENNIAL,1999,8.04297356547
7_5759455_22017,PERENNIAL,high,7.89,PIURA,PERENNIAL,1999,4.89803785402
7_5759455_22019,PERENNIAL,low,5.7,PIURA,PERENNIAL,1999,4.85448250606
7_5759455_22031,PERENNIAL,low,0.99,PIURA,PERENNIAL,1999,0.56692794338
7_5759455_22243,PERENNIAL,high,0.9,PIURA,PERENNIAL,1999,0.360762530448
7_5759455_22400,PERENNIAL,high,9.0,PIURA,PERENNIAL,1999,12.5718333523
7_5759455_22401,PERENNIAL,high,48.0,PIURA,PERENNIAL,1999,11.6523005667
7_5759455_22406,PERENNIAL,high,5.75,PIURA,PERENNIAL,1999,4.01442826463
7_5759455_22409,PERENNIAL,high,61.0,PIURA,PERENNIAL,1999,17.9059776583
7_5759455_22418,ANNUAL,medium,0.24,PIURA,PERENNIAL,1999,24.5630203723
7_5759455_22421,PERENNIAL,high,8.0,PIURA,PERENNIAL,1999,9.56046855547
7_5759455_22813,ANNUAL,high,26.0,PIURA,PERENNIAL,1999,14.7031411465
7_5759455_35731,PERENNIAL,low,8.0,PIURA,PERENNIAL,2003,2.08511424858
7_5759460_030517,PERENNIAL,high,4.0,PIURA,PERENNIAL,2007,3.07743464944
7_5759460_030597,PERENNIAL,high,10.5,PIURA,PERENNIAL,2008,9.18951417115
7_5759460_037140,PERENNIAL,high,4.0,PIURA,PERENNIAL,2004,7.03699603576
7_5759460_038198,PERENNIAL,medium,5.0,PIURA,PERENNIAL,2006,3.74032998195
7_5759460_11251,PERENNIAL,low,0.75,PIURA,PERENNIAL,2001,0.439301936053
7_5759460_11270,PERENNIAL,low,7.0,PIURA,PERENNIAL,2003,6.55073525195
7_5759460_11273,PERENNIAL,high,12.5,PIURA,PERENNIAL,2004,9.81766503012
7_5759460_11274,PERENNIAL,medium,37.24,PIURA,PERENNIAL,2001,16.5630615411
7_5759460_11281,PERENNIAL,low,20.0,PIURA,PERENNIAL,2001,22.2795508919
7_5759460_11355,PERENNIAL,high,1.0,PIURA,PERENNIAL,2003,0.910537929626
7_5759460_11367,PERENNIAL,high,3.25,PIURA,PERENNIAL,2001,0.588202633896
7_5759460_11388,PERENNIAL,high,8.5,PIURA,PERENNIAL,2001,2.60936267054
7_5759460_30997,PERENNIAL,high,4.4,PIURA,PERENNIAL,2001,2.48805298123
7_5759460_33026,PERENNIAL,medium,0.9,PIURA,PERENNIAL,2001,1.00798164176
7_5759460_33028,PERENNIAL,high,1.85,PIURA,PERENNIAL,2001,1.4826273119
7_5759460_36856,PERENNIAL,medium,3.0,PIURA,PERENNIAL,2004,0.994979262997
7_5759460_41778,PERENNIAL,medium,10.0,PIURA,PERENNIAL,2001,1.66235623326
7_5759465_030625,ANNUAL,medium,1.0,PIURA,ANNUAL,2008,7.48325749919
7_5759465_038167,PERENNIAL,high,1.25,PIURA,PERENNIAL,2005,1.50001795308
7_5759465_038334,PERENNIAL,high,1.5,PIURA,ANNUAL,2006,1.31141639093
7_5759465_11261,PERENNIAL,high,14.49,PIURA,PERENNIAL,2001,7.04879497164
7_5759465_13215,PERENNIAL,medium,38.0,PIURA,PERENNIAL,2001,11.3491822421
7_5759465_13225,PERENNIAL,high,0.5,PIURA,PERENNIAL,2001,13.1740075265
7_5759470_030664,PERENNIAL,high,2.5,PIURA,PERENNIAL,2009,1.20709209145
7_5759470_030665,ANNUAL,high,0.3,PIURA,PERENNIAL,2009,5.70883412897
7_5759470_038215,PERENNIAL,high,2.0,PIURA,ANNUAL,2006,10.9397688045
7_5759470_14026,PERENNIAL,high,3.95,PIURA,PERENNIAL,2001,5.78640650924
7_5759470_14081,PERENNIAL,high,10.0,PIURA,ANNUAL,2001,3.93763033469
7_5759470_14220,PERENNIAL,high,1.5,PIURA,PERENNIAL,2001,3.0331071099
7_5759475_030753,PERENNIAL,high,8.5,PIURA,PERENNIAL,2010,8.24225415014
7_5759475_037646,PERENNIAL,high,1.0,PIURA,PERENNIAL,2004,1.82539935241
7_5759475_038169,PERENNIAL,high,2.5,PIURA,PERENNIAL,2005,21.7093467163
7_5759475_13625,PERENNIAL,low,22.5,PIURA,ANNUAL,2001,7.50056431154
7_5809440_23051,ANNUAL,low,1.5,PIURA,ANNUAL,1999,0.363120071661
7_5809440_23193,ANNUAL,medium,5.0,PIURA,ANNUAL,1999,0.923960948276
7_5809440_23194,ANNUAL,high,5.25,PIURA,ANNUAL,1999,1.18413151505
7_5809445_024608,PERENNIAL,high,1.0,PIURA,ANNUAL,2005,0.914765911983
7_5809445_024609,PERENNIAL,medium,2.25,PIURA,ANNUAL,2005,0.257295355069
7_5809445_024610,PERENNIAL,low,0.75,PIURA,ANNUAL,2005,0.645077209857
7_5809445_024611,PERENNIAL,high,13.5,PIURA,PERENNIAL,2005,3.49384184946
7_5809445_024630,PERENNIAL,high,2.0,PIURA,PERENNIAL,2006,0.500633486833
7_5809445_024636,PERENNIAL,high,0.75,PIURA,PERENNIAL,2006,0.439339505822
7_5809445_024640,PERENNIAL,medium,3.75,PIURA,PERENNIAL,2006,0.708731969605
7_5809445_22458,ANNUAL,medium,1.5,PIURA,ANNUAL,1999,1.37350092216
7_5809445_22468,ANNUAL,medium,1.0,PIURA,ANNUAL,1999,1.89166292267
7_5809445_22471,ANNUAL,medium,2.5,PIURA,ANNUAL,1999,0.972923911392
7_5809445_22472,ANNUAL,medium,1.5,PIURA,ANNUAL,1999,1.62044405112
7_5809445_22473,ANNUAL,high,2.5,PIURA,ANNUAL,1999,0.991044475004
7_5809445_22477,PERENNIAL,medium,6.5,PIURA,ANNUAL,1999,0.623762590855
7_5809445_22481,PERENNIAL,medium,2.0,PIURA,ANNUAL,1999,1.43330496809
7_5809445_22485,PERENNIAL,medium,3.25,PIURA,ANNUAL,1999,2.18062816808
7_5809445_22493,PERENNIAL,medium,30.25,PIURA,PASTURE_FALLOW,1999,9.07656308085
7_5809445_22501,ANNUAL,medium,1.77,PIURA,ANNUAL,1999,0.630099203828
7_5809445_22505,PERENNIAL,medium,0.5,PIURA,PASTURE_FALLOW,1999,0.592280932069
7_5809445_22526,PERENNIAL,high,1.25,PIURA,PERENNIAL,1999,7.24977312292
7_5809445_22527,PERENNIAL,medium,6.0,PIURA,PERENNIAL,1999,7.42083120689
7_5809445_22529,PERENNIAL,high,5.0,PIURA,PERENNIAL,1999,4.78508610899
7_5809445_22778,PERENNIAL,high,20.0,PIURA,PASTURE_FALLOW,1999,24.7754718654
7_5809445_22781,PERENNIAL,high,3.5,PIURA,PERENNIAL,1999,0.531806912626
7_5809445_22782,PERENNIAL,medium,2.5,PIURA,PERENNIAL,1999,0.937686868741
7_5809445_22783,PERENNIAL,high,2.0,PIURA,PERENNIAL,1999,7.73522458395
7_5809445_22787,PERENNIAL,high,3.75,PIURA,PERENNIAL,1999,0.863376204807
7_5809445_22788,PERENNIAL,high,3.0,PIURA,PASTURE_FALLOW,1999,6.73736023497
7_5809445_22789,PERENNIAL,high,1.0,PIURA,PERENNIAL,1999,0.258206488429
7_5809445_22790,PERENNIAL,medium,3.0,PIURA,PERENNIAL,1999,2.83983191262
7_5809445_23160,ANNUAL,high,2.5,PIURA,ANNUAL,1999,3.08595418305
7_5809445_23402,ANNUAL,high,0.5,PIURA,ANNUAL,1999,1.81190429291
7_5809445_23412,ANNUAL,medium,0.5,PIURA,ANNUAL,1999,0.70272423316
7_5809445_23420,PERENNIAL,medium,2.0,PIURA,ANNUAL,1999,1.7770328381
7_5809445_23425,PERENNIAL,low,0.25,PIURA,ANNUAL,1999,0.739883933217
7_5809445_23429,PERENNIAL,low,2.25,PIURA,ANNUAL,1999,0.668925429315
7_5809445_23436,ANNUAL,high,1.0,PIURA,ANNUAL,1999,2.08426220821
7_5809445_23460,PERENNIAL,medium,7.0,PIURA,ANNUAL,1999,0.631416010446
7_5809445_23465,ANNUAL,high,2.5,PIURA,ANNUAL,1999,0.705274895386
7_5809445_23466,PERENNIAL,high,0.25,PIURA,ANNUAL,1999,0.471512176057
7_5809445_23475,ANNUAL,high,3.0,PIURA,ANNUAL,1999,1.43455171544
7_5809445_23477,ANNUAL,high,13.5,PIURA,ANNUAL,1999,1.13212411826
7_5809445_23482,ANNUAL,high,2.5,PIURA,ANNUAL,1999,3.77191450266
7_5809445_23490,ANNUAL,high,2.8,PIURA,ANNUAL,1999,0.191099320622
7_5809445_23492,ANNUAL,high,3.0,PIURA,ANNUAL,1999,0.235994877592
7_5809445_24050,ANNUAL,high,3.0,PIURA,ANNUAL,1999,1.13551756566
7_5809445_24057,ANNUAL,high,1.0,PIURA,ANNUAL,1999,1.20576899721
7_5809445_24058,ANNUAL,medium,2.0,PIURA,PERENNIAL,1999,0.482850721304
7_5809445_24060,ANNUAL,medium,1.5,PIURA,ANNUAL,1999,2.34149325943
7_5809445_24065,ANNUAL,high,1.0,PIURA,ANNUAL,1999,2.75516515263
7_5809445_24069,PERENNIAL,medium,2.0,PIURA,ANNUAL,1999,1.20637691868
7_5809445_24076,ANNUAL,high,8.0,PIURA,ANNUAL,1999,0.722876125944
7_5809445_24078,ANNUAL,high,2.6,PIURA,ANNUAL,1999,1.14310045106
7_5809445_24087,ANNUAL,high,1.5,PIURA,ANNUAL,1999,1.7681557518
7_5809445_24089,ANNUAL,high,0.75,PIURA,ANNUAL,1999,3.38809232383
7_5809445_24090,ANNUAL,medium,7.0,PIURA,ANNUAL,1999,1.83008888905
7_5809445_24091,ANNUAL,high,4.0,PIURA,ANNUAL,1999,1.7579679658
7_5809445_24093,ANNUAL,high,1.0,PIURA,ANNUAL,1999,0.898934169286
7_5809445_24095,ANNUAL,high,3.0,PIURA,ANNUAL,1999,1.13442937121
7_5809445_24099,ANNUAL,medium,7.0,PIURA,ANNUAL,1999,4.20904658213
7_5809445_24100,ANNUAL,high,1.0,PIURA,ANNUAL,1999,2.50237850684
7_5809445_24101,PERENNIAL,medium,0.5,PIURA,ANNUAL,1999,3.38538049073
7_5809445_24103,ANNUAL,high,3.0,PIURA,ANNUAL,1999,2.66186285325
7_5809445_24106,ANNUAL,high,2.0,PIURA,ANNUAL,1999,1.18644913803
7_5809445_24107,ANNUAL,high,21.0,PIURA,ANNUAL,1999,1.10456992539
7_5809445_24108,PERENNIAL,medium,13.0,PIURA,ANNUAL,1999,4.31612426069
7_5809445_24110,ANNUAL,high,1.5,PIURA,ANNUAL,1999,1.92345962858
7_5809445_24165,PERENNIAL,low,0.25,PIURA,PERENNIAL,1999,1.71111016194
7_5809445_24171,PERENNIAL,high,1.5,PIURA,PERENNIAL,1999,1.18882224725
7_5809445_24173,PERENNIAL,low,9.0,PIURA,PERENNIAL,1999,1.19345424423
7_5809445_86598,PERENNIAL,low,0.25,PIURA,ANNUAL,1999,0.334466456349
7_5809445_87010,ANNUAL,medium,2.0,PIURA,PASTURE_FALLOW,1999,1.00758545382
7_5809445_87013,ANNUAL,high,0.5,PIURA,ANNUAL,1999,3.2117298374
7_5809445_87014,PERENNIAL,high,1.0,PIURA,ANNUAL,1999,5.28936320558
7_5809445_87015,PERENNIAL,low,4.75,PIURA,ANNUAL,1999,6.05222528367
7_5809445_87017,PERENNIAL,high,0.25,PIURA,ANNUAL,1999,3.48755440109
7_5809445_87019,PERENNIAL,high,0.25,PIURA,ANNUAL,1999,4.96764366001
7_5809445_87021,PERENNIAL,high,0.75,PIURA,PERENNIAL,1999,4.25397417835
7_5809445_87023,PERENNIAL,medium,0.5,PIURA,PERENNIAL,1999,5.01146986903
7_5809445_87026,PERENNIAL,high,1.5,PIURA,PERENNIAL,1999,4.25968666515
7_5809445_87027,PERENNIAL,high,1.75,PIURA,ANNUAL,1999,4.55470698315
7_5809445_87046,PERENNIAL,low,6.0,PIURA,PERENNIAL,1999,4.23319292542
7_5809445_87049,PERENNIAL,high,0.5,PIURA,ANNUAL,1999,4.51713975766
7_5809445_87054,PERENNIAL,high,1.5,PIURA,PASTURE_FALLOW,1999,4.36389065338
7_5809445_87057,PERENNIAL,high,1.0,PIURA,ANNUAL,1999,3.63317613644
7_5809445_87089,PERENNIAL,high,1.25,PIURA,ANNUAL,1999,0.257422681686
7_5809445_87090,PERENNIAL,high,1.0,PIURA,ANNUAL,1999,1.01637488304
7_5809445_87092,PERENNIAL,medium,0.25,PIURA,ANNUAL,1999,0.736289915494
7_5809445_87094,ANNUAL,medium,0.25,PIURA,ANNUAL,1999,0.129825394749
7_5809445_87101,PERENNIAL,low,1.5,PIURA,ANNUAL,1999,0.395364591914
7_5809445_87108,ANNUAL,medium,0.25,PIURA,ANNUAL,1999,0.938328911229
7_5809445_87111,ANNUAL,medium,1.3,PIURA,PASTURE_FALLOW,1999,0.260296376273
7_5809445_87117,PERENNIAL,low,2.5,PIURA,ANNUAL,1999,1.25273528042
7_5809445_87122,PERENNIAL,medium,0.5,PIURA,ANNUAL,1999,0.926098616233
7_5809445_87129,PERENNIAL,high,1.75,PIURA,ANNUAL,1999,2.42031996809
7_5809445_87131,PERENNIAL,high,1.25,PIURA,ANNUAL,1999,1.63366886892
7_5809450_024588,PERENNIAL,low,1.25,PIURA,PERENNIAL,2005,1.02044328862
7_5809450_024616,PERENNIAL,high,1.3,PIURA,PERENNIAL,2005,1.47236941188
7_5809450_024631,PERENNIAL,medium,0.5,PIURA,PERENNIAL,2006,0.530022158355
7_5809450_024633,PERENNIAL,medium,1.0,PIURA,PERENNIAL,2006,1.19629006767
7_5809450_024639,PERENNIAL,medium,6.0,PIURA,PERENNIAL,2006,0.488491911838
7_5809450_088958,PERENNIAL,high,1.95,PIURA,PERENNIAL,2008,2.02481672309
7_5809450_088959,PERENNIAL,high,5.5,PIURA,PERENNIAL,2008,2.49339264791
7_5809450_088975,PERENNIAL,medium,0.98,PIURA,PERENNIAL,2009,2.73965976726
7_5809450_22020,PERENNIAL,low,3.8,PIURA,PERENNIAL,1999,5.98366752709
7_5809450_22039,PERENNIAL,high,9.6,PIURA,PERENNIAL,1999,8.11783095749
7_5809450_22046,PERENNIAL,high,27.0,PIURA,PERENNIAL,1999,41.3982777247
7_5809450_22074,PERENNIAL,medium,4.0,PIURA,PERENNIAL,1999,8.87556995364
7_5809450_22285,PERENNIAL,high,1.0,PIURA,PASTURE_FALLOW,1999,0.396523111146
7_5809450_22287,PERENNIAL,medium,4.75,PIURA,ANNUAL,1999,1.31348170412
7_5809450_22289,PERENNIAL,high,2.5,PIURA,ANNUAL,1999,1.03148768512
7_5809450_22290,PERENNIAL,medium,2.5,PIURA,PERENNIAL,1999,2.7486949516
7_5809450_22292,PERENNIAL,low,2.9,PIURA,PERENNIAL,1999,2.2222679863
7_5809450_22302,PERENNIAL,high,21.0,PIURA,PERENNIAL,1999,7.05874392235
7_5809450_22306,PERENNIAL,low,7.6,PIURA,PERENNIAL,1999,7.73208233413
7_5809450_22314,PERENNIAL,medium,2.4,PIURA,PERENNIAL,1999,7.2224561048
7_5809450_22316,PERENNIAL,low,5.0,PIURA,PERENNIAL,1999,3.68539233164
7_5809450_22320,PERENNIAL,low,9.0,PIURA,PERENNIAL,1999,1.73894729567
7_5809450_22330,PERENNIAL,high,2.5,PIURA,PERENNIAL,1999,3.87819891054
7_5809450_22332,PERENNIAL,medium,3.0,PIURA,PERENNIAL,1999,0.67976523862
7_5809450_22336,PERENNIAL,high,2.95,PIURA,PERENNIAL,1999,2.94124605415
7_5809450_22340,PERENNIAL,medium,4.0,PIURA,PERENNIAL,1999,4.1821016912
7_5809450_22380,PERENNIAL,high,4.75,PIURA,PERENNIAL,1999,0.704220477073
7_5809450_22381,PERENNIAL,low,0.75,PIURA,PERENNIAL,1999,0.161384461766
7_5809450_22382,PERENNIAL,medium,0.52,PIURA,PERENNIAL,1999,0.620202090359
7_5809450_22383,PERENNIAL,high,0.5,PIURA,PERENNIAL,1999,0.432221613333
7_5809450_22384,PERENNIAL,high,0.75,PIURA,PERENNIAL,1999,0.181253290948
7_5809450_22385,PERENNIAL,low,2.3499999999999996,PIURA,PERENNIAL,1999,0.470121714347
7_5809450_22655,PERENNIAL,high,11.5,PIURA,PERENNIAL,1999,17.5648763175
7_5809450_22657,PERENNIAL,high,9.0,PIURA,PASTURE_FALLOW,1999,10.6717282419
7_5809450_22659,PERENNIAL,high,5.5,PIURA,PERENNIAL,1999,7.10301643629
7_5809450_22665,PERENNIAL,high,10.0,PIURA,ANNUAL,1999,48.6173013599
7_5809450_22666,PERENNIAL,high,12.0,PIURA,PERENNIAL,1999,16.2699186009
7_5809450_22678,PERENNIAL,high,3.77,PIURA,PERENNIAL,1999,1.81054074733
7_5809450_22679,PERENNIAL,high,3.0,PIURA,PERENNIAL,1999,2.9804753849
7_5809450_22681,PERENNIAL,high,2.17,PIURA,PERENNIAL,1999,1.14738226186
7_5809450_22682,ANNUAL,high,2.0,PIURA,ANNUAL,1999,2.90979651522
7_5809450_22683,PERENNIAL,high,9.7,PIURA,PERENNIAL,1999,2.32318649353
7_5809450_22687,PERENNIAL,high,3.0,PIURA,PERENNIAL,1999,1.01674788612
7_5809450_22688,PERENNIAL,high,3.4499999999999997,PIURA,PERENNIAL,1999,0.817154703009
7_5809450_22706,PERENNIAL,medium,22.5,PIURA,PASTURE_FALLOW,1999,4.60767471235
7_5809450_22708,PERENNIAL,high,36.0,PIURA,PERENNIAL,1999,8.45009985697
7_5809450_22711,PERENNIAL,medium,7.25,PIURA,PERENNIAL,1999,3.37717572242
7_5809450_22713,PERENNIAL,high,3.0,PIURA,ANNUAL,1999,9.85557261213
7_5809450_22716,PERENNIAL,high,2.5,PIURA,PERENNIAL,1999,0.532063408229
7_5809450_22717,PERENNIAL,low,1.25,PIURA,PERENNIAL,1999,0.58335012577
7_5809450_22718,PERENNIAL,high,0.75,PIURA,PERENNIAL,1999,0.829345064359
7_5809450_22719,PERENNIAL,high,2.25,PIURA,PERENNIAL,1999,0.710858016088
7_5809450_22721,PERENNIAL,high,5.0,PIURA,PERENNIAL,1999,0.786147981193
7_5809450_22722,PERENNIAL,high,0.75,PIURA,PERENNIAL,1999,0.543406327633
7_5809450_22723,PERENNIAL,high,0.75,PIURA,PERENNIAL,1999,0.656959132923
7_5809450_22724,PERENNIAL,high,3.0,PIURA,PERENNIAL,1999,0.77254768501
7_5809450_22725,PERENNIAL,high,3.4,PIURA,PERENNIAL,1999,0.618156732211
7_5809450_22727,PERENNIAL,medium,2.0,PIURA,PERENNIAL,1999,0.709467743522
7_5809450_22728,PERENNIAL,high,11.25,PIURA,PERENNIAL,1999,0.810540267556
7_5809450_22730,PERENNIAL,high,0.75,PIURA,PERENNIAL,1999,0.701767057073
7_5809450_22732,PERENNIAL,medium,0.75,PIURA,PERENNIAL,1999,1.10453677293
7_5809450_22735,PERENNIAL,medium,4.4,PIURA,PERENNIAL,1999,4.60836716356
7_5809450_22741,PERENNIAL,high,34.5,PIURA,PERENNIAL,1999,7.26454003578
7_5809450_22747,PERENNIAL,high,3.5,PIURA,PERENNIAL,1999,7.50948281358
7_5809450_22750,PERENNIAL,medium,3.5,PIURA,PASTURE_FALLOW,1999,14.044463808
7_5809450_22752,PERENNIAL,medium,3.0,PIURA,PASTURE_FALLOW,1999,12.9428698884
7_5809450_22756,PERENNIAL,medium,7.25,PIURA,PERENNIAL,1999,1.184451667
7_5809450_22762,PERENNIAL,high,9.0,PIURA,PERENNIAL,1999,10.89173724
7_5809450_22764,PERENNIAL,high,5.0,PIURA,PERENNIAL,1999,2.0493712225
7_5809450_22767,PERENNIAL,high,0.75,PIURA,PERENNIAL,1999,0.724479871946
7_5809450_22768,PERENNIAL,medium,3.0,PIURA,PERENNIAL,1999,8.4600544522
7_5809450_22770,PERENNIAL,medium,5.5,PIURA,PERENNIAL,1999,7.41937043576
7_5809450_22786,PERENNIAL,high,2.5,PIURA,PERENNIAL,1999,1.11720592132
7_5809450_22794,PERENNIAL,medium,5.0,PIURA,PERENNIAL,1999,2.75960066737
7_5809450_22799,PERENNIAL,medium,1.0,PIURA,PERENNIAL,1999,1.52567820122
7_5809450_22872,PERENNIAL,high,14.0,PIURA,PERENNIAL,1999,13.1632652918
7_5809450_22887,PERENNIAL,medium,0.85,PIURA,PERENNIAL,1999,1.50013419008
7_5809450_22889,PERENNIAL,high,2.0,PIURA,PERENNIAL,1999,0.560361349628
7_5809450_22890,PERENNIAL,high,0.85,PIURA,PERENNIAL,1999,1.16716433558
7_5809450_22925,PERENNIAL,low,3.0,PIURA,PERENNIAL,1999,12.1177050392
7_5809450_22928,PERENNIAL,high,3.0,PIURA,PERENNIAL,1999,3.90879895038
7_5809450_22930,PERENNIAL,medium,6.0,PIURA,PERENNIAL,1999,20.8895632496
7_5809450_22936,PERENNIAL,medium,3.5,PIURA,PERENNIAL,1999,0.397478575388
7_5809450_22939,PERENNIAL,medium,9.4,PIURA,PERENNIAL,1999,0.484143856414
7_5809450_22947,PERENNIAL,low,3.0,PIURA,PERENNIAL,1999,0.932293687329
7_5809450_22948,PERENNIAL,low,2.0,PIURA,PERENNIAL,1999,0.852494034409
7_5809450_22963,PERENNIAL,high,0.98,PIURA,PERENNIAL,1999,1.47173436183
7_5809450_22967,PERENNIAL,high,0.48,PIURA,PERENNIAL,1999,0.542692858612
7_5809450_22968,PERENNIAL,high,1.74,PIURA,ANNUAL,1999,1.18910157453
7_5809450_22969,PERENNIAL,high,1.2000000000000002,PIURA,PERENNIAL,1999,0.487072463664
7_5809450_22970,PERENNIAL,high,0.48,PIURA,PERENNIAL,1999,0.444137799178
7_5809450_22971,PERENNIAL,high,0.98,PIURA,PERENNIAL,1999,1.66367489118
7_5809450_22972,PERENNIAL,high,1.44,PIURA,PERENNIAL,1999,0.099411466409
7_5809450_24245,PERENNIAL,high,12.0,PIURA,PERENNIAL,1999,11.5483349533
7_5809450_24247,PERENNIAL,high,5.0,PIURA,PERENNIAL,1999,2.96276620313
7_5809450_24261,PERENNIAL,medium,0.65,PIURA,PERENNIAL,1999,1.0848151523
7_5809450_24550,PERENNIAL,medium,8.7,PIURA,PERENNIAL,2004,3.4765017356
7_5809455_088960,PERENNIAL,high,2.95,PIURA,PERENNIAL,2008,1.89739486031
7_5809455_088963,PERENNIAL,medium,10.0,PIURA,PERENNIAL,2008,0.662891070535
7_5809455_12456,PERENNIAL,low,3.5,PIURA,PERENNIAL,2001,8.223419605
7_5809455_22022,PERENNIAL,medium,4.0,PIURA,PERENNIAL,1999,3.35663420063
7_5809455_22265,PERENNIAL,low,9.0,PIURA,PERENNIAL,1999,4.13416042652
7_5809455_22268,PERENNIAL,high,3.0,PIURA,PERENNIAL,1999,4.42281045654
7_5809455_22272,PERENNIAL,medium,0.25,PIURA,PASTURE_FALLOW,1999,2.67516214704
7_5809455_22275,PERENNIAL,high,4.0,PIURA,PERENNIAL,1999,1.13964435261
7_5809455_22282,PERENNIAL,low,2.0,PIURA,PERENNIAL,1999,0.251597765144
7_5809455_22396,PERENNIAL,high,9.719999999999999,PIURA,PERENNIAL,1999,7.78140973323
7_5809455_22397,PERENNIAL,high,0.99,PIURA,PERENNIAL,1999,1.22610442491
7_5809455_22399,PERENNIAL,medium,4.7,PIURA,PERENNIAL,1999,0.636701077932
7_5809455_22427,PERENNIAL,high,12.0,PIURA,PERENNIAL,1999,13.5981578848
7_5809455_22428,PERENNIAL,medium,5.880000000000001,PIURA,PERENNIAL,1999,1.02725986343
7_5809455_22429,PERENNIAL,medium,1.99,PIURA,PERENNIAL,1999,0.839286598367
7_5809455_22430,PERENNIAL,medium,0.99,PIURA,PERENNIAL,1999,1.16233709232
7_5809455_22431,PERENNIAL,high,11.24,PIURA,PERENNIAL,1999,0.491679743696
7_5809455_22434,PERENNIAL,high,4.46,PIURA,PERENNIAL,1999,0.661855263507
7_5809455_22437,PERENNIAL,high,3.96,PIURA,PERENNIAL,1999,0.913857041407
7_5809455_22619,PERENNIAL,high,7.6,PIURA,PERENNIAL,1999,3.78252816857
7_5809455_22620,PERENNIAL,low,7.99,PIURA,PERENNIAL,1999,3.8212796847
7_5809455_22622,PERENNIAL,high,6.0,PIURA,PERENNIAL,1999,2.30904923385
7_5809455_22626,PERENNIAL,high,48.44,PIURA,PERENNIAL,1999,11.6211079977
7_5809455_22627,PERENNIAL,high,4.300000000000001,PIURA,PERENNIAL,1999,4.24583429749
7_5809455_22628,PERENNIAL,low,3.0,PIURA,PERENNIAL,1999,3.00009036814
7_5809455_22636,PERENNIAL,high,13.0,PIURA,PERENNIAL,1999,23.8573585968
7_5809455_22643,PERENNIAL,high,43.0,PIURA,PERENNIAL,1999,44.2380183823
7_5809455_22646,PERENNIAL,high,8.0,PIURA,PERENNIAL,1999,41.9923149369
7_5809455_22654,PERENNIAL,high,8.0,PIURA,PERENNIAL,1999,12.5292466397
7_5809455_22878,PERENNIAL,medium,8.0,PIURA,PERENNIAL,1999,11.6029208172
7_5809455_22879,PERENNIAL,medium,21.5,PIURA,PERENNIAL,1999,13.3106600764
7_5809455_22881,PERENNIAL,high,4.0,PIURA,ANNUAL,1999,3.99530785219
7_5809455_22882,PERENNIAL,low,9.0,PIURA,PERENNIAL,1999,4.98240438397
7_5809455_22893,PERENNIAL,high,10.0,PIURA,PERENNIAL,1999,4.50538557447
7_5809455_22905,PERENNIAL,high,0.25,PIURA,ANNUAL,1999,0.748708955399
7_5809455_22907,PERENNIAL,medium,0.8,PIURA,ANNUAL,1999,0.482185491245
7_5809455_22908,PERENNIAL,high,0.0938,PIURA,PERENNIAL,1999,0.195398792032
7_5809455_22909,PERENNIAL,low,0.6000000000000001,PIURA,PERENNIAL,1999,0.275658945788
7_5809455_22910,PERENNIAL,low,1.25,PIURA,PERENNIAL,1999,0.596201931471
7_5809455_22913,PERENNIAL,high,0.375,PIURA,ANNUAL,1999,0.343966522011
7_5809455_22914,PERENNIAL,high,1.2,PIURA,PERENNIAL,1999,0.37633184824
7_5809455_22915,PERENNIAL,high,1.5,PIURA,ANNUAL,1999,0.220083875462
7_5809455_22917,PERENNIAL,medium,0.125,PIURA,ANNUAL,1999,0.25995630388
7_5809455_22919,PERENNIAL,high,0.12,PIURA,ANNUAL,1999,0.12262552036
7_5809455_22920,PERENNIAL,high,0.125,PIURA,PERENNIAL,1999,0.32325624507
7_5809455_22921,PERENNIAL,high,0.4375,PIURA,PERENNIAL,1999,0.0967989144
7_5809455_22922,PERENNIAL,high,0.3752,PIURA,PERENNIAL,1999,0.2481600228
7_5809460_030528,PERENNIAL,high,0.5,PIURA,PERENNIAL,2007,0.766865928323
7_5809460_030529,PERENNIAL,medium,0.75,PIURA,PERENNIAL,2007,1.01165161878
7_5809460_030531,PERENNIAL,high,0.5,PIURA,PERENNIAL,2007,0.720518145218
7_5809460_030532,PERENNIAL,high,0.75,PIURA,PERENNIAL,2007,0.721112794174
7_5809460_030533,PERENNIAL,high,12.75,PIURA,PERENNIAL,2007,0.741587837192
7_5809460_030534,PERENNIAL,high,0.75,PIURA,PERENNIAL,2007,0.735692489217
7_5809460_038185,PERENNIAL,medium,21.0,PIURA,ANNUAL,2005,26.0048463832
7_5809460_038236,PERENNIAL,high,11.5,PIURA,PERENNIAL,2006,3.54940362582
7_5809460_12442,PERENNIAL,high,7.0,PIURA,PERENNIAL,2001,25.2566589356
7_5809460_36045,PERENNIAL,high,1.0,PIURA,PERENNIAL,2004,1.2913745106
7_5809460_36048,PERENNIAL,high,1.0,PIURA,PERENNIAL,2004,1.28232817068
7_5809460_36050,PERENNIAL,medium,0.9,PIURA,PERENNIAL,2004,1.27927319443
7_5809460_36051,PERENNIAL,low,11.25,PIURA,PERENNIAL,2004,1.27372777862
7_5809460_36057,PERENNIAL,high,6.5,PIURA,PERENNIAL,2001,1.13609718953
7_5809465_030521,PERENNIAL,high,74.25,PIURA,PERENNIAL,2007,8.30728533119
7_5809465_030614,PERENNIAL,high,1.0,PIURA,ANNUAL,2008,3.60636272754
7_5809465_037865,PERENNIAL,high,4.5,PIURA,PERENNIAL,2005,3.20403183322
7_5809465_038237,PERENNIAL,high,1.0,PIURA,PERENNIAL,2006,0.677447638502
7_5809465_038248,PERENNIAL,medium,2.5,PIURA,PERENNIAL,2006,2.75292180548
7_5809465_038249,PERENNIAL,high,2.0,PIURA,PERENNIAL,2006,2.79371377765
7_5809465_038250,PERENNIAL,medium,4.0,PIURA,PERENNIAL,2006,2.7081952879
7_5809465_038251,PERENNIAL,high,7.0,PIURA,PERENNIAL,2006,2.50170346859
7_5809465_34024,PERENNIAL,high,52.5,PIURA,PERENNIAL,2004,10.8250588119
7_5809465_34221,PERENNIAL,high,7.5,PIURA,PERENNIAL,2004,8.25176189826
7_5809465_34306,PERENNIAL,high,1.75,PIURA,ANNUAL,2004,2.57277156775
7_5809465_36958,PERENNIAL,low,2.81,PIURA,ANNUAL,2004,2.80575449009
7_5809470_030544,ANNUAL,high,1.0,PIURA,ANNUAL,2008,0.56349061377
7_5809470_038190,PERENNIAL,high,2.37,PIURA,ANNUAL,2005,1.99997565058
7_5809470_14647,PERENNIAL,low,14.0,PIURA,ANNUAL,2004,4.9752419416
7_5809470_35681,PERENNIAL,high,4.75,PIURA,PASTURE_FALLOW,2003,3.08595954373
7_5809480_30937,ANNUAL,medium,3.0,PIURA,ANNUAL,2001,2.13413216599
7_5859430_86712,PERENNIAL,high,5.1,PIURA,PASTURE_FALLOW,1999,5.60565642765
7_5859430_88169,PERENNIAL,high,17.0,PIURA,PERENNIAL,2000,3.08489902131
7_5859430_88453,PERENNIAL,medium,4.5,PIURA,PERENNIAL,2003,5.10649674342
7_5859430_88469,PERENNIAL,high,15.1,PIURA,PERENNIAL,1999,4.2617761989
7_5859430_88482,ANNUAL,medium,5.25,PIURA,ANNUAL,2000,0.387315947609
7_5859430_88486,PERENNIAL,medium,0.6,PIURA,PERENNIAL,1999,0.738608062023
7_5859430_88494,PERENNIAL,high,0.5,PIURA,PERENNIAL,1999,3.10719552285
7_5859430_88536,PERENNIAL,low,7.2,PIURA,PERENNIAL,2000,3.22179493674
7_5859430_88537,PERENNIAL,low,2.0,PIURA,PERENNIAL,2000,2.71437200798
7_5859430_88538,PERENNIAL,low,15.0,PIURA,PERENNIAL,2000,3.25572576826
7_5859430_88542,ANNUAL,high,0.25,PIURA,PERENNIAL,2000,3.37742494318
7_5859430_88545,ANNUAL,low,3.0,PIURA,ANNUAL,2000,1.11757263314
7_5859430_88547,PERENNIAL,high,0.6,PIURA,ANNUAL,2000,1.44757397873
7_5859430_88548,PERENNIAL,medium,3.7,PIURA,ANNUAL,2000,1.45635584206
7_5859430_88656,PERENNIAL,medium,3.0,PIURA,PERENNIAL,2000,4.00385110646
7_5859430_88662,PERENNIAL,medium,3.0,PIURA,PERENNIAL,1999,1.0377536561
7_5859430_88664,PERENNIAL,medium,1.75,PIURA,ANNUAL,2000,1.17559724304
7_5859430_88666,PERENNIAL,low,4.8,PIURA,PERENNIAL,2000,1.25841994091
7_5859430_88667,ANNUAL,medium,2.0,PIURA,PERENNIAL,2000,0.66451674619
7_5859430_88670,ANNUAL,high,2.5,PIURA,ANNUAL,2000,2.22502101465
7_5859430_88672,PERENNIAL,low,10.0,PIURA,PERENNIAL,2000,2.3791845964
7_5859430_88675,PERENNIAL,low,10.3,PIURA,ANNUAL,2000,3.09746309924
7_5859430_88676,PERENNIAL,high,4.75,PIURA,PERENNIAL,2000,3.25819570793
7_5859430_88680,PERENNIAL,low,2.5,PIURA,PERENNIAL,1999,3.24295418653
7_5859430_88682,PERENNIAL,high,7.5,PIURA,PERENNIAL,2000,3.04313339672
7_5859430_88684,PERENNIAL,low,6.0,PIURA,PERENNIAL,1999,1.40872584315
7_5859430_88688,PERENNIAL,low,1.5,PIURA,PERENNIAL,2000,3.12509311841
7_5859430_88690,PERENNIAL,high,4.5,PIURA,ANNUAL,2000,2.98301232944
7_5859430_88700,PERENNIAL,high,7.0,PIURA,PERENNIAL,2000,2.85368535769
7_5859435_088988,PERENNIAL,medium,1.0,PIURA,PERENNIAL,2010,0.362611544878
7_5859435_86398,PERENNIAL,high,5.0,PIURA,PERENNIAL,1999,1.99363321631
7_5859435_86404,PERENNIAL,medium,1.5,PIURA,PERENNIAL,1999,1.80661742762
7_5859435_86409,PERENNIAL,medium,7.8,PIURA,PERENNIAL,1999,2.43779767552
7_5859435_86421,ANNUAL,medium,3.13,PIURA,ANNUAL,1999,0.578450405027
7_5859435_86422,ANNUAL,high,1.5,PIURA,ANNUAL,1999,2.88502812119
7_5859435_86431,PERENNIAL,medium,3.1,PIURA,PERENNIAL,1999,0.604041297613
7_5859435_86434,PERENNIAL,medium,7.94,PIURA,PERENNIAL,1999,3.13631128648
7_5859435_86435,PERENNIAL,medium,4.5,PIURA,PERENNIAL,1999,1.07235877954
7_5859435_86438,ANNUAL,medium,1.0,PIURA,PASTURE_FALLOW,1999,1.82308501155
7_5859435_86439,PERENNIAL,low,7.55,PIURA,PERENNIAL,1999,0.693145675942
7_5859435_86440,PERENNIAL,high,2.88,PIURA,PERENNIAL,1999,2.73293286008
7_5859435_86443,ANNUAL,low,0.25,PIURA,PERENNIAL,1999,0.608651071726
7_5859435_86444,PERENNIAL,medium,8.899999999999999,PIURA,PERENNIAL,1999,1.040677629
7_5859435_86452,PERENNIAL,high,3.38,PIURA,PERENNIAL,1999,3.91007401492
7_5859435_86456,PERENNIAL,medium,2.75,PIURA,PERENNIAL,1999,0.629156213424
7_5859435_86463,PERENNIAL,high,7.3,PIURA,PERENNIAL,1999,4.64635547664
7_5859435_86464,PERENNIAL,high,3.05,PIURA,PERENNIAL,1999,4.53393241359
7_5859435_86476,PERENNIAL,medium,0.75,PIURA,PASTURE_FALLOW,1999,3.48140944715
7_5859435_86478,PERENNIAL,medium,10.35,PIURA,PASTURE_FALLOW,1999,1.60142525405
7_5859435_86636,PERENNIAL,high,8.0,PIURA,PERENNIAL,1999,2.62416550703
7_5859435_86701,PERENNIAL,high,4.5,PIURA,PERENNIAL,1999,3.49034296038
7_5859435_86706,ANNUAL,high,4.5,PIURA,ANNUAL,1999,1.31681147819
7_5859435_86707,PERENNIAL,high,9.0,PIURA,PERENNIAL,1999,2.39282150788
7_5859435_86742,PERENNIAL,medium,1.0,PIURA,PERENNIAL,1999,1.62230410479
7_5859435_86744,PERENNIAL,high,2.0,PIURA,PERENNIAL,1999,3.4420745866
7_5859435_86748,PERENNIAL,medium,1.0,PIURA,PERENNIAL,1999,1.71359815079
7_5859435_86754,PERENNIAL,medium,2.75,PIURA,PASTURE_FALLOW,1999,1.37090112834
7_5859435_86755,PERENNIAL,medium,1.5,PIURA,PASTURE_FALLOW,1999,0.927810922672
7_5859435_86756,PERENNIAL,medium,5.0,PIURA,PASTURE_FALLOW,1999,3.13187631384
7_5859435_86781,PERENNIAL,medium,3.0,PIURA,PERENNIAL,1999,2.2638960175
7_5859435_86784,PERENNIAL,medium,3.5,PIURA,PERENNIAL,1999,1.78623748585
7_5859435_86787,PERENNIAL,high,3.0,PIURA,PASTURE_FALLOW,1999,3.38481546346
7_5859435_86789,PERENNIAL,low,2.0,PIURA,PERENNIAL,1999,3.03272368403
7_5859435_86822,PERENNIAL,high,2.5,PIURA,ANNUAL,1999,1.46962126391
7_5859435_86823,PERENNIAL,high,1.5,PIURA,ANNUAL,1999,1.68825759239
7_5859435_86824,ANNUAL,high,5.5,PIURA,ANNUAL,1999,1.55659734883
7_5859435_86825,PERENNIAL,high,1.5,PIURA,ANNUAL,1999,2.02668277296
7_5859435_86827,ANNUAL,high,0.2,PIURA,ANNUAL,1999,0.442272157744
7_5859435_86838,PERENNIAL,medium,1.35,PIURA,PASTURE_FALLOW,1999,3.11007340788
7_5859435_86869,PERENNIAL,high,4.0,PIURA,ANNUAL,1999,6.57607023017
7_5859435_86901,ANNUAL,high,2.0,PIURA,ANNUAL,1999,2.60629893638
7_5859435_86907,PERENNIAL,medium,2.0,PIURA,ANNUAL,1999,0.0927241242824
7_5859435_86910,PERENNIAL,medium,3.0,PIURA,PERENNIAL,1999,4.27022773875
7_5859435_86928,PERENNIAL,high,6.0,PIURA,PERENNIAL,1999,1.0507888708
7_5859435_86930,PERENNIAL,medium,0.76,PIURA,PERENNIAL,1999,0.571991203828
7_5859435_86942,PERENNIAL,medium,1.5,PIURA,PERENNIAL,1999,0.405988061658
7_5859435_86949,ANNUAL,high,0.25,PIURA,PERENNIAL,1999,1.34867183675
7_5859435_86953,PERENNIAL,high,2.5,PIURA,ANNUAL,1999,2.30466382532
7_5859435_86956,PERENNIAL,low,25.63,PIURA,ANNUAL,1999,1.60914360347
7_5859435_86958,PERENNIAL,high,1.0,PIURA,PERENNIAL,1999,3.11419229037
7_5859435_86961,PERENNIAL,medium,3.62,PIURA,PASTURE_FALLOW,1999,1.49713613299
7_5859435_86963,PERENNIAL,medium,9.0,PIURA,PASTURE_FALLOW,1999,1.33209707707
7_5859435_86964,ANNUAL,high,1.0,PIURA,ANNUAL,1999,1.60205344376
7_5859435_86965,PERENNIAL,high,1.0,PIURA,PERENNIAL,1999,3.25006867068
7_5859435_86967,PERENNIAL,high,3.3,PIURA,PERENNIAL,1999,3.16241959965
7_5859435_86974,PERENNIAL,medium,0.5,PIURA,ANNUAL,1999,0.114737053823
7_5859435_86977,PERENNIAL,medium,8.120000000000001,PIURA,ANNUAL,1999,0.9431796683
7_5859435_86980,PERENNIAL,medium,0.25,PIURA,ANNUAL,1999,0.557527702806
7_5859435_86989,PERENNIAL,medium,0.02,PIURA,ANNUAL,1999,0.246906415034
7_5859435_87205,ANNUAL,high,4.5,PIURA,PERENNIAL,1999,0.895194279305
7_5859435_87208,PERENNIAL,medium,2.0,PIURA,PERENNIAL,1999,1.71982512686
7_5859435_87213,PERENNIAL,medium,5.5,PIURA,PERENNIAL,1999,1.12613494032
7_5859435_87216,PERENNIAL,medium,1.26,PIURA,ANNUAL,1999,0.912131113835
7_5859435_87222,PERENNIAL,high,4.25,PIURA,PERENNIAL,1999,1.09431324545
7_5859435_87226,ANNUAL,high,0.5,PIURA,ANNUAL,1999,3.20950396213
7_5859435_87228,ANNUAL,high,1.25,PIURA,ANNUAL,1999,3.62516760351
7_5859435_87230,PERENNIAL,low,1.0,PIURA,PERENNIAL,1999,0.566065735727
7_5859435_87240,PERENNIAL,medium,1.0,PIURA,PERENNIAL,1999,0.213852958497
7_5859435_87242,PERENNIAL,medium,1.75,PIURA,ANNUAL,1999,0.704578201382
7_5859435_87256,PERENNIAL,high,4.75,PIURA,PERENNIAL,1999,0.435413135225
7_5859435_87265,PERENNIAL,high,1.13,PIURA,PERENNIAL,1999,0.783590467436
7_5859435_87269,PERENNIAL,medium,1.5,PIURA,PERENNIAL,1999,0.142038739153
7_5859435_87276,PERENNIAL,medium,5.5,PIURA,PERENNIAL,1999,0.650206988582
7_5859435_87281,ANNUAL,high,0.5,PIURA,ANNUAL,1999,1.94130244035
7_5859435_87282,PERENNIAL,medium,2.5,PIURA,PERENNIAL,1999,0.934584091051
7_5859435_87284,PERENNIAL,high,1.0,PIURA,ANNUAL,1999,2.16193996131
7_5859435_87287,ANNUAL,medium,2.0,PIURA,PERENNIAL,1999,1.56646596771
7_5859435_87288,ANNUAL,low,0.7000000000000001,PIURA,PERENNIAL,1999,1.26840747555
7_5859435_87291,PERENNIAL,medium,2.0,PIURA,PERENNIAL,1999,0.338391711093
7_5859435_87296,PERENNIAL,high,0.4,PIURA,PERENNIAL,1999,0.155701703673
7_5859435_87297,PERENNIAL,medium,1.0,PIURA,PERENNIAL,1999,0.576543713838
7_5859435_87299,PERENNIAL,high,5.65,PIURA,PERENNIAL,1999,2.13786226695
7_5859435_87304,PERENNIAL,medium,1.94,PIURA,PERENNIAL,1999,1.47428912229
7_5859435_87305,PERENNIAL,medium,2.0700000000000003,PIURA,PERENNIAL,1999,0.37032769199
7_5859435_87309,PERENNIAL,low,0.5,PIURA,PERENNIAL,1999,1.2948039489
7_5859435_87311,PERENNIAL,high,2.0,PIURA,PERENNIAL,1999,0.571631229002
7_5859435_87314,PERENNIAL,low,1.0,PIURA,PERENNIAL,1999,1.52519799524
7_5859435_87315,PERENNIAL,medium,1.0,PIURA,PERENNIAL,1999,3.2550766296
7_5859435_87320,PERENNIAL,low,5.85,PIURA,PERENNIAL,1999,2.9184807892
7_5859435_87323,PERENNIAL,low,1.0,PIURA,PERENNIAL,1999,1.60764704293
7_5859435_87325,PERENNIAL,low,0.5,PIURA,PERENNIAL,1999,3.25957292623
7_5859435_87327,PERENNIAL,low,1.5,PIURA,PERENNIAL,1999,1.9674330727
7_5859435_87328,PERENNIAL,high,2.0,PIURA,PERENNIAL,1999,1.97100661038
7_5859435_87330,PERENNIAL,low,2.0,PIURA,PERENNIAL,1999,2.2023304719
7_5859435_87334,PERENNIAL,high,0.75,PIURA,PERENNIAL,1999,0.672050761476
7_5859435_87335,PERENNIAL,high,2.3,PIURA,PASTURE_FALLOW,1999,0.809758522036
7_5859435_87344,PERENNIAL,high,24.5,PIURA,PERENNIAL,1999,1.96820872102
7_5859435_87347,PERENNIAL,high,4.800000000000001,PIURA,PERENNIAL,1999,3.08528113427
7_5859435_87348,PERENNIAL,medium,0.75,PIURA,PERENNIAL,1999,0.322566113629
7_5859435_87349,PERENNIAL,high,2.0,PIURA,PERENNIAL,1999,0.453397766623
7_5859435_87351,PERENNIAL,low,12.05,PIURA,PERENNIAL,1999,2.176416727
7_5859435_87353,PERENNIAL,low,4.5,PIURA,PERENNIAL,1999,0.338029174603
7_5859435_87354,ANNUAL,high,0.25,PIURA,PERENNIAL,1999,0.444557082585
7_5859435_87355,ANNUAL,high,0.025,PIURA,ANNUAL,1999,0.457069059058
7_5859435_87358,PERENNIAL,low,4.0,PIURA,ANNUAL,1999,1.84140378661
7_5859435_87361,PERENNIAL,medium,1.0,PIURA,PERENNIAL,1999,1.07464262658
7_5859435_87362,PERENNIAL,medium,3.77,PIURA,PERENNIAL,1999,1.48377980448
7_5859435_87392,PERENNIAL,medium,1.0,PIURA,PERENNIAL,1999,1.66373347899
7_5859435_88164,PERENNIAL,high,2.0,PIURA,ANNUAL,1999,2.31744780815
7_5859435_88558,PERENNIAL,medium,6.25,PIURA,PERENNIAL,1999,1.66016502545
7_5859435_88561,PERENNIAL,high,1.7000000000000002,PIURA,PERENNIAL,2000,1.50682823157
7_5859435_88564,PERENNIAL,high,0.5,PIURA,ANNUAL,2000,3.7993544273
7_5859435_88571,PERENNIAL,high,1.75,PIURA,PERENNIAL,2000,3.17468503375
7_5859435_88572,PERENNIAL,medium,1.35,PIURA,PERENNIAL,1999,2.34068125431
7_5859435_88576,PERENNIAL,high,1.6,PIURA,PERENNIAL,2000,2.0381436201
7_5859435_88583,PERENNIAL,high,2.5,PIURA,PERENNIAL,2000,3.20296930066
7_5859435_88584,PERENNIAL,high,1.2,PIURA,PERENNIAL,2000,1.54882861102
7_5859435_88594,PERENNIAL,high,0.8,PIURA,PERENNIAL,2000,0.332460914589
7_5859435_88599,PERENNIAL,low,0.55,PIURA,PERENNIAL,2000,0.84585987557
7_5859435_88849,PERENNIAL,high,0.35,PIURA,ANNUAL,2000,1.2663273036
7_5859435_88854,PERENNIAL,medium,7.5,PIURA,PERENNIAL,2000,0.521171662272
7_5859435_88888,PERENNIAL,high,3.9,PIURA,PERENNIAL,2000,0.630609039992
7_5859435_88910,PERENNIAL,high,2.65,PIURA,PERENNIAL,2000,0.777588002696
7_5859440_86172,PERENNIAL,medium,1.0,PIURA,ANNUAL,1999,0.844730610236
7_5859440_86178,PERENNIAL,high,1.0,PIURA,ANNUAL,1999,0.9070844067
7_5859440_86210,PERENNIAL,low,2.0,PIURA,ANNUAL,1999,0.907330643343
7_5859440_86215,ANNUAL,medium,0.5,PIURA,ANNUAL,1999,0.210588403357
7_5859440_86226,PERENNIAL,medium,1.5,PIURA,ANNUAL,1999,0.699442500433
7_5859440_86240,ANNUAL,high,1.0,PIURA,ANNUAL,1999,1.69042149701
7_5859440_86251,ANNUAL,medium,2.5,PIURA,ANNUAL,1999,0.336830501095
7_5859440_86254,PERENNIAL,medium,2.5,PIURA,ANNUAL,1999,1.63190389779
7_5859440_86255,ANNUAL,high,1.0,PIURA,ANNUAL,1999,1.1969392512
7_5859440_86258,PERENNIAL,medium,1.0,PIURA,ANNUAL,1999,0.462114839589
7_5859440_86272,PERENNIAL,low,1.0,PIURA,PERENNIAL,1999,3.03901655273
7_5859440_86274,PERENNIAL,high,3.5,PIURA,PERENNIAL,1999,2.00844100779
7_5859440_86285,PERENNIAL,high,3.0,PIURA,ANNUAL,1999,0.75833107976
7_5859440_86293,PERENNIAL,medium,0.25,PIURA,PERENNIAL,1999,0.67386835372
7_5859440_86296,PERENNIAL,medium,2.0,PIURA,ANNUAL,1999,0.608579021667
7_5859440_86300,PERENNIAL,medium,0.75,PIURA,PERENNIAL,1999,0.64353560459
7_5859440_86302,PERENNIAL,medium,1.0,PIURA,PERENNIAL,1999,0.578060583303
7_5859440_86307,PERENNIAL,low,1.75,PIURA,PERENNIAL,1999,0.727904205553
7_5859440_86308,ANNUAL,medium,1.6,PIURA,ANNUAL,1999,0.397501252637
7_5859440_86319,PERENNIAL,high,1.5,PIURA,PERENNIAL,1999,0.278314541486
7_5859440_86322,PERENNIAL,high,4.0,PIURA,PERENNIAL,1999,1.32859332279
7_5859440_86328,ANNUAL,low,1.5,PIURA,ANNUAL,1999,0.179217388342
7_5859440_86331,PERENNIAL,medium,4.95,PIURA,ANNUAL,1999,3.84011958822
7_5859440_86335,PERENNIAL,low,0.5,PIURA,ANNUAL,1999,2.29267931003
7_5859440_86356,PERENNIAL,high,3.75,PIURA,ANNUAL,1999,1.3784956466
7_5859440_86361,ANNUAL,medium,1.0,PIURA,ANNUAL,1999,2.36390901144
7_5859440_86368,PERENNIAL,medium,1.65,PIURA,PERENNIAL,1999,1.25836869731
7_5859440_86388,ANNUAL,medium,2.0,PIURA,ANNUAL,1999,0.81617050121
7_5859440_86394,PERENNIAL,medium,2.6,PIURA,ANNUAL,1999,0.733350421933
7_5859440_86401,ANNUAL,high,1.0,PIURA,PERENNIAL,1999,0.726995097417
7_5859440_86816,ANNUAL,high,0.75,PIURA,ANNUAL,1999,0.69869535405
7_5859440_86853,ANNUAL,low,2.0,PIURA,ANNUAL,1999,9.31076512544
7_5859440_87562,PERENNIAL,high,1.0,PIURA,PASTURE_FALLOW,1999,1.64138538597
7_5859440_87564,PERENNIAL,medium,0.37,PIURA,PERENNIAL,1999,0.138954871565
7_5859440_88309,PERENNIAL,medium,3.2,PIURA,ANNUAL,1999,1.02679798945
7_5859440_88311,ANNUAL,low,0.9,PIURA,ANNUAL,1999,0.544716029189
7_5859445_024646,PERENNIAL,medium,4.25,PIURA,PERENNIAL,2006,0.997772734834
7_5859445_043242,PERENNIAL,medium,0.44999999999999996,PIURA,ANNUAL,2006,0.184160441478
7_5859445_043243,PERENNIAL,medium,0.1,PIURA,PERENNIAL,2006,0.226787877852
7_5859445_043244,PERENNIAL,high,0.4,PIURA,ANNUAL,2006,1.15936489215
7_5859445_043285,PERENNIAL,medium,1.0,PIURA,PERENNIAL,2006,0.909341947364
7_5859445_043294,PERENNIAL,medium,1.25,PIURA,ANNUAL,2006,0.197122239963
7_5859445_043901,PERENNIAL,medium,8.75,PIURA,PASTURE_FALLOW,2006,0.129437498025
7_5859445_044394,PERENNIAL,medium,3.5,PIURA,PERENNIAL,2006,0.702745779349
7_5859445_044395,PERENNIAL,high,2.5,PIURA,ANNUAL,2006,0.292458366909
7_5859445_044853,PERENNIAL,medium,3.0,PIURA,PERENNIAL,2006,0.32271848652
7_5859445_088964,PERENNIAL,high,5.5,PIURA,PERENNIAL,2008,8.67593304387
7_5859445_088965,PERENNIAL,medium,2.5,PIURA,PERENNIAL,2008,2.91934328716
7_5859445_088966,PERENNIAL,high,3.5,PIURA,PERENNIAL,2008,6.1123956577
7_5859445_088967,PERENNIAL,high,2.5,PIURA,PERENNIAL,2008,4.20815835315
7_5859445_088968,PERENNIAL,medium,0.6,PIURA,PERENNIAL,2008,8.497478366
7_5859445_088969,PERENNIAL,high,1.48,PIURA,PERENNIAL,2008,1.97844220634
7_5859445_088976,PERENNIAL,high,4.0,PIURA,PERENNIAL,2009,4.10143419042
7_5859445_088977,PERENNIAL,high,5.0,PIURA,PERENNIAL,2009,0.497535179245
7_5859445_22104,PERENNIAL,medium,4.0,PIURA,PERENNIAL,1999,3.69801179174
7_5859445_22145,PERENNIAL,medium,2.5,PIURA,PERENNIAL,1999,1.11686600695
7_5859445_22147,PERENNIAL,high,4.0,PIURA,ANNUAL,1999,3.43419310908
7_5859445_22150,PERENNIAL,medium,1.0,PIURA,PERENNIAL,1999,2.36026937884
7_5859445_22167,PERENNIAL,high,20.0,PIURA,PERENNIAL,1999,9.56693306091
7_5859445_22176,PERENNIAL,high,6.0,PIURA,PASTURE_FALLOW,1999,3.11571049745
7_5859445_22178,PERENNIAL,medium,2.0,PIURA,ANNUAL,1999,0.580904103574
7_5859445_22183,PERENNIAL,high,7.5,PIURA,ANNUAL,1999,0.706773612095
7_5859445_22187,PERENNIAL,high,6.0,PIURA,PERENNIAL,1999,5.24274811564
7_5859445_22193,PERENNIAL,medium,16.0,PIURA,PERENNIAL,1999,6.61345367015
7_5859445_22508,PERENNIAL,high,6.5,PIURA,ANNUAL,1999,7.73509041108
7_5859445_22517,PERENNIAL,high,5.0,PIURA,PERENNIAL,1999,6.43635932703
7_5859445_22558,PERENNIAL,high,11.0,PIURA,PERENNIAL,1999,14.948012152
7_5859445_22568,PERENNIAL,high,11.97,PIURA,PERENNIAL,1999,13.7521754282
7_5859445_22579,PERENNIAL,medium,0.25,PIURA,PERENNIAL,1999,12.1790444186
7_5859445_22583,PERENNIAL,high,12.0,PIURA,PERENNIAL,1999,13.3133713308
7_5859445_22595,PERENNIAL,high,20.0,PIURA,PERENNIAL,1999,12.2565327192
7_5859445_22596,PERENNIAL,high,3.75,PIURA,PERENNIAL,1999,4.13882202992
7_5859445_22598,PERENNIAL,high,6.5,PIURA,PERENNIAL,1999,7.62993914668
7_5859445_24143,PERENNIAL,high,2.0,PIURA,ANNUAL,1999,5.63636853073
7_5859445_24224,PERENNIAL,high,10.0,PIURA,PERENNIAL,1999,1.31281134448
7_5859445_24225,PERENNIAL,high,4.0,PIURA,ANNUAL,1999,2.95742175421
7_5859445_24226,PERENNIAL,medium,0.25,PIURA,ANNUAL,1999,1.04328782878
7_5859445_24227,PERENNIAL,high,5.0,PIURA,ANNUAL,1999,0.929115958148
7_5859445_24228,PERENNIAL,medium,2.0,PIURA,PERENNIAL,1999,1.32793864749
7_5859445_24230,PERENNIAL,high,11.3,PIURA,PERENNIAL,1999,5.24346854841
7_5859445_24264,PERENNIAL,medium,7.0,PIURA,PERENNIAL,1999,2.70450610074
7_5859445_87029,PERENNIAL,medium,2.0,PIURA,ANNUAL,1999,2.15036107609
7_5859445_87032,PERENNIAL,medium,0.75,PIURA,ANNUAL,1999,3.01700029732
7_5859445_87035,PERENNIAL,high,1.7,PIURA,PERENNIAL,1999,4.03854169889
7_5859445_87038,ANNUAL,high,0.25,PIURA,ANNUAL,1999,1.04960955924
7_5859445_87040,PERENNIAL,high,4.5,PIURA,ANNUAL,1999,1.82762578323
7_5859445_87063,PERENNIAL,high,0.5,PIURA,ANNUAL,1999,3.55867415395
7_5859445_87068,PERENNIAL,high,1.0,PIURA,ANNUAL,1999,2.95961493442
7_5859445_87075,ANNUAL,medium,2.1,PIURA,PERENNIAL,1999,1.46676570757
7_5859445_87851,PERENNIAL,low,2.5,PIURA,ANNUAL,1999,3.90602962428
7_5859445_87853,PERENNIAL,high,4.5,PIURA,ANNUAL,1999,3.78815376907
7_5859445_87854,PERENNIAL,high,2.5,PIURA,PERENNIAL,1999,3.61853785566
7_5859445_87856,PERENNIAL,high,1.5,PIURA,PERENNIAL,1999,3.42828772512
7_5859445_87857,PERENNIAL,high,3.0,PIURA,PERENNIAL,1999,3.54034097538
7_5859445_87858,PERENNIAL,high,2.75,PIURA,PERENNIAL,1999,3.59655395965
7_5859445_87866,PERENNIAL,high,2.0,PIURA,PERENNIAL,1999,2.9968249867
7_5859445_87867,PERENNIAL,high,1.0,PIURA,ANNUAL,1999,2.84456740119
7_5859445_87868,PERENNIAL,high,3.0,PIURA,ANNUAL,1999,2.7645405255
7_5859445_87871,PERENNIAL,high,1.6,PIURA,ANNUAL,1999,4.21563603308
7_5859445_87874,PERENNIAL,high,1.0,PIURA,PASTURE_FALLOW,1999,4.46850190719
7_5859445_87875,PERENNIAL,high,0.5,PIURA,ANNUAL,1999,0.53827663166
7_5859445_87880,ANNUAL,high,1.0,PIURA,PASTURE_FALLOW,1999,0.424254505418
7_5859445_87883,ANNUAL,high,0.25,PIURA,PERENNIAL,1999,0.307194923834
7_5859445_87885,PERENNIAL,high,1.5,PIURA,ANNUAL,1999,0.197404665204
7_5859445_87894,ANNUAL,medium,3.5,PIURA,PERENNIAL,1999,0.672191212198
7_5859445_87897,ANNUAL,low,1.5899999999999999,PIURA,PERENNIAL,1999,16.0135705953
7_5859445_87900,ANNUAL,medium,2.5300000000000002,PIURA,ANNUAL,1999,0.391477497237
7_5859445_87902,PERENNIAL,high,4.75,PIURA,PERENNIAL,1999,0.213530200442
7_5859445_87904,PERENNIAL,high,0.25,PIURA,PERENNIAL,1999,0.0944302385797
7_5859445_87906,PERENNIAL,medium,1.0,PIURA,PERENNIAL,1999,0.267838489135
7_5859445_87910,PERENNIAL,high,1.25,PIURA,PERENNIAL,1999,1.67799918477
7_5859445_87922,PERENNIAL,high,1.25,PIURA,PERENNIAL,1999,0.544899437544
7_5859445_87931,PERENNIAL,high,0.75,PIURA,PERENNIAL,1999,0.291781489077
7_5859445_87932,PERENNIAL,high,1.0,PIURA,PERENNIAL,1999,0.704510280756
7_5859445_87934,PERENNIAL,high,0.5,PIURA,ANNUAL,1999,0.496566709016
7_5859445_87937,ANNUAL,high,1.0,PIURA,PASTURE_FALLOW,1999,3.08841347522
7_5859445_87947,PERENNIAL,medium,0.8799999999999999,PIURA,ANNUAL,1999,0.265771684153
7_5859445_87954,PERENNIAL,high,1.5,PIURA,PERENNIAL,1999,2.91343879719
7_5859445_87955,PERENNIAL,high,3.0,PIURA,ANNUAL,1999,3.26972794318
7_5859445_87956,PERENNIAL,low,0.5,PIURA,PERENNIAL,1999,1.58529641394
7_5859445_87963,PERENNIAL,low,12.0,PIURA,ANNUAL,1999,4.07793572417
7_5859445_87970,PERENNIAL,low,2.25,PIURA,PERENNIAL,1999,3.08183387865
7_5859445_87975,PERENNIAL,high,1.0,PIURA,ANNUAL,1999,3.48837979398
7_5859445_87987,PERENNIAL,medium,5.5,PIURA,ANNUAL,1999,3.67826660106
7_5859445_87988,PERENNIAL,high,17.4,PIURA,ANNUAL,1999,3.79886235694
7_5859445_87989,PERENNIAL,high,1.75,PIURA,ANNUAL,1999,4.42525872847
7_5859445_87991,PERENNIAL,high,3.5,PIURA,PERENNIAL,1999,3.90655243054
7_5859445_87994,PERENNIAL,high,1.5,PIURA,ANNUAL,1999,4.59916981389
7_5859445_87996,ANNUAL,medium,1.0,PIURA,ANNUAL,1999,2.56327824885
7_5859445_88003,PERENNIAL,high,3.5,PIURA,PERENNIAL,1999,3.78690553129
7_5859445_88004,ANNUAL,high,10.5,PIURA,PERENNIAL,1999,3.31436884204
7_5859445_88005,ANNUAL,high,0.5,PIURA,PERENNIAL,1999,3.58750305871
7_5859445_88006,PERENNIAL,high,3.7,PIURA,PERENNIAL,1999,3.36164278545
7_5859445_88007,PERENNIAL,high,0.6,PIURA,PERENNIAL,1999,3.6941972185
7_5859445_88009,PERENNIAL,low,1.5,PIURA,ANNUAL,1999,2.30665898129
7_5859445_88013,ANNUAL,medium,3.0,PIURA,PASTURE_FALLOW,1999,3.20129278155
7_5859445_88021,PERENNIAL,medium,2.3,PIURA,PERENNIAL,1999,1.4419891068
7_5859445_88025,ANNUAL,medium,0.18,PIURA,PERENNIAL,1999,3.34835591494
7_5859445_88026,ANNUAL,high,0.5,PIURA,ANNUAL,1999,3.12531258775
7_5859445_88027,PERENNIAL,high,1.0,PIURA,PERENNIAL,1999,3.47169097637
7_5859445_88028,PERENNIAL,high,0.3,PIURA,ANNUAL,1999,0.958244025772
7_5859445_88043,PERENNIAL,low,1.0,PIURA,ANNUAL,1999,1.42777448669
7_5859445_88044,PERENNIAL,high,1.25,PIURA,PERENNIAL,1999,0.702805711907
7_5859445_88174,ANNUAL,medium,0.03,PIURA,ANNUAL,1999,1.52394166629
7_5859445_88176,PERENNIAL,medium,2.0,PIURA,PASTURE_FALLOW,1999,1.68823116508
7_5859445_88178,PERENNIAL,high,0.15,PIURA,PASTURE_FALLOW,1999,0.856658006042
7_5859445_88195,ANNUAL,medium,0.1,PIURA,ANNUAL,1999,0.902934589503
7_5859445_88197,PERENNIAL,medium,0.2,PIURA,PASTURE_FALLOW,1999,0.178181514078
7_5859445_88202,PERENNIAL,medium,0.63,PIURA,ANNUAL,1999,1.57941209009
7_5859445_88206,PERENNIAL,low,1.4000000000000001,PIURA,ANNUAL,1999,0.514811802136
7_5859445_88207,PERENNIAL,high,1.0,PIURA,ANNUAL,1999,0.698720066071
7_5859445_88209,PERENNIAL,high,1.5,PIURA,PERENNIAL,1999,0.260168862143
7_5859445_88301,PERENNIAL,high,1.4000000000000001,PIURA,ANNUAL,1999,0.372502099227
7_5859445_88308,PERENNIAL,high,4.0,PIURA,PERENNIAL,1999,1.39497224562
7_5859445_88320,ANNUAL,high,6.0,PIURA,ANNUAL,1999,3.91915293543
7_5859445_88333,PERENNIAL,medium,1.0,PIURA,PASTURE_FALLOW,1999,0.372916766323
7_5859445_88345,PERENNIAL,high,0.25,PIURA,PERENNIAL,1999,0.640843799878
7_5859445_88346,PERENNIAL,high,1.0,PIURA,ANNUAL,2001,0.552653318857
7_5859445_88354,PERENNIAL,medium,0.5,PIURA,ANNUAL,1999,0.235110271885
7_5859445_88385,PERENNIAL,high,4.0,PIURA,PERENNIAL,1999,0.188822620276
7_5859445_88386,PERENNIAL,high,0.75,PIURA,PERENNIAL,1999,0.202606604317
7_5859445_88401,PERENNIAL,medium,1.25,PIURA,PASTURE_FALLOW,1999,1.15729218506
7_5859445_88403,PERENNIAL,high,3.0,PIURA,ANNUAL,1999,4.46683537698
7_5859445_88405,PERENNIAL,high,0.5,PIURA,ANNUAL,1999,3.99228733144
7_5859445_88422,PERENNIAL,high,2.25,PIURA,ANNUAL,1999,3.97612612523
7_5859450_22072,PERENNIAL,medium,4.0,PIURA,PASTURE_FALLOW,1999,4.57261248629
7_5859450_22076,PERENNIAL,medium,4.0,PIURA,PERENNIAL,1999,6.21795577913
7_5859450_22087,PERENNIAL,medium,4.5,PIURA,PERENNIAL,1999,0.284707282271
7_5859450_22091,PERENNIAL,high,4.0,PIURA,ANNUAL,1999,0.456731103816
7_5859450_22096,PERENNIAL,high,2.0,PIURA,PERENNIAL,1999,1.87192261693
7_5859450_22100,PERENNIAL,medium,2.5,PIURA,PERENNIAL,1999,4.69179011772
7_5859450_22110,PERENNIAL,medium,3.25,PIURA,PERENNIAL,1999,0.636350918237
7_5859450_22113,PERENNIAL,medium,3.0,PIURA,PERENNIAL,1999,2.03134921304
7_5859450_22128,PERENNIAL,medium,4.0,PIURA,PERENNIAL,1999,0.370055953984
7_5859450_22130,PERENNIAL,high,12.0,PIURA,PERENNIAL,1999,5.2048341605
7_5859450_22134,PERENNIAL,high,4.0,PIURA,PERENNIAL,1999,0.760596729655
7_5859450_22157,PERENNIAL,high,1.0,PIURA,PERENNIAL,1999,6.80553056257
7_5859450_22169,PERENNIAL,high,2.5,PIURA,PERENNIAL,1999,6.12330373469
7_5859450_22342,PERENNIAL,high,3.0,PIURA,PERENNIAL,1999,3.60781422002
7_5859450_22343,PERENNIAL,high,1.2,PIURA,PERENNIAL,1999,3.27720553485
7_5859450_22344,PERENNIAL,high,1.2,PIURA,PERENNIAL,1999,1.20052715709
7_5859450_22347,PERENNIAL,high,4.0,PIURA,PERENNIAL,1999,1.44363501334
7_5859450_22348,PERENNIAL,medium,2.3,PIURA,PERENNIAL,1999,1.99534105935
7_5859450_22350,PERENNIAL,medium,5.9,PIURA,PERENNIAL,1999,1.28609061874
7_5859450_22355,PERENNIAL,high,0.8,PIURA,PERENNIAL,1999,1.29859487867
7_5859450_22358,PERENNIAL,medium,6.5,PIURA,PERENNIAL,1999,0.412158272867
7_5859450_22359,PERENNIAL,medium,10.61,PIURA,PERENNIAL,1999,1.75505734994
7_5859450_22365,PERENNIAL,medium,5.0,PIURA,PERENNIAL,1999,4.29849644739
7_5859450_22561,PERENNIAL,medium,3.0,PIURA,PERENNIAL,1999,1.84044791479
7_5859450_22562,ANNUAL,medium,0.92,PIURA,PERENNIAL,1999,12.0662818708
7_5859450_22949,PERENNIAL,high,2.0,PIURA,PERENNIAL,1999,2.05363052882
7_5859450_22950,PERENNIAL,high,1.88,PIURA,PERENNIAL,1999,1.85987156624
7_5859450_22951,PERENNIAL,high,2.5,PIURA,PERENNIAL,1999,2.04752309503
7_5859450_22952,PERENNIAL,high,2.4,PIURA,PERENNIAL,1999,1.31953240331
7_5859450_22954,PERENNIAL,high,12.95,PIURA,PERENNIAL,1999,11.0739840851
7_5859450_22966,PERENNIAL,high,0.98,PIURA,PERENNIAL,1999,0.80429105047
7_5859450_22976,PERENNIAL,high,1.75,PIURA,PERENNIAL,1999,0.905258421097
7_5859450_24148,PERENNIAL,high,5.2,PIURA,PERENNIAL,1999,1.62221134212
7_5859450_24193,PERENNIAL,medium,1.5,PIURA,PERENNIAL,1999,3.12460048468
7_5859450_24232,PERENNIAL,low,11.0,PIURA,ANNUAL,1999,0.424196325021
7_5859450_24235,PERENNIAL,high,3.0,PIURA,PERENNIAL,1999,0.24963921966
7_5859455_024629,PERENNIAL,high,2.5,PIURA,PERENNIAL,2006,1.66121401743
7_5859455_038096,PERENNIAL,high,3.12,PIURA,PERENNIAL,2004,4.71648445523
7_5859455_038099,PERENNIAL,high,0.03,PIURA,PERENNIAL,2004,0.715350672571
7_5859455_038100,PERENNIAL,high,1.45,PIURA,PERENNIAL,2004,0.771696806909
7_5859455_038101,PERENNIAL,high,1.3,PIURA,PERENNIAL,2004,0.567666832999
7_5859455_038102,PERENNIAL,medium,1.85,PIURA,PERENNIAL,2004,0.670113323524
7_5859455_038105,PERENNIAL,high,0.75,PIURA,PERENNIAL,2004,0.711089334601
7_5859455_038106,PERENNIAL,high,0.4,PIURA,PERENNIAL,2004,0.439166109399
7_5859455_038107,PERENNIAL,high,2.75,PIURA,PERENNIAL,2004,1.46073336722
7_5859455_038109,PERENNIAL,high,3.2,PIURA,PERENNIAL,2004,0.482549653468
7_5859455_038110,PERENNIAL,high,0.2,PIURA,PERENNIAL,2004,0.232906385766
7_5859455_038111,PERENNIAL,high,0.23,PIURA,PERENNIAL,2004,0.30166909585
7_5859455_038113,PERENNIAL,high,0.45,PIURA,ANNUAL,2004,0.546658605611
7_5859455_038114,PERENNIAL,medium,0.51,PIURA,PERENNIAL,2004,0.323421497818
7_5859455_038115,PERENNIAL,high,2.3,PIURA,PERENNIAL,2005,2.43295043951
7_5859455_038116,PERENNIAL,high,0.4,PIURA,PERENNIAL,2005,0.413935247925
7_5859455_038117,PERENNIAL,high,1.35,PIURA,PERENNIAL,2005,0.403326524934
7_5859455_038118,PERENNIAL,high,1.0,PIURA,PERENNIAL,2005,1.24160082478
7_5859455_038119,PERENNIAL,medium,1.5,PIURA,PERENNIAL,2005,0.525164990264
7_5859455_038121,PERENNIAL,high,0.15,PIURA,PERENNIAL,2005,0.151128414228
7_5859455_038122,PERENNIAL,high,0.68,PIURA,PERENNIAL,2005,0.352050470339
7_5859455_038123,PERENNIAL,high,2.01,PIURA,PERENNIAL,2005,0.979945501196
7_5859455_038124,PERENNIAL,high,2.9,PIURA,PERENNIAL,2005,0.433896817713
7_5859455_038125,PERENNIAL,high,2.64,PIURA,ANNUAL,2005,0.347810772495
7_5859455_038127,PERENNIAL,high,1.94,PIURA,PERENNIAL,2005,1.49712466636
7_5859455_088937,PERENNIAL,high,0.46,PIURA,ANNUAL,2007,0.46868591708
7_5859455_088939,PERENNIAL,high,1.96,PIURA,ANNUAL,2007,0.45493530681
7_5859455_088940,PERENNIAL,high,1.0,PIURA,PERENNIAL,2007,0.46934130355
7_5859455_088942,PERENNIAL,high,0.48,PIURA,PERENNIAL,2007,0.48227417111
7_5859455_088943,PERENNIAL,high,1.75,PIURA,PERENNIAL,2007,0.50795805331
7_5859455_088947,PERENNIAL,high,2.49,PIURA,PERENNIAL,2007,0.50638173167
7_5859455_088948,PERENNIAL,high,2.85,PIURA,ANNUAL,2007,0.52295617357
7_5859455_22356,PERENNIAL,high,2.15,PIURA,PERENNIAL,1999,1.03077768408
7_5859455_22362,PERENNIAL,medium,3.8,PIURA,PERENNIAL,1999,1.65868502719
7_5859455_22368,PERENNIAL,medium,0.9,PIURA,PERENNIAL,1999,1.35895230367
7_5859455_22370,PERENNIAL,high,2.2,PIURA,PERENNIAL,1999,1.4029762814
7_5859455_22373,PERENNIAL,high,10.0,PIURA,PERENNIAL,1999,5.22880592095
7_5859455_22375,PERENNIAL,high,7.5,PIURA,PERENNIAL,1999,8.87974174789
7_5859455_22391,PERENNIAL,low,4.0,PIURA,PERENNIAL,1999,7.08160963288
7_5859455_22955,PERENNIAL,high,74.0,PIURA,PERENNIAL,1999,12.1788352695
7_5859455_22956,PERENNIAL,high,29.0,PIURA,PERENNIAL,1999,13.2791656726
7_5859455_22957,PERENNIAL,high,16.0,PIURA,PERENNIAL,1999,12.2308249489
7_5859455_22958,PERENNIAL,high,8.0,PIURA,PERENNIAL,1999,9.84848567749
7_5859455_22980,PERENNIAL,medium,0.30000000000000004,PIURA,PERENNIAL,1999,0.842691446392
7_5859455_22981,PERENNIAL,low,0.6,PIURA,PERENNIAL,1999,0.275035955188
7_5859455_22984,PERENNIAL,medium,1.1,PIURA,PERENNIAL,1999,0.902813526503
7_5859455_22985,PERENNIAL,high,0.65,PIURA,PERENNIAL,1999,1.08164408107
7_5859455_22987,PERENNIAL,medium,12.75,PIURA,PERENNIAL,1999,1.75851139885
7_5859455_22988,PERENNIAL,medium,0.9,PIURA,PERENNIAL,1999,0.308526131578
7_5859455_22992,PERENNIAL,high,5.5,PIURA,PERENNIAL,1999,6.33731374429
7_5859455_22994,PERENNIAL,low,5.0,PIURA,PERENNIAL,1999,6.86299502645
7_5859455_22997,PERENNIAL,high,8.0,PIURA,PERENNIAL,1999,9.94120693947
7_5859455_24186,PERENNIAL,high,11.25,PIURA,PERENNIAL,1999,0.628796969977
7_5859455_24301,PERENNIAL,high,5.0,PIURA,PERENNIAL,1999,8.35502249007
7_5859455_24309,ANNUAL,medium,7.0,PIURA,ANNUAL,1999,7.39793734818
7_5859455_24322,PERENNIAL,medium,4.65,PIURA,PERENNIAL,1999,1.05296978799
7_5859455_24323,PERENNIAL,high,11.25,PIURA,PERENNIAL,1999,1.08332867008
7_5859455_24548,PERENNIAL,high,1.0,PIURA,PERENNIAL,2004,1.00165223877
7_5859460_037645,PERENNIAL,medium,5.9,PIURA,PERENNIAL,2004,4.97501225851
7_5859460_037660,PERENNIAL,high,3.5,PIURA,ANNUAL,2004,3.02478517112
7_5859460_037661,PERENNIAL,high,1.5,PIURA,ANNUAL,2004,1.79495882846
7_5859460_037664,ANNUAL,high,1.0,PIURA,ANNUAL,2004,4.01972438785
7_5859460_12864,PERENNIAL,high,1.3,PIURA,ANNUAL,2003,1.30516002085
7_5859460_12865,ANNUAL,high,1.0,PIURA,ANNUAL,2003,1.48720038146
7_5859460_12867,PERENNIAL,medium,11.5,PIURA,ANNUAL,2003,1.47143180418
7_5859460_12868,PERENNIAL,low,1.0,PIURA,ANNUAL,2003,1.63280116694
7_5859460_12869,PERENNIAL,high,1.5,PIURA,PERENNIAL,2003,1.69002333456
7_5859465_035725,PERENNIAL,high,1.5,PIURA,PERENNIAL,2003,0.338891999033
7_5859465_038154,PERENNIAL,high,6.0,PIURA,PERENNIAL,2005,6.59779508825
7_5859465_038209,PERENNIAL,high,1.8,PIURA,PERENNIAL,2006,1.5250005607
7_5859465_038352,PERENNIAL,medium,11.0,PIURA,PERENNIAL,2006,7.87770229898
7_5859465_34453,PERENNIAL,high,0.5,PIURA,PERENNIAL,2001,0.551816206049
7_5859465_34457,PERENNIAL,high,1.75,PIURA,PERENNIAL,2001,2.01817219618
7_5859465_35721,PERENNIAL,high,20.5,PIURA,ANNUAL,2003,1.29609672215
7_5859465_35724,ANNUAL,medium,5.109999999999999,PIURA,PERENNIAL,2003,0.901506182352
7_5859465_36634,PERENNIAL,high,6.0,PIURA,ANNUAL,2004,6.42942152702
7_5859480_038162,ANNUAL,high,2.0,PIURA,ANNUAL,2005,2.49993994935
7_5859480_038338,ANNUAL,medium,0.2,PIURA,ANNUAL,2006,1.99996480426
7_5859480_30468,PERENNIAL,medium,5.5,PIURA,ANNUAL,2001,1.12101598081
7_5859480_36275,PERENNIAL,high,1.25,PIURA,PERENNIAL,2001,0.440323606566
7_5909430_043333,PERENNIAL,high,1.6,PIURA,ANNUAL,2006,1.29998855863
7_5909430_079421,PERENNIAL,medium,0.75,PIURA,PASTURE_FALLOW,2010,1.49252638964
7_5909430_41611,PERENNIAL,high,10.5,PIURA,PERENNIAL,2003,0.512466129864
7_5909430_55521,PERENNIAL,high,1.38,PIURA,PERENNIAL,2001,1.04030309885
7_5909430_56848,PERENNIAL,low,2.0,PIURA,PERENNIAL,2001,3.3959424037
7_5909430_88160,PERENNIAL,low,2.0700000000000003,PIURA,PERENNIAL,2001,1.10126162109
7_5909430_88713,PERENNIAL,low,2.5,PIURA,PERENNIAL,2000,3.23195843965
7_5909430_88714,PERENNIAL,high,3.0,PIURA,ANNUAL,2000,3.90957280602
7_5909430_88715,PERENNIAL,high,6.5,PIURA,ANNUAL,2000,4.15671927511
7_5909430_88717,PERENNIAL,low,5.0,PIURA,PERENNIAL,2000,3.64241172532
7_5909435_041941,ANNUAL,medium,1.01,PIURA,ANNUAL,2004,2.30011329335
7_5909435_041942,PERENNIAL,medium,2.0,PIURA,ANNUAL,2004,0.995058766105
7_5909435_043222,PERENNIAL,medium,1.0,PIURA,PERENNIAL,2005,2.75013963367
7_5909435_51313,PERENNIAL,medium,13.5,PIURA,PASTURE_FALLOW,2001,2.51674140335
7_5909435_52245,PERENNIAL,medium,1.8,PIURA,PERENNIAL,2001,4.85362001612
7_5909435_52246,PERENNIAL,high,3.5,PIURA,ANNUAL,2001,1.66900970914
7_5909435_55680,PERENNIAL,medium,2.2,PIURA,PERENNIAL,2003,1.01857289337
7_5909435_55814,PERENNIAL,medium,2.5,PIURA,ANNUAL,2001,2.61265410819
7_5909435_55820,PERENNIAL,medium,4.0,PIURA,ANNUAL,2001,5.32144087189
7_5909435_55860,PERENNIAL,high,0.75,PIURA,ANNUAL,2001,5.68309775412
7_5909435_55968,PERENNIAL,medium,6.5,PIURA,ANNUAL,2001,4.45308017437
7_5909435_55975,PERENNIAL,high,1.0,PIURA,PERENNIAL,2001,1.0505841986
7_5909435_86731,PERENNIAL,low,2.5,PIURA,PERENNIAL,1999,0.702989181799
7_5909435_86733,PERENNIAL,medium,0.5,PIURA,PERENNIAL,1999,0.188884092075
7_5909435_86736,PERENNIAL,low,1.2,PIURA,PERENNIAL,1999,1.47760426672
7_5909435_86738,PERENNIAL,medium,0.8,PIURA,PERENNIAL,1999,1.38643027444
7_5909435_87455,PERENNIAL,low,0.5,PIURA,ANNUAL,1999,0.547214715031
7_5909435_87459,PERENNIAL,high,6.8999999999999995,PIURA,PERENNIAL,1999,2.29976655043
7_5909435_87467,PERENNIAL,high,1.0,PIURA,PERENNIAL,1999,1.96887575512
7_5909435_87474,PERENNIAL,low,1.0,PIURA,PERENNIAL,1999,0.948054998289
7_5909435_87477,PERENNIAL,low,1.5,PIURA,PERENNIAL,1999,1.59493222252
7_5909435_87482,ANNUAL,high,8.0,PIURA,PERENNIAL,1999,7.00016590488
7_5909435_87489,PERENNIAL,high,4.0,PIURA,PERENNIAL,1999,0.748553526505
7_5909435_88053,PERENNIAL,high,1.0,PIURA,PERENNIAL,1999,0.224740394122
7_5909435_88054,PERENNIAL,high,2.0,PIURA,PERENNIAL,1999,0.605711548156
7_5909435_88066,PERENNIAL,high,2.0,PIURA,PERENNIAL,1999,0.84948260282
7_5909435_88068,PERENNIAL,high,2.0,PIURA,PERENNIAL,1999,0.442678728634
7_5909435_88069,PERENNIAL,high,2.5,PIURA,PERENNIAL,1999,0.287208712123
7_5909435_88070,PERENNIAL,high,8.0,PIURA,PERENNIAL,1999,7.986968679
7_5909435_88072,PERENNIAL,high,14.75,PIURA,PERENNIAL,1999,1.19291751307
7_5909435_88085,PERENNIAL,medium,0.5,PIURA,PERENNIAL,1999,1.20916296279
7_5909435_88091,PERENNIAL,medium,4.5,PIURA,PERENNIAL,1999,4.60406850551
7_5909435_88093,PERENNIAL,medium,1.0,PIURA,PERENNIAL,1999,0.639449412609
7_5909435_88097,PERENNIAL,medium,5.0,PIURA,PERENNIAL,1999,0.840317765943
7_5909435_88121,PERENNIAL,medium,9.0,PIURA,PERENNIAL,1999,2.76167429164
7_5909435_88125,PERENNIAL,high,0.75,PIURA,PERENNIAL,1999,0.971757958396
7_5909435_88126,PERENNIAL,high,0.5,PIURA,PERENNIAL,1999,1.36010336134
7_5909435_88127,PERENNIAL,high,2.2,PIURA,PERENNIAL,1999,1.59072816797
7_5909435_88135,PERENNIAL,high,2.0,PIURA,PERENNIAL,1999,1.09532821598
7_5909435_88139,PERENNIAL,high,2.0,PIURA,PERENNIAL,1999,2.25094350208
7_5909435_88147,PERENNIAL,medium,1.0,PIURA,PERENNIAL,2001,0.379580557629
7_5909435_88151,PERENNIAL,high,1.0,PIURA,PERENNIAL,1999,0.404219253164
7_5909435_88156,PERENNIAL,high,1.4,PIURA,PERENNIAL,1999,0.548666359089
7_5909435_88211,ANNUAL,high,0.25,PIURA,ANNUAL,1999,0.493396209141
7_5909435_88212,PERENNIAL,high,1.5,PIURA,PERENNIAL,1999,0.679583083027
7_5909435_88214,PERENNIAL,high,5.0,PIURA,ANNUAL,1999,2.49517905898
7_5909435_88215,PERENNIAL,low,0.95,PIURA,PERENNIAL,1999,1.41148454965
7_5909435_88227,ANNUAL,medium,3.36,PIURA,ANNUAL,1999,4.29894827736
7_5909435_88241,PERENNIAL,high,1.5,PIURA,PERENNIAL,1999,1.33613045839
7_5909435_88245,PERENNIAL,high,1.0,PIURA,PERENNIAL,1999,0.820657053402
7_5909435_88248,PERENNIAL,medium,1.0,PIURA,PERENNIAL,1999,0.444845267172
7_5909435_88430,PERENNIAL,high,0.85,PIURA,PERENNIAL,1999,1.159908693
7_5909435_88431,PERENNIAL,high,2.0,PIURA,PERENNIAL,1999,1.081558633
7_5909435_88433,PERENNIAL,low,3.0,PIURA,PERENNIAL,1999,2.32673650209
7_5909435_88434,PERENNIAL,low,1.2,PIURA,PERENNIAL,1999,1.35851847077
7_5909435_88444,PERENNIAL,high,1.0,PIURA,PERENNIAL,1999,1.14038604305
7_5909435_88447,PERENNIAL,medium,1.0,PIURA,PERENNIAL,2000,0.326186691739
7_5909435_88449,PERENNIAL,medium,2.25,PIURA,PERENNIAL,2000,0.289418972822
7_5909435_88513,PERENNIAL,high,0.4,PIURA,PERENNIAL,1999,0.337563619618
7_5909435_88520,PERENNIAL,low,1.8,PIURA,PERENNIAL,1999,1.14389515967
7_5909435_88529,PERENNIAL,medium,1.37,PIURA,PERENNIAL,1999,0.264608095522
7_5909435_88532,PERENNIAL,medium,3.0,PIURA,PERENNIAL,1999,0.373901353332
7_5909435_88603,PERENNIAL,high,1.5,PIURA,PERENNIAL,2000,0.458459903405
7_5909435_88604,PERENNIAL,medium,1.75,PIURA,PERENNIAL,2000,0.397308719519
7_5909435_88615,PERENNIAL,medium,3.5,PIURA,PERENNIAL,2000,0.210163932427
7_5909435_88616,PERENNIAL,high,0.85,PIURA,PERENNIAL,2000,0.216176449806
7_5909435_88617,PERENNIAL,medium,0.5,PIURA,PERENNIAL,2000,0.198568926136
7_5909435_88624,PERENNIAL,medium,1.5,PIURA,PERENNIAL,2000,0.359921925977
7_5909435_88625,PERENNIAL,low,1.0,PIURA,PERENNIAL,2000,0.763517872135
7_5909435_88630,PERENNIAL,medium,2.25,PIURA,PERENNIAL,2000,2.07530132329
7_5909435_88634,PERENNIAL,medium,1.5,PIURA,PERENNIAL,2000,0.142815182799
7_5909435_88639,PERENNIAL,medium,3.8,PIURA,PERENNIAL,2000,0.516087147515
7_5909435_88642,PERENNIAL,medium,5.5,PIURA,PERENNIAL,2000,0.179659817225
7_5909435_88647,PERENNIAL,low,1.0,PIURA,PERENNIAL,2000,0.309878398009
7_5909435_88648,PERENNIAL,low,3.0,PIURA,PERENNIAL,2000,0.391269018109
7_5909435_88732,PERENNIAL,low,0.9,PIURA,PERENNIAL,2000,0.315890652274
7_5909435_88737,PERENNIAL,low,3.0,PIURA,PERENNIAL,2000,0.454670321805
7_5909435_88738,PERENNIAL,high,0.38,PIURA,PERENNIAL,2000,0.386234635111
7_5909435_88763,PERENNIAL,medium,3.0,PIURA,PERENNIAL,2000,0.161132363603
7_5909435_88764,PERENNIAL,high,4.5,PIURA,PERENNIAL,2000,0.305819264823
7_5909435_88765,PERENNIAL,high,1.2,PIURA,PERENNIAL,2000,0.951165795716
7_5909435_88767,PERENNIAL,high,1.25,PIURA,ANNUAL,2000,1.02951101373
7_5909435_88773,PERENNIAL,high,1.0,PIURA,PERENNIAL,2000,0.521441626018
7_5909435_88777,PERENNIAL,high,1.5,PIURA,PERENNIAL,2000,0.880093534527
7_5909435_88778,PERENNIAL,low,1.75,PIURA,PERENNIAL,2000,1.7247342968
7_5909435_88787,PERENNIAL,high,4.75,PIURA,PERENNIAL,2000,0.823290146654
7_5909435_88792,PERENNIAL,high,2.0,PIURA,PERENNIAL,2000,0.890023198585
7_5909435_88795,PERENNIAL,high,1.5,PIURA,PERENNIAL,2000,0.650995966611
7_5909435_88798,PERENNIAL,medium,1.25,PIURA,PERENNIAL,2000,1.04015078895
7_5909435_88799,ANNUAL,low,0.10629999999999999,PIURA,PERENNIAL,2000,0.546712509855
7_5909435_88805,PERENNIAL,low,1.0,PIURA,PERENNIAL,2000,13.5324913535
7_5909435_88806,PERENNIAL,medium,17.0,PIURA,PERENNIAL,2000,5.86880922213
7_5909435_88807,PERENNIAL,medium,2.8,PIURA,PERENNIAL,2000,2.20066616079
7_5909435_88822,PERENNIAL,high,0.55,PIURA,PERENNIAL,2000,0.169947180297
7_5909435_88828,PERENNIAL,high,1.5,PIURA,PERENNIAL,2000,0.123085955836
7_5909435_88831,PERENNIAL,high,1.0,PIURA,ANNUAL,2000,0.173168919322
7_5909435_88834,PERENNIAL,medium,3.75,PIURA,ANNUAL,2000,0.188131616995
7_5909435_88837,ANNUAL,high,8.0,PIURA,ANNUAL,2000,2.63299054027
7_5909435_88841,PERENNIAL,medium,1.75,PIURA,PERENNIAL,2000,1.81542477551
7_5909435_88842,PERENNIAL,high,3.0,PIURA,PERENNIAL,2000,1.57235970139
7_5909435_88846,PERENNIAL,medium,1.0,PIURA,PERENNIAL,2000,1.2586292122
7_5909435_88850,PERENNIAL,medium,1.25,PIURA,PERENNIAL,2000,0.549128238828
7_5909435_88860,PERENNIAL,high,0.5,PIURA,PERENNIAL,2000,0.942478674262
7_5909435_88861,PERENNIAL,low,0.5,PIURA,PERENNIAL,2000,1.2989423808
7_5909435_88864,PERENNIAL,high,0.25,PIURA,ANNUAL,2000,1.12350574011
7_5909435_88871,PERENNIAL,medium,4.0,PIURA,PERENNIAL,2000,4.64282106446
7_5909435_88873,PERENNIAL,high,0.5,PIURA,PERENNIAL,2000,0.285317963367
7_5909435_88890,PERENNIAL,high,1.5,PIURA,PERENNIAL,2000,2.74561424575
7_5909435_88897,ANNUAL,high,1.6,PIURA,PERENNIAL,2000,0.743090271468
7_5909435_88898,PERENNIAL,high,3.25,PIURA,ANNUAL,2000,1.20433804528
7_5909435_88899,PERENNIAL,medium,0.5,PIURA,PASTURE_FALLOW,2000,0.463643381913
7_5909435_88900,PERENNIAL,high,1.5,PIURA,ANNUAL,2000,0.823726584947
7_5909435_88911,PERENNIAL,medium,0.5,PIURA,PERENNIAL,2000,0.352671045903
7_5909435_88912,PERENNIAL,medium,2.0,PIURA,PERENNIAL,2000,0.507492096219
7_5909435_88913,PERENNIAL,medium,0.25,PIURA,PERENNIAL,2000,0.427991696938
7_5909435_88914,PERENNIAL,high,1.0,PIURA,PERENNIAL,2000,0.180802370003
7_5909435_88915,PERENNIAL,high,0.25,PIURA,PERENNIAL,2000,0.249215065797
7_5909435_88917,PERENNIAL,high,0.5,PIURA,ANNUAL,2000,0.438718984013
7_5909440_079363,PERENNIAL,medium,9.0,PIURA,PERENNIAL,2009,1.11507597253
7_5909440_079368,PERENNIAL,medium,0.5,PIURA,PERENNIAL,2009,0.0990268697982
7_5909440_079369,PERENNIAL,medium,2.0,PIURA,ANNUAL,2009,0.980541293456
7_5909440_51250,PERENNIAL,high,6.0,PIURA,PERENNIAL,2001,7.27931552836
7_5909440_51253,PERENNIAL,medium,1.0,PIURA,ANNUAL,2001,1.36029903962
7_5909440_51257,PERENNIAL,medium,1.0,PIURA,PERENNIAL,1998,3.87420670199
7_5909440_51259,PERENNIAL,medium,0.75,PIURA,ANNUAL,2001,1.18745335666
7_5909440_51266,PERENNIAL,high,1.0,PIURA,PERENNIAL,2001,1.20751402826
7_5909440_51267,PERENNIAL,high,4.75,PIURA,PERENNIAL,2001,2.21735582053
7_5909440_51268,PERENNIAL,high,1.0,PIURA,PERENNIAL,2001,8.13103404793
7_5909440_51269,PERENNIAL,high,4.5,PIURA,PERENNIAL,2001,2.61985060597
7_5909440_51274,PERENNIAL,high,22.0,PIURA,PERENNIAL,2001,4.5944959434
7_5909440_51277,PERENNIAL,high,2.25,PIURA,ANNUAL,2001,0.789712898112
7_5909440_51278,PERENNIAL,high,1.0,PIURA,PERENNIAL,2001,0.893050375422
7_5909440_51279,PERENNIAL,high,8.1,PIURA,ANNUAL,2001,7.84918429695
7_5909440_51281,PERENNIAL,high,1.25,PIURA,ANNUAL,2001,2.15184397941
7_5909440_51283,PERENNIAL,high,2.5,PIURA,PERENNIAL,2001,0.909360747208
7_5909440_51288,PERENNIAL,medium,8.0,PIURA,PERENNIAL,2001,7.29315799881
7_5909440_51295,PERENNIAL,high,1.5,PIURA,PERENNIAL,2001,5.60995451395
7_5909440_51296,PERENNIAL,medium,6.69,PIURA,PERENNIAL,2001,1.44130339367
7_5909440_51298,PERENNIAL,medium,1.75,PIURA,PERENNIAL,2001,2.75270065769
7_5909440_51317,PERENNIAL,high,5.0,PIURA,ANNUAL,2001,10.3010233316
7_5909440_51319,PERENNIAL,medium,9.0,PIURA,PERENNIAL,2001,1.96153676053
7_5909440_51324,PERENNIAL,high,2.0,PIURA,PERENNIAL,2001,4.418080501
7_5909440_51326,PERENNIAL,high,10.68,PIURA,PERENNIAL,2001,1.65951014577
7_5909440_51331,PERENNIAL,high,1.0,PIURA,PERENNIAL,2001,6.35309269948
7_5909440_51336,PERENNIAL,high,4.5,PIURA,PERENNIAL,2001,4.86211542123
7_5909440_51394,PERENNIAL,high,1.0,PIURA,PERENNIAL,2001,2.02681396028
7_5909440_87566,PERENNIAL,high,0.5,PIURA,PERENNIAL,1999,0.681704542071
7_5909445_079360,PERENNIAL,low,33.0,PIURA,PERENNIAL,2008,0.239773787223
7_5909445_24262,PERENNIAL,high,2.0,PIURA,PERENNIAL,1999,0.895838742253
7_5909445_24263,PERENNIAL,medium,3.25,PIURA,PERENNIAL,1999,0.61194237789
7_5909445_24267,PERENNIAL,high,1.0,PIURA,PERENNIAL,1999,0.818622451392
7_5909445_24269,PERENNIAL,medium,1.25,PIURA,ANNUAL,1999,0.531114992784
7_5909445_24270,PERENNIAL,high,3.0,PIURA,PERENNIAL,1999,0.699284988149
7_5909445_24271,PERENNIAL,high,3.5,PIURA,PERENNIAL,1999,0.454255032605
7_5909445_24272,PERENNIAL,high,2.0,PIURA,ANNUAL,1999,0.630814785905
7_5909445_24273,PERENNIAL,high,0.75,PIURA,ANNUAL,1999,2.41527067775
7_5909445_24274,PERENNIAL,high,3.0,PIURA,ANNUAL,1999,0.251831921613
7_5909445_24276,PERENNIAL,medium,3.25,PIURA,ANNUAL,1999,0.866888460007
7_5909445_24277,PERENNIAL,high,2.1,PIURA,ANNUAL,1999,3.85596486764
7_5909445_24280,PERENNIAL,high,1.5,PIURA,ANNUAL,1999,2.53706785509
7_5909445_24281,PERENNIAL,high,2.75,PIURA,ANNUAL,1999,1.29854632693
7_5909445_24283,PERENNIAL,high,8.0,PIURA,ANNUAL,1999,1.63565592043
7_5909445_24289,PERENNIAL,medium,2.0,PIURA,ANNUAL,1999,4.640951493
7_5909445_24290,PERENNIAL,medium,2.5,PIURA,ANNUAL,1999,2.4094330807
7_5909475_31002,ANNUAL,high,1.5,PIURA,ANNUAL,1999,0.817830590498
7_5909475_31003,ANNUAL,high,1.0,PIURA,ANNUAL,1999,1.67138017668
7_5909475_31005,PERENNIAL,high,1.0,PIURA,PERENNIAL,1999,0.854527227798
7_5909475_31006,ANNUAL,low,0.5,PIURA,ANNUAL,1999,0.329106194642
7_5909475_31007,ANNUAL,high,1.18,PIURA,ANNUAL,1999,2.06217114232
7_5909475_31008,ANNUAL,high,0.9299999999999999,PIURA,ANNUAL,1999,0.357900065756
7_5909475_31010,ANNUAL,high,0.48,PIURA,ANNUAL,1999,0.179449601103
7_5909475_31011,PERENNIAL,high,1.67,PIURA,ANNUAL,1999,0.64923930455
7_5909475_31020,ANNUAL,high,0.25,PIURA,ANNUAL,1999,0.484995445806
7_5909475_31022,PERENNIAL,low,1.0,PIURA,ANNUAL,1999,0.792491829229
7_5909475_31024,ANNUAL,high,2.0,PIURA,ANNUAL,1999,1.1541407602
7_5909475_31033,PERENNIAL,high,1.5,PIURA,PASTURE_FALLOW,1999,1.0222155684
7_5909475_31034,PERENNIAL,low,0.8200000000000001,PIURA,ANNUAL,1999,1.19986908993
7_5909475_31038,PERENNIAL,medium,3.6799999999999997,PIURA,ANNUAL,1999,0.118201965902
7_5909475_31039,PERENNIAL,low,0.81,PIURA,ANNUAL,1999,4.3007535879
7_5909475_31040,PERENNIAL,high,4.5,PIURA,ANNUAL,1999,0.187075437073
7_5909475_31042,ANNUAL,high,2.0,PIURA,ANNUAL,1999,5.03729063508
7_5909475_31050,ANNUAL,medium,0.75,PIURA,ANNUAL,1999,1.21597581092
7_5909475_31112,ANNUAL,high,3.0,PIURA,ANNUAL,1999,0.653512877521
7_5909475_31116,PERENNIAL,low,1.33,PIURA,ANNUAL,1999,0.215208873758
7_5909475_31119,PERENNIAL,medium,1.5,PIURA,ANNUAL,1999,1.67906657145
7_5909475_31121,ANNUAL,medium,14.0,PIURA,ANNUAL,1999,1.03524977819
7_5909475_31126,ANNUAL,high,1.5,PIURA,ANNUAL,1999,0.208382067082
7_5909475_31128,ANNUAL,high,2.0,PIURA,ANNUAL,1999,2.18168502556
7_5909475_31130,ANNUAL,high,2.25,PIURA,ANNUAL,1999,1.1163745658
7_5909475_31132,ANNUAL,high,2.75,PIURA,ANNUAL,1999,4.45386538997
7_5909475_31133,PERENNIAL,medium,2.5,PIURA,ANNUAL,1999,0.830878926464
7_5909475_31136,ANNUAL,medium,10.5,PIURA,ANNUAL,1999,0.41347154101
7_5909475_31139,ANNUAL,high,1.75,PIURA,ANNUAL,1999,0.848851087395
7_5909475_31140,ANNUAL,high,7.0,PIURA,ANNUAL,1999,2.39694514091
7_5909475_31141,PERENNIAL,low,4.88,PIURA,ANNUAL,1999,1.94980141475
7_5909475_31142,PERENNIAL,medium,9.0,PIURA,ANNUAL,1999,1.69921345675
7_5909475_31143,PERENNIAL,high,2.1,PIURA,ANNUAL,1999,0.427853514121
7_5909475_31145,ANNUAL,high,0.37,PIURA,ANNUAL,1999,0.155448196868
7_5909475_31148,ANNUAL,medium,1.0,PIURA,ANNUAL,1999,0.603717557907
7_5909475_31150,PERENNIAL,medium,1.62,PIURA,ANNUAL,1999,1.60346243894
7_5909475_31152,PERENNIAL,high,2.13,PIURA,ANNUAL,1999,1.0920711337
7_5909475_31155,ANNUAL,high,1.49,PIURA,ANNUAL,1999,1.82567980246
7_5909475_31157,ANNUAL,high,2.0,PIURA,ANNUAL,1999,3.42096307741
7_5909475_31158,ANNUAL,medium,1.0,PIURA,ANNUAL,1999,0.77687540935
7_5909475_31159,ANNUAL,low,1.0,PIURA,ANNUAL,1999,0.665645190793
7_5909475_31160,ANNUAL,high,2.38,PIURA,ANNUAL,1999,0.305284393947
7_5909475_31161,PERENNIAL,medium,0.44,PIURA,ANNUAL,1999,3.68086355073
7_5909475_31167,ANNUAL,medium,1.0,PIURA,ANNUAL,1999,0.601019474
7_5909475_31171,PERENNIAL,medium,2.0,PIURA,ANNUAL,1999,1.91251489964
7_5909475_31172,ANNUAL,high,1.0,PIURA,ANNUAL,1999,1.56483762138
7_5909475_31174,PERENNIAL,high,2.81,PIURA,ANNUAL,1999,4.13373221646
7_5909475_31178,PERENNIAL,medium,0.98,PIURA,ANNUAL,1999,0.354817682214
7_5909475_31179,PERENNIAL,high,7.0,PIURA,ANNUAL,1999,0.247507780515
7_5909475_31181,ANNUAL,medium,1.72,PIURA,ANNUAL,1999,0.509264498477
7_5909475_31388,ANNUAL,medium,1.0,PIURA,ANNUAL,1999,1.10767061514
7_5909475_31395,ANNUAL,medium,0.5,PIURA,ANNUAL,1999,0.787370313315
7_5909475_32304,ANNUAL,high,1.0,PIURA,ANNUAL,1999,0.289562558164
7_5909475_32305,PERENNIAL,medium,2.25,PIURA,ANNUAL,1999,0.120849177136
7_5909475_32310,ANNUAL,high,0.31,PIURA,ANNUAL,1999,0.367257885611
7_5909480_32314,ANNUAL,high,0.12,PIURA,ANNUAL,1999,0.187099238124
7_5909480_32547,ANNUAL,high,0.39,PIURA,ANNUAL,1999,0.359639820654
7_5909480_32549,ANNUAL,medium,0.27,PIURA,ANNUAL,1999,0.430825254702
7_5909480_32557,ANNUAL,medium,0.5,PIURA,ANNUAL,1999,0.220373402647
7_5909480_32571,ANNUAL,medium,2.68,PIURA,ANNUAL,1999,0.23651146358
7_5909480_32572,PERENNIAL,low,21.97,PIURA,ANNUAL,1999,0.320317235083
7_5909480_32575,ANNUAL,medium,0.44,PIURA,ANNUAL,1999,0.258322611496
7_5909480_32577,ANNUAL,low,1.04,PIURA,ANNUAL,1999,0.188336134495
7_5909480_32598,ANNUAL,high,0.3,PIURA,ANNUAL,1999,0.381762223188
7_5909480_32804,ANNUAL,medium,2.4699999999999998,PIURA,ANNUAL,1999,0.366350881548
7_5909480_32805,ANNUAL,high,0.44,PIURA,PASTURE_FALLOW,1999,0.182113830153
7_5909480_32813,PERENNIAL,medium,1.23,PIURA,ANNUAL,1999,0.777189395589
7_5909480_32816,ANNUAL,low,0.29,PIURA,ANNUAL,1999,0.681185981343
7_5959425_58103,PERENNIAL,medium,4.0,PIURA,PERENNIAL,2001,0.640795008485
7_5959425_58162,PERENNIAL,low,5.25,PIURA,ANNUAL,2001,1.35964275118
7_5959430_041918,PERENNIAL,high,2.75,PIURA,ANNUAL,2005,1.69684407102
7_5959430_54704,PERENNIAL,high,5.0,PIURA,PERENNIAL,2001,1.07559886021
7_5959430_54742,PERENNIAL,high,1.25,PIURA,PERENNIAL,2001,1.04021021912
7_5959430_54910,PERENNIAL,high,2.0,PIURA,PERENNIAL,2001,0.559292793931
7_5959430_54932,PERENNIAL,low,1.5,PIURA,PERENNIAL,2001,0.64280799849
7_5959430_54942,PERENNIAL,high,2.0,PIURA,PERENNIAL,2001,6.42174783778
7_5959430_54974,PERENNIAL,high,2.1,PIURA,ANNUAL,2002,1.25124839429
7_5959430_66926,PERENNIAL,medium,3.3,PIURA,ANNUAL,2001,2.48294705702
7_5959430_66943,PERENNIAL,medium,0.75,PIURA,PERENNIAL,2001,0.538345961667
7_5959430_86770,PERENNIAL,high,1.25,PIURA,PERENNIAL,1999,0.860957071516
7_5959430_86775,PERENNIAL,high,1.45,PIURA,ANNUAL,1999,0.751713695091
7_5959430_86776,PERENNIAL,high,0.5,PIURA,ANNUAL,1999,1.03505547854
7_5959430_86777,PERENNIAL,high,0.5,PIURA,ANNUAL,1999,0.26445896521
7_5959430_86778,PERENNIAL,low,0.5,PIURA,ANNUAL,1999,0.807372322898
7_5959430_86779,PERENNIAL,high,0.5,PIURA,PERENNIAL,1999,0.797606391284
7_5959430_87501,PERENNIAL,high,0.5,PIURA,PERENNIAL,1999,1.0809545111
7_5959430_87506,PERENNIAL,medium,1.02,PIURA,PERENNIAL,1999,0.617987736316
7_5959430_87512,PERENNIAL,medium,2.26,PIURA,PERENNIAL,1999,2.26617703964
7_5959430_87521,PERENNIAL,medium,3.2,PIURA,PERENNIAL,1999,1.91181409895
7_5959430_87532,PERENNIAL,medium,4.88,PIURA,PERENNIAL,1999,0.661735427115
7_5959430_87535,PERENNIAL,high,1.25,PIURA,PERENNIAL,1999,0.247015678648
7_5959430_87537,PERENNIAL,medium,1.7,PIURA,PERENNIAL,1999,0.306890989375
7_5959430_87539,PERENNIAL,high,0.5,PIURA,PERENNIAL,1999,0.293651935802
7_5959430_87662,PERENNIAL,high,0.75,PIURA,ANNUAL,1999,1.34120932086
7_5959430_87671,PERENNIAL,medium,1.0,PIURA,PASTURE_FALLOW,1999,1.06376693009
7_5959430_87674,PERENNIAL,medium,4.5,PIURA,PERENNIAL,1999,3.51401847349
7_5959430_87675,ANNUAL,high,0.5,PIURA,ANNUAL,1999,0.992676575487
7_5959430_87677,PERENNIAL,medium,1.25,PIURA,ANNUAL,1999,0.681692169843
7_5959430_87679,ANNUAL,high,1.5,PIURA,ANNUAL,1999,0.748791382939
7_5959430_87680,ANNUAL,high,1.0,PIURA,ANNUAL,1999,0.823396571879
7_5959430_87681,PERENNIAL,medium,0.25,PIURA,ANNUAL,1999,0.917707953443
7_5959430_87682,PERENNIAL,high,1.75,PIURA,ANNUAL,1999,0.904924042471
7_5959430_87683,PERENNIAL,high,1.25,PIURA,PASTURE_FALLOW,1999,0.306973326014
7_5959430_87693,PERENNIAL,medium,2.0,PIURA,PERENNIAL,1999,0.555817898399
7_5959430_87701,PERENNIAL,medium,1.0,PIURA,PERENNIAL,1999,1.30176824702
7_5959430_87722,PERENNIAL,medium,2.5,PIURA,PERENNIAL,1999,0.399178256146
7_5959430_87725,PERENNIAL,medium,10.0,PIURA,PERENNIAL,1999,1.15839565279
7_5959430_87735,PERENNIAL,low,2.5,PIURA,PASTURE_FALLOW,1999,3.48719519998
7_5959430_87739,ANNUAL,medium,0.5,PIURA,ANNUAL,1999,2.07220193652
7_5959430_87748,PERENNIAL,medium,1.5,PIURA,ANNUAL,1999,0.551595301672
7_5959430_87749,PERENNIAL,medium,0.75,PIURA,ANNUAL,1999,1.14601394248
7_5959430_87755,ANNUAL,medium,1.75,PIURA,ANNUAL,1999,2.40955897482
7_5959430_87760,ANNUAL,high,15.2,PIURA,ANNUAL,1999,3.47096591008
7_5959430_87770,ANNUAL,high,1.0,PIURA,ANNUAL,1999,1.89791100146
7_5959430_87771,PERENNIAL,high,2.0,PIURA,PASTURE_FALLOW,1999,1.9814895463
7_5959430_87776,PERENNIAL,high,3.5,PIURA,PASTURE_FALLOW,1999,1.24276853029
7_5959430_87782,ANNUAL,high,1.0,PIURA,PASTURE_FALLOW,1999,0.927729616035
7_5959430_87791,PERENNIAL,high,0.5,PIURA,ANNUAL,1999,0.879560146227
7_5959430_87793,PERENNIAL,high,1.5,PIURA,PASTURE_FALLOW,1999,3.65930059597
7_5959430_87795,ANNUAL,low,0.44999999999999996,PIURA,PASTURE_FALLOW,1999,1.97775739005
7_5959430_87796,ANNUAL,high,0.5,PIURA,PASTURE_FALLOW,1999,3.20718488968
7_5959430_87797,PERENNIAL,medium,0.75,PIURA,ANNUAL,1999,4.00513538759
7_5959430_87799,ANNUAL,high,1.0,PIURA,ANNUAL,1999,3.43740883775
7_5959430_87804,PERENNIAL,high,1.0,PIURA,PASTURE_FALLOW,1999,2.85817913625
7_5959430_87845,ANNUAL,high,1.0,PIURA,PASTURE_FALLOW,1999,0.602352493643
7_5959430_87846,ANNUAL,medium,0.5,PIURA,ANNUAL,1999,3.81753407945
7_5959430_88250,PERENNIAL,low,6.0,PIURA,PERENNIAL,1999,3.78251793732
7_5959430_88262,PERENNIAL,medium,3.0,PIURA,PERENNIAL,1999,0.869198923514
7_5959430_88275,PERENNIAL,medium,1.0,PIURA,PERENNIAL,1999,0.351055755709
7_5959435_043218,PERENNIAL,high,0.6000000000000001,PIURA,PERENNIAL,2005,1.11696212771
7_5959435_41722,PERENNIAL,high,2.0,PIURA,PERENNIAL,2003,0.142115466831
7_5959435_51645,PERENNIAL,medium,2.0,PIURA,ANNUAL,2001,0.179471064903
7_5959435_52113,PERENNIAL,medium,1.0,PIURA,ANNUAL,2001,1.35877934135
7_5959435_52134,PERENNIAL,high,0.7,PIURA,PERENNIAL,2001,0.399861243875
7_5959435_52194,PERENNIAL,high,1.0,PIURA,PERENNIAL,2001,6.49796440254
7_5959435_52238,PERENNIAL,high,1.25,PIURA,PERENNIAL,2001,1.59090564685
7_5959435_52240,PERENNIAL,high,4.4,PIURA,PERENNIAL,2001,4.00000942109
7_5959435_52243,PERENNIAL,high,0.2,PIURA,PERENNIAL,2001,3.86498926027
7_5959435_52247,PERENNIAL,high,1.0,PIURA,ANNUAL,2001,3.30243739536
7_5959435_52248,PERENNIAL,medium,10.0,PIURA,ANNUAL,2001,1.57734025921
7_5959435_52250,PERENNIAL,high,2.0,PIURA,ANNUAL,2001,5.27702450911
7_5959435_52251,PERENNIAL,high,1.0,PIURA,ANNUAL,2001,1.69155564749
7_5959435_52252,PERENNIAL,high,8.5,PIURA,ANNUAL,2001,2.59293834961
7_5959435_52258,PERENNIAL,high,7.5,PIURA,PERENNIAL,2001,8.48393403046
7_5959435_52259,PERENNIAL,high,0.5,PIURA,ANNUAL,2001,1.47272015361
7_5959435_52263,PERENNIAL,high,1.0,PIURA,ANNUAL,2001,0.52900426449
7_5959435_54774,ANNUAL,high,0.5,PIURA,PERENNIAL,2001,0.39628562555
7_5959435_54778,PERENNIAL,low,2.0,PIURA,PERENNIAL,2001,0.252909708455
7_5959435_54781,PERENNIAL,high,5.85,PIURA,PERENNIAL,2001,0.743693549704
7_5959435_54786,PERENNIAL,low,2.5,PIURA,PERENNIAL,2001,2.45387391914
7_5959435_54790,PERENNIAL,low,1.0,PIURA,PERENNIAL,2001,1.95774261008
7_5959435_54793,PERENNIAL,low,2.0,PIURA,PERENNIAL,2001,0.767495471068
7_5959435_54795,PERENNIAL,medium,2.4,PIURA,PERENNIAL,2001,0.556195130564
7_5959435_54815,PERENNIAL,low,15.58,PIURA,PERENNIAL,2001,2.04705213668
7_5959435_54817,PERENNIAL,high,0.85,PIURA,PERENNIAL,2001,1.38623365881
7_5959435_54818,PERENNIAL,high,1.45,PIURA,PASTURE_FALLOW,2001,2.87328350346
7_5959435_54819,PERENNIAL,low,1.1,PIURA,PERENNIAL,2001,1.12995565706
7_5959435_54822,PERENNIAL,high,1.5,PIURA,PERENNIAL,2001,1.09853713975
7_5959435_54824,PERENNIAL,high,2.0,PIURA,PERENNIAL,2001,0.981332651091
7_5959435_54825,ANNUAL,low,1.0,PIURA,PERENNIAL,2001,1.96533290113
7_5959435_54862,PERENNIAL,high,0.5,PIURA,PERENNIAL,2001,1.52390305466
7_5959435_54863,PERENNIAL,high,1.35,PIURA,PERENNIAL,2001,1.06858853428
7_5959435_54864,PERENNIAL,low,5.75,PIURA,PERENNIAL,2001,1.20080196306
7_5959435_54865,ANNUAL,high,0.5,PIURA,PERENNIAL,2001,0.891048445398
7_5959435_54873,PERENNIAL,medium,1.12,PIURA,PERENNIAL,2001,5.55353936232
7_5959435_54874,PERENNIAL,high,0.25,PIURA,ANNUAL,2001,1.08700990074
7_5959435_54879,PERENNIAL,high,2.5,PIURA,PERENNIAL,2001,3.16107138448
7_5959435_54884,PERENNIAL,low,4.25,PIURA,PERENNIAL,2001,2.20126745659
7_5959435_54887,PERENNIAL,low,1.1,PIURA,PASTURE_FALLOW,2001,1.81565871237
7_5959435_54888,PERENNIAL,high,4.5,PIURA,PERENNIAL,2001,1.20291951192
7_5959435_54890,PERENNIAL,low,1.75,PIURA,PERENNIAL,2001,2.62349084392
7_5959435_54896,PERENNIAL,low,1.0,PIURA,PERENNIAL,2001,1.33517579264
7_5959435_54902,PERENNIAL,low,2.0,PIURA,PASTURE_FALLOW,2001,1.80108865637
7_5959435_54904,PERENNIAL,high,2.0,PIURA,PERENNIAL,2003,2.83294388261
7_5959435_54919,PERENNIAL,high,0.1,PIURA,PERENNIAL,2001,0.62463453452
7_5959435_54928,PERENNIAL,high,1.0,PIURA,PERENNIAL,2001,1.59713374854
7_5959435_54946,PERENNIAL,medium,7.2,PIURA,PERENNIAL,2001,1.68249678312
7_5959435_55032,PERENNIAL,high,8.5,PIURA,PERENNIAL,2001,0.42733056069
7_5959435_55097,PERENNIAL,low,1.4,PIURA,PERENNIAL,2001,1.34474956722
7_5959435_55100,PERENNIAL,high,1.0,PIURA,PERENNIAL,2001,0.96534981708
7_5959435_55132,PERENNIAL,low,1.25,PIURA,PERENNIAL,2001,1.20056065933
7_5959435_55341,PERENNIAL,low,2.5,PIURA,PERENNIAL,2003,1.47327677203
7_5959435_55350,PERENNIAL,medium,9.0,PIURA,PERENNIAL,2001,0.624066132976
7_5959435_66771,PERENNIAL,medium,7.05,PIURA,PASTURE_FALLOW,2001,1.42648779813
7_5959435_66776,PERENNIAL,low,0.5,PIURA,PERENNIAL,2001,1.77423421566
7_5959435_66906,PERENNIAL,high,1.55,PIURA,PASTURE_FALLOW,2001,1.11904343915
7_5959435_67264,PERENNIAL,high,0.25,PIURA,PASTURE_FALLOW,2001,0.655424658701
7_5959440_51478,PERENNIAL,low,1.0,PIURA,ANNUAL,2003,1.86350672624
7_5959440_51804,PERENNIAL,high,1.0,PIURA,PERENNIAL,2001,0.944799324926
7_5959440_51805,PERENNIAL,high,7.8,PIURA,ANNUAL,2001,4.18318543781
7_5959440_51806,PERENNIAL,high,1.25,PIURA,PERENNIAL,2001,0.413701850811
7_5959440_51811,PERENNIAL,high,0.75,PIURA,ANNUAL,2001,4.31465620447
7_5959440_51812,PERENNIAL,high,5.0,PIURA,PERENNIAL,2001,1.29297936773
7_5959440_51822,PERENNIAL,high,2.0,PIURA,ANNUAL,2001,0.951153830939
7_5959440_51826,PERENNIAL,high,1.0,PIURA,PERENNIAL,2001,5.02896824548
7_5959440_51827,PERENNIAL,high,1.0,PIURA,ANNUAL,2001,4.08512958403
7_5959440_51831,PERENNIAL,low,2.0,PIURA,PERENNIAL,2001,1.1929762466
7_5959440_51832,PERENNIAL,low,5.75,PIURA,ANNUAL,2001,1.75359213359
7_5959440_51836,ANNUAL,medium,0.7,PIURA,ANNUAL,2001,2.93532136178
7_5959440_51837,PERENNIAL,high,2.5,PIURA,PERENNIAL,2001,0.634675692634
7_5959440_51845,PERENNIAL,low,1.25,PIURA,PERENNIAL,2001,0.718530887651
7_5959440_51940,PERENNIAL,medium,5.5,PIURA,PERENNIAL,2001,1.39166205483
7_5959440_51945,PERENNIAL,high,3.38,PIURA,PERENNIAL,2001,3.62760371337
7_5959440_51946,PERENNIAL,medium,3.0,PIURA,PERENNIAL,2001,3.9467548015
7_5959440_52203,PERENNIAL,high,0.25,PIURA,PERENNIAL,2001,4.26090895161
7_5959440_52231,PERENNIAL,medium,1.0,PIURA,PERENNIAL,2001,4.35741522135
7_5959440_52232,ANNUAL,high,2.5,PIURA,ANNUAL,2001,0.821844351896
7_5959440_78210,ANNUAL,medium,2.0,PIURA,ANNUAL,1998,0.926012211892
7_5959475_31226,ANNUAL,medium,3.0,PIURA,ANNUAL,1999,0.129415407274
7_5959475_31246,ANNUAL,medium,0.5,PIURA,ANNUAL,1999,0.290677034245
7_5959475_31261,ANNUAL,low,0.36,PIURA,ANNUAL,1999,0.23685137288
7_5959475_31264,ANNUAL,medium,0.06,PIURA,ANNUAL,1999,0.5619958234
7_5959475_31266,ANNUAL,medium,1.75,PIURA,ANNUAL,1999,2.22335244347
7_5959475_31295,ANNUAL,medium,0.25,PIURA,ANNUAL,1999,0.68821687302
7_5959475_31302,ANNUAL,high,1.0,PIURA,ANNUAL,1999,0.190467624105
7_5959475_31313,ANNUAL,high,1.08,PIURA,ANNUAL,1999,1.15434906925
7_5959475_31317,ANNUAL,medium,0.06,PIURA,ANNUAL,1999,0.230886924614
7_5959475_31322,PERENNIAL,medium,0.43,PIURA,ANNUAL,1999,0.383490502219
7_5959475_31324,ANNUAL,high,1.1400000000000001,PIURA,ANNUAL,1999,0.48311999227
7_5959475_31325,ANNUAL,high,2.08,PIURA,ANNUAL,1999,0.424402835762
7_5959475_31330,ANNUAL,high,0.75,PIURA,ANNUAL,1999,0.495732191916
7_5959475_31333,PERENNIAL,medium,2.09,PIURA,ANNUAL,1999,0.246652535829
7_5959475_31334,PERENNIAL,medium,2.76,PIURA,ANNUAL,1999,2.14316117022
7_5959475_31339,ANNUAL,medium,1.5,PIURA,ANNUAL,1999,0.347913851487
7_5959475_31341,PERENNIAL,medium,5.65,PIURA,ANNUAL,1999,0.710210560503
7_5959475_31342,PERENNIAL,medium,1.5,PIURA,ANNUAL,1999,0.639826078358
7_5959475_31348,PERENNIAL,high,2.25,PIURA,ANNUAL,1999,0.893133175559
7_5959475_31353,ANNUAL,low,0.24,PIURA,ANNUAL,1999,0.660183880833
7_5959475_31358,ANNUAL,medium,0.5,PIURA,ANNUAL,1999,1.31703951534
7_5959475_31361,ANNUAL,medium,1.1099999999999999,PIURA,ANNUAL,1999,0.943611939239
7_5959475_31366,ANNUAL,medium,1.87,PIURA,ANNUAL,1999,1.49217655441
7_5959475_31367,PERENNIAL,high,1.75,PIURA,ANNUAL,1999,2.08552996234
7_5959475_31368,PERENNIAL,medium,3.0,PIURA,ANNUAL,1999,0.6783158567
7_5959475_31372,ANNUAL,medium,0.75,PIURA,ANNUAL,1999,1.86558355639
7_5959475_31373,ANNUAL,high,1.25,PIURA,ANNUAL,1999,0.437935008152
7_5959475_31375,ANNUAL,high,0.18,PIURA,ANNUAL,1999,0.202913294102
7_5959475_31376,ANNUAL,high,0.31,PIURA,ANNUAL,1999,0.613600416709
7_5959475_31377,ANNUAL,medium,1.0,PIURA,ANNUAL,1999,0.199107495951
7_5959475_31390,ANNUAL,high,6.0,PIURA,ANNUAL,1999,1.09668339133
7_5959475_31391,PERENNIAL,medium,2.24,PIURA,ANNUAL,1999,0.59037859885
7_5959475_31512,PERENNIAL,medium,5.0,PIURA,ANNUAL,1999,1.6112619438
7_5959475_31514,ANNUAL,high,3.5,PIURA,ANNUAL,1999,1.42786755631
7_5959475_31515,ANNUAL,high,0.5700000000000001,PIURA,ANNUAL,1999,0.665603588255
7_5959475_31516,PERENNIAL,medium,0.8200000000000001,PIURA,ANNUAL,1999,0.492408429928
7_5959475_31517,PERENNIAL,high,2.75,PIURA,ANNUAL,1999,0.864390237695
7_5959475_31518,ANNUAL,high,1.0,PIURA,ANNUAL,1999,1.25190463427
7_5959475_31524,PERENNIAL,high,2.25,PIURA,ANNUAL,1999,0.269188404298
7_5959475_31525,ANNUAL,high,3.62,PIURA,ANNUAL,1999,1.36956357847
7_5959475_31526,PERENNIAL,low,4.37,PIURA,ANNUAL,1999,1.43451770667
7_5959475_31527,ANNUAL,low,1.0,PIURA,PASTURE_FALLOW,1999,0.750896290479
7_5959475_31530,PERENNIAL,high,1.24,PIURA,ANNUAL,1999,2.17767993976
7_5959475_31531,ANNUAL,medium,1.3199999999999998,PIURA,ANNUAL,1999,0.489146642349
7_5959475_31532,ANNUAL,high,1.0899999999999999,PIURA,ANNUAL,1999,0.178662438764
7_5959475_31544,ANNUAL,medium,3.0,PIURA,ANNUAL,1999,0.174013868653
7_5959475_31545,ANNUAL,high,0.44,PIURA,ANNUAL,1999,0.795104015694
7_5959475_31556,ANNUAL,high,3.0,PIURA,PASTURE_FALLOW,1999,0.582060281894
7_5959475_31562,ANNUAL,high,4.0,PIURA,PASTURE_FALLOW,1999,0.53382197891
7_5959475_31569,PERENNIAL,high,3.5,PIURA,ANNUAL,1999,3.48036033412
7_5959475_31578,ANNUAL,low,1.01,PIURA,PERENNIAL,1999,2.17173484592
7_5959475_31579,PERENNIAL,low,0.25,PIURA,ANNUAL,1999,3.60630472303
7_5959475_31580,ANNUAL,high,5.0,PIURA,ANNUAL,1999,0.758171407434
7_5959475_31591,ANNUAL,low,1.5,PIURA,ANNUAL,1999,3.08024230559
7_5959475_31592,ANNUAL,medium,3.7199999999999998,PIURA,ANNUAL,1999,1.05359404076
7_5959475_31593,PERENNIAL,medium,6.5,PIURA,ANNUAL,1999,0.890247606635
7_5959475_32044,ANNUAL,high,2.63,PIURA,ANNUAL,1999,1.05936358131
7_5959475_32050,ANNUAL,high,1.62,PIURA,PERENNIAL,1999,0.751442390426
7_5959475_32073,ANNUAL,high,1.5,PIURA,ANNUAL,1999,0.431534910314
7_5959475_32075,PERENNIAL,medium,2.25,PIURA,ANNUAL,1999,0.865206896827
7_5959475_32085,PERENNIAL,medium,4.5,PIURA,ANNUAL,1999,0.990066925356
7_5959475_32093,PERENNIAL,high,2.62,PIURA,ANNUAL,1999,1.17797641829
7_5959475_32094,PERENNIAL,medium,0.84,PIURA,ANNUAL,1999,0.483896860581
7_5959475_32097,ANNUAL,high,1.24,PIURA,ANNUAL,1999,0.282763438508
7_5959475_32336,PERENNIAL,medium,2.63,PIURA,ANNUAL,1999,1.81746877446
7_5959475_32339,ANNUAL,medium,0.5,PIURA,ANNUAL,1999,0.796312795592
7_5959475_32340,PERENNIAL,high,3.0,PIURA,ANNUAL,1999,1.41109555912
7_5959475_32347,ANNUAL,high,0.5,PIURA,ANNUAL,1999,2.4395855463
7_5959475_32350,PERENNIAL,medium,6.0,PIURA,ANNUAL,1999,1.64778502463
7_5959475_32510,PERENNIAL,medium,0.43,PIURA,ANNUAL,1999,0.246342169135
7_5959475_32519,PERENNIAL,medium,0.5,PIURA,PERENNIAL,1999,0.641557459425
7_5959475_32530,ANNUAL,high,0.5,PIURA,PASTURE_FALLOW,1999,0.523954742383
7_5959475_32537,ANNUAL,high,0.27,PIURA,ANNUAL,1999,1.19256712581
7_5959475_32538,ANNUAL,medium,6.540000000000001,PIURA,ANNUAL,1999,0.528217046917
7_5959475_32539,PERENNIAL,high,2.0,PIURA,ANNUAL,1999,0.66275628733
7_5959480_31190,ANNUAL,medium,3.0,PIURA,ANNUAL,1999,1.6204559538
7_5959480_31422,ANNUAL,high,0.62,PIURA,ANNUAL,1999,0.803632806303
7_5959480_31426,PERENNIAL,medium,9.0,PIURA,ANNUAL,1999,0.141345285052
7_5959480_31427,ANNUAL,high,0.5,PIURA,ANNUAL,1999,2.02346809117
7_5959480_31433,PERENNIAL,medium,2.51,PIURA,ANNUAL,1999,0.139502054228
7_5959480_31435,ANNUAL,high,4.0,PIURA,ANNUAL,1999,0.772118225148
7_5959480_31440,PERENNIAL,high,1.53,PIURA,ANNUAL,1999,2.7666002319
7_5959480_31445,ANNUAL,high,3.75,PIURA,ANNUAL,1999,1.1456931692
7_5959480_31453,PERENNIAL,low,0.25,PIURA,ANNUAL,1999,0.210792912891
7_5959480_31454,PERENNIAL,high,1.31,PIURA,ANNUAL,1999,0.711685887429
7_5959480_31459,PERENNIAL,medium,0.87,PIURA,ANNUAL,1999,2.21152639392
7_5959480_31464,ANNUAL,high,0.87,PIURA,ANNUAL,1999,3.77754467961
7_5959480_31468,ANNUAL,low,1.5,PIURA,ANNUAL,1999,2.22286425991
7_5959480_31470,ANNUAL,high,1.0,PIURA,ANNUAL,1999,1.78861624627
7_5959480_31475,PERENNIAL,low,2.43,PIURA,ANNUAL,1999,0.995541202699
7_5959480_31476,PERENNIAL,high,1.18,PIURA,ANNUAL,1999,3.0204256919
7_5959480_31479,ANNUAL,low,0.13,PIURA,ANNUAL,1999,1.98436816897
7_5959480_31481,ANNUAL,high,0.5,PIURA,ANNUAL,1999,0.774592632562
7_5959480_31486,ANNUAL,high,0.55,PIURA,ANNUAL,1999,1.95598257696
7_5959480_31487,PERENNIAL,high,13.0,PIURA,ANNUAL,1999,6.88936836394
7_5959480_31488,PERENNIAL,high,1.5,PIURA,ANNUAL,1999,4.81935936175
7_5959480_31492,ANNUAL,high,0.61,PIURA,PERENNIAL,1999,0.2963545681
7_5959480_31493,PERENNIAL,high,0.49,PIURA,ANNUAL,1999,3.19105336575
7_5959480_31494,PERENNIAL,high,0.5,PIURA,ANNUAL,1999,0.891138709973
7_5959480_31496,ANNUAL,low,2.74,PIURA,ANNUAL,1999,1.18373786511
7_5959480_31497,ANNUAL,high,9.0,PIURA,ANNUAL,1999,5.36129574614
7_5959480_31504,PERENNIAL,low,6.5,PIURA,ANNUAL,1999,1.40869662285
7_5959480_31521,ANNUAL,high,0.26,PIURA,ANNUAL,1999,2.5783352809
7_5959480_32010,ANNUAL,low,2.0,PIURA,ANNUAL,1999,3.77909696571
7_5959480_32013,ANNUAL,low,1.0,PIURA,ANNUAL,1999,8.16724067675
7_5959480_32014,ANNUAL,low,3.0,PIURA,PASTURE_FALLOW,1999,0.765464371306
7_5959480_32017,ANNUAL,high,6.0,PIURA,ANNUAL,1999,3.24640455829
7_5959480_32023,PERENNIAL,high,4.69,PIURA,ANNUAL,1999,1.98586420737
7_5959480_32024,ANNUAL,medium,2.0,PIURA,ANNUAL,1999,4.82457277483
7_5959480_32029,PERENNIAL,low,1.9638,PIURA,ANNUAL,1999,6.55153829083
7_5959480_32030,PERENNIAL,high,7.75,PIURA,ANNUAL,1999,8.29091165468
7_5959480_32038,PERENNIAL,medium,5.5,PIURA,PERENNIAL,1999,1.71865856941
7_5959480_32053,ANNUAL,medium,26.0,PIURA,ANNUAL,1999,2.06233929887
7_5959480_32068,ANNUAL,medium,0.31,PIURA,ANNUAL,1999,0.368259815623
7_5959480_32461,ANNUAL,medium,1.5,PIURA,ANNUAL,1999,0.380557937265
7_5959480_32472,ANNUAL,high,0.36,PIURA,ANNUAL,1999,0.574579306111
7_5959480_32474,PERENNIAL,high,2.74,PIURA,ANNUAL,1999,0.739095307729
7_5959480_32531,PERENNIAL,high,1.5,PIURA,PASTURE_FALLOW,1999,1.03181987367
7_5959480_32533,ANNUAL,medium,1.9900000000000002,PIURA,ANNUAL,1999,0.661111408599
7_5959480_32535,ANNUAL,high,5.0,PIURA,ANNUAL,1999,0.19410587993
7_5959480_32586,PERENNIAL,medium,2.5,PIURA,ANNUAL,1999,0.902960642452
7_5959480_33567,ANNUAL,medium,0.74,PIURA,ANNUAL,2001,0.32763182868
7_6009420_044806,PERENNIAL,medium,1.16,PIURA,PERENNIAL,2006,1.08444206275
7_6009420_59708,PERENNIAL,low,5.8,PIURA,ANNUAL,2001,1.29361205837
7_6009420_59724,PERENNIAL,high,1.1,PIURA,ANNUAL,2001,1.71605403874
7_6009420_59731,PERENNIAL,medium,6.05,PIURA,ANNUAL,2001,1.11162600754
7_6009420_59740,PERENNIAL,high,1.12,PIURA,PERENNIAL,2001,6.21041732434
7_6009420_59743,PERENNIAL,low,3.91,PIURA,PASTURE_FALLOW,2001,2.17687722245
7_6009420_59744,ANNUAL,medium,2.0,PIURA,ANNUAL,2001,2.62384919797
7_6009420_59748,ANNUAL,high,3.0,PIURA,PASTURE_FALLOW,2001,6.39972320113
7_6009420_67083,PERENNIAL,medium,2.75,PIURA,ANNUAL,2001,1.45029204499
7_6009425_58006,PERENNIAL,medium,4.25,PIURA,PERENNIAL,2001,0.764373580294
7_6009425_58012,PERENNIAL,medium,3.0,PIURA,PERENNIAL,2001,1.09403047853
7_6009425_58025,PERENNIAL,medium,5.3,PIURA,PERENNIAL,2001,1.00613238602
7_6009425_58032,PERENNIAL,medium,3.75,PIURA,PERENNIAL,2001,1.11338838593
7_6009425_58039,PERENNIAL,medium,1.0,PIURA,PERENNIAL,2001,1.26419045983
7_6009425_58404,PERENNIAL,medium,3.0,PIURA,PERENNIAL,2001,2.96825581765
7_6009425_58410,PERENNIAL,medium,0.5,PIURA,ANNUAL,2001,0.82826146306
7_6009425_58411,PERENNIAL,medium,0.75,PIURA,PERENNIAL,2001,3.98166165907
7_6009425_59010,PERENNIAL,medium,3.5,PIURA,PERENNIAL,2001,0.904787703864
7_6009425_59012,PERENNIAL,low,1.0,PIURA,PERENNIAL,2001,0.758522242306
7_6009425_59019,ANNUAL,medium,2.0,PIURA,PERENNIAL,2001,0.739490755285
7_6009425_59023,ANNUAL,medium,4.0,PIURA,PERENNIAL,2001,1.05347977963
7_6009425_59025,PERENNIAL,high,3.0,PIURA,PERENNIAL,2001,0.792239021755
7_6009425_59037,PERENNIAL,medium,4.7,PIURA,ANNUAL,2001,1.19965810257
7_6009425_59047,PERENNIAL,high,4.03,PIURA,ANNUAL,2001,2.15837836448
7_6009425_59050,PERENNIAL,high,4.0,PIURA,PERENNIAL,2001,1.7345241548
7_6009425_59054,ANNUAL,high,4.0,PIURA,ANNUAL,2001,4.07082298774
7_6009425_59058,PERENNIAL,medium,4.029999999999999,PIURA,PERENNIAL,2001,2.1396348333
7_6009425_59102,PERENNIAL,medium,4.03,PIURA,ANNUAL,2001,2.36417179206
7_6009425_59147,PERENNIAL,low,1.75,PIURA,ANNUAL,2001,1.02140862709
7_6009425_59185,ANNUAL,medium,1.5,PIURA,ANNUAL,2001,1.21232369962
7_6009425_59194,PERENNIAL,high,8.8,PIURA,ANNUAL,2001,1.62057103188
7_6009425_59319,PERENNIAL,medium,1.0,PIURA,ANNUAL,2001,1.34184465842
7_6009425_59334,PERENNIAL,medium,3.24,PIURA,ANNUAL,2001,1.75800013628
7_6009425_59339,PERENNIAL,medium,3.74,PIURA,ANNUAL,2001,1.99866273373
7_6009425_59381,PERENNIAL,medium,0.75,PIURA,PERENNIAL,2001,1.64811700478
7_6009425_59393,ANNUAL,medium,3.0,PIURA,PERENNIAL,2001,1.47810149007
7_6009425_59428,PERENNIAL,medium,4.0,PIURA,ANNUAL,2001,2.91002847855
7_6009425_59442,ANNUAL,high,2.0,PIURA,ANNUAL,2001,3.72522967362
7_6009425_67015,PERENNIAL,medium,1.5,PIURA,PERENNIAL,2001,1.03380102394
7_6009425_67058,PERENNIAL,medium,3.5,PIURA,ANNUAL,2001,2.53828370783
7_6009425_67095,PERENNIAL,medium,1.3399999999999999,PIURA,PASTURE_FALLOW,2001,2.25652878667
7_6009430_41907,PERENNIAL,high,1.5,PIURA,ANNUAL,2004,0.998931833304
7_6009430_53862,PERENNIAL,medium,1.85,PIURA,ANNUAL,2001,1.93460640646
7_6009430_53870,ANNUAL,high,1.0,PIURA,PERENNIAL,2001,0.79144055817
7_6009430_53920,PERENNIAL,medium,4.0200000000000005,PIURA,ANNUAL,2001,1.94850651462
7_6009430_53925,PERENNIAL,low,3.0,PIURA,PERENNIAL,2001,2.11043857356
7_6009430_53928,PERENNIAL,high,2.0,PIURA,PERENNIAL,2001,2.04809192881
7_6009430_87814,PERENNIAL,medium,1.5,PIURA,PERENNIAL,1999,1.65397093879
7_6009430_87815,PERENNIAL,medium,0.5,PIURA,ANNUAL,1999,0.588221733243
7_6009430_87820,PERENNIAL,medium,2.0,PIURA,PERENNIAL,1999,1.01281279579
7_6009430_87828,PERENNIAL,high,0.25,PIURA,ANNUAL,1999,0.661141112187
7_6009430_87829,ANNUAL,high,1.0,PIURA,ANNUAL,1999,2.04021390061
7_6009430_87839,PERENNIAL,medium,1.5,PIURA,ANNUAL,1999,0.640914527669
7_6009430_87844,ANNUAL,high,0.75,PIURA,PERENNIAL,1999,1.13774404804
7_6009435_52735,PERENNIAL,medium,2.91,PIURA,PERENNIAL,2001,1.20948270622
7_6009435_66724,PERENNIAL,medium,0.3,PIURA,ANNUAL,2001,1.31869688678
7_6009435_66996,PERENNIAL,high,1.75,PIURA,ANNUAL,2001,1.21338525694
7_6009440_51717,PERENNIAL,low,1.01,PIURA,PERENNIAL,2001,0.872115423864
7_6009440_51718,PERENNIAL,medium,4.03,PIURA,PERENNIAL,2001,1.0515347853
7_6009440_51758,PERENNIAL,medium,0.35000000000000003,PIURA,PERENNIAL,2001,0.218705363504
7_6009475_31682,ANNUAL,low,5.0,PIURA,ANNUAL,1999,9.7433278095
7_6009475_31688,ANNUAL,high,1.7,PIURA,ANNUAL,1999,0.392625547949
7_6009475_31689,PERENNIAL,medium,0.25,PIURA,ANNUAL,1999,2.64355572448
7_6009475_31758,ANNUAL,medium,6.0,PIURA,ANNUAL,1999,0.631259294087
7_6009475_31764,ANNUAL,high,0.75,PIURA,PASTURE_FALLOW,1999,0.748373117726
7_6009475_31766,ANNUAL,medium,0.99,PIURA,PERENNIAL,1999,0.191318292464
7_6009475_31769,ANNUAL,low,1.24,PIURA,ANNUAL,1999,0.294221006469
7_6009475_31775,ANNUAL,medium,1.5,PIURA,ANNUAL,1999,0.417542029645
7_6009475_31778,ANNUAL,medium,2.5,PIURA,ANNUAL,1999,0.402611777988
7_6009475_31782,ANNUAL,high,1.13,PIURA,ANNUAL,1999,0.612092266629
7_6009475_32197,ANNUAL,high,0.06,PIURA,ANNUAL,1999,0.719283018316
7_6009475_33532,PERENNIAL,low,8.2,PIURA,ANNUAL,2000,1.05401076149
7_6009475_33557,ANNUAL,medium,0.75,PIURA,ANNUAL,2001,0.514679872206
7_6009480_31197,ANNUAL,medium,0.5,PIURA,ANNUAL,1999,0.136581338221
7_6009480_31198,ANNUAL,high,1.7,PIURA,ANNUAL,1999,0.83357868158
7_6009480_31602,PERENNIAL,medium,0.69,PIURA,ANNUAL,1999,0.446203974919
7_6009480_31604,ANNUAL,medium,6.42,PIURA,ANNUAL,1999,6.4194941982
7_6009480_31616,ANNUAL,low,1.75,PIURA,ANNUAL,1999,0.8111361343
7_6009480_31618,ANNUAL,high,2.25,PIURA,ANNUAL,1999,0.442363268308
7_6009480_31619,ANNUAL,high,0.43,PIURA,ANNUAL,1999,0.439936347248
7_6009480_31624,PERENNIAL,medium,3.42,PIURA,ANNUAL,1999,4.98249358798
7_6009480_31626,ANNUAL,high,7.0,PIURA,ANNUAL,1999,0.791644551486
7_6009480_31631,PERENNIAL,medium,0.73,PIURA,ANNUAL,1999,0.353088607435
7_6009480_31635,PERENNIAL,medium,1.27,PIURA,ANNUAL,1999,0.917267224619
7_6009480_31642,ANNUAL,medium,0.8800000000000001,PIURA,ANNUAL,1999,0.308909111429
7_6009480_31644,ANNUAL,high,0.87,PIURA,ANNUAL,1999,0.703253089327
7_6009480_31646,ANNUAL,medium,0.31,PIURA,ANNUAL,1999,0.169741545374
7_6009480_31649,ANNUAL,high,0.51,PIURA,ANNUAL,1999,0.36579830078
7_6009480_31650,PERENNIAL,medium,1.25,PIURA,ANNUAL,1999,0.194682360439
7_6009480_31651,PERENNIAL,low,2.68,PIURA,ANNUAL,1999,0.749027296723
7_6009480_31655,PERENNIAL,high,0.81,PIURA,ANNUAL,1999,1.37587637363
7_6009480_31656,PERENNIAL,medium,1.5,PIURA,ANNUAL,1999,1.32168566049
7_6009480_31668,PERENNIAL,medium,2.4,PIURA,ANNUAL,1999,1.60329062217
7_6009480_31669,ANNUAL,medium,2.32,PIURA,ANNUAL,1999,0.764490364226
7_6009480_31671,PERENNIAL,high,2.49,PIURA,ANNUAL,1999,1.08728584257
7_6009480_31673,ANNUAL,high,0.37,PIURA,ANNUAL,1999,0.613677786768
7_6009480_31676,ANNUAL,high,1.26,PIURA,ANNUAL,1999,0.204434741933
7_6009480_31679,ANNUAL,high,1.1199999999999999,PIURA,ANNUAL,1999,0.430445374583
7_6009480_31680,PERENNIAL,medium,0.31,PIURA,ANNUAL,1999,0.337072457379
7_6009480_31685,PERENNIAL,medium,2.37,PIURA,ANNUAL,1999,7.75057946445
7_6009480_31695,ANNUAL,medium,1.0,PIURA,ANNUAL,1999,0.493110318759
7_6009480_31703,ANNUAL,medium,0.18,PIURA,ANNUAL,1999,1.53348721175
7_6009480_31705,ANNUAL,medium,1.0,PIURA,ANNUAL,1999,2.66126381383
7_6009480_31708,ANNUAL,high,0.31,PIURA,ANNUAL,1999,0.755932318029
7_6009480_31713,ANNUAL,high,1.1,PIURA,ANNUAL,1999,2.68601349394
7_6009480_31715,PERENNIAL,medium,4.12,PIURA,ANNUAL,1999,2.98311592701
7_6009480_31720,PERENNIAL,high,5.75,PIURA,ANNUAL,1999,0.514786130117
7_6009480_31722,ANNUAL,high,0.6,PIURA,ANNUAL,1999,0.73636469666
7_6009480_31724,ANNUAL,medium,0.25,PIURA,ANNUAL,1999,0.156042785138
7_6009480_31726,ANNUAL,medium,0.13,PIURA,ANNUAL,1999,0.528978481525
7_6009480_31738,PERENNIAL,medium,3.0,PIURA,ANNUAL,1999,0.55552850577
7_6009480_31745,ANNUAL,low,0.5,PIURA,ANNUAL,1999,4.43255783229
7_6009480_31747,ANNUAL,low,2.0,PIURA,ANNUAL,1999,0.178301359759
7_6009480_31753,ANNUAL,high,2.5,PIURA,ANNUAL,1999,1.23925235825
7_6009480_31757,ANNUAL,high,1.26,PIURA,ANNUAL,1999,1.68571203856
7_6009480_31791,ANNUAL,medium,0.5,PIURA,ANNUAL,1999,0.418126254507
7_6009480_31802,PERENNIAL,low,2.86,PIURA,ANNUAL,1999,2.40264621996
7_6009480_31806,PERENNIAL,low,0.89,PIURA,ANNUAL,1999,0.66983157769
7_6009480_31807,PERENNIAL,medium,1.93,PIURA,ANNUAL,1999,2.26715480379
7_6009480_31814,ANNUAL,high,0.62,PIURA,ANNUAL,1999,0.63993321195
7_6009480_31822,ANNUAL,high,0.25,PIURA,ANNUAL,1999,0.170953443164
7_6009480_31825,ANNUAL,medium,1.8599999999999999,PIURA,ANNUAL,1999,0.236701035348
7_6009480_31830,ANNUAL,high,0.62,PIURA,ANNUAL,1999,0.989020196661
7_6009480_31831,ANNUAL,high,0.12,PIURA,ANNUAL,1999,4.28387054947
7_6009480_31833,ANNUAL,high,0.25,PIURA,ANNUAL,1999,0.759655555405
7_6009480_31838,PERENNIAL,medium,2.31,PIURA,ANNUAL,1999,0.59161961959
7_6009480_31840,PERENNIAL,medium,0.38,PIURA,ANNUAL,1999,1.42793451896
7_6009480_31847,PERENNIAL,high,0.8099999999999999,PIURA,ANNUAL,1999,0.144934804492
7_6009480_31848,PERENNIAL,high,0.6799999999999999,PIURA,ANNUAL,1999,0.940255089774
7_6009480_31855,ANNUAL,medium,1.5,PIURA,ANNUAL,1999,0.751926219874
7_6009480_31856,ANNUAL,high,0.25,PIURA,ANNUAL,1999,1.83307716946
7_6009480_31858,PERENNIAL,high,1.4100000000000001,PIURA,ANNUAL,1999,1.60295235246
7_6009480_31862,ANNUAL,medium,0.96,PIURA,ANNUAL,1999,0.277459203651
7_6009480_31863,ANNUAL,low,0.19,PIURA,ANNUAL,1999,0.584184542694
7_6009480_31865,ANNUAL,high,0.49,PIURA,ANNUAL,1999,1.16815047934
7_6009480_31866,ANNUAL,low,0.6900000000000001,PIURA,ANNUAL,1999,0.688801924583
7_6009480_31873,ANNUAL,low,0.44,PIURA,PASTURE_FALLOW,1999,0.774560640502
7_6009480_31875,ANNUAL,high,0.30000000000000004,PIURA,ANNUAL,1999,0.622604561704
7_6009480_31876,ANNUAL,high,1.8,PIURA,ANNUAL,1999,1.2630265557
7_6009480_31880,ANNUAL,high,0.85,PIURA,ANNUAL,1999,0.570188182471
7_6009480_31883,PERENNIAL,high,0.25,PIURA,ANNUAL,1999,2.67628986231
7_6009480_31885,PERENNIAL,high,0.55,PIURA,ANNUAL,1999,0.766071444738
7_6009480_31888,ANNUAL,medium,0.49,PIURA,ANNUAL,1999,1.27254065523
7_6009480_31897,PERENNIAL,medium,3.75,PIURA,ANNUAL,1999,3.86091185373
7_6009480_31898,PERENNIAL,medium,2.0500000000000003,PIURA,PASTURE_FALLOW,1999,0.628265509055
7_6009480_31900,ANNUAL,low,0.81,PIURA,ANNUAL,1999,0.744204963085
7_6009480_31911,ANNUAL,medium,1.87,PIURA,ANNUAL,1999,0.814717435447
7_6009480_31913,ANNUAL,high,0.56,PIURA,ANNUAL,1999,0.305545997761
7_6009480_31916,PERENNIAL,low,0.37,PIURA,ANNUAL,1999,2.88312661966
7_6009480_31917,PERENNIAL,medium,0.75,PIURA,ANNUAL,1999,1.85519787122
7_6009480_31922,PERENNIAL,medium,1.57,PIURA,ANNUAL,1999,0.360628243196
7_6009480_31924,PERENNIAL,high,1.47,PIURA,ANNUAL,1999,0.386916899846
7_6009480_31930,PERENNIAL,medium,3.85,PIURA,PERENNIAL,1999,0.372832782926
7_6009480_31937,PERENNIAL,low,0.9,PIURA,ANNUAL,1999,0.0936800444106
7_6009480_31942,PERENNIAL,medium,2.12,PIURA,ANNUAL,1999,0.432351276177
7_6009480_31946,ANNUAL,low,0.25,PIURA,ANNUAL,1999,0.667220369952
7_6009480_31975,PERENNIAL,high,1.25,PIURA,ANNUAL,1999,0.977237784805
7_6009480_31976,ANNUAL,high,0.18,PIURA,ANNUAL,1999,3.60300436251
7_6009480_31980,ANNUAL,high,0.63,PIURA,ANNUAL,1999,0.90302616084
7_6009480_31986,ANNUAL,low,1.75,PIURA,ANNUAL,1999,2.05916139635
7_6009480_31999,ANNUAL,medium,0.62,PIURA,ANNUAL,1999,0.13569195912
7_6009480_32111,ANNUAL,high,3.5999999999999996,PIURA,ANNUAL,1999,0.472366614304
7_6009480_32113,ANNUAL,low,0.9,PIURA,ANNUAL,1999,0.553207450785
7_6009480_32120,ANNUAL,medium,0.44999999999999996,PIURA,ANNUAL,1999,0.123605294847
7_6009480_32122,ANNUAL,medium,0.85,PIURA,ANNUAL,1999,0.206135301445
7_6009480_32128,PERENNIAL,low,3.12,PIURA,ANNUAL,1999,1.14870255964
7_6009480_32131,ANNUAL,medium,1.25,PIURA,ANNUAL,1999,0.280523265592
7_6009480_32134,ANNUAL,medium,0.68,PIURA,ANNUAL,1999,0.29230477998
7_6009480_32141,ANNUAL,high,0.5,PIURA,ANNUAL,1999,0.481564491868
7_6009480_32146,ANNUAL,low,0.55,PIURA,ANNUAL,1999,3.06045207925
7_6009480_32151,ANNUAL,medium,0.62,PIURA,ANNUAL,1999,2.48828371859
7_6009480_32154,ANNUAL,medium,6.5,PIURA,ANNUAL,1999,0.953258056335
7_6009480_32163,ANNUAL,medium,0.5,PIURA,ANNUAL,1999,0.643603571892
7_6009480_32166,PERENNIAL,high,0.12,PIURA,ANNUAL,1999,0.56875755245
7_6009480_32167,ANNUAL,high,0.31,PIURA,ANNUAL,1999,0.47952204701
7_6009480_32172,ANNUAL,low,0.5,PIURA,ANNUAL,1999,4.37372027634
7_6009480_32178,ANNUAL,medium,0.18,PIURA,PASTURE_FALLOW,1999,0.446801710378
7_6009480_32186,ANNUAL,high,0.5,PIURA,ANNUAL,1999,0.88340658572
7_6009480_32189,ANNUAL,medium,1.56,PIURA,ANNUAL,1999,3.03759981797
7_6009480_32190,ANNUAL,high,1.0,PIURA,ANNUAL,1999,3.7364430595
7_6009480_32191,ANNUAL,medium,1.11,PIURA,ANNUAL,1999,0.680795866976
7_6009480_32195,ANNUAL,high,0.13,PIURA,ANNUAL,1999,0.155093105151
7_6009480_32196,ANNUAL,high,0.69,PIURA,ANNUAL,1999,0.678223546175
7_6009480_32199,ANNUAL,medium,0.25,PIURA,ANNUAL,1999,0.198210603657
7_6009480_32204,ANNUAL,medium,0.63,PIURA,ANNUAL,1999,0.285775637993
7_6009480_32208,ANNUAL,medium,1.81,PIURA,ANNUAL,1999,0.501031035617
7_6009480_32209,ANNUAL,medium,1.0,PIURA,ANNUAL,1999,0.491024750273
7_6009480_32213,ANNUAL,medium,0.5,PIURA,PERENNIAL,1999,0.17542862103
7_6009480_32215,ANNUAL,medium,0.38,PIURA,ANNUAL,1999,0.280147310419
7_6009480_32217,ANNUAL,low,0.56,PIURA,ANNUAL,1999,1.00872726943
7_6009480_32222,ANNUAL,medium,9.0,PIURA,ANNUAL,1999,0.537627552752
7_6009480_32226,PERENNIAL,medium,4.13,PIURA,ANNUAL,1999,1.39238173445
7_6009480_32235,ANNUAL,medium,1.37,PIURA,ANNUAL,1999,0.340388076879
7_6009480_32237,ANNUAL,medium,1.06,PIURA,ANNUAL,1999,0.886759106078
7_6009480_32239,ANNUAL,high,0.8700000000000001,PIURA,ANNUAL,1999,0.463809765462
7_6009480_32240,ANNUAL,medium,0.25,PIURA,ANNUAL,1999,0.925277250323
7_6009480_32242,ANNUAL,medium,2.2600000000000002,PIURA,ANNUAL,1999,1.0037463714
7_6009480_32248,ANNUAL,medium,0.5,PIURA,ANNUAL,1999,0.240094293335
7_6009480_32251,ANNUAL,medium,1.84,PIURA,ANNUAL,1999,0.96339427659
7_6009480_32254,ANNUAL,medium,0.5,PIURA,ANNUAL,1999,1.38205231428
7_6009480_32261,ANNUAL,medium,2.38,PIURA,ANNUAL,1999,2.63233384822
7_6009480_32262,PERENNIAL,medium,3.74,PIURA,ANNUAL,1999,0.201800438002
7_6009480_32267,ANNUAL,high,0.75,PIURA,ANNUAL,1999,0.324635007833
7_6009480_32270,ANNUAL,medium,1.0,PIURA,ANNUAL,1999,3.1994230864
7_6009480_32276,ANNUAL,high,2.72,PIURA,ANNUAL,1999,3.47393524929
7_6009480_32293,ANNUAL,medium,1.62,PIURA,ANNUAL,1999,1.22392200916
7_6009480_32294,PERENNIAL,medium,0.74,PIURA,ANNUAL,1999,0.220351986692
7_6009480_32295,ANNUAL,low,0.75,PIURA,ANNUAL,1999,0.10152853912
7_6009480_32356,ANNUAL,medium,1.0,PIURA,ANNUAL,1999,0.816232922703
7_6009480_32358,ANNUAL,high,0.8999999999999999,PIURA,ANNUAL,1999,0.144045012749
7_6009480_32364,ANNUAL,low,1.0,PIURA,ANNUAL,1999,1.98494550035
7_6009480_32368,ANNUAL,medium,0.48,PIURA,ANNUAL,1999,0.68809802508
7_6009480_32371,ANNUAL,high,0.5,PIURA,ANNUAL,1999,0.669585638321
7_6009480_32375,ANNUAL,medium,0.18,PIURA,ANNUAL,1999,0.282385252078
7_6009480_32378,PERENNIAL,low,0.99,PIURA,ANNUAL,1999,0.825352321162
7_6009480_32387,PERENNIAL,low,2.5,PIURA,ANNUAL,1999,0.497234254367
7_6009480_32388,ANNUAL,medium,0.25,PIURA,PERENNIAL,1999,0.28292609866
7_6009480_32391,ANNUAL,high,0.56,PIURA,ANNUAL,1999,0.938180700473
7_6009480_32397,ANNUAL,high,0.06,PIURA,ANNUAL,1999,0.47235402225
7_6009480_32398,ANNUAL,medium,0.5,PIURA,ANNUAL,1999,0.19361180641
7_6009480_32404,ANNUAL,high,0.9,PIURA,ANNUAL,1999,0.980581866821
7_6009480_32408,ANNUAL,high,0.93,PIURA,ANNUAL,1999,1.86205409634
7_6009480_32409,ANNUAL,high,0.75,PIURA,ANNUAL,1999,1.93341118303
7_6009480_32414,ANNUAL,high,2.3,PIURA,ANNUAL,1999,2.62008004647
7_6009480_32418,PERENNIAL,medium,6.58,PIURA,ANNUAL,1999,0.147529964121
7_6009480_32420,ANNUAL,medium,0.94,PIURA,ANNUAL,1999,0.491485280621
7_6009480_32424,PERENNIAL,high,0.7,PIURA,ANNUAL,1999,0.430250017879
7_6009480_32426,ANNUAL,medium,3.2199999999999998,PIURA,ANNUAL,1999,0.82801857552
7_6009480_32436,PERENNIAL,medium,0.2031,PIURA,ANNUAL,1999,0.49487009963
7_6009480_32437,ANNUAL,medium,1.55,PIURA,ANNUAL,1999,1.33198607771
7_6009480_32440,ANNUAL,medium,3.62,PIURA,ANNUAL,1999,1.21300718889
7_6009480_32445,ANNUAL,medium,0.56,PIURA,ANNUAL,1999,0.317868403902
7_6009480_32453,ANNUAL,high,0.75,PIURA,ANNUAL,1999,0.255574380548
7_6009480_32455,ANNUAL,medium,1.04,PIURA,ANNUAL,1999,0.459031468296
7_6009480_32457,ANNUAL,high,0.75,PIURA,ANNUAL,1999,2.02674950502
7_6009480_32463,PERENNIAL,medium,2.56,PIURA,ANNUAL,1999,0.137384440357
7_6009480_32465,ANNUAL,high,0.69,PIURA,ANNUAL,1999,0.552569827933
7_6009480_32466,ANNUAL,low,3.0,PIURA,ANNUAL,1999,1.58781116584
7_6009480_32470,ANNUAL,medium,0.5,PIURA,ANNUAL,1999,0.373738914783
7_6009480_32481,ANNUAL,high,1.7400000000000002,PIURA,ANNUAL,1999,1.74715363271
7_6009480_32482,ANNUAL,high,1.5,PIURA,ANNUAL,1999,1.21673588341
7_6009480_32485,ANNUAL,high,2.0,PIURA,ANNUAL,1999,0.906758959417
7_6009480_32486,ANNUAL,high,1.45,PIURA,ANNUAL,1999,0.152002402189
7_6009480_32487,ANNUAL,high,2.1799999999999997,PIURA,ANNUAL,1999,1.43888845409
7_6009480_32490,PERENNIAL,low,3.5,PIURA,ANNUAL,1999,0.915454554558
7_6009480_32494,PERENNIAL,high,1.7,PIURA,ANNUAL,1999,0.540291167503
7_6009480_32498,PERENNIAL,low,0.9,PIURA,PERENNIAL,1999,1.27969808724
7_6009480_32499,ANNUAL,medium,0.15,PIURA,ANNUAL,1999,0.191767388067
7_6009480_32601,PERENNIAL,low,0.77,PIURA,ANNUAL,1999,0.878420962097
7_6009480_32609,ANNUAL,medium,0.87,PIURA,ANNUAL,1999,0.0983580923638
7_6009480_32611,ANNUAL,high,0.24,PIURA,ANNUAL,1999,0.266619896478
7_6009480_32613,ANNUAL,medium,0.21,PIURA,ANNUAL,1999,2.90077110773
7_6009480_32615,ANNUAL,high,1.5,PIURA,ANNUAL,1999,0.712561415028
7_6009480_32616,ANNUAL,medium,0.09,PIURA,ANNUAL,1999,0.199291143454
7_6009480_32618,ANNUAL,medium,1.0,PIURA,PASTURE_FALLOW,1999,0.332861775309
7_6009480_32622,ANNUAL,high,0.78,PIURA,ANNUAL,1999,0.36086503692
7_6009480_32623,PERENNIAL,high,2.12,PIURA,ANNUAL,1999,1.28260498931
7_6009480_32634,PERENNIAL,medium,0.81,PIURA,ANNUAL,1999,0.186608563805
7_6009480_32649,ANNUAL,high,1.58,PIURA,ANNUAL,1999,2.56863836141
7_6009480_32650,ANNUAL,medium,0.6900000000000001,PIURA,ANNUAL,1999,2.02827306469
7_6009480_32653,ANNUAL,high,1.17,PIURA,ANNUAL,1999,0.212250946365
7_6009480_32658,ANNUAL,high,3.85,PIURA,ANNUAL,1999,2.5383576891
7_6009480_32668,ANNUAL,medium,2.5,PIURA,ANNUAL,1999,1.17595593573
7_6009480_32670,ANNUAL,low,2.0,PIURA,ANNUAL,1999,0.851633894875
7_6009480_32674,ANNUAL,high,0.97,PIURA,ANNUAL,1999,0.338354139694
7_6009480_32676,ANNUAL,high,1.56,PIURA,ANNUAL,1999,0.920897617823
7_6009480_32701,ANNUAL,high,0.75,PIURA,ANNUAL,1999,0.477781765374
7_6009480_32705,ANNUAL,high,0.6,PIURA,ANNUAL,1999,0.115667748444
7_6009480_32706,ANNUAL,high,7.0,PIURA,ANNUAL,1999,1.40440360981
7_6009480_32709,ANNUAL,medium,5.0,PIURA,ANNUAL,1999,2.75866926104
7_6009480_32716,ANNUAL,low,0.95,PIURA,ANNUAL,1999,0.754829408503
7_6009480_32722,ANNUAL,medium,0.13,PIURA,ANNUAL,1999,0.355361133942
7_6009480_32723,ANNUAL,high,0.6799999999999999,PIURA,ANNUAL,1999,0.244260653139
7_6009480_32724,ANNUAL,low,0.78,PIURA,ANNUAL,1999,0.250642736176
7_6009480_32727,ANNUAL,low,5.05,PIURA,ANNUAL,1999,0.238430336637
7_6009480_32729,PERENNIAL,medium,1.75,PIURA,ANNUAL,1999,0.322052999816
7_6009480_32856,ANNUAL,low,0.15,PIURA,ANNUAL,1999,0.63202950128
7_6009480_32859,ANNUAL,medium,0.76,PIURA,ANNUAL,1999,0.786560116
7_6009480_32905,ANNUAL,high,0.78,PIURA,ANNUAL,1999,2.26099737555
7_6009480_32906,ANNUAL,low,0.43,PIURA,ANNUAL,1999,0.986739672494
7_6009480_32908,ANNUAL,high,0.13,PIURA,ANNUAL,1999,0.430462659424
7_6009480_32915,ANNUAL,high,0.5,PIURA,ANNUAL,1999,1.21718052527
7_6009480_32922,ANNUAL,high,0.25,PIURA,PASTURE_FALLOW,1999,0.452719669647
7_6009480_32925,ANNUAL,medium,0.25,PIURA,ANNUAL,1999,0.244196740067
7_6009480_32926,ANNUAL,low,0.25,PIURA,ANNUAL,1999,0.454693264557
7_6009480_32930,ANNUAL,high,2.19,PIURA,PASTURE_FALLOW,1999,0.211741867552
7_6009480_33700,ANNUAL,high,0.43,PIURA,ANNUAL,2000,1.63567031646
7_6009480_33702,ANNUAL,high,1.1400000000000001,PIURA,ANNUAL,2000,0.799204361599
7_6009480_33703,PERENNIAL,medium,0.8200000000000001,PIURA,ANNUAL,2000,1.15636780791
7_6009480_33708,ANNUAL,low,1.31,PIURA,ANNUAL,2000,2.95121904206
7_6009480_33713,PERENNIAL,medium,0.53,PIURA,ANNUAL,2000,0.936322872369
7_6009480_33715,ANNUAL,high,0.33999999999999997,PIURA,ANNUAL,2000,0.982162985121
7_6009480_33717,PERENNIAL,low,1.1099999999999999,PIURA,ANNUAL,2000,2.16597251791
7_6009480_33753,PERENNIAL,medium,1.8199999999999998,PIURA,ANNUAL,2000,0.710125489923
7_6009480_33767,ANNUAL,high,0.25,PIURA,ANNUAL,2000,0.37775971398
7_6009480_33768,ANNUAL,medium,0.8200000000000001,PIURA,ANNUAL,2000,0.89452996983
7_6009480_33774,ANNUAL,medium,0.43000000000000005,PIURA,ANNUAL,2000,0.13093162431
7_6009480_33902,ANNUAL,low,0.86,PIURA,ANNUAL,2000,0.675538065095
7_6009480_33903,PERENNIAL,high,0.88,PIURA,ANNUAL,2000,0.213184628143
7_6009480_33904,ANNUAL,medium,0.18,PIURA,ANNUAL,2000,0.656948003577
7_6009480_33906,ANNUAL,low,0.56,PIURA,PERENNIAL,2000,2.67806471638
7_6009480_33907,ANNUAL,medium,1.0,PIURA,ANNUAL,2000,0.191639621703
7_6009480_33920,ANNUAL,high,0.5,PIURA,ANNUAL,2000,1.76017359348
7_6009480_33922,ANNUAL,medium,0.37,PIURA,ANNUAL,2000,0.367062911863
7_6009480_33924,ANNUAL,low,0.95,PIURA,ANNUAL,2000,2.58638477435
7_6009480_33925,PERENNIAL,low,4.12,PIURA,ANNUAL,2000,0.961108686951
7_6009480_33926,PERENNIAL,medium,1.95,PIURA,ANNUAL,2000,0.965106426696
7_6009490_001530,ANNUAL,medium,1.75,PIURA,ANNUAL,2006,2.14367519431
7_6009490_001539,ANNUAL,medium,1.0,PIURA,ANNUAL,2006,0.52474084273
7_6009490_001545,ANNUAL,high,1.0,PIURA,ANNUAL,2006,0.423658611161
7_6009490_001584,ANNUAL,high,1.0,PIURA,ANNUAL,2006,2.52167671722
7_6009490_001598,ANNUAL,medium,2.0,PIURA,ANNUAL,2006,0.956283613474
7_6009490_001601,ANNUAL,medium,0.5,PIURA,PERENNIAL,2006,0.345904453078
7_6009490_001657,ANNUAL,high,0.5,PIURA,ANNUAL,2006,0.451475474185
7_6009490_001659,ANNUAL,high,0.375,PIURA,ANNUAL,2006,1.51767925651
7_6009490_001685,ANNUAL,medium,0.5,PIURA,ANNUAL,2006,3.14090370946
7_6009490_001691,ANNUAL,high,1.5,PIURA,ANNUAL,2006,2.79811238143
7_6009490_001694,ANNUAL,high,1.0,PIURA,ANNUAL,2006,2.41880030944
7_6009490_001696,ANNUAL,high,8.0,PIURA,ANNUAL,2006,3.50352058098
7_6009490_001722,ANNUAL,medium,1.5,PIURA,ANNUAL,2006,1.57271478607
7_6009490_001729,ANNUAL,low,0.5,PIURA,ANNUAL,2006,0.942112227326
7_6009495_001656,ANNUAL,high,1.0,PIURA,ANNUAL,2006,0.715502938447
7_6059420_59911,PERENNIAL,medium,2.75,PIURA,ANNUAL,2001,2.17985238775
7_6059420_60002,PERENNIAL,high,4.5,PIURA,PERENNIAL,2001,3.67231108349
7_6059420_60084,PERENNIAL,medium,5.5,PIURA,PERENNIAL,2001,0.331686872563
7_6059420_60091,PERENNIAL,medium,3.9899999999999998,PIURA,PERENNIAL,2001,0.542033918559
7_6059420_60194,PERENNIAL,medium,0.5,PIURA,PERENNIAL,2001,0.313835372476
7_6059420_60199,PERENNIAL,medium,1.0,PIURA,PERENNIAL,2001,0.839194874631
7_6059420_60428,PERENNIAL,medium,5.2,PIURA,PERENNIAL,2001,3.29822664541
7_6059420_60438,PERENNIAL,medium,3.0,PIURA,PERENNIAL,2001,0.95235780871
7_6059420_60449,PERENNIAL,medium,3.5,PIURA,ANNUAL,2001,2.18224095745
7_6059420_60450,PERENNIAL,medium,3.0,PIURA,PERENNIAL,2001,1.11391446184
7_6059420_60551,PERENNIAL,medium,4.3,PIURA,PERENNIAL,2001,1.25873567986
7_6059420_67714,PERENNIAL,medium,3.52,PIURA,ANNUAL,2001,0.14884295332
7_6059420_67745,PERENNIAL,medium,1.5,PIURA,PERENNIAL,2001,0.927692008622
7_6059420_68772,PERENNIAL,medium,4.18,PIURA,PERENNIAL,2001,0.18662758971
7_6059420_68773,ANNUAL,medium,4.3,PIURA,ANNUAL,2001,0.19875785997
7_6059420_68781,PERENNIAL,medium,4.890000000000001,PIURA,PASTURE_FALLOW,2001,0.18072698995
7_6059420_68783,PERENNIAL,high,6.1,PIURA,PERENNIAL,2001,0.248370919
7_6059425_58862,PERENNIAL,high,3.25,PIURA,PERENNIAL,2001,0.401172628544
7_6059425_59256,PERENNIAL,medium,3.0,PIURA,PERENNIAL,2001,0.663950014389
7_6059425_59276,ANNUAL,low,0.8,PIURA,PERENNIAL,2001,0.945025920192
7_6059425_59278,PERENNIAL,medium,5.45,PIURA,PERENNIAL,2001,1.63803848814
7_6059425_59280,PERENNIAL,medium,4.74,PIURA,PERENNIAL,2001,0.286208042952
7_6059425_59302,PERENNIAL,medium,4.75,PIURA,PERENNIAL,2001,1.35178767976
7_6059425_59307,PERENNIAL,medium,4.74,PIURA,PERENNIAL,2001,1.89967470408
7_6059425_59357,PERENNIAL,medium,2.1,PIURA,PERENNIAL,2001,2.66929431147
7_6059425_60005,PERENNIAL,medium,3.0,PIURA,PERENNIAL,2001,3.7237361049
7_6059425_60073,PERENNIAL,medium,4.5,PIURA,PERENNIAL,2001,2.15151151969
7_6059425_60104,PERENNIAL,medium,9.75,PIURA,PERENNIAL,2001,0.761129185323
7_6059425_60111,PERENNIAL,high,2.67,PIURA,PERENNIAL,2001,0.720506687816
7_6059425_60119,PERENNIAL,high,5.5,PIURA,PERENNIAL,2001,0.429964146274
7_6059425_60155,PERENNIAL,high,3.0,PIURA,PERENNIAL,2001,2.60550532132
7_6059425_60182,PERENNIAL,high,3.5,PIURA,PERENNIAL,2001,2.70410844356
7_6059425_60184,PERENNIAL,low,5.5,PIURA,ANNUAL,2001,0.739418903093
7_6059425_60200,PERENNIAL,medium,1.75,PIURA,PERENNIAL,2001,0.535617976179
7_6059425_61137,ANNUAL,low,1.0,PIURA,ANNUAL,2001,1.89441661861
7_6059425_67728,PERENNIAL,high,0.5,PIURA,PERENNIAL,2001,0.127445936554
7_6059425_67747,PERENNIAL,medium,2.35,PIURA,PERENNIAL,2001,0.506583500921
7_6059430_53329,ANNUAL,medium,0.5,PIURA,ANNUAL,2002,0.339361683831
7_6059435_53101,PERENNIAL,medium,0.75,PIURA,PERENNIAL,2001,0.716649192716
7_6059480_33515,ANNUAL,medium,0.5,PIURA,ANNUAL,2000,1.11900099712
7_6059480_33731,ANNUAL,medium,1.31,PIURA,ANNUAL,2000,0.842876729284
7_6059480_33736,ANNUAL,medium,0.21,PIURA,ANNUAL,2000,0.568963236639
7_6059480_33737,ANNUAL,medium,2.52,PIURA,ANNUAL,2000,0.544689990975
7_6059480_33740,PERENNIAL,high,2.2800000000000002,PIURA,ANNUAL,2000,1.37244729997
7_6059480_33741,PERENNIAL,high,1.28,PIURA,ANNUAL,2000,0.594159902953
7_6059480_33943,ANNUAL,medium,1.44,PIURA,ANNUAL,2000,1.70045517612
7_6059485_001352,PERENNIAL,low,2.0,PIURA,ANNUAL,2006,1.42400728887
7_6059485_001397,ANNUAL,medium,0.5,PIURA,ANNUAL,2006,0.466705866149
7_6059485_001402,PERENNIAL,high,0.5,PIURA,ANNUAL,2006,0.330329558355
7_6059485_001460,ANNUAL,medium,1.75,PIURA,ANNUAL,2006,0.546977756525
7_6059485_001465,PERENNIAL,medium,2.33,PIURA,ANNUAL,2006,0.572177918433
7_6059485_001469,ANNUAL,medium,5.5,PIURA,ANNUAL,2006,0.611411092808
7_6059485_001487,ANNUAL,medium,4.0,PIURA,ANNUAL,2006,1.52588377039
7_6059485_001508,ANNUAL,medium,3.56,PIURA,ANNUAL,2006,1.45005910951
7_6059485_001510,ANNUAL,medium,0.8,PIURA,ANNUAL,2006,1.41411215922
7_6059485_001527,ANNUAL,medium,1.0,PIURA,ANNUAL,2006,0.926824704936
7_6059490_001550,ANNUAL,medium,1.0,PIURA,ANNUAL,2006,1.64852340548
7_6059490_001552,ANNUAL,medium,0.5,PIURA,ANNUAL,2006,0.31582795742
7_6059490_001580,ANNUAL,low,12.0,PIURA,ANNUAL,2006,2.10060999069
7_6059490_001582,ANNUAL,medium,0.5,PIURA,ANNUAL,2006,0.446010655493
7_6109420_079393,ANNUAL,high,2.25,PIURA,ANNUAL,2009,3.12799907065
7_6109420_079394,ANNUAL,high,1.0,PIURA,ANNUAL,2009,1.00001502128
7_6109420_079408,ANNUAL,medium,8.5,PIURA,PASTURE_FALLOW,2009,1.24396296908
7_6109420_61945,PERENNIAL,high,1.0,PIURA,PERENNIAL,2001,0.8742240143
7_6109420_63515,ANNUAL,low,1.5,PIURA,ANNUAL,2001,1.55449857915
7_6109420_63632,PERENNIAL,high,0.6,PIURA,PERENNIAL,2001,0.814110023848
7_6109420_63633,PERENNIAL,high,2.0,PIURA,PERENNIAL,2001,1.3160281704
7_6109425_041921,PERENNIAL,high,2.25,PIURA,ANNUAL,2004,0.900614028264
7_6109425_041923,ANNUAL,high,1.25,PIURA,ANNUAL,2004,0.860763311095
7_6109425_041924,ANNUAL,high,0.85,PIURA,ANNUAL,2004,0.860754299883
7_6109425_041925,ANNUAL,high,1.1,PIURA,ANNUAL,2004,1.8410090183
7_6109425_041935,ANNUAL,high,1.0,PIURA,ANNUAL,2005,0.995155362615
7_6109425_079373,PERENNIAL,medium,0.5,PIURA,ANNUAL,2009,0.999982725234
7_6109425_079374,ANNUAL,low,3.0,PIURA,ANNUAL,2009,0.536374447859
7_6109425_079375,ANNUAL,medium,0.75,PIURA,ANNUAL,2009,0.22149571175
7_6109425_079376,ANNUAL,medium,0.5,PIURA,ANNUAL,2009,0.268476930171
7_6109425_61471,ANNUAL,medium,11.0,PIURA,ANNUAL,2001,1.75997518496
7_6109485_000954,ANNUAL,high,1.0,PIURA,ANNUAL,2006,0.893760822995
7_6109485_000970,PERENNIAL,medium,3.0,PIURA,ANNUAL,2006,0.976513066932
7_6109485_000974,ANNUAL,high,1.74,PIURA,ANNUAL,2006,1.0818823972
7_6109485_000976,ANNUAL,high,0.5,PIURA,ANNUAL,2006,0.57174084817
7_6109485_000986,PERENNIAL,low,3.5,PIURA,ANNUAL,2006,0.80411750546
7_6109485_000991,ANNUAL,high,0.25,PIURA,PERENNIAL,2006,2.67369621633
7_6109485_000995,ANNUAL,high,2.25,PIURA,PERENNIAL,2006,2.06562553643
7_6109485_000996,PERENNIAL,medium,2.5,PIURA,ANNUAL,2006,2.23050547773
7_6109485_000998,PERENNIAL,medium,3.5,PIURA,ANNUAL,2006,0.638150016085
7_6109485_000999,ANNUAL,high,1.0,PIURA,ANNUAL,2006,1.67339202062
7_6109485_001075,PERENNIAL,medium,6.5,PIURA,ANNUAL,2006,6.93549810848
7_6109485_001216,ANNUAL,high,2.25,PIURA,ANNUAL,2006,0.801719936624
7_6109485_001248,ANNUAL,high,0.75,PIURA,ANNUAL,2006,0.372679648869
7_6109485_001250,ANNUAL,medium,1.25,PIURA,ANNUAL,2006,0.504330575046
7_6109485_001308,ANNUAL,medium,3.0,PIURA,ANNUAL,2006,1.30146332659
7_6109485_001327,ANNUAL,medium,1.0,PIURA,PERENNIAL,2006,1.33735123629
7_6109485_001329,ANNUAL,high,1.25,PIURA,PERENNIAL,2006,0.601030570765
7_6109485_001340,ANNUAL,medium,1.75,PIURA,ANNUAL,2006,1.64305760246
7_6109485_001345,ANNUAL,high,1.0,PIURA,ANNUAL,2006,0.484212684699
7_6109485_001375,ANNUAL,high,2.75,PIURA,ANNUAL,2006,0.983464058919
7_6109485_001377,ANNUAL,medium,1.25,PIURA,ANNUAL,2006,0.103990019423
7_6109485_001407,ANNUAL,high,2.5,PIURA,ANNUAL,2006,3.91394030393
7_6109485_001439,PERENNIAL,medium,2.69,PIURA,ANNUAL,2006,1.45645405292
7_6109485_001443,ANNUAL,medium,2.1999999999999997,PIURA,PERENNIAL,2006,1.18851990593
7_6109485_001558,ANNUAL,medium,2.0,PIURA,ANNUAL,2006,0.2399981655
7_6109485_001564,ANNUAL,high,1.5,PIURA,ANNUAL,2006,0.884030141911
7_6109485_001565,ANNUAL,medium,0.25,PIURA,ANNUAL,2006,1.82240932614
7_6109485_001568,ANNUAL,high,7.25,PIURA,PERENNIAL,2006,0.570183123244
7_6109485_001571,ANNUAL,high,0.75,PIURA,PERENNIAL,2006,1.11458699569
7_6109485_001574,ANNUAL,high,2.25,PIURA,PERENNIAL,2006,1.34860330667
7_6109485_001624,ANNUAL,high,5.300000000000001,PIURA,ANNUAL,2006,1.18500009919
7_6109485_001627,PERENNIAL,medium,2.29,PIURA,PERENNIAL,2006,0.506759030834
7_6109485_001677,ANNUAL,low,3.3899999999999997,PIURA,ANNUAL,2006,0.278928800238
7_6109485_001678,PERENNIAL,low,3.0,PIURA,ANNUAL,2006,1.40224358629
7_6159415_60653,PERENNIAL,high,1.5,PIURA,PERENNIAL,2001,0.997237396551
7_6159420_079377,ANNUAL,medium,3.5,PIURA,ANNUAL,2009,1.58633034802
7_6159420_079379,ANNUAL,high,2.25,PIURA,ANNUAL,2009,1.01195145213
7_6159420_079388,ANNUAL,medium,1.0,PIURA,ANNUAL,2009,0.620729414426
7_6159420_41345,PERENNIAL,high,3.0,PIURA,PASTURE_FALLOW,2002,4.49572083238
7_6159420_41348,PERENNIAL,low,1.8,PIURA,ANNUAL,2002,4.23952603054
7_6159420_41371,PERENNIAL,medium,0.52,PIURA,ANNUAL,2002,1.53195433194
7_6159485_000069,ANNUAL,medium,0.5,PIURA,ANNUAL,2006,3.13161903165
7_6159485_000073,PERENNIAL,medium,5.12,PIURA,ANNUAL,2006,0.510556620684
7_6159485_000104,ANNUAL,medium,9.0,PIURA,ANNUAL,2006,0.567381615096
7_6159485_000107,ANNUAL,medium,25.5,PIURA,ANNUAL,2006,3.29843322062
7_6159485_000109,ANNUAL,high,1.5,PIURA,ANNUAL,2006,1.02691107901
7_6159485_000110,ANNUAL,high,1.5,PIURA,ANNUAL,2006,0.768908791801
7_6159485_000113,ANNUAL,high,1.0,PIURA,ANNUAL,2006,1.25523999358
7_6159485_000114,ANNUAL,medium,0.25,PIURA,ANNUAL,2006,0.969751119479
7_6159485_000118,ANNUAL,high,5.0,PIURA,ANNUAL,2006,0.120701186686
7_6159485_000119,ANNUAL,high,0.5,PIURA,ANNUAL,2006,1.01391974942
7_6159485_000120,ANNUAL,high,8.0,PIURA,ANNUAL,2006,4.25055895236
7_6159485_000123,PERENNIAL,medium,14.5,PIURA,ANNUAL,2006,0.87927078786
7_6159485_000125,ANNUAL,medium,12.0,PIURA,ANNUAL,2006,2.26616710913
7_6159485_000127,ANNUAL,medium,3.0,PIURA,ANNUAL,2006,0.260327388799
7_6159485_000133,ANNUAL,medium,7.5,PIURA,ANNUAL,2006,2.30859261141
7_6159485_000139,ANNUAL,high,1.0,PIURA,ANNUAL,2006,1.75067067987
7_6159485_000140,ANNUAL,high,2.5,PIURA,ANNUAL,2006,0.31480091851
7_6159485_000142,ANNUAL,medium,1.0,PIURA,ANNUAL,2006,0.518637857758
7_6159485_000145,ANNUAL,high,1.0,PIURA,ANNUAL,2006,1.43742431325
7_6159485_000148,ANNUAL,high,2.0,PIURA,ANNUAL,2006,0.328733946801
7_6159485_000151,ANNUAL,medium,0.13,PIURA,ANNUAL,2006,0.534284311801
7_6159485_000156,ANNUAL,medium,1.0,PIURA,ANNUAL,2006,1.63689322469
7_6159485_000159,ANNUAL,high,3.0,PIURA,ANNUAL,2006,0.689900411935
7_6159485_000160,ANNUAL,medium,16.0,PIURA,ANNUAL,2006,1.46687635787
7_6159485_000163,ANNUAL,high,15.0,PIURA,ANNUAL,2006,2.85313049578
7_6159485_000171,ANNUAL,medium,3.88,PIURA,ANNUAL,2006,0.298136006801
7_6159485_000260,PERENNIAL,medium,2.75,PIURA,ANNUAL,2006,0.345118560438
7_6159485_000279,ANNUAL,low,1.5,PIURA,PASTURE_FALLOW,2006,1.00972413573
7_6159485_000280,ANNUAL,high,0.9900000000000001,PIURA,PASTURE_FALLOW,2006,1.24727706457
7_6159485_000284,ANNUAL,high,1.0,PIURA,PERENNIAL,2006,4.09068049574
7_6159485_000291,ANNUAL,medium,1.5,PIURA,PASTURE_FALLOW,2006,0.342833581555
7_6159485_000296,PERENNIAL,high,1.5,PIURA,ANNUAL,2006,1.16397926769
7_6159485_000297,ANNUAL,high,0.25,PIURA,ANNUAL,2006,0.505504843497
7_6159485_000301,ANNUAL,high,3.0,PIURA,ANNUAL,2006,1.71334459626
7_6159485_000303,ANNUAL,high,1.0,PIURA,ANNUAL,2006,2.0385149939
7_6159485_000304,ANNUAL,high,5.0,PIURA,ANNUAL,2006,1.65652767479
7_6159485_000305,ANNUAL,medium,1.0,PIURA,ANNUAL,2006,0.633774799367
7_6159485_000314,PERENNIAL,high,1.5,PIURA,ANNUAL,2006,1.08280273317
7_6159485_000343,PERENNIAL,high,2.05,PIURA,ANNUAL,2006,0.684540755797
7_6159485_000522,ANNUAL,high,0.5,PIURA,ANNUAL,2006,0.184894179872
7_6159485_000523,ANNUAL,medium,1.0,PIURA,ANNUAL,2006,0.176011387438
7_6159485_000524,ANNUAL,medium,2.0,PIURA,ANNUAL,2006,0.179916732107
7_6159485_000525,ANNUAL,high,0.25,PIURA,ANNUAL,2006,0.177691345496
7_6159485_000621,ANNUAL,low,0.5,PIURA,ANNUAL,2006,0.253823879344
7_6159485_000625,ANNUAL,high,0.25,PIURA,ANNUAL,2006,1.28931290152
7_6159485_000901,ANNUAL,high,1.25,PIURA,ANNUAL,2006,1.58405666615
7_6159485_001317,ANNUAL,high,0.5,PIURA,ANNUAL,2006,1.49244056083
7_6159485_001323,ANNUAL,medium,0.25,PIURA,ANNUAL,2006,1.16690905216
7_6159490_000049,ANNUAL,low,2.5,PIURA,ANNUAL,2006,3.98823066322
7_6159490_000052,ANNUAL,high,2.5,PIURA,ANNUAL,2006,0.472494502054
7_6159490_000055,ANNUAL,high,21.0,PIURA,ANNUAL,2006,3.45901273572
7_6159490_000057,ANNUAL,high,1.75,PIURA,ANNUAL,2006,2.6902306922
7_6159490_000058,ANNUAL,medium,5.0,PIURA,ANNUAL,2006,1.10291234593
7_6159490_000062,ANNUAL,medium,0.5,PIURA,PERENNIAL,2006,0.813744670499
7_6159490_000063,PERENNIAL,medium,2.5,PIURA,ANNUAL,2006,0.568824464279
7_6159490_000065,PERENNIAL,medium,0.5,PIURA,PERENNIAL,2006,0.461629776441
7_6159490_000071,ANNUAL,medium,1.5,PIURA,PASTURE_FALLOW,2006,0.357146470491
7_6159490_000078,ANNUAL,high,3.0,PIURA,ANNUAL,2006,0.630746071101
7_6159490_000081,ANNUAL,low,8.0,PIURA,ANNUAL,2006,3.38276269553
7_6159490_000087,ANNUAL,high,27.0,PIURA,ANNUAL,2006,3.44960300286
7_6159490_000088,PERENNIAL,high,5.0,PIURA,ANNUAL,2006,1.96609156976
7_6159490_000091,ANNUAL,medium,2.5,PIURA,ANNUAL,2006,3.48218208553
7_6159490_000094,ANNUAL,high,12.5,PIURA,ANNUAL,2006,1.82760544061
7_6159490_000130,ANNUAL,high,0.75,PIURA,ANNUAL,2006,3.95604973302
7_6159490_000169,ANNUAL,high,1.0,PIURA,ANNUAL,2006,0.606958028795
7_6159490_000174,ANNUAL,medium,3.0,PIURA,ANNUAL,2006,4.0465808503
7_6159490_000176,ANNUAL,high,0.5,PIURA,ANNUAL,2006,0.134273373406
7_6159490_000193,ANNUAL,low,1.0,PIURA,ANNUAL,2006,3.35376051569
7_6159490_000201,ANNUAL,medium,1.5,PIURA,ANNUAL,2006,0.783358744144
7_6159490_000205,ANNUAL,low,0.37,PIURA,ANNUAL,2006,0.90024611772
7_6159490_000209,PERENNIAL,medium,0.5,PIURA,PERENNIAL,2006,0.763419772861
7_6159490_000211,PERENNIAL,medium,0.75,PIURA,ANNUAL,2006,0.474287510452
7_6159490_000217,ANNUAL,high,3.5,PIURA,ANNUAL,2006,0.508497709011
7_6159490_000218,ANNUAL,low,1.63,PIURA,ANNUAL,2006,0.571201046834
7_6159490_000220,ANNUAL,high,0.5,PIURA,ANNUAL,2006,0.533033653471
7_6159490_000222,ANNUAL,high,0.74,PIURA,ANNUAL,2006,0.465544056741
7_6159490_000232,PERENNIAL,high,1.5,PIURA,PERENNIAL,2006,0.806083264197
7_6159490_000233,ANNUAL,high,1.0,PIURA,ANNUAL,2006,1.34482479918
7_6159490_000238,ANNUAL,high,2.5,PIURA,PASTURE_FALLOW,2006,1.12457881563
7_6159490_000245,PERENNIAL,high,2.5,PIURA,ANNUAL,2006,0.498273274158
7_6159490_000252,ANNUAL,high,1.13,PIURA,ANNUAL,2006,1.06207522061
7_6159490_000253,ANNUAL,high,1.0,PIURA,ANNUAL,2006,1.2263759316
7_6159490_000254,ANNUAL,medium,9.0,PIURA,ANNUAL,2006,2.57101690805
7_6159490_000256,ANNUAL,low,0.75,PIURA,ANNUAL,2006,0.478826384846
7_6159490_000258,ANNUAL,high,2.0,PIURA,ANNUAL,2006,0.692158115199
7_6159490_000259,ANNUAL,high,0.75,PIURA,ANNUAL,2006,0.54862456541
7_6159490_000265,ANNUAL,low,2.5,PIURA,ANNUAL,2006,0.519831903293
7_6159490_000268,ANNUAL,medium,3.75,PIURA,PERENNIAL,2006,0.162251987914
7_6159490_000273,ANNUAL,medium,9.5,PIURA,ANNUAL,2006,1.23155823112
7_6159490_000274,ANNUAL,low,1.25,PIURA,ANNUAL,2006,0.167208412611
7_6159490_000310,PERENNIAL,high,12.0,PIURA,ANNUAL,2006,4.14222008174
7_6159490_000311,ANNUAL,high,2.0,PIURA,ANNUAL,2006,2.46487370844
7_6159490_000381,ANNUAL,high,0.5,PIURA,ANNUAL,2006,0.387387571462
7_6159490_000401,ANNUAL,high,7.5,PIURA,ANNUAL,2006,0.462491033962
7_6159490_000402,PERENNIAL,high,0.5,PIURA,ANNUAL,2006,1.05670640326
7_6159490_000406,ANNUAL,high,0.13,PIURA,PERENNIAL,2006,0.718899526311
7_6159490_000407,ANNUAL,medium,2.5,PIURA,ANNUAL,2006,1.65043331146
7_6209410_044798,PERENNIAL,high,0.25,PIURA,PERENNIAL,2006,0.454714595745
7_6209410_68299,PERENNIAL,high,3.0,PIURA,PERENNIAL,2001,1.15973473746
7_6209420_41373,PERENNIAL,high,1.75,PIURA,ANNUAL,2002,2.38807886113
7_6209420_41384,PERENNIAL,medium,0.5,PIURA,ANNUAL,2002,3.68860124562
7_6209420_41389,PERENNIAL,low,1.0,PIURA,ANNUAL,2002,3.17282558251
7_6209420_41391,PERENNIAL,low,0.45,PIURA,ANNUAL,2002,2.43626441874
7_6209420_41395,PERENNIAL,low,1.5,PIURA,ANNUAL,2002,2.26385232604
7_6209420_41398,PERENNIAL,low,0.5,PIURA,ANNUAL,2002,3.55034158765
7_6209440_000005,PERENNIAL,medium,0.25,PIURA,PASTURE_FALLOW,2008,0.529491014777
7_6209440_000006,PERENNIAL,high,0.8,PIURA,PASTURE_FALLOW,2008,0.71374867658
7_6209440_000024,PERENNIAL,medium,0.1,PIURA,PASTURE_FALLOW,2008,1.08169355316
7_6209440_000034,PERENNIAL,medium,0.37,PIURA,PASTURE_FALLOW,2008,0.624098416797
7_6209440_000080,PERENNIAL,medium,0.75,PIURA,PASTURE_FALLOW,2008,0.265627065645
7_6209440_000090,PERENNIAL,high,0.25,PIURA,PERENNIAL,2008,0.702702348482
7_6209440_000092,ANNUAL,low,0.5,PIURA,PASTURE_FALLOW,2008,0.546308955152
7_6209440_000099,ANNUAL,high,0.5,PIURA,PASTURE_FALLOW,2008,0.170779508677
7_6209440_000103,PERENNIAL,medium,1.37,PIURA,PASTURE_FALLOW,2008,0.244617845082
7_6209440_000140,PERENNIAL,medium,0.005,PIURA,PASTURE_FALLOW,2008,0.162912229435
7_6209440_000148,PERENNIAL,medium,0.06,PIURA,ANNUAL,2008,0.126788343906
7_6209440_000151,PERENNIAL,medium,0.009000000000000001,PIURA,PERENNIAL,2008,0.0974762277249
7_6209440_000160,ANNUAL,medium,0.25,PIURA,PERENNIAL,2008,0.41290041866
7_6209440_000165,PERENNIAL,medium,0.03,PIURA,ANNUAL,2008,0.27624280135
7_6209440_000170,ANNUAL,medium,0.25,PIURA,ANNUAL,2008,0.182614548646
7_6209440_000183,PERENNIAL,medium,0.2,PIURA,ANNUAL,2008,0.267724661047
7_6209440_000218,ANNUAL,low,0.25,PIURA,PASTURE_FALLOW,2008,0.323667660454
7_6209440_000286,PERENNIAL,high,0.25,PIURA,ANNUAL,2009,0.147092559043
7_6209440_000324,PERENNIAL,medium,0.15,PIURA,PASTURE_FALLOW,2009,0.3373821139
7_6209440_000339,PERENNIAL,high,0.8,PIURA,PERENNIAL,2009,0.185211736759
7_6209440_000372,PERENNIAL,medium,0.2,PIURA,PERENNIAL,2009,0.607628982503
7_6209440_000374,PERENNIAL,medium,0.25,PIURA,PASTURE_FALLOW,2009,1.04944072631
7_6209440_000377,PERENNIAL,high,0.75,PIURA,ANNUAL,2009,0.393567586593
7_6209440_000378,PERENNIAL,medium,4.6,PIURA,ANNUAL,2009,0.289655338546
7_6209440_000398,PERENNIAL,medium,0.12,PIURA,ANNUAL,2009,0.322434745977
7_6209440_000405,PERENNIAL,medium,0.02,PIURA,PASTURE_FALLOW,2009,0.146886658728
7_6209440_000414,PERENNIAL,medium,0.16,PIURA,PERENNIAL,2009,0.152468374271
7_6209445_000354,PERENNIAL,medium,0.12,PIURA,PERENNIAL,2009,0.56057717862
7_6209445_000370,ANNUAL,medium,0.25,PIURA,ANNUAL,2009,0.446730541432
7_6259405_043155,PERENNIAL,medium,0.5,PIURA,ANNUAL,2005,0.43866373772
7_6259405_043156,PERENNIAL,medium,4.25,PIURA,ANNUAL,2005,0.23130420445
7_6259405_043158,PERENNIAL,medium,1.75,PIURA,ANNUAL,2005,0.24522744439
7_6259405_043162,PERENNIAL,low,0.75,PIURA,ANNUAL,2005,0.14688359649
7_6259405_043164,PERENNIAL,medium,0.4,PIURA,ANNUAL,2005,0.12501645139
7_6259405_043166,PERENNIAL,medium,2.4000000000000004,PIURA,ANNUAL,2005,0.32854213302
7_6259405_043176,PERENNIAL,medium,3.0,PIURA,ANNUAL,2005,0.45204328093
7_6259405_043178,PERENNIAL,medium,1.25,PIURA,ANNUAL,2005,0.50799993265
7_6259405_043181,PERENNIAL,medium,1.75,PIURA,ANNUAL,2005,0.47027594154
7_6259405_043187,PERENNIAL,low,1.0,PIURA,ANNUAL,2005,0.32424567618
7_6259405_90964,PERENNIAL,low,1.5,PIURA,ANNUAL,2000,0.225526821988
7_6259405_90971,ANNUAL,high,1.0,PIURA,PERENNIAL,2000,0.332822125562
7_6259410_041927,PERENNIAL,medium,1.5,PIURA,PERENNIAL,2004,0.241112341908
7_6259410_90031,PERENNIAL,low,1.0,PIURA,PERENNIAL,2000,1.17397978999
7_6259410_90036,PERENNIAL,low,1.72,PIURA,ANNUAL,2000,1.07343473836
7_6259410_90046,ANNUAL,high,1.0,PIURA,ANNUAL,2000,1.08079276664
7_6259410_90062,PERENNIAL,high,1.5,PIURA,ANNUAL,2000,1.22121568719
7_6259410_90067,ANNUAL,high,1.0,PIURA,ANNUAL,2000,0.59988845015
7_6259410_90070,ANNUAL,high,2.0,PIURA,ANNUAL,2000,1.0403489105
7_6259410_90072,ANNUAL,high,3.0,PIURA,ANNUAL,2000,1.35052390448
7_6259410_90074,PERENNIAL,high,6.8,PIURA,ANNUAL,2000,0.432265661341
7_6259410_90077,ANNUAL,low,1.5,PIURA,ANNUAL,2000,0.366469040873
7_6259410_90079,ANNUAL,low,0.75,PIURA,ANNUAL,2000,0.824494372562
7_6259410_90080,PERENNIAL,medium,1.75,PIURA,ANNUAL,2000,0.884417870856
7_6259410_90081,ANNUAL,low,1.0,PIURA,ANNUAL,2000,1.14180645319
7_6259410_90082,ANNUAL,high,0.75,PIURA,ANNUAL,2000,0.724394674083
7_6259410_90083,PERENNIAL,high,0.25,PIURA,ANNUAL,2000,1.02007074475
7_6259410_90094,PERENNIAL,medium,2.5,PIURA,ANNUAL,2000,0.846434849837
7_6259410_90101,PERENNIAL,high,0.4,PIURA,ANNUAL,2000,0.853575109787
7_6259410_90106,ANNUAL,high,0.75,PIURA,ANNUAL,2000,0.974251680602
7_6259410_90108,ANNUAL,high,1.5,PIURA,ANNUAL,2000,0.6169207274
7_6259410_90109,ANNUAL,high,0.75,PIURA,ANNUAL,2000,0.863008194191
7_6259410_90110,PERENNIAL,high,2.0,PIURA,ANNUAL,2000,0.509666450573
7_6259410_90113,ANNUAL,high,0.75,PIURA,ANNUAL,2000,0.604990875912
7_6259410_90114,ANNUAL,high,0.5,PIURA,ANNUAL,2000,0.475890491691
7_6259410_90116,ANNUAL,high,1.75,PIURA,ANNUAL,2000,0.843708655304
7_6259410_90121,ANNUAL,high,1.0,PIURA,ANNUAL,2000,1.11702066926
7_6259410_90123,ANNUAL,low,1.0,PIURA,ANNUAL,2000,1.02371482698
7_6259410_90124,ANNUAL,medium,0.5,PIURA,ANNUAL,2000,0.471292979696
7_6259410_90125,ANNUAL,high,1.5,PIURA,ANNUAL,2000,0.517499215386
7_6259410_90126,PERENNIAL,low,2.5,PIURA,ANNUAL,2000,1.07306312506
7_6259410_90131,PERENNIAL,medium,2.0,PIURA,ANNUAL,2000,0.989806038967
7_6259410_90138,PERENNIAL,medium,1.0,PIURA,ANNUAL,2000,1.5651855814
7_6259410_90141,PERENNIAL,high,1.5,PIURA,ANNUAL,2000,0.867814242601
7_6259410_90142,ANNUAL,low,3.0,PIURA,ANNUAL,2000,0.786454769558
7_6259410_90146,PERENNIAL,high,2.0,PIURA,ANNUAL,2000,0.753050737036
7_6259410_90160,ANNUAL,high,0.5,PIURA,ANNUAL,2000,0.665554811446
7_6259410_90170,PERENNIAL,high,1.57,PIURA,ANNUAL,2000,0.46366617374
7_6259410_90175,ANNUAL,high,8.0,PIURA,ANNUAL,2000,0.817258053115
7_6259410_90185,ANNUAL,high,1.0,PIURA,ANNUAL,2000,1.0894726075
7_6259410_90191,ANNUAL,high,1.8,PIURA,ANNUAL,2000,1.74495339943
7_6259410_90200,ANNUAL,high,3.0,PIURA,ANNUAL,2000,0.603693020415
7_6259410_90204,ANNUAL,medium,1.0,PIURA,ANNUAL,2000,0.546806491671
7_6259410_90215,PERENNIAL,high,1.0,PIURA,ANNUAL,2000,1.22565861049
7_6259410_90950,PERENNIAL,low,0.25,PIURA,ANNUAL,2000,1.20793811675
7_6259425_92039,PERENNIAL,low,1.21,PIURA,ANNUAL,2000,0.274620513411
7_6259425_92048,ANNUAL,medium,1.75,PIURA,PASTURE_FALLOW,2000,0.229746073444
7_6259425_92049,ANNUAL,low,1.25,PIURA,PERENNIAL,2000,1.317414641
7_6259425_92050,PERENNIAL,medium,10.5,PIURA,ANNUAL,2000,1.47559568903
7_6259425_92051,ANNUAL,high,0.75,PIURA,PERENNIAL,2000,0.402816471674
7_6259425_92052,ANNUAL,high,1.25,PIURA,ANNUAL,2000,0.928086520425
7_6259425_92058,ANNUAL,high,0.5,PIURA,ANNUAL,2000,0.309974666154
7_6309400_95859,PERENNIAL,high,5.5,PIURA,ANNUAL,2000,0.990707546304
7_6309400_95861,PERENNIAL,high,4.0,PIURA,PERENNIAL,2000,0.568507090745
7_6309400_95862,PERENNIAL,high,3.0,PIURA,PERENNIAL,2000,1.9094862647
7_6309400_95863,PERENNIAL,low,0.75,PIURA,PERENNIAL,2000,0.406510662258
7_6309400_95864,ANNUAL,high,2.0,PIURA,ANNUAL,2000,0.517795914387
7_6309400_95866,PERENNIAL,low,4.0,PIURA,ANNUAL,2000,0.414381497185
7_6309400_95867,PERENNIAL,high,1.0,PIURA,ANNUAL,2000,0.541623363867
7_6309400_95869,PERENNIAL,high,5.5,PIURA,ANNUAL,2000,0.449542869871
7_6309400_95870,PERENNIAL,high,5.0,PIURA,ANNUAL,2000,0.491569019494
7_6309400_95871,ANNUAL,low,1.0,PIURA,ANNUAL,2000,0.554281829796
7_6309400_95872,PERENNIAL,medium,4.5,PIURA,ANNUAL,2000,2.31969710389
7_6309400_95874,PERENNIAL,low,7.25,PIURA,PERENNIAL,2000,1.35056252559
7_6309400_95876,ANNUAL,high,1.0,PIURA,ANNUAL,2000,1.13585926028
7_6309400_95878,ANNUAL,high,0.5,PIURA,ANNUAL,2000,0.741422893073
7_6309400_95883,PERENNIAL,high,1.0,PIURA,ANNUAL,2000,0.734893773365
7_6309400_95885,PERENNIAL,high,1.5,PIURA,ANNUAL,2000,0.483467773347
7_6309400_95886,PERENNIAL,high,1.0,PIURA,ANNUAL,2000,0.643699833291
7_6309400_95887,PERENNIAL,high,2.75,PIURA,ANNUAL,2000,0.425417364418
7_6309400_95889,PERENNIAL,low,5.25,PIURA,ANNUAL,2000,0.629240021594
7_6309400_95891,PERENNIAL,medium,0.75,PIURA,ANNUAL,2000,0.455574828
7_6309400_95896,PERENNIAL,low,2.0,PIURA,ANNUAL,2000,1.10264667225
7_6309400_95905,PERENNIAL,high,7.0,PIURA,ANNUAL,2000,1.63776526757
7_6309400_95915,PERENNIAL,medium,0.75,PIURA,ANNUAL,2000,1.34596825099
7_6309400_95917,PERENNIAL,low,6.25,PIURA,PERENNIAL,2000,2.09133345841
7_6309400_95919,PERENNIAL,medium,1.0,PIURA,PASTURE_FALLOW,2000,3.8999729443
7_6309400_95922,PERENNIAL,low,4.5,PIURA,PERENNIAL,2000,3.53140753941
7_6309400_95937,ANNUAL,high,2.0,PIURA,PERENNIAL,2000,1.6795677383
7_6309400_95949,ANNUAL,medium,1.5,PIURA,ANNUAL,2000,1.0303126103
7_6309400_95957,PERENNIAL,medium,0.38,PIURA,ANNUAL,2000,2.66467860634
7_6309400_95967,PERENNIAL,high,3.5,PIURA,PERENNIAL,2000,4.54510162864
7_6309400_95969,PERENNIAL,low,0.75,PIURA,PERENNIAL,2000,0.870959095435
7_6309400_95977,PERENNIAL,high,1.0,PIURA,PERENNIAL,2000,1.71275484215
7_6309405_044369,PERENNIAL,high,1.0,PIURA,PERENNIAL,2006,0.560920788731
7_6309405_079382,PERENNIAL,medium,12.4,PIURA,ANNUAL,2009,0.513303043836
7_6309405_95855,ANNUAL,low,0.25,PIURA,ANNUAL,2000,0.592774954045
7_6309405_95856,ANNUAL,high,3.0,PIURA,ANNUAL,2000,1.41797704575
7_6309405_95857,PERENNIAL,medium,0.37,PIURA,ANNUAL,2000,0.741288459304
7_6309410_90221,PERENNIAL,high,2.5,PIURA,ANNUAL,2000,1.03005766765
7_6309410_90225,ANNUAL,low,0.5,PIURA,ANNUAL,2000,0.429102887273
7_6309410_90228,ANNUAL,high,1.0,PIURA,ANNUAL,2000,1.35640917722
7_6309410_90240,PERENNIAL,high,0.5,PIURA,PERENNIAL,2000,0.722294780922
7_6309410_90241,PERENNIAL,medium,2.0,PIURA,PERENNIAL,2000,1.11328290485
7_6309410_90244,PERENNIAL,high,2.75,PIURA,PERENNIAL,2000,4.28983746809
7_6309410_90251,ANNUAL,low,2.0,PIURA,PERENNIAL,2000,1.60384993775
7_6309410_90252,ANNUAL,high,0.5,PIURA,ANNUAL,2000,0.678804293031
7_6309410_90254,ANNUAL,high,4.0,PIURA,PERENNIAL,2000,2.10017376705
7_6309410_90257,PERENNIAL,medium,0.25,PIURA,ANNUAL,2000,0.740053669984
7_6309410_90265,PERENNIAL,low,1.0,PIURA,PERENNIAL,2000,0.649279828261
7_6309410_90269,PERENNIAL,medium,3.5,PIURA,PERENNIAL,2000,1.72435981718
7_6309410_90274,PERENNIAL,medium,1.75,PIURA,PERENNIAL,2000,0.729068648667
7_6309410_90276,PERENNIAL,high,0.25,PIURA,PERENNIAL,2000,0.405912563136
7_6309410_90282,ANNUAL,medium,0.19,PIURA,ANNUAL,2000,0.222886111082
7_6309410_90286,PERENNIAL,medium,0.5,PIURA,PERENNIAL,2000,0.411562178435
7_6309410_90289,PERENNIAL,low,1.5,PIURA,PERENNIAL,2000,1.30748604267
7_6309410_90291,PERENNIAL,high,1.75,PIURA,PERENNIAL,2000,0.310275251923
7_6309410_90292,PERENNIAL,high,0.5,PIURA,PERENNIAL,2000,0.684826154892
7_6309410_90296,PERENNIAL,high,2.0,PIURA,PERENNIAL,2000,3.0285944081
7_6309410_90297,PERENNIAL,high,2.45,PIURA,PERENNIAL,2000,2.68117789018
7_6309410_90300,ANNUAL,high,1.0,PIURA,PERENNIAL,2000,1.09396117516
7_6309410_90304,PERENNIAL,medium,1.5,PIURA,PERENNIAL,2000,0.239460373898
7_6309410_90306,PERENNIAL,low,7.0,PIURA,PERENNIAL,2000,0.407043819498
7_6309410_90311,PERENNIAL,medium,1.5,PIURA,PERENNIAL,2000,0.406157442567
7_6309410_90314,PERENNIAL,medium,4.0,PIURA,PERENNIAL,2000,1.50966236267
7_6309410_90330,PERENNIAL,high,1.0,PIURA,PERENNIAL,2000,1.2438298858
7_6309410_90336,PERENNIAL,high,0.5,PIURA,PERENNIAL,2000,0.35679059665
7_6309410_90338,ANNUAL,high,0.25,PIURA,PERENNIAL,2000,0.372500789938
7_6309410_90347,PERENNIAL,medium,0.5,PIURA,PERENNIAL,2000,0.388070759805
7_6309410_90348,PERENNIAL,medium,6.25,PIURA,PERENNIAL,2000,0.437817513011
7_6309410_90355,PERENNIAL,medium,0.95,PIURA,PERENNIAL,2000,0.60739508544
7_6309410_90356,PERENNIAL,medium,6.0,PIURA,PERENNIAL,2000,1.98041482158
7_6309410_90363,PERENNIAL,high,0.5,PIURA,ANNUAL,2000,0.508623302282
7_6309410_90371,PERENNIAL,medium,4.25,PIURA,PERENNIAL,2000,0.248403059621
7_6309410_90379,PERENNIAL,high,0.25,PIURA,PERENNIAL,2000,0.30124468626
7_6309410_90380,PERENNIAL,low,0.25,PIURA,PERENNIAL,2000,0.317685633916
7_6309410_90402,PERENNIAL,low,3.11,PIURA,PERENNIAL,2000,1.19901144419
7_6309410_90406,PERENNIAL,low,5.0,PIURA,ANNUAL,2000,0.693587574937
7_6309410_90407,PERENNIAL,medium,5.75,PIURA,PERENNIAL,2000,1.79467315107
7_6309410_90410,ANNUAL,medium,5.25,PIURA,PERENNIAL,2000,0.686865523408
7_6309410_90411,PERENNIAL,medium,2.0,PIURA,PERENNIAL,2000,2.46024165548
7_6309410_90412,PERENNIAL,high,1.5,PIURA,PERENNIAL,2000,0.814331323772
7_6309410_90413,PERENNIAL,medium,4.39,PIURA,PERENNIAL,2000,0.399352965031
7_6309410_90415,PERENNIAL,medium,1.07,PIURA,PERENNIAL,2000,0.713566581034
7_6309410_90418,PERENNIAL,low,1.6,PIURA,PERENNIAL,2000,1.13056731351
7_6309410_90425,ANNUAL,low,3.0,PIURA,PERENNIAL,2000,0.185691825889
7_6309410_90426,PERENNIAL,high,0.75,PIURA,ANNUAL,2000,1.55765638779
7_6309410_90428,PERENNIAL,medium,1.5,PIURA,PERENNIAL,2000,0.786231719734
7_6309410_90429,PERENNIAL,low,0.95,PIURA,ANNUAL,2000,0.264533961164
7_6309410_90430,PERENNIAL,medium,2.73,PIURA,PERENNIAL,2000,1.36863940044
7_6309410_90431,PERENNIAL,medium,3.0,PIURA,ANNUAL,2000,0.512697612042
7_6309410_90433,PERENNIAL,low,10.0,PIURA,PERENNIAL,2000,0.206683294699
7_6309410_90436,PERENNIAL,medium,0.71,PIURA,PERENNIAL,2000,0.726686479838
7_6309410_90444,PERENNIAL,high,1.29,PIURA,ANNUAL,2000,0.294632750759
7_6309410_90446,PERENNIAL,medium,5.67,PIURA,ANNUAL,2000,0.617762350863
7_6309410_90456,PERENNIAL,high,0.65,PIURA,ANNUAL,2000,0.540075971168
7_6309410_90457,ANNUAL,high,1.75,PIURA,ANNUAL,2000,4.91508560491
7_6309410_90458,PERENNIAL,high,4.5,PIURA,PERENNIAL,2000,5.77395584891
7_6309410_90463,PERENNIAL,high,4.0,PIURA,ANNUAL,2000,4.72306470647
7_6309410_90468,ANNUAL,medium,6.25,PIURA,ANNUAL,2000,0.910394348889
7_6309410_90472,PERENNIAL,medium,1.35,PIURA,PERENNIAL,2000,1.07325498214
7_6309410_90483,PERENNIAL,medium,0.56,PIURA,PERENNIAL,2000,0.823957041784
7_6309410_90484,PERENNIAL,medium,3.15,PIURA,PERENNIAL,2000,0.244666515487
7_6309410_90485,PERENNIAL,medium,1.0,PIURA,PERENNIAL,2000,0.694278986587
7_6309410_90496,PERENNIAL,medium,5.75,PIURA,ANNUAL,2000,2.58278050205
7_6309410_90503,PERENNIAL,medium,2.0,PIURA,ANNUAL,2000,0.453558951394
7_6309410_90505,ANNUAL,low,8.01,PIURA,ANNUAL,2000,0.877192221495
7_6309410_90506,PERENNIAL,high,3.5,PIURA,ANNUAL,2000,1.69065036368
7_6309410_90507,PERENNIAL,medium,0.8999999999999999,PIURA,ANNUAL,2000,1.57799012084
7_6309410_90508,PERENNIAL,high,3.0,PIURA,ANNUAL,2000,0.42289153271
7_6309410_90510,PERENNIAL,medium,1.33,PIURA,ANNUAL,2000,0.454075784766
7_6309410_90514,PERENNIAL,high,0.12,PIURA,ANNUAL,2000,0.0943708294482
7_6309410_90520,PERENNIAL,medium,4.5,PIURA,ANNUAL,2000,0.218967087536
7_6309410_90526,PERENNIAL,high,2.7,PIURA,ANNUAL,2000,0.182815605159
7_6309410_90527,PERENNIAL,medium,0.63,PIURA,ANNUAL,2000,0.228558925998
7_6309410_90534,PERENNIAL,low,5.65,PIURA,PERENNIAL,2000,0.463408769307
7_6309410_90537,PERENNIAL,high,0.5,PIURA,ANNUAL,2000,1.4125039317
7_6309410_90538,ANNUAL,medium,0.5,PIURA,PERENNIAL,2000,0.653469213687
7_6309410_90540,PERENNIAL,high,0.9,PIURA,PERENNIAL,2000,0.2962149905
7_6309410_90541,PERENNIAL,high,1.5,PIURA,PERENNIAL,2000,0.339507808664
7_6309410_90545,ANNUAL,high,1.0,PIURA,ANNUAL,2000,0.610911528048
7_6309410_90548,PERENNIAL,medium,0.25,PIURA,ANNUAL,2000,0.0958573136659
7_6309410_90549,PERENNIAL,high,2.0,PIURA,PERENNIAL,2000,1.28168700673
7_6309410_90552,ANNUAL,high,1.08,PIURA,PERENNIAL,2000,0.23691731247
7_6309410_90555,PERENNIAL,medium,5.5,PIURA,ANNUAL,2000,0.596801516997
7_6309410_90559,PERENNIAL,medium,2.0,PIURA,ANNUAL,2000,1.97300943568
7_6309410_90562,PERENNIAL,medium,1.5,PIURA,ANNUAL,2000,1.36650228351
7_6309410_90567,PERENNIAL,low,1.75,PIURA,PERENNIAL,2000,0.413035943339
7_6309410_90568,PERENNIAL,high,0.75,PIURA,PERENNIAL,2000,0.165380768967
7_6309410_90571,PERENNIAL,high,3.25,PIURA,PERENNIAL,2000,4.68737777808
7_6309410_90574,PERENNIAL,high,2.0,PIURA,PERENNIAL,2000,0.232839634358
7_6309410_90581,PERENNIAL,medium,2.8,PIURA,PERENNIAL,2000,1.69720146886
7_6309410_90591,ANNUAL,high,2.0,PIURA,PERENNIAL,2000,0.579395591893
7_6309410_90665,PERENNIAL,high,5.5,PIURA,ANNUAL,2000,4.65557178533
7_6309410_90880,PERENNIAL,high,0.75,PIURA,PERENNIAL,2000,1.18963185063
7_6359400_77970,PERENNIAL,high,4.5,PIURA,ANNUAL,2001,1.20337789649
7_6359400_95807,PERENNIAL,medium,2.5,PIURA,ANNUAL,2000,0.713119212615
7_6359400_95810,ANNUAL,high,7.0,PIURA,ANNUAL,2000,0.649715769764
7_6359400_95817,PERENNIAL,medium,1.4,PIURA,ANNUAL,2000,1.34973270286
7_6359400_95823,ANNUAL,medium,0.5,PIURA,ANNUAL,2000,1.66300815415
7_6359400_95829,ANNUAL,medium,0.5,PIURA,PERENNIAL,2000,0.760239738101
7_6359400_95832,ANNUAL,medium,1.0,PIURA,ANNUAL,2000,1.18707058458
7_6359400_95833,PERENNIAL,medium,2.75,PIURA,PERENNIAL,2000,1.33813192546
7_6359400_95838,PERENNIAL,high,0.75,PIURA,PERENNIAL,2000,0.858928325528
7_6359400_95841,PERENNIAL,high,0.25,PIURA,PERENNIAL,2000,1.1975705488
7_6359400_95842,PERENNIAL,high,1.5,PIURA,PERENNIAL,2000,0.533287523262
7_6359400_95970,ANNUAL,low,0.75,PIURA,PASTURE_FALLOW,2000,14.3957977806
7_6359400_95971,PERENNIAL,medium,4.0,PIURA,PASTURE_FALLOW,2000,14.2155911387
7_6359400_96017,ANNUAL,low,3.5,PIURA,ANNUAL,2000,1.92954465092
7_6359400_96033,ANNUAL,high,0.5,PIURA,ANNUAL,2000,1.77456340922
7_6359400_96034,PERENNIAL,high,2.5,PIURA,ANNUAL,2000,1.80348953069
7_6359400_96047,ANNUAL,low,9.0,PIURA,ANNUAL,2000,1.19087307278
7_6359400_96049,ANNUAL,high,1.0,PIURA,ANNUAL,2000,2.51479426522
7_6359400_96060,PERENNIAL,high,0.5,PIURA,ANNUAL,2000,2.42987413053
7_6359400_96601,PERENNIAL,high,1.0,PIURA,ANNUAL,2000,1.69595751909
7_6359410_041932,ANNUAL,medium,10.5,PIURA,PASTURE_FALLOW,2005,1.50290055987
7_6359410_82405,PERENNIAL,medium,1.45,PIURA,ANNUAL,1999,1.13836031493
7_6359410_82406,PERENNIAL,low,0.5,PIURA,ANNUAL,1999,0.609896982545
7_6359410_82409,PERENNIAL,high,15.5,PIURA,ANNUAL,2001,1.00216260903
7_6359410_82427,PERENNIAL,high,1.0,PIURA,ANNUAL,1999,0.337880204984
7_6359410_82434,ANNUAL,low,1.5,PIURA,ANNUAL,1999,0.81827693938
7_6359410_82436,ANNUAL,medium,1.0,PIURA,ANNUAL,1999,4.39331100275
7_6359410_82442,ANNUAL,medium,1.0,PIURA,ANNUAL,1999,0.542060964889
7_6359410_82446,PERENNIAL,medium,2.5,PIURA,ANNUAL,1999,0.733444863216
7_6359410_82467,PERENNIAL,low,1.42,PIURA,ANNUAL,1999,0.557046060768
7_6359410_82469,ANNUAL,high,1.25,PIURA,ANNUAL,1999,0.629942778595
7_6359410_82471,ANNUAL,medium,0.5,PIURA,ANNUAL,1999,0.697024780155
7_6359410_82479,PERENNIAL,high,2.5,PIURA,ANNUAL,1999,4.54375321539
7_6359410_82482,PERENNIAL,low,1.5,PIURA,ANNUAL,1999,1.15324944666
7_6359410_82484,PERENNIAL,high,8.7,PIURA,ANNUAL,1999,0.977891483558
7_6359410_82487,PERENNIAL,medium,8.25,PIURA,ANNUAL,2001,2.74222887107
7_6359410_82500,PERENNIAL,low,1.63,PIURA,ANNUAL,1999,0.686408175987
7_6359410_82506,PERENNIAL,medium,2.0,PIURA,ANNUAL,1999,0.305200171611
7_6359410_82512,ANNUAL,high,0.1,PIURA,ANNUAL,1999,0.657892370793
7_6359410_82516,ANNUAL,high,0.25,PIURA,PERENNIAL,1999,0.325125042012
7_6359410_82578,PERENNIAL,high,3.5,PIURA,PERENNIAL,1999,1.01804002355
7_6359410_82826,PERENNIAL,low,0.5,PIURA,PERENNIAL,1999,1.60298752926
7_6359410_82837,PERENNIAL,low,3.5,PIURA,ANNUAL,1999,0.693119899656
7_6359410_82844,ANNUAL,low,4.7,PIURA,ANNUAL,2001,4.19757142684
7_6359410_82849,ANNUAL,low,3.0,PIURA,ANNUAL,1999,4.33433644448
7_6359410_82850,ANNUAL,medium,3.0,PIURA,ANNUAL,2001,4.39675441519
7_6359410_82851,PERENNIAL,low,3.0,PIURA,ANNUAL,2001,3.46870681466
7_6359410_82861,ANNUAL,low,1.5,PIURA,ANNUAL,2001,1.26493457984
7_6359410_82899,PERENNIAL,medium,1.0,PIURA,PERENNIAL,1999,0.42594283435
7_6359410_89418,PERENNIAL,low,0.45,PIURA,ANNUAL,2000,0.504294501797
7_6359410_89423,ANNUAL,medium,1.0,PIURA,ANNUAL,2000,0.928048196873
7_6359410_89425,ANNUAL,low,1.0,PIURA,ANNUAL,2000,0.542955853276
7_6359410_89426,PERENNIAL,high,1.5,PIURA,ANNUAL,2000,0.503008002652
7_6359410_89441,PERENNIAL,low,2.0,PIURA,ANNUAL,2000,0.528862281385
7_6359410_89447,PERENNIAL,medium,2.25,PIURA,ANNUAL,2000,0.606194623342
7_6359410_89452,ANNUAL,high,1.0,PIURA,ANNUAL,2000,0.739884080152
7_6359410_89455,PERENNIAL,medium,4.0,PIURA,ANNUAL,2000,0.514398649997
7_6359410_89478,ANNUAL,low,9.0,PIURA,ANNUAL,2000,1.79022610485
7_6359410_89481,PERENNIAL,high,0.5,PIURA,ANNUAL,2000,1.52071701319
7_6359410_90601,ANNUAL,high,4.5,PIURA,ANNUAL,2000,7.31224095292
7_6359410_90607,ANNUAL,high,0.51,PIURA,PASTURE_FALLOW,2000,0.279671408509
7_6359410_90613,ANNUAL,medium,0.35,PIURA,ANNUAL,2000,4.9099885414
7_6359410_90617,ANNUAL,medium,7.5,PIURA,ANNUAL,2000,3.92630433992
7_6359410_90623,PERENNIAL,low,2.5,PIURA,ANNUAL,2000,3.7963431588
7_6359410_90625,ANNUAL,high,6.0,PIURA,ANNUAL,2000,0.520600285845
7_6359410_90626,ANNUAL,high,4.5,PIURA,ANNUAL,2000,5.15358326559
7_6359410_90629,ANNUAL,high,0.5,PIURA,ANNUAL,2000,1.66420359382
7_6359410_90630,PERENNIAL,medium,6.75,PIURA,ANNUAL,2000,2.63436048659
7_6359410_90631,PERENNIAL,high,5.6,PIURA,ANNUAL,2000,4.07767658817
7_6359410_90635,PERENNIAL,high,5.0,PIURA,ANNUAL,2000,4.95387474991
7_6359410_90640,PERENNIAL,medium,7.5,PIURA,ANNUAL,2000,1.82329618885
7_6359410_90647,ANNUAL,medium,1.5,PIURA,ANNUAL,2000,0.723141897682
7_6359410_90651,ANNUAL,high,1.25,PIURA,ANNUAL,2000,3.26384734962
7_6359410_90653,ANNUAL,medium,2.0,PIURA,ANNUAL,2000,0.336814586582
7_6359410_90656,ANNUAL,medium,3.75,PIURA,ANNUAL,2000,1.52434728746
7_6359410_90657,PERENNIAL,low,4.75,PIURA,ANNUAL,2000,3.31706117126
7_6359410_90661,PERENNIAL,medium,4.0,PIURA,ANNUAL,2000,0.527151838337
7_6359410_90664,PERENNIAL,high,7.5,PIURA,ANNUAL,2000,5.13470736293
7_6359410_90668,PERENNIAL,low,4.0,PIURA,ANNUAL,2000,0.536874375467
7_6359410_90674,PERENNIAL,high,3.0,PIURA,PERENNIAL,2000,0.277976126403
7_6359410_90682,PERENNIAL,medium,1.0,PIURA,ANNUAL,2000,2.48377321964
7_6359410_90683,PERENNIAL,high,5.5,PIURA,PERENNIAL,2000,1.72628885307
7_6359410_90684,PERENNIAL,medium,1.0,PIURA,PERENNIAL,2000,0.521377019428
7_6359410_90685,PERENNIAL,medium,7.0,PIURA,ANNUAL,2000,2.2546112121
7_6359410_90704,PERENNIAL,low,2.0,PIURA,PERENNIAL,2000,0.312456968771
7_6359410_90705,ANNUAL,medium,1.0,PIURA,ANNUAL,2000,0.18634668295
7_6359410_90712,ANNUAL,high,1.5,PIURA,PERENNIAL,2000,0.59704699571
7_6359410_90715,PERENNIAL,low,1.1,PIURA,PERENNIAL,2000,1.0210386115
7_6359410_90721,PERENNIAL,medium,5.0,PIURA,PERENNIAL,2000,0.851029659995
7_6359410_90801,ANNUAL,medium,1.0,PIURA,PASTURE_FALLOW,2000,0.24409399649
7_6359410_90818,PERENNIAL,medium,3.75,PIURA,ANNUAL,2000,1.39867369193
7_6359410_90822,ANNUAL,high,2.0,PIURA,ANNUAL,2000,1.31190352475
7_6359410_90826,PERENNIAL,low,4.75,PIURA,ANNUAL,2000,0.436822921859
7_6359410_90829,PERENNIAL,high,3.5,PIURA,ANNUAL,2000,0.438862011825
7_6359410_90837,PERENNIAL,low,2.25,PIURA,ANNUAL,2000,1.07651300936
7_6359410_90838,PERENNIAL,high,1.0,PIURA,ANNUAL,2000,0.839387979779
7_6359410_90844,PERENNIAL,high,3.0,PIURA,PASTURE_FALLOW,2000,1.96403634194
7_6359410_90847,PERENNIAL,low,1.5,PIURA,ANNUAL,2000,0.852639290285
7_6359410_90851,ANNUAL,high,1.0,PIURA,ANNUAL,2000,0.308915445186
7_6359410_90852,PERENNIAL,medium,1.0,PIURA,PERENNIAL,2000,0.376959782024
7_6359410_90873,PERENNIAL,high,1.5,PIURA,PERENNIAL,2000,0.57716056264
7_6359410_90881,PERENNIAL,high,0.5,PIURA,PERENNIAL,2000,0.340904918591
7_6359410_93060,ANNUAL,medium,0.75,PIURA,ANNUAL,2000,1.27991468286
7_6359410_93092,ANNUAL,high,2.25,PIURA,ANNUAL,2000,0.579144553387
7_6359410_93865,ANNUAL,high,0.39,PIURA,ANNUAL,2000,0.519794433464
7_6359415_82421,PERENNIAL,medium,0.25,PIURA,ANNUAL,1999,3.30666280265
7_6359415_82424,ANNUAL,high,0.5,PIURA,PERENNIAL,1999,0.308763098424
7_6359415_82426,PERENNIAL,medium,14.0,PIURA,PERENNIAL,1999,0.406153117936
7_6359415_82429,PERENNIAL,medium,4.0,PIURA,ANNUAL,1999,4.20596442663
7_6359415_82869,PERENNIAL,medium,1.0,PIURA,PERENNIAL,2001,0.69670009362
7_6359415_82870,ANNUAL,high,0.5,PIURA,PERENNIAL,1999,2.40533721651
7_6359415_82891,PERENNIAL,medium,1.0,PIURA,PERENNIAL,1999,0.31445147644
7_6359415_82895,PERENNIAL,low,11.0,PIURA,PERENNIAL,2001,0.307432969658
7_6359415_83049,ANNUAL,medium,0.5,PIURA,PERENNIAL,1999,1.2890319851
7_6359415_83050,ANNUAL,medium,0.5,PIURA,ANNUAL,1999,1.07164412486
7_6359415_83056,PERENNIAL,medium,2.0,PIURA,PASTURE_FALLOW,1999,0.672148385988
7_6409395_042901,PERENNIAL,low,4.5,PIURA,ANNUAL,2005,10.34291342
7_6409400_042897,PERENNIAL,high,0.5,PIURA,ANNUAL,2005,1.33405302439
7_6409400_042900,PERENNIAL,medium,1.1461999999999999,PIURA,ANNUAL,2005,1.384334246
7_6409400_95981,PERENNIAL,high,1.75,PIURA,ANNUAL,2000,0.230462844592
7_6409400_95989,ANNUAL,medium,2.25,PIURA,ANNUAL,2000,3.20712986684
7_6409400_96607,ANNUAL,high,8.0,PIURA,ANNUAL,2000,3.44960094165
7_6409400_96614,ANNUAL,high,0.25,PIURA,ANNUAL,2000,7.12908115239
7_6409400_96617,PERENNIAL,medium,3.5,PIURA,ANNUAL,2000,1.4006922791
7_6409400_96618,PERENNIAL,high,3.0,PIURA,PERENNIAL,2000,5.24692150072
7_6409400_96620,PASTURE_FALLOW,high,1.0,PIURA,ANNUAL,2000,0.893235160246
7_6409400_96622,ANNUAL,high,12.5,PIURA,ANNUAL,2000,1.92904819986
7_6409400_96623,PERENNIAL,medium,1.75,PIURA,ANNUAL,2000,1.72847844515
7_6409400_96626,PERENNIAL,low,3.75,PIURA,ANNUAL,2000,4.39598324571
7_6409405_89664,PERENNIAL,low,2.5,PIURA,ANNUAL,2000,1.18499429541
7_6409405_95391,ANNUAL,high,0.5,PIURA,PERENNIAL,2000,2.95614297576
7_6409405_95395,ANNUAL,medium,0.5,PIURA,PASTURE_FALLOW,2000,2.86371341602
7_6409405_96802,PERENNIAL,medium,1.0,PIURA,ANNUAL,2000,5.91139636865
7_6409410_82420,PERENNIAL,high,0.99,PIURA,ANNUAL,1999,1.217958826
7_6409410_82519,ANNUAL,medium,3.0,PIURA,ANNUAL,1999,0.32321288921
7_6409410_82521,ANNUAL,high,0.84,PIURA,ANNUAL,1999,0.266213987249
7_6409410_82525,PERENNIAL,high,2.6,PIURA,ANNUAL,1999,0.284943788011
7_6409410_82528,PERENNIAL,medium,0.785,PIURA,ANNUAL,1999,0.334453635148
7_6409410_82530,PERENNIAL,medium,1.35,PIURA,ANNUAL,1999,0.238844339687
7_6409410_82545,PERENNIAL,medium,0.12,PIURA,ANNUAL,1999,0.388589114501
7_6409410_82548,PERENNIAL,high,2.3,PIURA,PERENNIAL,1999,0.274423630616
7_6409410_82552,PERENNIAL,high,0.25,PIURA,PERENNIAL,1999,0.539157208947
7_6409410_82557,PERENNIAL,low,1.0,PIURA,ANNUAL,1999,1.84436902707
7_6409410_82558,PERENNIAL,high,0.5,PIURA,ANNUAL,1999,1.50508935287
7_6409410_82571,ANNUAL,high,1.0,PIURA,ANNUAL,2001,0.757567364285
7_6409410_82574,PERENNIAL,high,0.25,PIURA,ANNUAL,1999,0.232567111311
7_6409410_83107,PASTURE_FALLOW,low,1.0,PIURA,PASTURE_FALLOW,1999,2.0194481154
7_6409410_83109,PERENNIAL,high,18.0,PIURA,PERENNIAL,2001,5.96003369685
7_6409410_83110,PERENNIAL,high,0.5,PIURA,PERENNIAL,1999,0.642691419593
7_6409410_89162,PERENNIAL,low,6.5600000000000005,PIURA,ANNUAL,2000,0.60042576801
7_6409410_89168,PERENNIAL,high,0.25,PIURA,ANNUAL,2000,0.65873109163
7_6409410_89171,PERENNIAL,low,1.25,PIURA,ANNUAL,2000,0.258283482904
7_6409410_89183,PERENNIAL,high,0.25,PIURA,ANNUAL,2000,1.01045828152
7_6409410_89190,PERENNIAL,low,0.2,PIURA,ANNUAL,2000,0.694247884976
7_6409410_89351,ANNUAL,medium,0.75,PIURA,PERENNIAL,2000,0.998221075945
7_6409410_89352,PERENNIAL,high,1.0,PIURA,PERENNIAL,2000,2.58350443999
7_6409410_89357,PERENNIAL,medium,6.0,PIURA,PERENNIAL,2000,0.717952866137
7_6409410_89359,PERENNIAL,medium,4.99,PIURA,PERENNIAL,2000,0.749730887392
7_6409410_89360,PERENNIAL,medium,3.0,PIURA,ANNUAL,2000,0.686099373476
7_6409410_89362,PERENNIAL,medium,1.35,PIURA,ANNUAL,2000,0.170111636822
7_6409410_89369,PERENNIAL,low,2.9,PIURA,ANNUAL,2000,0.552084876703
7_6409410_89370,PERENNIAL,medium,0.6,PIURA,PERENNIAL,2000,0.145175612776
7_6409410_89373,PERENNIAL,low,0.5,PIURA,PERENNIAL,2000,1.08534154649
7_6409410_89374,PERENNIAL,high,0.12,PIURA,ANNUAL,2000,0.292296785149
7_6409410_89382,PERENNIAL,low,0.25,PIURA,PERENNIAL,2000,1.38493684316
7_6409410_89385,PERENNIAL,medium,0.7,PIURA,PERENNIAL,2000,2.21772267102
7_6409410_89399,PERENNIAL,high,0.25,PIURA,ANNUAL,2000,0.480309823934
7_6409410_89406,ANNUAL,high,2.0999999999999996,PIURA,ANNUAL,2000,0.534999900845
7_6409410_89408,PERENNIAL,low,1.5,PIURA,ANNUAL,2000,1.10338443136
7_6409410_89430,PERENNIAL,high,1.5,PIURA,ANNUAL,2000,1.15341510483
7_6409410_89431,ANNUAL,medium,0.4,PIURA,ANNUAL,2000,1.03214087704
7_6409410_89432,PERENNIAL,high,1.0,PIURA,ANNUAL,2000,0.923300112105
7_6409410_89497,PERENNIAL,medium,0.25,PIURA,ANNUAL,2000,1.65330407083
7_6409410_89501,PERENNIAL,low,0.5,PIURA,ANNUAL,2000,2.91085248413
7_6409410_89503,ANNUAL,medium,2.0,PIURA,ANNUAL,2000,1.1427037664
7_6409410_89506,PERENNIAL,medium,0.5,PIURA,ANNUAL,2000,1.03976410698
7_6409410_89522,ANNUAL,low,0.25,PIURA,ANNUAL,2000,0.55877675783
7_6409410_89524,ANNUAL,medium,0.75,PIURA,ANNUAL,2000,0.916076415302
7_6409410_89525,PERENNIAL,medium,0.3,PIURA,ANNUAL,2000,0.55076436212
7_6409410_89527,ANNUAL,high,1.0,PIURA,ANNUAL,2000,0.550938589213
7_6409410_89528,ANNUAL,high,0.5,PIURA,ANNUAL,2000,0.517376524395
7_6409410_89535,PERENNIAL,medium,1.0,PIURA,ANNUAL,2000,1.21705429165
7_6409410_89538,ANNUAL,high,4.0,PIURA,ANNUAL,2000,0.274665654439
7_6409410_89547,PERENNIAL,high,0.5,PIURA,ANNUAL,2000,1.06702593689
7_6409410_89549,ANNUAL,high,0.5,PIURA,ANNUAL,2000,0.466095349565
7_6409410_89556,ANNUAL,medium,0.3,PIURA,ANNUAL,2000,0.381288877119
7_6409410_89558,ANNUAL,high,0.25,PIURA,ANNUAL,2000,0.314351845442
7_6409410_89569,ANNUAL,medium,0.25,PIURA,ANNUAL,2000,0.467777757591
7_6409410_89571,PERENNIAL,medium,0.5,PIURA,ANNUAL,2000,0.282110892751
7_6409410_89572,PERENNIAL,low,0.65,PIURA,ANNUAL,2000,0.987776336656
7_6409410_89575,ANNUAL,medium,0.75,PIURA,ANNUAL,2000,1.26871506887
7_6409410_89583,ANNUAL,low,0.5,PIURA,ANNUAL,2000,0.629140701704
7_6409410_89585,PERENNIAL,low,1.0,PIURA,ANNUAL,2000,0.563517944457
7_6409410_89588,PERENNIAL,high,3.5,PIURA,ANNUAL,2000,0.489311887062
7_6409410_89593,ANNUAL,high,0.25,PIURA,ANNUAL,2000,1.14357947771
7_6409410_89616,ANNUAL,high,4.0,PIURA,ANNUAL,2000,1.08858705961
7_6409410_89631,ANNUAL,low,0.5,PIURA,ANNUAL,2000,0.453151132202
7_6409410_89632,PERENNIAL,high,0.1,PIURA,ANNUAL,2000,0.406272935804
7_6409410_89633,ANNUAL,high,0.3,PIURA,ANNUAL,2000,0.385509573779
7_6409410_89638,ANNUAL,medium,1.1,PIURA,ANNUAL,2000,1.27850183636
7_6409410_89648,ANNUAL,medium,0.06,PIURA,ANNUAL,2000,0.477987375039
7_6409410_89666,PERENNIAL,low,4.5,PIURA,ANNUAL,2000,1.2831732045
7_6409410_89669,ANNUAL,high,0.75,PIURA,ANNUAL,2000,1.25316441162
7_6409410_89672,PERENNIAL,medium,0.25,PIURA,ANNUAL,2000,0.883912791329
7_6409410_89674,PERENNIAL,high,0.2,PIURA,ANNUAL,2000,0.574188050236
7_6409410_89677,PERENNIAL,medium,0.5,PIURA,ANNUAL,2000,4.81533466326
7_6409410_89680,PERENNIAL,high,0.35,PIURA,ANNUAL,2000,0.592370200743
7_6409410_89686,PERENNIAL,high,0.5,PIURA,ANNUAL,2000,1.41279100525
7_6409410_89692,PERENNIAL,high,1.75,PIURA,ANNUAL,2000,3.19853050476
7_6409410_89694,ANNUAL,medium,0.2,PIURA,ANNUAL,2000,1.22847389563
7_6409410_89696,PERENNIAL,low,0.62,PIURA,ANNUAL,2000,2.6099701202
7_6409410_89705,PERENNIAL,high,0.3,PIURA,ANNUAL,2000,3.40639002506
7_6409410_89709,PERENNIAL,medium,4.3,PIURA,ANNUAL,2000,1.35562078262
7_6409410_89712,PERENNIAL,low,0.5,PIURA,ANNUAL,2000,2.27920406968
7_6409410_89716,PERENNIAL,high,0.5,PIURA,ANNUAL,2000,1.65667627912
7_6409410_89733,PERENNIAL,high,2.5,PIURA,ANNUAL,2000,1.22970282799
7_6409410_89746,PERENNIAL,medium,1.2,PIURA,PERENNIAL,2000,1.82726737776
7_6409410_89762,ANNUAL,medium,2.0,PIURA,ANNUAL,2000,3.29575372962
7_6409410_89766,PERENNIAL,high,0.25,PIURA,ANNUAL,2000,0.915603786225
7_6409410_89777,ANNUAL,medium,1.25,PIURA,ANNUAL,2000,0.835820269711
7_6409410_89792,PERENNIAL,high,0.5,PIURA,ANNUAL,2000,0.814301987832
7_6409410_89799,ANNUAL,low,1.0,PIURA,ANNUAL,2000,0.361503867919
7_6409410_89805,PERENNIAL,high,4.0,PIURA,ANNUAL,2000,0.457020587677
7_6409410_89807,PERENNIAL,medium,2.0,PIURA,ANNUAL,2000,0.615742533372
7_6409410_89808,PERENNIAL,medium,1.55,PIURA,ANNUAL,2000,0.982686773097
7_6409410_89811,PERENNIAL,high,1.92,PIURA,ANNUAL,2000,0.65813866029
7_6409410_89816,ANNUAL,low,0.5,PIURA,ANNUAL,2000,1.46930876814
7_6409410_89820,PERENNIAL,low,1.0,PIURA,ANNUAL,2000,0.923008195659
7_6409410_89822,ANNUAL,medium,3.5,PIURA,ANNUAL,2000,0.851104764097
7_6409410_89823,ANNUAL,low,1.25,PIURA,ANNUAL,2000,0.876179312282
7_6409410_89826,PERENNIAL,medium,4.0,PIURA,ANNUAL,2000,0.690745568467
7_6409410_89827,PERENNIAL,high,0.25,PIURA,ANNUAL,2000,1.4547724142
7_6409410_89828,PERENNIAL,high,0.2,PIURA,ANNUAL,2000,1.53683867574
7_6409410_89833,ANNUAL,medium,4.2,PIURA,ANNUAL,2000,0.857707557648
7_6409410_89836,PERENNIAL,high,0.75,PIURA,ANNUAL,2000,1.07380434916
7_6409410_89837,PERENNIAL,medium,9.0,PIURA,ANNUAL,2000,0.368861479213
7_6409410_89843,PERENNIAL,medium,2.0,PIURA,ANNUAL,2000,0.251121887771
7_6409410_89844,PERENNIAL,high,1.5,PIURA,PERENNIAL,2000,1.02655807039
7_6409410_89848,ANNUAL,medium,0.5,PIURA,ANNUAL,2000,0.880702350781
7_6409410_89853,PERENNIAL,high,0.5,PIURA,PERENNIAL,2000,0.524505288629
7_6409410_89854,ANNUAL,low,2.0,PIURA,ANNUAL,2000,1.22303066841
7_6409410_89857,ANNUAL,high,0.5,PIURA,ANNUAL,2000,0.874317107817
7_6409410_89874,PERENNIAL,medium,1.0,PIURA,ANNUAL,2000,0.656359135381
7_6409410_89887,PERENNIAL,medium,2.5,PIURA,ANNUAL,2000,0.599924826319
7_6409410_89903,PERENNIAL,medium,0.75,PIURA,PERENNIAL,2000,0.596879881621
7_6409410_89905,PERENNIAL,medium,2.5,PIURA,PERENNIAL,2000,0.661455909506
7_6409410_89910,PERENNIAL,medium,0.25,PIURA,ANNUAL,2000,0.824235401462
7_6409410_89930,PERENNIAL,medium,2.0,PIURA,ANNUAL,2000,4.22744628053
7_6409410_89931,PERENNIAL,high,0.5,PIURA,ANNUAL,2000,2.0326388086
7_6409410_89936,PERENNIAL,medium,2.5,PIURA,ANNUAL,2000,0.37571546027
7_6409410_89947,PERENNIAL,low,4.75,PIURA,ANNUAL,2000,0.546406952108
7_6409410_89962,PERENNIAL,medium,1.0,PIURA,ANNUAL,2000,1.10972436257
7_6409410_89967,PERENNIAL,medium,0.2,PIURA,ANNUAL,2000,1.09572782688
7_6409410_89981,PERENNIAL,low,0.25,PIURA,PERENNIAL,2000,2.02169176945
7_6409410_89990,PERENNIAL,high,0.35,PIURA,ANNUAL,2000,0.58237345403
7_6409410_89991,ANNUAL,low,0.5,PIURA,ANNUAL,2000,0.409015018693
7_6409410_89992,PERENNIAL,low,3.0,PIURA,ANNUAL,2000,0.613093232435
7_6409410_89994,PERENNIAL,high,0.75,PIURA,ANNUAL,2000,0.612800705416
7_6409410_89995,PERENNIAL,high,1.0,PIURA,ANNUAL,2000,0.522763268501
7_6409410_89996,ANNUAL,medium,1.25,PIURA,ANNUAL,2000,0.568793848703
7_6409410_89998,PERENNIAL,high,1.0,PIURA,ANNUAL,2000,0.99060506686
7_6409410_89999,PERENNIAL,medium,0.5,PIURA,ANNUAL,2000,0.692150868785
7_6409410_93002,PERENNIAL,medium,0.3,PIURA,ANNUAL,2000,0.514409328984
7_6409410_93012,PERENNIAL,medium,1.5,PIURA,ANNUAL,2000,0.220687882609
7_6409410_93013,PERENNIAL,low,9.25,PIURA,ANNUAL,2000,0.273443468806
7_6409410_93014,PERENNIAL,medium,1.3,PIURA,ANNUAL,2000,0.321381960211
7_6409410_93020,PERENNIAL,medium,3.5,PIURA,ANNUAL,2000,0.316130094635
7_6409410_93021,PERENNIAL,medium,2.25,PIURA,ANNUAL,2000,0.762053715432
7_6409410_93024,ANNUAL,high,1.6,PIURA,ANNUAL,2000,0.58222787931
7_6409410_93029,PERENNIAL,medium,0.75,PIURA,ANNUAL,2000,0.414841334452
7_6409410_93038,PERENNIAL,high,0.75,PIURA,ANNUAL,2000,0.384223114766
7_6409410_93048,PERENNIAL,low,0.12,PIURA,ANNUAL,2000,0.449386705886
7_6409410_93049,PERENNIAL,low,0.25,PIURA,ANNUAL,2000,0.512676598563
7_6409410_93102,PERENNIAL,high,0.5,PIURA,ANNUAL,2000,0.505788454469
7_6409410_93103,PERENNIAL,medium,0.3,PIURA,ANNUAL,2000,0.244226376367
7_6409410_93112,PERENNIAL,low,1.5,PIURA,ANNUAL,2000,1.27154244228
7_6409410_93117,PERENNIAL,medium,3.5,PIURA,ANNUAL,2000,2.13774437283
7_6409410_93125,PERENNIAL,medium,0.5,PIURA,ANNUAL,2000,1.68201200423
7_6409410_93136,PERENNIAL,high,0.5,PIURA,PERENNIAL,2000,0.609832188776
7_6409415_83062,PERENNIAL,medium,3.82,PIURA,ANNUAL,1999,3.03971298823
7_6409415_83063,ANNUAL,high,0.75,PIURA,ANNUAL,1999,1.19811703961
7_6409415_83076,PERENNIAL,high,3.75,PIURA,PASTURE_FALLOW,1999,1.97398670259
7_6409415_83082,PERENNIAL,medium,0.75,PIURA,PERENNIAL,1999,0.483411608036
7_6409415_83088,PERENNIAL,medium,1.5,PIURA,PERENNIAL,1999,0.819061933298
7_6409415_83096,PERENNIAL,high,0.7,PIURA,PERENNIAL,1999,0.385535628268
7_6409415_89071,PERENNIAL,medium,2.25,PIURA,ANNUAL,2000,1.541070785
7_6409415_89076,PERENNIAL,medium,2.0,PIURA,ANNUAL,2000,2.3261494399
7_6409415_89390,PERENNIAL,medium,0.75,PIURA,PERENNIAL,2000,0.4226599184
7_6409420_047550,PERENNIAL,high,2.0,PIURA,ANNUAL,2007,1.41229178673
7_6409420_047573,PERENNIAL,high,0.37,PIURA,PERENNIAL,2007,0.279588310878
7_6409420_89034,ANNUAL,medium,1.5,PIURA,ANNUAL,2000,1.56662715885
7_6409420_89038,ANNUAL,medium,0.14,PIURA,ANNUAL,2000,1.56146934281
7_6409420_89079,ANNUAL,medium,1.0,PIURA,ANNUAL,2000,1.05695825628
7_6409425_047551,PERENNIAL,medium,1.37,PIURA,PERENNIAL,2007,0.548630126233
7_6409425_047557,PERENNIAL,high,2.12,PIURA,PERENNIAL,2007,0.73873706823
7_6409425_047661,PERENNIAL,medium,1.0,PIURA,ANNUAL,2007,3.80251886787
7_6459395_40937,PERENNIAL,high,1.0,PIURA,PERENNIAL,1999,0.535616431788
7_6459395_40948,PASTURE_FALLOW,high,1.0,PIURA,PERENNIAL,1999,1.14617143131
7_6459395_40954,ANNUAL,high,1.0,PIURA,ANNUAL,1999,0.9201457477
7_6459400_041933,PASTURE_FALLOW,medium,28.75,PIURA,PERENNIAL,2005,14.9297366357
7_6459400_046495,ANNUAL,low,2.5,PIURA,PERENNIAL,2005,2.24278242205
7_6459400_046721,PERENNIAL,medium,0.5,PIURA,PERENNIAL,2005,0.127543040375
7_6459400_046730,PERENNIAL,medium,8.0,PIURA,PASTURE_FALLOW,2005,0.254365135457
7_6459400_046733,ANNUAL,medium,1.75,PIURA,PERENNIAL,2005,0.390973711073
7_6459400_046734,ANNUAL,low,1.0,PIURA,PASTURE_FALLOW,2005,0.295546804924
7_6459400_046736,PERENNIAL,medium,1.75,PIURA,PERENNIAL,2005,0.222609210436
7_6459400_046740,PASTURE_FALLOW,medium,0.25,PIURA,PASTURE_FALLOW,2005,0.302102998554
7_6459400_046787,PERENNIAL,medium,1.75,PIURA,ANNUAL,2005,0.634098187731
7_6459400_046790,PERENNIAL,high,2.5,PIURA,PERENNIAL,2005,0.13601846574
7_6459400_046792,PERENNIAL,medium,3.25,PIURA,ANNUAL,2005,0.737422199489
7_6459400_046799,PERENNIAL,medium,2.75,PIURA,ANNUAL,2005,0.389359196639
7_6459400_046806,PERENNIAL,high,1.0,PIURA,ANNUAL,2005,1.97744549813
7_6459400_046922,PERENNIAL,low,8.0,PIURA,PASTURE_FALLOW,2005,2.34890096354
7_6459400_046924,PERENNIAL,medium,2.0,PIURA,PASTURE_FALLOW,2005,0.48106890039
7_6459400_046941,PERENNIAL,medium,1.5,PIURA,PERENNIAL,2005,1.56402233498
7_6459400_046944,PERENNIAL,medium,0.25,PIURA,PASTURE_FALLOW,2005,0.635349505018
7_6459400_046952,PERENNIAL,medium,4.8100000000000005,PIURA,PASTURE_FALLOW,2005,0.548445432395
7_6459400_046954,PERENNIAL,medium,10.0,PIURA,PASTURE_FALLOW,2005,0.136879607912
7_6459400_40932,PERENNIAL,high,0.25,PIURA,PERENNIAL,1999,2.61589365361
7_6459400_40945,PERENNIAL,high,2.5,PIURA,ANNUAL,1999,1.73782854214
7_6459400_95360,PERENNIAL,medium,3.0,PIURA,ANNUAL,2000,9.62381155349
7_6459400_95362,PERENNIAL,high,4.5,PIURA,ANNUAL,2000,18.3010807057
7_6459400_96329,PERENNIAL,high,1.5,PIURA,ANNUAL,2000,4.54552831211
7_6459405_93594,PERENNIAL,medium,1.0,PIURA,PERENNIAL,2000,9.02165237269
7_6459405_95262,PERENNIAL,medium,1.0,PIURA,PERENNIAL,2000,3.61213232796
7_6459405_95265,PERENNIAL,medium,3.0,PIURA,ANNUAL,2000,12.952768323
7_6459405_95271,PERENNIAL,high,3.5,PIURA,ANNUAL,2000,1.45623420066
7_6459405_95295,ANNUAL,low,0.25,PIURA,PASTURE_FALLOW,2000,2.45309992705
7_6459405_95301,PERENNIAL,medium,1.0,PIURA,PERENNIAL,2000,0.126758281756
7_6459405_95313,PERENNIAL,low,2.0,PIURA,PASTURE_FALLOW,2000,6.94464867821
7_6459405_95316,PASTURE_FALLOW,low,2.0,PIURA,PERENNIAL,2000,1.79852806756
7_6459405_95324,PERENNIAL,medium,4.0,PIURA,ANNUAL,2000,7.38109095819
7_6459405_95326,PERENNIAL,medium,1.0,PIURA,ANNUAL,2000,1.10900011383
7_6459405_95334,PASTURE_FALLOW,medium,14.0,PIURA,PERENNIAL,2000,6.85727585715
7_6459405_95337,PERENNIAL,low,7.0,PIURA,PERENNIAL,2000,0.500274174554
7_6459405_95338,PERENNIAL,medium,2.0,PIURA,PERENNIAL,2000,0.864866683355
7_6459405_95339,PERENNIAL,high,1.0,PIURA,PERENNIAL,2000,0.691982457181
7_6459405_95344,PERENNIAL,medium,3.0,PIURA,ANNUAL,2000,6.09476571532
7_6459405_95355,PERENNIAL,low,1.0,PIURA,PASTURE_FALLOW,2000,3.37214916554
7_6459405_95356,PERENNIAL,low,3.25,PIURA,PASTURE_FALLOW,2000,6.18520142129
7_6459405_95373,PERENNIAL,medium,0.25,PIURA,PASTURE_FALLOW,2000,2.34164569838
7_6459405_95380,PERENNIAL,medium,1.0,PIURA,ANNUAL,2000,6.18852868483
7_6459405_95387,PERENNIAL,high,1.0,PIURA,ANNUAL,2000,5.81447706026
7_6459405_95471,PERENNIAL,medium,2.0,PIURA,PASTURE_FALLOW,2000,3.64656952866
7_6459405_95512,ANNUAL,low,0.5,PIURA,PASTURE_FALLOW,2000,6.65558508208
7_6459405_95530,PERENNIAL,high,0.9,PIURA,PASTURE_FALLOW,2000,1.34070628599
7_6459405_95534,PERENNIAL,low,2.6,PIURA,PASTURE_FALLOW,2000,3.45660175069
7_6459405_95553,PERENNIAL,low,0.5,PIURA,ANNUAL,2000,2.87503201858
7_6459405_95685,PERENNIAL,medium,3.25,PIURA,PERENNIAL,2000,1.66500208328
7_6459405_95692,PERENNIAL,high,5.25,PIURA,PERENNIAL,2000,1.29323645809
7_6459405_95693,PERENNIAL,medium,1.0,PIURA,PERENNIAL,2000,0.883040603604
7_6459405_95710,PASTURE_FALLOW,medium,120.0,PIURA,PERENNIAL,2000,0.467388682092
7_6459405_95718,PERENNIAL,medium,9.5,PIURA,PERENNIAL,2000,2.40321676463
7_6459405_95725,PERENNIAL,medium,15.75,PIURA,PERENNIAL,2000,0.736351639908
7_6459405_95727,PERENNIAL,high,2.75,PIURA,PERENNIAL,2000,0.358995420974
7_6459405_95751,PERENNIAL,medium,2.75,PIURA,PERENNIAL,2000,0.67545242091
7_6459405_95765,PERENNIAL,high,2.5,PIURA,PERENNIAL,2000,1.18408479708
7_6459405_96301,PERENNIAL,medium,0.55,PIURA,PASTURE_FALLOW,2000,3.68257179325
7_6459405_96303,PERENNIAL,medium,2.0,PIURA,PASTURE_FALLOW,2000,2.79994397408
7_6459405_96314,PERENNIAL,high,3.0,PIURA,PERENNIAL,2000,0.930437904599
7_6459405_96317,PERENNIAL,low,3.0,PIURA,PASTURE_FALLOW,2000,6.45249730387
7_6459405_96319,PERENNIAL,medium,12.0,PIURA,PASTURE_FALLOW,2000,1.95179983451
7_6459405_96321,PERENNIAL,low,1.5,PIURA,PASTURE_FALLOW,2000,2.41285999854
7_6459405_96322,PERENNIAL,medium,3.0,PIURA,PASTURE_FALLOW,2000,3.76180544763
7_6459405_96324,PERENNIAL,medium,2.5,PIURA,PERENNIAL,2000,0.548587207321
7_6459405_96331,PERENNIAL,low,33.0,PIURA,ANNUAL,2000,4.42061310937
7_6459405_96332,PERENNIAL,medium,2.75,PIURA,PERENNIAL,2000,0.386392652332
7_6459405_96649,PERENNIAL,medium,30.5,PIURA,PERENNIAL,2000,1.48423060328
7_6459405_96682,PERENNIAL,high,1.75,PIURA,PASTURE_FALLOW,2000,1.66418824533
7_6459405_96683,PERENNIAL,medium,3.0,PIURA,PASTURE_FALLOW,2000,4.00301810588
7_6459405_96800,PERENNIAL,medium,1.0,PIURA,PERENNIAL,2000,0.934605365937
7_6459405_96811,PERENNIAL,low,4.0,PIURA,PASTURE_FALLOW,2000,2.14732085588
7_6459405_96818,PERENNIAL,medium,2.0,PIURA,ANNUAL,2000,1.50476596027
7_6459405_96825,PERENNIAL,medium,2.0,PIURA,PASTURE_FALLOW,2000,2.11424670471
7_6459405_96827,PERENNIAL,medium,5.5,PIURA,PERENNIAL,2000,3.99138904773
7_6459405_96829,PERENNIAL,low,5.0,PIURA,PASTURE_FALLOW,2000,0.62003927813
7_6459405_96859,PERENNIAL,medium,7.0,PIURA,PASTURE_FALLOW,2000,1.52494043434
7_6459405_96866,PERENNIAL,medium,1.0,PIURA,PERENNIAL,2000,1.50644841742
7_6459405_96872,PERENNIAL,low,26.0,PIURA,PASTURE_FALLOW,2000,0.178558806612
7_6459410_95477,PERENNIAL,medium,2.2,PIURA,PASTURE_FALLOW,2000,0.537075392884
7_6459410_95485,PERENNIAL,medium,6.5,PIURA,PASTURE_FALLOW,2000,3.95479214048
7_6459410_95490,PERENNIAL,medium,0.5,PIURA,ANNUAL,2000,1.47234081066
7_6459410_95491,PERENNIAL,medium,2.0,PIURA,PASTURE_FALLOW,2000,1.55855094275
7_6459410_95492,PERENNIAL,medium,0.85,PIURA,PASTURE_FALLOW,2000,0.806228750648
7_6459410_95493,PERENNIAL,medium,0.1,PIURA,PASTURE_FALLOW,2000,1.43670869128
7_6459410_95500,PERENNIAL,high,2.5,PIURA,PERENNIAL,2000,0.26700553781
7_6459410_95501,PERENNIAL,medium,1.5,PIURA,PASTURE_FALLOW,2000,0.236014644728
7_6459410_95502,ANNUAL,medium,0.4,PIURA,ANNUAL,2000,0.956519559277
7_6459410_95557,PERENNIAL,low,0.5,PIURA,PASTURE_FALLOW,2000,0.633179837194
7_6459410_95568,PERENNIAL,medium,4.0,PIURA,PASTURE_FALLOW,2000,0.488303481717
7_6459410_96272,PERENNIAL,medium,1.0,PIURA,PASTURE_FALLOW,2000,0.461284942714
7_6459410_96275,PERENNIAL,medium,3.75,PIURA,PASTURE_FALLOW,2000,0.410577665785
7_6459410_96279,PERENNIAL,medium,0.5,PIURA,PASTURE_FALLOW,2000,0.425578872559
7_6459410_96280,PERENNIAL,medium,0.85,PIURA,PASTURE_FALLOW,2000,13.5599046548
7_6459410_96286,PERENNIAL,medium,1.5,PIURA,PASTURE_FALLOW,2000,0.923076529272
7_6459410_96288,PERENNIAL,medium,1.0,PIURA,PASTURE_FALLOW,2000,1.19591423897
7_6459410_96292,PERENNIAL,medium,2.0,PIURA,PASTURE_FALLOW,2000,0.453422731445
7_6459410_96849,PERENNIAL,medium,1.5,PIURA,PERENNIAL,2000,1.15416036191
7_6459410_96873,ANNUAL,low,1.04,PIURA,PASTURE_FALLOW,2000,5.64478890196
7_6459415_41825,PERENNIAL,high,7.0,PIURA,PERENNIAL,2001,2.95568864589
7_6459415_41828,PERENNIAL,high,1.25,PIURA,PERENNIAL,2001,4.15180403898
7_6459415_41833,PERENNIAL,high,0.5,PIURA,PERENNIAL,2004,0.730849670269
7_6459415_41838,PERENNIAL,high,2.5,PIURA,PERENNIAL,2004,2.48533005785
7_6459415_41873,PERENNIAL,low,2.5,PIURA,ANNUAL,2004,1.83821270549
7_6459415_41874,PERENNIAL,high,2.25,PIURA,PERENNIAL,2004,3.12586708744
7_6459415_41876,ANNUAL,low,2.0,PIURA,PERENNIAL,2004,1.82891752418
7_6459415_41896,PERENNIAL,medium,11.0,PIURA,PERENNIAL,2004,0.814598720847
7_6459415_41931,PERENNIAL,high,1.5,PIURA,PERENNIAL,2001,3.23394783491
7_6459415_89010,PERENNIAL,medium,3.25,PIURA,PERENNIAL,2000,2.39117100094
7_6459415_89012,PERENNIAL,high,1.0,PIURA,PASTURE_FALLOW,2000,0.380983393787
7_6459415_89022,PERENNIAL,medium,1.5,PIURA,PASTURE_FALLOW,2000,1.18255610153
7_6459415_89026,PERENNIAL,high,3.55,PIURA,PERENNIAL,2000,1.93807651701
7_6459415_89101,PERENNIAL,medium,0.25,PIURA,PERENNIAL,2000,3.47471648982
7_6459415_89106,PERENNIAL,low,1.1,PIURA,PERENNIAL,2000,2.07046420001
7_6459415_89203,PERENNIAL,high,2.5,PIURA,ANNUAL,2000,1.2794705078
7_6459415_89225,PERENNIAL,medium,1.25,PIURA,ANNUAL,2000,2.03724231838
7_6459415_89237,PERENNIAL,medium,0.75,PIURA,ANNUAL,2000,3.62431628763
7_6459415_89241,PERENNIAL,medium,0.75,PIURA,ANNUAL,2000,0.233837888855
7_6459415_89252,PERENNIAL,high,2.5,PIURA,ANNUAL,2000,3.46956040923
7_6459415_89256,PERENNIAL,low,1.25,PIURA,ANNUAL,2000,1.75737131656
7_6459415_89268,ANNUAL,medium,0.37,PIURA,ANNUAL,2000,1.76059537052
7_6459415_89271,PERENNIAL,low,11.25,PIURA,ANNUAL,2000,0.880172914032
7_6459415_89274,PERENNIAL,medium,4.05,PIURA,ANNUAL,2000,3.01734882733
7_6459415_89287,ANNUAL,high,1.55,PIURA,PERENNIAL,2000,0.4874255844
7_6459415_89290,PERENNIAL,high,3.0,PIURA,ANNUAL,2000,0.72327955714
7_6459415_89293,PERENNIAL,high,0.75,PIURA,PERENNIAL,2000,2.97398220704
7_6459415_89295,PERENNIAL,high,8.0,PIURA,PERENNIAL,2000,3.50632723858
7_6459415_89299,PERENNIAL,medium,1.0,PIURA,PERENNIAL,2000,0.404908803687
7_6459415_89303,PERENNIAL,high,0.25,PIURA,PERENNIAL,2000,1.43462056797
7_6459415_89307,PERENNIAL,high,0.25,PIURA,PERENNIAL,2000,0.431226307016
7_6459415_89314,PERENNIAL,high,0.6000000000000001,PIURA,PERENNIAL,2000,1.0531980648
7_6459415_89316,PERENNIAL,high,4.15,PIURA,PERENNIAL,2000,1.38755258633
7_6459415_89319,PERENNIAL,high,0.5,PIURA,PERENNIAL,2000,0.712415095899
7_6459415_89324,PERENNIAL,medium,15.0,PIURA,ANNUAL,2000,0.758295434689
7_6459415_89325,PERENNIAL,low,0.5,PIURA,PERENNIAL,2000,2.27474765308
7_6459415_89328,PERENNIAL,medium,3.0,PIURA,PERENNIAL,2000,1.41340286775
7_6459415_89329,PERENNIAL,medium,2.5,PIURA,PERENNIAL,2000,5.97867763996
7_6459415_89336,PERENNIAL,high,7.0,PIURA,PERENNIAL,2000,3.2725685091
7_6459415_89337,PERENNIAL,low,2.5,PIURA,PERENNIAL,2000,0.260381595291
7_6459415_94869,PERENNIAL,medium,0.75,PIURA,PERENNIAL,2000,1.31852637277
7_6459415_94879,PERENNIAL,high,2.75,PIURA,PERENNIAL,2000,1.68930737221
7_6459420_89087,PERENNIAL,high,1.5,PIURA,PERENNIAL,2002,3.08619475854
7_6459420_89098,PERENNIAL,high,1.25,PIURA,PERENNIAL,2000,0.419568398802
7_6459420_89132,PERENNIAL,high,0.5,PIURA,PASTURE_FALLOW,2000,0.436041227894
7_6459420_89137,PERENNIAL,medium,1.0,PIURA,PERENNIAL,2000,2.75608161883
7_6459420_89147,PERENNIAL,high,1.0,PIURA,PERENNIAL,2000,0.581394549722
7_6459420_89148,PERENNIAL,high,1.0,PIURA,PERENNIAL,2000,0.606170453004
7_6459420_91001,PERENNIAL,medium,2.0,PIURA,PASTURE_FALLOW,2000,2.04650124642
7_6459420_91003,PERENNIAL,medium,1.0,PIURA,PERENNIAL,2002,0.85700954701
7_6459420_91010,PERENNIAL,medium,0.5,PIURA,PERENNIAL,2002,0.301674658578
7_6459420_91021,PERENNIAL,medium,0.007,PIURA,PERENNIAL,2000,0.510642197869
7_6459420_91024,PERENNIAL,medium,2.0,PIURA,ANNUAL,2000,0.580434764978
7_6459420_91026,PERENNIAL,high,0.5,PIURA,ANNUAL,2000,0.439593063179
7_6459420_91052,PERENNIAL,medium,1.75,PIURA,PERENNIAL,2000,0.419258204276
7_6459420_91062,PERENNIAL,low,0.5,PIURA,ANNUAL,2000,0.912989847951
7_6459420_91063,PERENNIAL,high,1.25,PIURA,ANNUAL,2000,0.895614021763
7_6459420_91065,PERENNIAL,high,2.75,PIURA,ANNUAL,2000,0.621338966369
7_6459420_91066,PERENNIAL,low,1.5,PIURA,ANNUAL,2000,0.898334985675
7_6459420_91068,PERENNIAL,medium,0.75,PIURA,PERENNIAL,2000,0.278663135493
7_6459420_91086,PERENNIAL,medium,0.25,PIURA,PASTURE_FALLOW,2000,1.57961089144
7_6459420_91090,PERENNIAL,medium,1.0,PIURA,PASTURE_FALLOW,2000,0.372908969906
7_6459420_91094,PERENNIAL,high,0.5,PIURA,PERENNIAL,2000,0.35919601312
7_6459420_91097,PERENNIAL,medium,0.5,PIURA,PASTURE_FALLOW,2000,6.19546023531
7_6459420_91110,PERENNIAL,high,1.25,PIURA,PERENNIAL,2000,0.702895894688
7_6459420_91111,PERENNIAL,high,1.75,PIURA,ANNUAL,2000,0.458647062193
7_6459420_91113,ANNUAL,medium,0.25,PIURA,PERENNIAL,2000,0.286368859231
7_6459420_91116,PERENNIAL,high,3.5,PIURA,PERENNIAL,2000,0.587484448665
7_6459420_91120,PERENNIAL,medium,2.0,PIURA,PERENNIAL,2000,0.466383300443
7_6459420_91121,PERENNIAL,high,4.25,PIURA,PERENNIAL,2000,0.232311423541
7_6459420_91125,PERENNIAL,high,3.25,PIURA,PERENNIAL,2000,0.659860039337
7_6459420_91126,PERENNIAL,medium,4.5,PIURA,PERENNIAL,2000,0.511963409005
7_6459420_91144,PERENNIAL,medium,1.5,PIURA,ANNUAL,2000,2.11353303955
7_6459420_91181,PERENNIAL,medium,0.5,PIURA,ANNUAL,2000,0.919411334941
7_6459420_91188,PERENNIAL,medium,0.5,PIURA,ANNUAL,2000,4.08737229273
7_6459420_91203,PERENNIAL,medium,2.5,PIURA,PERENNIAL,2000,0.532120290777
7_6459420_91206,PERENNIAL,medium,0.75,PIURA,PERENNIAL,2000,0.809859163529
7_6459420_91211,PERENNIAL,low,1.5,PIURA,PERENNIAL,2000,0.486238503811
7_6459420_91215,PERENNIAL,medium,2.0,PIURA,ANNUAL,2000,1.23475894227
7_6459420_91216,PERENNIAL,medium,1.0,PIURA,ANNUAL,2000,0.144052177124
7_6459420_91217,ANNUAL,low,1.0,PIURA,ANNUAL,2000,0.941660323488
7_6459420_91235,PERENNIAL,medium,0.5,PIURA,PERENNIAL,2000,0.443560918209
7_6459420_91241,PERENNIAL,medium,2.5,PIURA,ANNUAL,2000,1.61982589016
7_6459420_91285,PERENNIAL,medium,0.5,PIURA,PERENNIAL,2000,0.616108057269
7_6459420_91294,PERENNIAL,low,1.5,PIURA,PERENNIAL,2000,10.6491096111
7_6459420_91302,PERENNIAL,high,2.5,PIURA,ANNUAL,2000,0.792899151582
7_6459420_91306,PERENNIAL,medium,0.75,PIURA,ANNUAL,2000,0.923704180782
7_6459420_91325,PERENNIAL,medium,4.25,PIURA,ANNUAL,2000,0.876260952545
7_6459420_91333,PERENNIAL,medium,0.25,PIURA,ANNUAL,2000,2.17842685005
7_6459420_91336,PERENNIAL,high,1.0,PIURA,ANNUAL,2000,0.777164479326
7_6459420_91353,PERENNIAL,high,1.0,PIURA,ANNUAL,2000,0.525274937641
7_6459420_91357,PERENNIAL,medium,1.25,PIURA,ANNUAL,2000,0.612550903684
7_6459420_91375,PERENNIAL,medium,0.5,PIURA,ANNUAL,2000,0.306869891081
7_6459420_91395,ANNUAL,low,0.5,PIURA,PERENNIAL,2000,0.631622166434
7_6459420_91397,PERENNIAL,medium,0.5,PIURA,PASTURE_FALLOW,2000,0.867227467273
7_6459420_91399,PERENNIAL,high,4.0,PIURA,PERENNIAL,2000,3.04374667252
7_6459420_91430,PERENNIAL,medium,6.0,PIURA,PERENNIAL,2000,0.216506709979
7_6459420_91450,PERENNIAL,medium,0.75,PIURA,PASTURE_FALLOW,2000,0.322248899352
7_6459420_91453,PERENNIAL,high,1.5,PIURA,PERENNIAL,2000,0.726865485958
7_6459420_91459,PERENNIAL,medium,11.0,PIURA,PASTURE_FALLOW,2000,9.2453426952
7_6459420_91499,PERENNIAL,medium,1.0,PIURA,PERENNIAL,2000,1.40514731348
7_6459420_91502,PERENNIAL,medium,16.0,PIURA,PERENNIAL,2000,0.312028088395
7_6459420_94177,PERENNIAL,medium,0.5,PIURA,ANNUAL,2000,0.970324903146
7_6459420_94180,PERENNIAL,medium,1.0,PIURA,ANNUAL,2000,0.341216206977
7_6459420_94201,PERENNIAL,medium,1.0,PIURA,ANNUAL,2000,0.348122774242
7_6459420_94206,PERENNIAL,medium,0.5,PIURA,ANNUAL,2000,2.22610158578
7_6459420_94209,PERENNIAL,low,4.0,PIURA,ANNUAL,2000,1.04111193281
7_6459420_94211,PERENNIAL,high,0.5,PIURA,ANNUAL,2000,1.10256400994
7_6459420_94213,PERENNIAL,medium,0.25,PIURA,ANNUAL,2000,0.890412029558
7_6459420_94241,PERENNIAL,medium,2.0,PIURA,ANNUAL,2000,3.34290356682
7_6459420_94243,PERENNIAL,medium,1.0,PIURA,ANNUAL,2000,1.71105153606
7_6459420_94302,PERENNIAL,medium,2.0,PIURA,ANNUAL,2000,0.138168065834
7_6459420_94317,PERENNIAL,high,1.0,PIURA,ANNUAL,2000,0.728838547672
7_6459420_94318,PERENNIAL,high,0.25,PIURA,ANNUAL,2000,0.539570114858
7_6459420_94321,PERENNIAL,high,0.75,PIURA,ANNUAL,2000,0.859175810292
7_6459420_94323,PERENNIAL,high,2.5,PIURA,ANNUAL,2000,8.31457592251
7_6459420_94326,PERENNIAL,high,1.25,PIURA,ANNUAL,2000,5.37743433595
7_6459420_94355,PERENNIAL,high,2.25,PIURA,PASTURE_FALLOW,2000,3.35072125135
7_6459420_94601,PERENNIAL,medium,0.25,PIURA,PERENNIAL,2000,0.482336336727
7_6459420_94602,PERENNIAL,medium,1.0,PIURA,PERENNIAL,2000,0.492149390849
7_6459420_94659,ANNUAL,low,2.5,PIURA,PERENNIAL,2000,1.57060443958
7_6459420_94660,PERENNIAL,medium,0.25,PIURA,PERENNIAL,2000,0.509815396072
7_6459420_94852,PERENNIAL,medium,5.0,PIURA,PASTURE_FALLOW,2000,1.94826439899
7_6459420_94872,PERENNIAL,medium,1.0,PIURA,PERENNIAL,2000,0.195692588141
7_6459420_94874,PERENNIAL,medium,4.7,PIURA,PERENNIAL,2000,0.96154542714
7_6459420_94875,PERENNIAL,medium,5.0,PIURA,PASTURE_FALLOW,2000,4.62403160658
7_6459420_94890,PERENNIAL,high,2.0,PIURA,PERENNIAL,2000,1.42097701506
7_6459420_94900,PERENNIAL,medium,2.0,PIURA,PERENNIAL,2000,0.576974247044
7_6459420_94912,PERENNIAL,medium,1.75,PIURA,PERENNIAL,2000,0.353851850456
7_6459420_94913,PERENNIAL,high,6.5,PIURA,PERENNIAL,2000,0.36536648172
7_6459420_94928,PERENNIAL,medium,0.75,PIURA,ANNUAL,2000,0.289761106742
7_6459420_94931,PERENNIAL,high,75.5,PIURA,ANNUAL,2000,0.407759241366
7_6459420_94935,PERENNIAL,medium,2.0,PIURA,PERENNIAL,2000,1.27572337826
7_6459420_94936,PERENNIAL,medium,5.5,PIURA,PERENNIAL,2000,0.570897215223
7_6459420_94944,PERENNIAL,low,2.0,PIURA,PASTURE_FALLOW,2000,2.94352423442
7_6459420_94952,PASTURE_FALLOW,medium,2.0,PIURA,PERENNIAL,2000,0.316028887331
7_6459420_94953,PERENNIAL,medium,1.0,PIURA,PERENNIAL,2000,0.250603474502
7_6459425_043377,PERENNIAL,medium,2.25,PIURA,PERENNIAL,2006,0.333748722442
7_6459425_043387,PERENNIAL,medium,0.5,PIURA,PERENNIAL,2006,0.297760778364
7_6459425_043392,PERENNIAL,medium,0.25,PIURA,PERENNIAL,2006,0.321395777224
7_6459425_043394,PERENNIAL,medium,12.0,PIURA,PERENNIAL,2006,0.0910499418825
7_6459425_043431,ANNUAL,low,0.4,PIURA,PERENNIAL,2006,0.560542168174
7_6459425_043455,PERENNIAL,medium,0.75,PIURA,PERENNIAL,2006,0.157297720984
7_6459425_043489,PERENNIAL,low,1.25,PIURA,PERENNIAL,2006,0.107836785781
7_6459425_043495,PERENNIAL,low,1.75,PIURA,PERENNIAL,2006,0.128943769374
7_6459425_043499,PERENNIAL,high,4.0,PIURA,PERENNIAL,2006,0.267688685797
7_6459425_043500,PERENNIAL,medium,1.0,PIURA,PERENNIAL,2006,0.471442823913
7_6459425_043501,PERENNIAL,medium,0.5,PIURA,PERENNIAL,2006,0.0955288095127
7_6459425_043556,PERENNIAL,medium,2.5,PIURA,PERENNIAL,2006,0.273834927543
7_6459425_043557,PERENNIAL,low,1.0,PIURA,PERENNIAL,2006,0.265753543402
7_6459425_043559,PERENNIAL,low,0.5,PIURA,PERENNIAL,2006,0.100851340214
7_6459425_043576,PERENNIAL,medium,6.0,PIURA,PERENNIAL,2006,0.13819334327
7_6459425_043619,PERENNIAL,high,0.25,PIURA,PERENNIAL,2006,0.0901517059622
7_6459425_043717,PERENNIAL,medium,6.0,PIURA,PERENNIAL,2006,0.198539459307
7_6459425_043718,PERENNIAL,medium,0.25,PIURA,PERENNIAL,2006,0.198580507591
7_6459425_043721,PERENNIAL,medium,0.75,PIURA,PERENNIAL,2006,0.71046891278
7_6459425_043722,PERENNIAL,medium,0.75,PIURA,PERENNIAL,2006,0.136918961037
7_6459425_043723,PERENNIAL,high,0.25,PIURA,PERENNIAL,2006,0.449412989264
7_6459425_043725,PERENNIAL,medium,0.5,PIURA,PERENNIAL,2006,0.365129487385
7_6459425_043768,PERENNIAL,medium,0.25,PIURA,PERENNIAL,2006,0.114669598299
7_6459425_043772,PERENNIAL,low,0.48,PIURA,PERENNIAL,2006,0.127027529744
7_6459425_043822,PERENNIAL,medium,2.0,PIURA,PERENNIAL,2006,0.168339998741
7_6459425_043838,ANNUAL,high,0.37,PIURA,PERENNIAL,2006,0.140063094865
7_6459425_043972,PERENNIAL,medium,0.25,PIURA,PERENNIAL,2006,0.0940430842606
7_6459425_044011,PERENNIAL,low,9.35,PIURA,PERENNIAL,2006,0.115385893308
7_6459425_044013,PERENNIAL,low,5.25,PIURA,PERENNIAL,2006,0.142613312908
7_6459425_044021,ANNUAL,low,0.8,PIURA,PERENNIAL,2006,0.291951468796
7_6459425_044032,PERENNIAL,medium,0.25,PIURA,PERENNIAL,2006,0.234362864177
7_6459425_044049,PERENNIAL,medium,3.0,PIURA,PERENNIAL,2006,0.410686257175
7_6459425_044051,PERENNIAL,medium,2.0,PIURA,PERENNIAL,2006,0.154696445683
7_6459425_044096,PERENNIAL,high,0.25,PIURA,PERENNIAL,2006,0.233112557394
7_6459425_044109,PERENNIAL,medium,1.25,PIURA,PERENNIAL,2006,0.118144718809
7_6459425_044507,PERENNIAL,medium,3.12,PIURA,PERENNIAL,2006,0.153222371258
7_6459425_044530,PERENNIAL,medium,0.75,PIURA,PERENNIAL,2006,0.129581684082
7_6459425_044548,PERENNIAL,medium,3.0,PIURA,PERENNIAL,2006,0.55249758443
7_6459425_044563,PERENNIAL,medium,2.0,PIURA,PERENNIAL,2006,0.554225553939
7_6459425_044584,PERENNIAL,low,0.56,PIURA,PERENNIAL,2006,0.376431619494
7_6459425_044587,PERENNIAL,medium,2.5,PIURA,PERENNIAL,2006,0.289687412624
7_6459425_044598,PERENNIAL,medium,0.75,PIURA,PERENNIAL,2006,0.125623752513
7_6459425_044601,PERENNIAL,medium,0.5,PIURA,PERENNIAL,2006,0.113372212597
7_6459425_044602,PERENNIAL,medium,0.5,PIURA,PERENNIAL,2006,0.0970160239114
7_6459425_044613,PERENNIAL,medium,0.25,PIURA,PERENNIAL,2006,0.141949643783
7_6459425_044632,PERENNIAL,medium,0.5,PIURA,PERENNIAL,2006,0.095392204423
7_6459425_044641,PERENNIAL,medium,4.25,PIURA,PERENNIAL,2006,0.269030817094
7_6459425_044653,PERENNIAL,medium,0.5,PIURA,PERENNIAL,2006,0.130106013023
7_6459425_044663,PERENNIAL,medium,10.0,PIURA,PERENNIAL,2006,0.130045701375
7_6459425_044667,ANNUAL,low,0.2,PIURA,PERENNIAL,2006,0.118808470794
7_6459425_044669,PERENNIAL,low,1.0,PIURA,PERENNIAL,2006,0.166023939046
7_6459425_047319,PERENNIAL,high,5.0,PIURA,PERENNIAL,2007,0.612924041768
7_6459425_047321,PERENNIAL,high,6.0,PIURA,PERENNIAL,2007,1.46962238555
7_6459425_047340,PERENNIAL,medium,0.75,PIURA,PERENNIAL,2007,0.53333173927
7_6459425_047357,PERENNIAL,medium,1.0,PIURA,PERENNIAL,2007,0.217757236183
7_6459425_047361,PERENNIAL,high,0.25,PIURA,PERENNIAL,2007,0.215600837251
7_6459425_047373,PERENNIAL,medium,0.25,PIURA,PERENNIAL,2007,0.159203212457
7_6459425_047584,PERENNIAL,low,0.5,PIURA,PERENNIAL,2007,0.473233055667
7_6459425_047593,PERENNIAL,medium,0.5,PIURA,PERENNIAL,2007,0.142894607522
7_6459425_047594,PERENNIAL,medium,0.5,PIURA,PERENNIAL,2007,0.129465071302
7_6459425_047599,PERENNIAL,medium,0.41,PIURA,PERENNIAL,2007,0.100919280874
7_6459425_047606,PERENNIAL,medium,1.0,PIURA,PERENNIAL,2007,0.120862240491
7_6459425_047620,PERENNIAL,medium,0.5,PIURA,PERENNIAL,2007,0.151698509151
7_6459425_047623,PERENNIAL,medium,0.5,PIURA,PERENNIAL,2007,0.739089814048
7_6459425_047627,PERENNIAL,medium,3.45,PIURA,PERENNIAL,2007,0.132339370584
7_6459425_047638,PERENNIAL,medium,1.5,PIURA,PERENNIAL,2007,0.365819891232
7_6459425_94644,PERENNIAL,medium,0.75,PIURA,PERENNIAL,2000,0.503693601705
7_6459425_94646,PERENNIAL,low,3.0,PIURA,PERENNIAL,2000,0.246587976386
7_6459425_94647,PERENNIAL,medium,0.5,PIURA,PERENNIAL,2000,0.258797162629
7_6459425_94740,PERENNIAL,medium,2.0,PIURA,PERENNIAL,2000,0.756280906423
7_6509390_83367,PERENNIAL,medium,1.32,PIURA,PASTURE_FALLOW,1999,0.474812675394
7_6509390_84404,PERENNIAL,medium,5.0,PIURA,PASTURE_FALLOW,1999,0.764707779147
7_6509390_84407,PERENNIAL,medium,0.35,PIURA,PASTURE_FALLOW,1999,1.51768425944
7_6509390_84423,PERENNIAL,low,4.0,PIURA,PASTURE_FALLOW,1999,3.58347113458
7_6509390_84424,ANNUAL,low,4.3,PIURA,PASTURE_FALLOW,1999,2.54651203026
7_6509395_045927,PERENNIAL,medium,4.0,PIURA,PERENNIAL,2005,0.887282004924
7_6509395_045932,PERENNIAL,low,1.0,PIURA,PERENNIAL,2005,0.126399955466
7_6509395_045935,PERENNIAL,high,0.5,PIURA,PERENNIAL,2005,0.971037961326
7_6509395_045937,PERENNIAL,high,0.5,PIURA,PERENNIAL,2005,0.58940726179
7_6509395_045939,PERENNIAL,medium,5.300000000000001,PIURA,PERENNIAL,2005,0.171688760795
7_6509395_045942,PERENNIAL,medium,1.0,PIURA,PERENNIAL,2005,0.191890795421
7_6509395_045944,PERENNIAL,high,0.5,PIURA,PERENNIAL,2005,0.22168114589
7_6509395_045947,PERENNIAL,medium,1.0,PIURA,PERENNIAL,2005,0.396672991049
7_6509395_045953,PERENNIAL,low,5.0,PIURA,PERENNIAL,2005,0.207489803815
7_6509395_045955,PERENNIAL,high,0.25,PIURA,PERENNIAL,2005,0.185471728317
7_6509395_045964,PERENNIAL,medium,0.25,PIURA,PERENNIAL,2005,0.16146472243
7_6509395_045993,ANNUAL,low,0.25,PIURA,PERENNIAL,2005,0.301280595022
7_6509395_047144,PERENNIAL,medium,3.5,PIURA,PASTURE_FALLOW,2005,0.402179305341
7_6509395_081412,PERENNIAL,high,2.75,PIURA,PASTURE_FALLOW,2003,6.93128026099
7_6509395_081764,PERENNIAL,medium,0.5,PIURA,PASTURE_FALLOW,2003,1.62431779446
7_6509395_083404,PERENNIAL,medium,1.25,PIURA,PASTURE_FALLOW,2003,0.696836716737
7_6509395_083421,PERENNIAL,medium,2.0,PIURA,PASTURE_FALLOW,2003,3.05616072018
7_6509395_41014,ANNUAL,medium,1.5,PIURA,PASTURE_FALLOW,1999,0.716961107271
7_6509395_41018,PERENNIAL,high,0.25,PIURA,PASTURE_FALLOW,1999,4.56562877907
7_6509395_41025,PERENNIAL,medium,2.5,PIURA,PERENNIAL,1999,0.310474632921
7_6509395_41026,PERENNIAL,high,0.75,PIURA,ANNUAL,1999,0.0967515464395
7_6509395_79414,PERENNIAL,low,0.7,PIURA,PASTURE_FALLOW,1999,0.302230624143
7_6509395_79470,PERENNIAL,medium,0.25,PIURA,PERENNIAL,1999,0.304159239115
7_6509395_79531,PERENNIAL,medium,3.25,PIURA,PASTURE_FALLOW,1999,0.805216785694
7_6509395_79532,PERENNIAL,high,3.0,PIURA,PERENNIAL,1999,1.02748191626
7_6509395_79542,PERENNIAL,high,0.5,PIURA,PERENNIAL,1999,0.134321575191
7_6509395_79545,PERENNIAL,high,3.25,PIURA,PASTURE_FALLOW,1999,0.947310455388
7_6509395_79592,PERENNIAL,medium,10.25,PIURA,PASTURE_FALLOW,1999,5.49254439511
7_6509395_79604,PERENNIAL,medium,2.25,PIURA,PASTURE_FALLOW,1999,0.244262322912
7_6509395_79613,PERENNIAL,high,2.0,PIURA,PASTURE_FALLOW,1999,1.1521742301
7_6509395_79622,PERENNIAL,medium,2.016,PIURA,PASTURE_FALLOW,1999,1.40964254603
7_6509395_79624,ANNUAL,high,2.0,PIURA,PASTURE_FALLOW,1999,0.352730974776
7_6509395_79630,PERENNIAL,medium,1.0,PIURA,PASTURE_FALLOW,1999,0.409657362405
7_6509395_79635,PERENNIAL,medium,2.0,PIURA,PASTURE_FALLOW,1999,1.02781388687
7_6509395_79637,PERENNIAL,medium,1.5,PIURA,ANNUAL,1999,0.765082664991
7_6509395_79641,PERENNIAL,high,14.5,PIURA,PASTURE_FALLOW,1999,0.18396233028
7_6509395_79647,PERENNIAL,medium,8.0,PIURA,ANNUAL,1999,0.367156639741
7_6509395_79660,PERENNIAL,high,1.5,PIURA,PERENNIAL,1999,0.293472431143
7_6509395_79664,PERENNIAL,medium,2.5,PIURA,PERENNIAL,1999,7.29158293544
7_6509395_79762,ANNUAL,low,0.2,PIURA,PERENNIAL,1999,0.286531879969
7_6509395_81204,PERENNIAL,high,6.0,PIURA,PERENNIAL,1999,2.86040273299
7_6509395_81213,ANNUAL,low,0.95,PIURA,ANNUAL,1999,2.51022624917
7_6509395_81427,PERENNIAL,low,15.0,PIURA,PASTURE_FALLOW,1999,3.53337650839
7_6509395_81432,PERENNIAL,medium,1.75,PIURA,PASTURE_FALLOW,1999,0.560226312057
7_6509395_81434,PERENNIAL,medium,3.25,PIURA,PASTURE_FALLOW,1999,0.698828691886
7_6509395_81457,PERENNIAL,high,0.75,PIURA,PASTURE_FALLOW,1999,0.189677283692
7_6509395_81460,ANNUAL,medium,0.25,PIURA,PERENNIAL,1999,0.246399230344
7_6509395_81465,PERENNIAL,medium,1.0,PIURA,PASTURE_FALLOW,1999,0.507314508597
7_6509395_81468,PERENNIAL,high,1.0,PIURA,PERENNIAL,1999,0.349452598801
7_6509395_81470,PERENNIAL,high,1.0,PIURA,PASTURE_FALLOW,1999,0.152361697749
7_6509395_81473,PERENNIAL,medium,1.0,PIURA,PASTURE_FALLOW,1999,0.23538302358
7_6509395_81474,ANNUAL,medium,17.0,PIURA,PASTURE_FALLOW,1999,3.35254146346
7_6509395_81478,PERENNIAL,medium,1.75,PIURA,PASTURE_FALLOW,1999,1.60388674742
7_6509395_81480,PERENNIAL,medium,1.5,PIURA,PASTURE_FALLOW,1999,0.103087401384
7_6509395_81487,PERENNIAL,medium,2.0,PIURA,PASTURE_FALLOW,1999,0.403652343456
7_6509395_81501,PERENNIAL,medium,5.25,PIURA,PASTURE_FALLOW,1999,0.508743818249
7_6509395_81521,PERENNIAL,low,1.5,PIURA,PASTURE_FALLOW,1999,0.847289589011
7_6509395_81547,PERENNIAL,medium,7.0,PIURA,ANNUAL,1999,0.154922227101
7_6509395_81550,PERENNIAL,high,0.25,PIURA,PASTURE_FALLOW,1999,0.397571615516
7_6509395_81566,PERENNIAL,low,1.0,PIURA,PERENNIAL,1999,1.32234702768
7_6509395_81613,PERENNIAL,medium,6.5,PIURA,PERENNIAL,1999,0.405586462903
7_6509395_81650,PERENNIAL,medium,2.0,PIURA,PERENNIAL,1999,1.94521547138
7_6509395_81690,PERENNIAL,medium,5.5,PIURA,PERENNIAL,1999,4.19732605312
7_6509395_81771,PERENNIAL,medium,2.5,PIURA,PERENNIAL,1999,0.289467529879
7_6509395_81780,PERENNIAL,medium,1.0,PIURA,PERENNIAL,1999,0.406654561323
7_6509395_82067,PERENNIAL,medium,7.25,PIURA,PERENNIAL,1999,0.531037365759
7_6509395_82078,PERENNIAL,medium,0.5,PIURA,PASTURE_FALLOW,1999,4.61176542097
7_6509395_82105,PERENNIAL,low,0.5,PIURA,PASTURE_FALLOW,1999,1.27393094152
7_6509395_83300,PERENNIAL,medium,1.25,PIURA,PERENNIAL,1999,0.662456710419
7_6509395_83304,PERENNIAL,medium,5.5,PIURA,PASTURE_FALLOW,1999,0.94914988515
7_6509395_83307,PERENNIAL,low,0.75,PIURA,PERENNIAL,1999,0.419074673518
7_6509395_83310,PERENNIAL,low,1.75,PIURA,PASTURE_FALLOW,1999,0.304091357715
7_6509395_83311,PERENNIAL,high,2.0,PIURA,ANNUAL,1999,0.187796301549
7_6509395_83314,PERENNIAL,medium,2.76,PIURA,PASTURE_FALLOW,1999,1.01976359799
7_6509395_83318,PERENNIAL,medium,0.25,PIURA,PASTURE_FALLOW,1999,0.316824096845
7_6509395_83321,ANNUAL,low,5.0,PIURA,PERENNIAL,1999,1.2049509617
7_6509395_83322,PERENNIAL,medium,2.74,PIURA,PERENNIAL,1999,0.525225195573
7_6509395_83345,PERENNIAL,medium,5.12,PIURA,PASTURE_FALLOW,1999,0.512146331397
7_6509395_83346,PERENNIAL,high,0.75,PIURA,PASTURE_FALLOW,1999,0.442000365055
7_6509395_83349,PERENNIAL,medium,1.75,PIURA,PASTURE_FALLOW,1999,0.160809474474
7_6509395_83361,PERENNIAL,medium,0.75,PIURA,PASTURE_FALLOW,1999,0.246961442674
7_6509395_83363,PERENNIAL,high,1.25,PIURA,PERENNIAL,1999,0.181046233862
7_6509395_83372,PERENNIAL,medium,0.35,PIURA,PASTURE_FALLOW,1999,0.997659148759
7_6509395_83375,PERENNIAL,low,4.0,PIURA,PERENNIAL,1999,0.140461120554
7_6509395_83402,PERENNIAL,medium,1.75,PIURA,PERENNIAL,1999,1.19371821484
7_6509395_83403,PERENNIAL,medium,0.5,PIURA,PERENNIAL,1999,2.0070939977
7_6509395_83430,PERENNIAL,medium,13.5,PIURA,PASTURE_FALLOW,1999,2.49744883643
7_6509395_83966,PERENNIAL,medium,4.75,PIURA,PASTURE_FALLOW,1999,0.868331939402
7_6509395_83972,PERENNIAL,high,0.5,PIURA,PASTURE_FALLOW,1999,0.719021678119
7_6509395_83975,PERENNIAL,medium,3.5,PIURA,PASTURE_FALLOW,1999,0.805279528252
7_6509395_83981,PERENNIAL,medium,1.0,PIURA,PASTURE_FALLOW,1999,2.4564093932
7_6509395_83983,PERENNIAL,medium,1.5,PIURA,PASTURE_FALLOW,1999,0.572293608663
7_6509395_83988,PERENNIAL,medium,3.5,PIURA,PASTURE_FALLOW,2003,1.90572346002
7_6509395_84409,PERENNIAL,medium,1.0,PIURA,PASTURE_FALLOW,1999,0.5794127599
7_6509400_042834,PERENNIAL,high,0.37,PIURA,PASTURE_FALLOW,2003,0.60580656458
7_6509400_042891,PERENNIAL,high,1.0,PIURA,ANNUAL,2005,3.59767291468
7_6509400_042893,PERENNIAL,medium,1.5,PIURA,ANNUAL,2005,0.852127476682
7_6509400_045285,PERENNIAL,high,1.0,PIURA,PERENNIAL,2005,0.213466636708
7_6509400_045316,PERENNIAL,high,2.0,PIURA,PERENNIAL,2005,0.136834975336
7_6509400_045331,PERENNIAL,medium,1.0,PIURA,PERENNIAL,2005,0.240470654335
7_6509400_045335,PERENNIAL,medium,8.25,PIURA,PERENNIAL,2005,0.116805557631
7_6509400_045355,PERENNIAL,medium,5.12,PIURA,PERENNIAL,2005,1.40116886727
7_6509400_045360,PERENNIAL,medium,0.75,PIURA,PERENNIAL,2005,0.311414928005
7_6509400_045374,PERENNIAL,medium,1.0,PIURA,PERENNIAL,2005,0.119158509084
7_6509400_045477,PASTURE_FALLOW,high,1.5,PIURA,PERENNIAL,2005,0.594331714374
7_6509400_045486,PERENNIAL,medium,1.5,PIURA,PERENNIAL,2005,0.368659648389
7_6509400_045488,PERENNIAL,high,2.0,PIURA,PERENNIAL,2005,0.410681756026
7_6509400_045492,PERENNIAL,medium,2.25,PIURA,PERENNIAL,2005,0.216590073264
7_6509400_045547,PERENNIAL,low,2.5,PIURA,PERENNIAL,2005,0.648900169052
7_6509400_045549,PERENNIAL,medium,3.25,PIURA,PERENNIAL,2005,0.161563060436
7_6509400_045601,PERENNIAL,high,0.5,PIURA,PERENNIAL,2005,0.134473077405
7_6509400_045606,PERENNIAL,medium,0.75,PIURA,PERENNIAL,2005,0.428422636881
7_6509400_045611,PERENNIAL,medium,1.0,PIURA,PERENNIAL,2005,0.30827298642
7_6509400_045614,PERENNIAL,medium,2.0,PIURA,PERENNIAL,2005,0.18763816264
7_6509400_045616,PERENNIAL,high,0.75,PIURA,PERENNIAL,2005,0.22008724402
7_6509400_045617,PERENNIAL,medium,1.25,PIURA,PERENNIAL,2005,0.209240383413
7_6509400_045620,PERENNIAL,low,0.25,PIURA,PERENNIAL,2005,0.204433068057
7_6509400_045623,PERENNIAL,medium,1.0,PIURA,PERENNIAL,2005,0.242667679273
7_6509400_045625,PERENNIAL,medium,1.0,PIURA,PERENNIAL,2005,0.207237355686
7_6509400_045629,PERENNIAL,low,0.25,PIURA,PERENNIAL,2005,0.278625097001
7_6509400_045630,PERENNIAL,high,0.5,PIURA,PERENNIAL,2005,1.0108105526
7_6509400_045632,PERENNIAL,high,0.5,PIURA,PERENNIAL,2005,0.37583445694
7_6509400_045636,PERENNIAL,medium,0.7,PIURA,PERENNIAL,2005,0.382870965754
7_6509400_045649,PERENNIAL,high,0.13,PIURA,PERENNIAL,2005,0.176723363614
7_6509400_045660,PERENNIAL,medium,2.25,PIURA,ANNUAL,2005,0.210397127048
7_6509400_045680,PERENNIAL,medium,2.13,PIURA,PERENNIAL,2005,0.310783082038
7_6509400_045809,PERENNIAL,medium,2.0,PIURA,PERENNIAL,2005,1.409993822
7_6509400_045813,PERENNIAL,medium,2.5,PIURA,PERENNIAL,2005,0.501304459184
7_6509400_045818,PERENNIAL,high,1.0,PIURA,PERENNIAL,2005,0.502616474601
7_6509400_045824,PERENNIAL,medium,1.0,PIURA,PERENNIAL,2005,0.433248291767
7_6509400_045825,PERENNIAL,medium,4.15,PIURA,PERENNIAL,2005,0.73661954926
7_6509400_045831,PERENNIAL,medium,2.75,PIURA,PERENNIAL,2005,0.857343310698
7_6509400_046117,PERENNIAL,medium,5.0,PIURA,PERENNIAL,2005,2.56330029412
7_6509400_046122,PERENNIAL,high,2.5,PIURA,PERENNIAL,2005,0.0944462881082
7_6509400_046126,PERENNIAL,high,1.75,PIURA,PERENNIAL,2005,0.652525221772
7_6509400_046137,PERENNIAL,high,2.25,PIURA,PASTURE_FALLOW,2005,0.352598157384
7_6509400_046148,PERENNIAL,medium,2.0,PIURA,PERENNIAL,2005,0.33419822081
7_6509400_046149,PERENNIAL,high,2.25,PIURA,PERENNIAL,2005,1.00326614465
7_6509400_046153,PERENNIAL,medium,0.75,PIURA,PERENNIAL,2005,0.38641513375
7_6509400_046154,PERENNIAL,medium,2.0,PIURA,PERENNIAL,2005,0.65383645444
7_6509400_046155,PERENNIAL,medium,1.25,PIURA,PERENNIAL,2005,1.4713373476
7_6509400_046156,PERENNIAL,high,1.5,PIURA,PERENNIAL,2005,1.75048137012
7_6509400_046179,PERENNIAL,low,1.5,PIURA,PERENNIAL,2005,0.63434084039
7_6509400_046189,PERENNIAL,low,3.75,PIURA,PERENNIAL,2005,0.32802583887
7_6509400_046194,PERENNIAL,medium,1.0,PIURA,PERENNIAL,2005,0.11469368948
7_6509400_046196,PERENNIAL,medium,2.5,PIURA,PERENNIAL,2005,0.38408075644
7_6509400_046414,PASTURE_FALLOW,high,2.0,PIURA,PERENNIAL,2005,0.22634028399
7_6509400_046434,PERENNIAL,high,0.25,PIURA,PASTURE_FALLOW,2005,0.738839443355
7_6509400_046435,PERENNIAL,medium,5.5,PIURA,PASTURE_FALLOW,2005,2.80021350888
7_6509400_046437,PERENNIAL,medium,20.0,PIURA,PASTURE_FALLOW,2005,1.49860170506
7_6509400_046441,PERENNIAL,medium,3.0,PIURA,PERENNIAL,2005,0.54007170196
7_6509400_046442,PERENNIAL,medium,3.0,PIURA,PASTURE_FALLOW,2005,6.17335172525
7_6509400_046444,PERENNIAL,high,0.75,PIURA,PERENNIAL,2005,0.453289711193
7_6509400_046447,PERENNIAL,medium,2.5,PIURA,PERENNIAL,2005,0.759510133776
7_6509400_046459,ANNUAL,medium,1.0,PIURA,PERENNIAL,2005,0.242578229758
7_6509400_046461,PERENNIAL,high,1.0,PIURA,PERENNIAL,2005,0.423776114998
7_6509400_046462,PERENNIAL,high,0.25,PIURA,PERENNIAL,2005,0.363735937135
7_6509400_046466,PERENNIAL,medium,0.5,PIURA,PERENNIAL,2005,0.233332641854
7_6509400_046469,PERENNIAL,high,0.5,PIURA,PERENNIAL,2005,0.442248675995
7_6509400_046470,PERENNIAL,medium,0.75,PIURA,PERENNIAL,2005,0.295604688951
7_6509400_046472,PERENNIAL,medium,5.0,PIURA,PERENNIAL,2005,0.770267357849
7_6509400_046550,PERENNIAL,medium,1.5,PIURA,PERENNIAL,2005,0.75994603892
7_6509400_046593,PERENNIAL,medium,0.5,PIURA,PERENNIAL,2005,0.19933277864
7_6509400_046813,PERENNIAL,medium,0.25,PIURA,ANNUAL,2005,0.1307210131
7_6509400_047273,PERENNIAL,high,35.5,PIURA,PASTURE_FALLOW,2005,5.62448140905
7_6509400_047278,PERENNIAL,medium,1.5,PIURA,PERENNIAL,2005,0.28327914979
7_6509400_048064,PERENNIAL,high,4.0,PIURA,PERENNIAL,2007,0.664028152227
7_6509400_048110,PASTURE_FALLOW,low,10.5,PIURA,PERENNIAL,2007,0.370322374625
7_6509400_40908,PERENNIAL,medium,2.0,PIURA,ANNUAL,1999,2.27224705448
7_6509400_40917,PERENNIAL,low,23.25,PIURA,PERENNIAL,1999,3.2069805541
7_6509400_40918,PERENNIAL,high,7.0,PIURA,ANNUAL,1999,1.69422818298
7_6509400_40922,PERENNIAL,high,1.0,PIURA,PERENNIAL,1999,1.75753718142
7_6509400_40927,ANNUAL,high,0.5,PIURA,ANNUAL,1999,1.83897819852
7_6509400_40928,PERENNIAL,low,3.0,PIURA,ANNUAL,1999,4.21659821528
7_6509400_42519,PERENNIAL,high,3.5,PIURA,PERENNIAL,2001,0.52316885143
7_6509400_79206,PERENNIAL,medium,11.5,PIURA,ANNUAL,1999,2.09304881269
7_6509400_79210,PERENNIAL,high,1.5,PIURA,PERENNIAL,1999,3.00133839877
7_6509400_79228,PERENNIAL,medium,0.5,PIURA,PERENNIAL,1999,1.01916768731
7_6509400_79229,PERENNIAL,medium,1.5,PIURA,ANNUAL,1999,1.78682046077
7_6509400_79231,PERENNIAL,medium,3.0,PIURA,PASTURE_FALLOW,1999,1.43728352152
7_6509400_79238,PERENNIAL,medium,5.5,PIURA,PERENNIAL,1999,1.4748929824
7_6509400_79250,PERENNIAL,medium,5.75,PIURA,PERENNIAL,1999,0.919477247729
7_6509400_79253,PERENNIAL,high,3.5,PIURA,ANNUAL,1999,0.475732521945
7_6509400_79260,PERENNIAL,medium,4.8100000000000005,PIURA,PERENNIAL,1999,2.42972888328
7_6509400_79264,PERENNIAL,medium,5.0,PIURA,PERENNIAL,1999,2.00778397172
7_6509400_79266,PERENNIAL,high,1.25,PIURA,PERENNIAL,1999,2.05905762818
7_6509400_79271,PERENNIAL,medium,3.0,PIURA,PERENNIAL,1999,1.16457467301
7_6509400_79272,PERENNIAL,medium,2.0,PIURA,PERENNIAL,1999,2.59248622833
7_6509400_79283,PERENNIAL,medium,5.75,PIURA,PERENNIAL,1999,0.821180817476
7_6509400_79296,PERENNIAL,medium,1.21,PIURA,PERENNIAL,1999,0.178301460663
7_6509400_79298,PERENNIAL,high,2.5,PIURA,PERENNIAL,1999,1.2257783774
7_6509400_79302,PERENNIAL,medium,4.0,PIURA,PERENNIAL,1999,0.4210420565
7_6509400_79312,PERENNIAL,medium,2.0,PIURA,PASTURE_FALLOW,1999,1.10098912862
7_6509400_79325,PERENNIAL,high,2.0,PIURA,ANNUAL,1999,5.30555924058
7_6509400_79328,ANNUAL,high,0.5,PIURA,PERENNIAL,1999,1.77399507643
7_6509400_79329,PERENNIAL,medium,2.25,PIURA,ANNUAL,1999,0.704917575255
7_6509400_79332,PERENNIAL,medium,6.5,PIURA,PERENNIAL,1999,5.95361211786
7_6509400_79334,PERENNIAL,medium,1.15,PIURA,ANNUAL,1999,2.77214486928
7_6509400_79335,PERENNIAL,medium,3.5,PIURA,PERENNIAL,1999,2.10882877262
7_6509400_79354,PERENNIAL,medium,1.31,PIURA,PASTURE_FALLOW,1999,1.55611550768
7_6509400_79356,PERENNIAL,medium,1.25,PIURA,ANNUAL,1999,2.22019101744
7_6509400_79368,PERENNIAL,medium,0.5,PIURA,PERENNIAL,1999,2.00706907257
7_6509400_79370,PERENNIAL,medium,0.5,PIURA,PERENNIAL,1999,1.04806727241
7_6509400_79371,PERENNIAL,high,8.0,PIURA,PASTURE_FALLOW,1999,0.978134153427
7_6509400_79372,PERENNIAL,high,1.0,PIURA,PERENNIAL,1999,3.33351810291
7_6509400_79377,PASTURE_FALLOW,high,0.75,PIURA,ANNUAL,1999,0.967949528736
7_6509400_79379,PERENNIAL,high,5.0,PIURA,PERENNIAL,1999,0.731302889378
7_6509400_79396,PERENNIAL,medium,1.0,PIURA,ANNUAL,1999,2.88584325122
7_6509400_79398,PERENNIAL,high,0.5,PIURA,ANNUAL,1999,2.03128011952
7_6509400_79457,PERENNIAL,medium,0.25,PIURA,PERENNIAL,1999,12.934761475
7_6509400_79523,PERENNIAL,high,0.5,PIURA,PERENNIAL,1999,0.734480052023
7_6509400_79562,PERENNIAL,low,0.75,PIURA,PERENNIAL,1999,1.15925045608
7_6509400_79564,PERENNIAL,medium,6.75,PIURA,PERENNIAL,1999,1.62925810578
7_6509400_79579,PERENNIAL,high,1.25,PIURA,PASTURE_FALLOW,1999,0.664556140094
7_6509400_81200,PERENNIAL,medium,4.75,PIURA,ANNUAL,1999,2.64281748009
7_6509400_81202,PERENNIAL,medium,2.25,PIURA,ANNUAL,1999,1.11392828072
7_6509400_81221,ANNUAL,low,1.25,PIURA,PERENNIAL,1999,4.18617883256
7_6509400_81226,ANNUAL,low,0.35,PIURA,ANNUAL,1999,1.01108646331
7_6509400_81229,PERENNIAL,medium,0.75,PIURA,ANNUAL,1999,2.2184019493
7_6509400_81909,PERENNIAL,low,3.0,PIURA,PERENNIAL,1999,9.72070355658
7_6509400_81975,PERENNIAL,high,0.75,PIURA,PERENNIAL,1999,0.36626692531
7_6509400_81977,PERENNIAL,low,2.0,PIURA,ANNUAL,1999,0.29057827475
7_6509400_81979,PERENNIAL,medium,4.75,PIURA,ANNUAL,1999,0.94415394629
7_6509400_81980,PERENNIAL,medium,15.0,PIURA,PERENNIAL,1999,1.60635299073
7_6509400_81984,PERENNIAL,medium,11.0,PIURA,PERENNIAL,1999,0.947668137922
7_6509400_81988,PERENNIAL,medium,0.25,PIURA,PERENNIAL,1999,1.74987091463
7_6509400_81989,PERENNIAL,high,1.0,PIURA,PERENNIAL,1999,0.42083339793
7_6509400_81990,PERENNIAL,high,2.0,PIURA,ANNUAL,1999,1.32855319679
7_6509400_81996,PERENNIAL,high,0.5,PIURA,PERENNIAL,1999,0.12650383216
7_6509400_83502,PERENNIAL,high,2.25,PIURA,PERENNIAL,1999,0.88487825422
7_6509400_83509,PERENNIAL,low,3.0,PIURA,PERENNIAL,1999,0.3644893854
7_6509400_83513,PERENNIAL,high,1.75,PIURA,PERENNIAL,1999,0.70655239539
7_6509400_83521,PASTURE_FALLOW,medium,0.25,PIURA,PASTURE_FALLOW,1999,3.11795784614
7_6509400_83528,PERENNIAL,medium,12.0,PIURA,PASTURE_FALLOW,1999,0.84361131493
7_6509400_83532,PERENNIAL,high,1.0,PIURA,ANNUAL,1999,1.75436625528
7_6509400_83536,PERENNIAL,medium,0.5,PIURA,PASTURE_FALLOW,1999,3.56655057643
7_6509400_83537,ANNUAL,low,3.0,PIURA,PASTURE_FALLOW,2001,5.4396738231
7_6509400_83541,PERENNIAL,high,1.5,PIURA,PERENNIAL,1999,0.797157664967
7_6509400_83542,PERENNIAL,medium,8.0,PIURA,PASTURE_FALLOW,1999,0.57624180072
7_6509400_83545,PERENNIAL,high,1.5,PIURA,PASTURE_FALLOW,1999,5.90262888251
7_6509400_83550,PERENNIAL,high,0.25,PIURA,PERENNIAL,1999,0.7200145823
7_6509400_83554,PERENNIAL,high,0.5,PIURA,PERENNIAL,1999,0.81390266099
7_6509400_83567,PASTURE_FALLOW,high,5.0,PIURA,PASTURE_FALLOW,1999,0.24706513637
7_6509400_83574,PERENNIAL,high,1.25,PIURA,PERENNIAL,2001,0.604488520625
7_6509400_83598,PERENNIAL,medium,1.5,PIURA,PASTURE_FALLOW,2001,1.18400767714
7_6509400_83599,PERENNIAL,high,1.25,PIURA,PERENNIAL,1999,1.3723555091
7_6509400_84019,PERENNIAL,high,0.38,PIURA,PERENNIAL,1999,0.909093948946
7_6509400_84023,PERENNIAL,medium,5.0,PIURA,PERENNIAL,1999,0.821686021611
7_6509400_84024,PERENNIAL,high,1.0,PIURA,PERENNIAL,1999,0.376895654981
7_6509400_84047,PERENNIAL,high,0.5,PIURA,PERENNIAL,1999,0.213864194286
7_6509400_84068,PERENNIAL,medium,0.5,PIURA,PERENNIAL,1999,0.827985773253
7_6509400_84088,PERENNIAL,medium,1.0,PIURA,PERENNIAL,1999,0.523172368353
7_6509400_84514,PERENNIAL,medium,0.75,PIURA,PERENNIAL,2001,1.43780854928
7_6509405_046375,PERENNIAL,medium,0.75,PIURA,PERENNIAL,2005,0.103446505499
7_6509405_046507,PERENNIAL,medium,2.0,PIURA,PERENNIAL,2005,0.184588736083
7_6509405_046512,PERENNIAL,medium,5.75,PIURA,PERENNIAL,2005,0.101111339346
7_6509405_046515,PERENNIAL,medium,0.75,PIURA,PERENNIAL,2005,0.14630251883
7_6509405_046517,PERENNIAL,medium,2.75,PIURA,PERENNIAL,2005,0.100514923256
7_6509405_046527,PERENNIAL,high,1.75,PIURA,PERENNIAL,2005,1.1003606028
7_6509405_046530,PERENNIAL,high,1.25,PIURA,PERENNIAL,2005,0.272525077668
7_6509405_046533,PERENNIAL,medium,2.0,PIURA,PERENNIAL,2005,0.164150820416
7_6509405_046536,PERENNIAL,high,28.0,PIURA,PERENNIAL,2005,3.49206022284
7_6509405_046538,PERENNIAL,medium,0.88,PIURA,PERENNIAL,2005,0.148777741199
7_6509405_046561,PERENNIAL,medium,1.0,PIURA,PASTURE_FALLOW,2005,0.229526120381
7_6509405_046569,PERENNIAL,medium,0.25,PIURA,PERENNIAL,2005,0.215299010782
7_6509405_046571,PERENNIAL,medium,5.75,PIURA,PERENNIAL,2005,0.447722936408
7_6509405_046573,PERENNIAL,low,2.5,PIURA,PERENNIAL,2005,0.379349809728
7_6509405_046576,PERENNIAL,medium,3.0,PIURA,PERENNIAL,2005,2.66032310029
7_6509405_046584,PERENNIAL,medium,3.0,PIURA,PERENNIAL,2005,0.93282983234
7_6509405_046585,PERENNIAL,medium,3.5,PIURA,PERENNIAL,2005,0.285248820291
7_6509405_046595,PERENNIAL,medium,0.7000000000000001,PIURA,PERENNIAL,2005,0.15811802111
7_6509405_046619,PERENNIAL,medium,1.5,PIURA,PERENNIAL,2005,0.30257213723
7_6509405_046645,PASTURE_FALLOW,high,1.0,PIURA,PERENNIAL,2005,0.471279188995
7_6509405_046646,PERENNIAL,high,1.5,PIURA,PASTURE_FALLOW,2005,0.583948693235
7_6509405_046655,PERENNIAL,medium,1.25,PIURA,PERENNIAL,2005,0.620241790174
7_6509405_046659,PERENNIAL,medium,0.5,PIURA,PERENNIAL,2005,0.182699838104
7_6509405_046676,PERENNIAL,medium,3.75,PIURA,PERENNIAL,2005,0.728020173313
7_6509405_046970,PERENNIAL,medium,1.0,PIURA,PERENNIAL,2005,0.124683386181
7_6509405_046973,ANNUAL,low,0.5,PIURA,PERENNIAL,2005,0.13283786833
7_6509405_046977,PERENNIAL,medium,0.25,PIURA,PERENNIAL,2005,0.0908678879037
7_6509405_046979,PERENNIAL,medium,3.0,PIURA,PERENNIAL,2005,0.115038157595
7_6509405_046985,PERENNIAL,high,4.25,PIURA,PERENNIAL,2005,0.197860372218
7_6509405_046988,PERENNIAL,medium,0.95,PIURA,PERENNIAL,2005,0.125896433591
7_6509405_046995,PERENNIAL,medium,3.0,PIURA,PERENNIAL,2005,0.366630478493
7_6509405_047005,PERENNIAL,high,0.5,PIURA,PERENNIAL,2005,0.216833737571
7_6509405_047008,PERENNIAL,medium,2.75,PIURA,PERENNIAL,2005,0.154459982322
7_6509405_047013,PERENNIAL,medium,1.0,PIURA,PERENNIAL,2005,0.106212733377
7_6509405_047014,PERENNIAL,medium,1.63,PIURA,PASTURE_FALLOW,2005,0.318327109934
7_6509405_047047,PERENNIAL,medium,5.5,PIURA,PERENNIAL,2005,0.60134478847
7_6509405_047055,PERENNIAL,medium,12.5,PIURA,PERENNIAL,2005,0.693955404923
7_6509405_047057,PERENNIAL,medium,3.3200000000000003,PIURA,PASTURE_FALLOW,2005,1.43475629083
7_6509405_047070,PERENNIAL,medium,3.75,PIURA,PERENNIAL,2005,0.231399085436
7_6509405_047072,PERENNIAL,high,3.0,PIURA,PERENNIAL,2005,0.975718575245
7_6509405_047074,PERENNIAL,high,6.0,PIURA,PERENNIAL,2005,0.612211536244
7_6509405_047079,PERENNIAL,high,5.0,PIURA,PERENNIAL,2005,0.955597214384
7_6509405_047080,PERENNIAL,low,1.0,PIURA,PERENNIAL,2005,0.619559116904
7_6509405_047084,PERENNIAL,medium,0.5,PIURA,PERENNIAL,2005,0.302806329551
7_6509405_047086,PERENNIAL,medium,17.5,PIURA,PERENNIAL,2005,0.620590151658
7_6509405_047091,PERENNIAL,high,1.12,PIURA,PERENNIAL,2005,0.380808488796
7_6509405_047092,PERENNIAL,high,2.0,PIURA,PERENNIAL,2005,0.923197076084
7_6509405_047095,PERENNIAL,medium,0.75,PIURA,PERENNIAL,2005,0.330338482755
7_6509405_047155,PERENNIAL,low,5.0,PIURA,PERENNIAL,2005,0.353919955893
7_6509405_047158,PERENNIAL,low,2.0,PIURA,PERENNIAL,2005,0.280244886038
7_6509405_047169,PERENNIAL,medium,1.25,PIURA,PERENNIAL,2005,0.200944087431
7_6509405_047206,PERENNIAL,medium,1.0,PIURA,PERENNIAL,2005,0.218247865023
7_6509405_047215,PERENNIAL,high,13.75,PIURA,PERENNIAL,2005,0.663357843099
7_6509405_047233,PASTURE_FALLOW,medium,15.0,PIURA,PERENNIAL,2005,0.19169648549
7_6509405_047235,PERENNIAL,high,9.88,PIURA,PERENNIAL,2005,0.323297201389
7_6509405_047236,PERENNIAL,medium,0.25,PIURA,PERENNIAL,2005,0.183671990388
7_6509405_047237,PERENNIAL,medium,6.75,PIURA,PERENNIAL,2005,0.28301533365
7_6509405_047245,PERENNIAL,low,0.5,PIURA,PERENNIAL,2005,0.217869812418
7_6509405_047246,PERENNIAL,medium,4.0,PIURA,PERENNIAL,2005,0.194331318913
7_6509405_047251,PERENNIAL,medium,3.5,PIURA,ANNUAL,2005,0.171785984157
7_6509405_047309,PERENNIAL,medium,1.0,PIURA,PERENNIAL,2006,1.2062886581
7_6509405_047317,PERENNIAL,medium,1.7999999999999998,PIURA,PERENNIAL,2006,1.14924548733
7_6509405_047857,PERENNIAL,medium,2.0,PIURA,PERENNIAL,2007,0.231616981424
7_6509405_047957,PERENNIAL,medium,7.97,PIURA,PERENNIAL,2007,0.769860844897
7_6509405_048063,PERENNIAL,high,2.25,PIURA,PERENNIAL,2007,0.422511484014
7_6509405_048080,PERENNIAL,medium,3.75,PIURA,PERENNIAL,2007,0.155804004831
7_6509405_048114,PERENNIAL,high,0.25,PIURA,PERENNIAL,2007,0.12002856851
7_6509405_95658,PERENNIAL,high,4.0,PIURA,PERENNIAL,2000,0.155353977237
7_6509405_95665,PERENNIAL,high,6.0,PIURA,PASTURE_FALLOW,2000,0.529080047469
7_6509405_95679,PERENNIAL,medium,2.0,PIURA,PERENNIAL,2000,7.09436144287
7_6509405_95703,PERENNIAL,medium,1.75,PIURA,PERENNIAL,2000,2.35293429393
7_6509405_95736,PASTURE_FALLOW,medium,1.0,PIURA,ANNUAL,2000,0.267462289804
7_6509405_95741,PASTURE_FALLOW,medium,2.0,PIURA,PASTURE_FALLOW,2000,2.61778298492
7_6509405_95742,PASTURE_FALLOW,medium,1.0,PIURA,PERENNIAL,2000,4.68599362133
7_6509405_95752,PERENNIAL,high,1.5,PIURA,PASTURE_FALLOW,2000,2.39946743939
7_6509405_95753,PERENNIAL,high,5.75,PIURA,ANNUAL,2000,8.89995075836
7_6509405_95776,PASTURE_FALLOW,medium,23.0,PIURA,PASTURE_FALLOW,2000,0.231273639496
7_6509405_95779,PERENNIAL,medium,16.0,PIURA,PASTURE_FALLOW,2000,0.171940324218
7_6509405_96403,PERENNIAL,medium,1.5,PIURA,PASTURE_FALLOW,2000,5.57201750569
7_6509405_96423,PERENNIAL,medium,5.0,PIURA,PASTURE_FALLOW,2000,13.4617972327
7_6509405_96428,PERENNIAL,high,14.5,PIURA,PERENNIAL,2000,1.62130990279
7_6509405_96431,PERENNIAL,medium,6.5,PIURA,PERENNIAL,2000,1.23939800491
7_6509405_96436,PERENNIAL,medium,1.0,PIURA,PERENNIAL,2000,0.957106929977
7_6509405_96437,PERENNIAL,high,1.25,PIURA,PERENNIAL,2000,1.68054466343
7_6509405_96439,PERENNIAL,high,1.0,PIURA,PERENNIAL,2000,2.45881994572
7_6509405_96441,PERENNIAL,high,2.75,PIURA,PERENNIAL,2000,0.530414468291
7_6509405_96442,PERENNIAL,high,2.0,PIURA,PERENNIAL,2000,0.870434231564
7_6509405_96447,PERENNIAL,high,3.0,PIURA,PASTURE_FALLOW,2000,2.7401806568
7_6509405_96448,PERENNIAL,high,4.25,PIURA,PASTURE_FALLOW,2000,2.71691877508
7_6509405_96451,ANNUAL,low,0.1,PIURA,PASTURE_FALLOW,2000,1.03921435952
7_6509405_96460,PERENNIAL,high,0.25,PIURA,PERENNIAL,2000,1.42997664298
7_6509405_96477,PERENNIAL,medium,0.6,PIURA,ANNUAL,2000,1.1049305615
7_6509405_96482,PERENNIAL,low,3.0,PIURA,PASTURE_FALLOW,2000,0.309143046843
7_6509405_96485,PERENNIAL,high,1.5,PIURA,PASTURE_FALLOW,2000,0.687015042669
7_6509405_96486,PERENNIAL,medium,1.9500000000000002,PIURA,ANNUAL,2000,2.18714735678
7_6509405_96487,PERENNIAL,high,6.75,PIURA,PASTURE_FALLOW,2000,1.41790914679
7_6509410_95459,PERENNIAL,medium,5.0,PIURA,PASTURE_FALLOW,2000,1.4259957699
7_6509410_95460,PERENNIAL,high,1.5,PIURA,ANNUAL,2000,1.42053131062
7_6509410_95462,PERENNIAL,medium,1.15,PIURA,PASTURE_FALLOW,2000,0.776622699658
7_6509410_95463,PERENNIAL,medium,6.5,PIURA,PASTURE_FALLOW,2000,4.35957819924
7_6509410_95566,PERENNIAL,low,12.5,PIURA,PASTURE_FALLOW,2000,0.317455063774
7_6509410_95567,PERENNIAL,high,1.75,PIURA,ANNUAL,2000,2.46348377623
7_6509410_95569,ANNUAL,medium,4.35,PIURA,PASTURE_FALLOW,2000,1.37587116767
7_6509415_91543,ANNUAL,low,1.8,PIURA,PASTURE_FALLOW,2000,12.6988987933
7_6509415_91546,ANNUAL,medium,0.65,PIURA,PASTURE_FALLOW,2000,1.38410302876
7_6509415_91561,PERENNIAL,high,0.35,PIURA,PASTURE_FALLOW,2000,8.90251613952
7_6509415_91565,PERENNIAL,high,7.75,PIURA,PASTURE_FALLOW,2000,6.6407662292
7_6509415_91569,PERENNIAL,medium,0.5,PIURA,PASTURE_FALLOW,2000,1.31517329067
7_6509415_91571,PERENNIAL,high,1.75,PIURA,PASTURE_FALLOW,2000,5.02436812005
7_6509415_91575,PERENNIAL,medium,2.4,PIURA,PASTURE_FALLOW,2000,1.28752938506
7_6509415_91582,PERENNIAL,medium,11.75,PIURA,PASTURE_FALLOW,2000,0.189397374622
7_6509415_91586,PERENNIAL,high,6.0,PIURA,PASTURE_FALLOW,2000,1.95918989785
7_6509415_91595,PERENNIAL,medium,5.5,PIURA,PASTURE_FALLOW,2000,0.388943202353
7_6509415_94804,PERENNIAL,medium,12.5,PIURA,PASTURE_FALLOW,2000,0.302729338113
7_6509415_94807,PERENNIAL,medium,2.75,PIURA,PASTURE_FALLOW,2000,0.332675796135
7_6509415_94808,PERENNIAL,low,2.5,PIURA,PASTURE_FALLOW,2000,0.384641749016
7_6509415_94809,PERENNIAL,high,3.5,PIURA,PASTURE_FALLOW,2000,0.231319324578
7_6509415_94812,PERENNIAL,medium,0.75,PIURA,PASTURE_FALLOW,2000,0.481611284138
7_6509415_94824,PERENNIAL,medium,10.5,PIURA,PASTURE_FALLOW,2000,1.28958119512
7_6509415_94854,ANNUAL,low,0.25,PIURA,PERENNIAL,2000,0.318159709152
7_6509415_94861,PERENNIAL,high,2.0,PIURA,PERENNIAL,2000,1.05699477288
7_6509420_91273,PERENNIAL,medium,0.5,PIURA,PERENNIAL,2000,0.735293498809
7_6509420_91321,PERENNIAL,medium,0.5,PIURA,ANNUAL,2000,2.57214341268
7_6509420_91339,PERENNIAL,low,1.0,PIURA,PERENNIAL,2000,0.37510991223
7_6509420_91343,PERENNIAL,medium,4.0,PIURA,PERENNIAL,2000,0.370916962915
7_6509420_91345,PERENNIAL,medium,1.5,PIURA,PERENNIAL,2000,0.302295077407
7_6509420_91346,PERENNIAL,high,1.0,PIURA,PERENNIAL,2000,0.173396999776
7_6509420_91349,PERENNIAL,medium,0.25,PIURA,PERENNIAL,2000,0.20236052043
7_6509420_91352,PERENNIAL,medium,0.5,PIURA,ANNUAL,2000,0.84192081761
7_6509420_91405,PERENNIAL,medium,3.0,PIURA,PERENNIAL,2000,2.2678644279
7_6509420_91406,PERENNIAL,medium,1.75,PIURA,PERENNIAL,2000,0.700715232566
7_6509420_91410,PERENNIAL,high,0.75,PIURA,PERENNIAL,2000,1.36902488881
7_6509420_91413,PERENNIAL,low,0.5,PIURA,PERENNIAL,2000,0.685787313725
7_6509420_91419,PERENNIAL,medium,2.0,PIURA,PASTURE_FALLOW,2000,1.08922842849
7_6509420_91423,PERENNIAL,medium,1.4,PIURA,PASTURE_FALLOW,2000,1.8385415276
7_6509420_91433,PERENNIAL,medium,2.5,PIURA,PERENNIAL,2000,0.516556042591
7_6509420_91464,PERENNIAL,medium,1.0,PIURA,PASTURE_FALLOW,2000,1.14536345278
7_6509420_91469,PERENNIAL,medium,2.0,PIURA,PASTURE_FALLOW,2000,0.655163431463
7_6509420_91471,PERENNIAL,medium,2.5,PIURA,PERENNIAL,2000,2.18266134566
7_6509420_91473,PERENNIAL,high,0.75,PIURA,PERENNIAL,2000,0.234755804863
7_6509420_91486,PERENNIAL,medium,1.0,PIURA,PASTURE_FALLOW,2000,7.80243987203
7_6509420_91510,PERENNIAL,medium,0.25,PIURA,PERENNIAL,2000,0.22692873723
7_6509420_91511,PERENNIAL,high,0.65,PIURA,PERENNIAL,2000,0.559347667846
7_6509420_91514,PERENNIAL,medium,0.75,PIURA,PERENNIAL,2000,0.386003985708
7_6509420_91517,PERENNIAL,high,0.15,PIURA,PERENNIAL,2000,0.66276316031
7_6509420_91520,PERENNIAL,high,0.25,PIURA,PERENNIAL,2000,0.30382068009
7_6509420_91528,PERENNIAL,medium,2.0,PIURA,PASTURE_FALLOW,2000,9.97603389507
7_6509420_91538,PERENNIAL,medium,2.0,PIURA,PASTURE_FALLOW,2000,2.75211421459
7_6509420_91539,PERENNIAL,high,3.0,PIURA,ANNUAL,2000,3.20233400162
7_6509420_91549,PASTURE_FALLOW,high,0.75,PIURA,PASTURE_FALLOW,2000,6.48830088409
7_6509420_91611,PERENNIAL,medium,0.25,PIURA,PASTURE_FALLOW,2000,0.642576530137
7_6509420_91615,PERENNIAL,medium,3.75,PIURA,PERENNIAL,2000,1.41327306157
7_6509420_91623,PERENNIAL,medium,3.25,PIURA,PERENNIAL,2000,0.136344546367
7_6509420_91625,PERENNIAL,medium,0.5,PIURA,PERENNIAL,2000,0.444558461259
7_6509420_91630,PERENNIAL,medium,6.0,PIURA,PASTURE_FALLOW,2000,2.85905160879
7_6509420_91632,PERENNIAL,high,0.75,PIURA,PASTURE_FALLOW,2000,0.56384460987
7_6509420_91638,PERENNIAL,medium,0.5,PIURA,ANNUAL,2000,2.51891014795
7_6509420_91643,PERENNIAL,medium,1.25,PIURA,PERENNIAL,2000,0.47886019434
7_6509420_91644,PERENNIAL,medium,4.0,PIURA,PERENNIAL,2000,1.41960628224
7_6509420_91651,PERENNIAL,medium,1.5,PIURA,PERENNIAL,2000,3.7013092221
7_6509420_91653,PERENNIAL,medium,5.0,PIURA,PERENNIAL,2000,0.83373913552
7_6509420_91654,PERENNIAL,medium,1.5,PIURA,PERENNIAL,2000,0.68624620965
7_6509420_91655,PERENNIAL,high,1.75,PIURA,PERENNIAL,2000,0.3669496212
7_6509420_91666,PERENNIAL,medium,3.0,PIURA,PERENNIAL,2000,0.37684706487
7_6509420_91669,PERENNIAL,medium,0.5,PIURA,PERENNIAL,2000,0.20741243728
7_6509420_91670,PERENNIAL,medium,3.75,PIURA,PERENNIAL,2000,0.18142734006
7_6509420_91673,ANNUAL,low,1.15,PIURA,PERENNIAL,2000,1.429605093
7_6509420_91681,PERENNIAL,medium,7.0,PIURA,PASTURE_FALLOW,2000,1.24463527413
7_6509420_91686,PERENNIAL,medium,1.25,PIURA,ANNUAL,2000,1.89257459455
7_6509420_91695,PERENNIAL,medium,4.5,PIURA,ANNUAL,2000,2.18749741023
7_6509420_91719,PERENNIAL,low,16.25,PIURA,PERENNIAL,2000,1.19727314223
7_6509420_91725,PERENNIAL,medium,3.0,PIURA,PERENNIAL,2000,0.731090663239
7_6509420_91726,ANNUAL,medium,2.81,PIURA,PERENNIAL,2000,0.522879703508
7_6509420_91731,PERENNIAL,high,1.75,PIURA,PASTURE_FALLOW,2000,0.303751012701
7_6509420_91734,PERENNIAL,medium,5.0,PIURA,PERENNIAL,2000,0.467045140888
7_6509420_91735,PERENNIAL,medium,1.0,PIURA,PERENNIAL,2000,0.472868723548
7_6509420_91768,ANNUAL,low,0.25,PIURA,PERENNIAL,2000,3.76244839516
7_6509420_91775,PERENNIAL,low,1.5,PIURA,PERENNIAL,2000,0.20203201147
7_6509420_91779,PERENNIAL,medium,0.25,PIURA,PERENNIAL,2000,0.563309326
7_6509420_91785,PERENNIAL,high,3.0,PIURA,PERENNIAL,2000,1.19900350521
7_6509420_91787,PERENNIAL,high,1.0,PIURA,ANNUAL,2000,0.65271931353
7_6509420_91798,PERENNIAL,medium,0.5,PIURA,PERENNIAL,2000,0.360726166148
7_6509420_91799,PERENNIAL,medium,0.5,PIURA,PERENNIAL,2000,16.5214415152
7_6509420_91801,PERENNIAL,high,0.25,PIURA,PERENNIAL,2000,0.214055656778
7_6509420_91804,PERENNIAL,medium,3.0,PIURA,PERENNIAL,2000,0.170696130757
7_6509420_91814,PERENNIAL,medium,1.0,PIURA,PERENNIAL,2000,1.00184403872
7_6509420_91817,PERENNIAL,medium,0.25,PIURA,PERENNIAL,2000,0.291327207058
7_6509420_91826,PERENNIAL,medium,1.0,PIURA,PERENNIAL,2000,0.555254911728
7_6509420_91829,PERENNIAL,medium,0.5,PIURA,PERENNIAL,2000,1.02110159026
7_6509420_91833,PASTURE_FALLOW,high,6.0,PIURA,PASTURE_FALLOW,2000,1.58115761616
7_6509420_91847,PERENNIAL,low,0.75,PIURA,PERENNIAL,2000,0.431952223348
7_6509420_91851,PERENNIAL,medium,1.0,PIURA,PERENNIAL,2000,0.181939901657
7_6509420_91853,PERENNIAL,high,0.25,PIURA,PERENNIAL,2000,0.308576566396
7_6509420_91856,PERENNIAL,medium,1.0,PIURA,PERENNIAL,2000,0.288698564841
7_6509420_91865,PERENNIAL,low,0.5,PIURA,PERENNIAL,2000,0.250507120845
7_6509420_91866,PERENNIAL,medium,0.25,PIURA,PERENNIAL,2000,0.501371843814
7_6509420_91876,PERENNIAL,medium,3.25,PIURA,PERENNIAL,2000,0.166714014731
7_6509420_91891,PERENNIAL,medium,3.5,PIURA,ANNUAL,2000,0.324804889343
7_6509420_91895,PERENNIAL,medium,4.5,PIURA,PERENNIAL,2000,0.590199144892
7_6509420_91897,PERENNIAL,high,0.5,PIURA,PERENNIAL,2000,0.291080695129
7_6509420_91898,PERENNIAL,high,1.0,PIURA,PERENNIAL,2000,0.267564766731
7_6509420_91905,ANNUAL,medium,0.2,PIURA,ANNUAL,2000,0.88624293352
7_6509420_91921,PERENNIAL,high,5.9,PIURA,ANNUAL,2000,0.349504221764
7_6509420_91924,ANNUAL,low,0.75,PIURA,PERENNIAL,2000,0.279004290613
7_6509420_91927,PERENNIAL,high,3.25,PIURA,PERENNIAL,2000,0.175769363582
7_6509420_91928,PERENNIAL,medium,0.75,PIURA,PERENNIAL,2000,0.59269241101
7_6509420_91931,PERENNIAL,high,0.5,PIURA,PERENNIAL,2000,0.25085814748
7_6509420_91936,PERENNIAL,medium,0.5,PIURA,PERENNIAL,2000,0.90142325424
7_6509420_91947,PERENNIAL,high,0.5,PIURA,PERENNIAL,2000,0.242271279814
7_6509420_91949,PERENNIAL,high,0.5,PIURA,PERENNIAL,2000,0.196676942539
7_6509420_91955,PERENNIAL,medium,0.5,PIURA,PERENNIAL,2000,0.40721431981
7_6509420_91961,PERENNIAL,high,4.5,PIURA,PERENNIAL,2000,0.333133628222
7_6509420_91962,PERENNIAL,high,1.0,PIURA,PERENNIAL,2000,0.215880199057
7_6509420_91965,PERENNIAL,high,1.25,PIURA,PERENNIAL,2000,0.233110112891
7_6509420_91968,PERENNIAL,medium,0.5,PIURA,PERENNIAL,2000,0.137753907263
7_6509420_91976,PERENNIAL,low,3.5,PIURA,PERENNIAL,2000,0.306136734758
7_6509420_91981,ANNUAL,low,0.25,PIURA,PERENNIAL,2000,0.283578506298
7_6509420_91982,PERENNIAL,medium,2.25,PIURA,PERENNIAL,2000,0.507232518899
7_6509420_91983,PERENNIAL,medium,1.0,PIURA,PERENNIAL,2000,0.448542280297
7_6509420_91984,PERENNIAL,high,3.75,PIURA,PASTURE_FALLOW,2000,0.693763550694
7_6509420_91985,PERENNIAL,high,5.0,PIURA,PASTURE_FALLOW,2000,1.41258805844
7_6509420_91992,PERENNIAL,medium,11.0,PIURA,PERENNIAL,2000,0.881819430978
7_6509420_91995,PERENNIAL,medium,18.5,PIURA,PASTURE_FALLOW,2000,0.493884675708
7_6509420_93215,PERENNIAL,medium,12.5,PIURA,PERENNIAL,2000,1.6703292927
7_6509420_93218,PERENNIAL,high,0.63,PIURA,PERENNIAL,2000,1.24975302827
7_6509420_93225,PERENNIAL,high,1.25,PIURA,PERENNIAL,2000,0.22260002105
7_6509420_93226,PERENNIAL,medium,1.0,PIURA,PERENNIAL,2000,0.24448725466
7_6509420_93231,ANNUAL,low,1.5,PIURA,PERENNIAL,2000,0.847065511847
7_6509420_93233,PERENNIAL,high,3.75,PIURA,PERENNIAL,2000,0.658233383401
7_6509420_93234,PERENNIAL,high,1.75,PIURA,PERENNIAL,2000,5.96410989381
7_6509420_93235,PERENNIAL,high,1.0,PIURA,PERENNIAL,2000,0.610147573109
7_6509420_93236,PERENNIAL,high,7.0,PIURA,ANNUAL,2000,3.42531760084
7_6509420_93246,ANNUAL,low,0.6,PIURA,PERENNIAL,2000,1.99400128702
7_6509420_93247,PERENNIAL,high,0.5,PIURA,PERENNIAL,2000,1.61199374021
7_6509420_93250,PERENNIAL,high,0.5,PIURA,PERENNIAL,2000,0.377760736658
7_6509420_93263,PERENNIAL,medium,1.4,PIURA,PERENNIAL,2000,1.98076593795
7_6509420_93268,PERENNIAL,medium,8.0,PIURA,PERENNIAL,2000,1.31617216624
7_6509420_93271,PERENNIAL,medium,4.25,PIURA,PERENNIAL,1999,0.186141300442
7_6509420_93302,PERENNIAL,high,0.75,PIURA,PERENNIAL,2000,1.42536793148
7_6509420_93315,PERENNIAL,high,1.5,PIURA,PERENNIAL,2000,0.306102090627
7_6509420_93326,ANNUAL,medium,1.0,PIURA,PERENNIAL,2000,0.883615389842
7_6509420_93328,PERENNIAL,medium,3.04,PIURA,PERENNIAL,2000,0.358316082297
7_6509420_93335,PERENNIAL,high,3.0,PIURA,PERENNIAL,2000,0.258293365183
7_6509420_93336,PERENNIAL,high,0.75,PIURA,PERENNIAL,2000,0.407001934087
7_6509420_93354,PERENNIAL,medium,1.75,PIURA,PERENNIAL,2000,0.4878657892
7_6509420_93357,PERENNIAL,medium,1.0,PIURA,PERENNIAL,2000,0.984601002072
7_6509420_93358,ANNUAL,low,2.25,PIURA,PERENNIAL,2000,0.217382961901
7_6509420_93362,PERENNIAL,high,2.0,PIURA,PERENNIAL,2000,0.419223003951
7_6509420_93370,PERENNIAL,medium,2.5,PIURA,PERENNIAL,2000,0.29733451155
7_6509420_93379,PERENNIAL,medium,2.75,PIURA,PERENNIAL,2000,0.331255934937
7_6509420_93798,PERENNIAL,medium,3.0,PIURA,PASTURE_FALLOW,2000,1.30674701099
7_6509420_94000,PERENNIAL,medium,7.0,PIURA,PERENNIAL,2000,0.95527950356
7_6509420_94007,PERENNIAL,medium,1.5,PIURA,PERENNIAL,2000,0.13655183102
7_6509420_94012,PERENNIAL,medium,5.75,PIURA,PERENNIAL,2000,2.44417152487
7_6509420_94014,PERENNIAL,high,0.75,PIURA,PERENNIAL,2000,0.61229168943
7_6509420_94016,PERENNIAL,medium,2.25,PIURA,PERENNIAL,2000,0.28641385304
7_6509420_94024,PERENNIAL,medium,3.75,PIURA,PERENNIAL,2000,1.52438091255
7_6509420_94028,PERENNIAL,high,0.75,PIURA,PERENNIAL,2000,0.72414542025
7_6509420_94045,PERENNIAL,medium,2.0,PIURA,PERENNIAL,2000,0.298826327
7_6509420_94046,PERENNIAL,high,0.25,PIURA,PERENNIAL,2000,0.5217653455
7_6509420_94054,PERENNIAL,high,0.25,PIURA,PERENNIAL,2000,1.73642694837
7_6509420_94066,PERENNIAL,high,1.0,PIURA,PASTURE_FALLOW,2000,0.84072931415
7_6509420_94078,PERENNIAL,high,1.0,PIURA,ANNUAL,2000,0.37464905806
7_6509420_94081,PERENNIAL,high,0.5,PIURA,PASTURE_FALLOW,2000,0.2829002578
7_6509420_94090,PASTURE_FALLOW,medium,2.0,PIURA,PASTURE_FALLOW,2000,0.52816659162
7_6509420_94096,PERENNIAL,high,1.0,PIURA,PASTURE_FALLOW,2000,0.71039706234
7_6509420_94108,PERENNIAL,high,2.5,PIURA,PERENNIAL,2000,0.94999007949
7_6509420_94109,PASTURE_FALLOW,low,2.0,PIURA,PASTURE_FALLOW,2000,1.25391837005
7_6509420_94110,PERENNIAL,medium,1.0,PIURA,PERENNIAL,2000,0.28592458055
7_6509420_94114,PERENNIAL,medium,4.0,PIURA,PASTURE_FALLOW,2000,0.24092451416
7_6509420_94124,PERENNIAL,high,1.0,PIURA,ANNUAL,2000,1.24732783002
7_6509420_94129,PERENNIAL,high,3.0,PIURA,PASTURE_FALLOW,2000,0.23244259244
7_6509420_94131,ANNUAL,low,0.15,PIURA,PASTURE_FALLOW,2000,0.58027949629
7_6509420_94133,PERENNIAL,medium,0.5,PIURA,PASTURE_FALLOW,2000,0.93163529984
7_6509420_94135,PASTURE_FALLOW,medium,1.75,PIURA,PASTURE_FALLOW,2000,0.73076623044
7_6509420_94148,PERENNIAL,medium,5.0,PIURA,PASTURE_FALLOW,2000,0.784327897733
7_6509420_94187,PERENNIAL,high,0.5,PIURA,PERENNIAL,2000,0.844104580208
7_6509420_94495,PERENNIAL,medium,9.0,PIURA,ANNUAL,2000,3.0237296871
7_6509420_94497,PERENNIAL,medium,1.0,PIURA,ANNUAL,2000,0.754266369303
7_6509420_94502,PERENNIAL,medium,0.5,PIURA,PERENNIAL,2000,0.263251584951
7_6509420_94503,PERENNIAL,high,0.5,PIURA,PERENNIAL,2000,0.186242160152
7_6509420_94504,PERENNIAL,medium,1.25,PIURA,PERENNIAL,2000,0.133572299247
7_6509420_94511,PERENNIAL,low,0.75,PIURA,ANNUAL,2000,0.0902460943647
7_6509420_94518,PERENNIAL,medium,1.75,PIURA,PERENNIAL,2000,0.31313676107
7_6509420_94523,PERENNIAL,medium,0.5,PIURA,PERENNIAL,2000,1.64723966138
7_6509420_94531,PERENNIAL,low,1.0,PIURA,PERENNIAL,2000,0.25461871775
7_6509420_94534,ANNUAL,low,0.75,PIURA,PERENNIAL,2000,0.533626271071
7_6509420_94536,PERENNIAL,high,0.75,PIURA,ANNUAL,2000,0.661882703871
7_6509420_94539,PASTURE_FALLOW,medium,0.5,PIURA,PASTURE_FALLOW,2000,1.12019977951
7_6509420_94549,PERENNIAL,medium,16.25,PIURA,PERENNIAL,2000,0.648400275128
7_6509420_94553,PERENNIAL,high,2.5,PIURA,PERENNIAL,2000,0.41732177955
7_6509420_94555,PERENNIAL,medium,1.0,PIURA,PERENNIAL,2000,1.77168885
7_6509420_94559,PERENNIAL,medium,4.75,PIURA,ANNUAL,2000,0.77881870409
7_6509420_94571,PERENNIAL,medium,1.8,PIURA,PERENNIAL,2000,0.75717857437
7_6509420_94574,PERENNIAL,high,1.0,PIURA,PERENNIAL,2000,0.55895665519
7_6509420_94582,PERENNIAL,high,0.25,PIURA,PERENNIAL,2000,0.29623084631
7_6509420_94583,PERENNIAL,low,3.0,PIURA,PERENNIAL,2000,0.42074071458
7_6509420_94590,PERENNIAL,high,5.0,PIURA,PERENNIAL,2000,1.16275195691
7_6509420_94608,PERENNIAL,high,3.0,PIURA,PERENNIAL,2000,0.485720083088
7_6509420_94609,ANNUAL,high,0.62,PIURA,PERENNIAL,2000,0.111658621396
7_6509420_94612,PERENNIAL,medium,3.25,PIURA,PERENNIAL,2000,0.647319505463
7_6509420_94615,PERENNIAL,medium,0.25,PIURA,PERENNIAL,2000,1.91337031521
7_6509420_94616,PERENNIAL,high,0.5,PIURA,PERENNIAL,2000,0.348015959063
7_6509420_94621,PERENNIAL,low,1.25,PIURA,PERENNIAL,2000,0.574429801566
7_6509420_94626,PERENNIAL,medium,1.5,PIURA,PASTURE_FALLOW,2000,4.31581999789
7_6509420_94627,ANNUAL,low,1.25,PIURA,PERENNIAL,2000,0.699809547337
7_6509420_94638,PERENNIAL,medium,2.0,PIURA,PERENNIAL,2000,0.124852045737
7_6509420_94668,PERENNIAL,medium,2.0,PIURA,PERENNIAL,2000,0.237060937684
7_6509420_94672,PERENNIAL,medium,1.5,PIURA,PASTURE_FALLOW,2000,0.699342979447
7_6509420_94832,PERENNIAL,medium,3.5,PIURA,PASTURE_FALLOW,2000,1.39509174597
7_6509420_94836,PERENNIAL,medium,6.65,PIURA,ANNUAL,2000,4.32462908221
7_6509420_94998,PASTURE_FALLOW,medium,8.0,PIURA,PERENNIAL,2000,0.373582001551
7_6509420_95017,PERENNIAL,medium,1.5,PIURA,ANNUAL,2000,3.88891863754
7_6509420_95022,PERENNIAL,medium,1.068,PIURA,ANNUAL,2000,0.244343704687
7_6509420_95076,PERENNIAL,medium,0.75,PIURA,PERENNIAL,2000,0.161257931375
7_6509420_95077,PERENNIAL,medium,2.5,PIURA,PERENNIAL,2000,0.203991586285
7_6509420_95079,PERENNIAL,high,1.5,PIURA,PASTURE_FALLOW,2000,0.208557980863
7_6509420_95081,PERENNIAL,medium,1.5,PIURA,PERENNIAL,2000,0.139486412593
7_6509420_95085,PERENNIAL,medium,4.5,PIURA,PERENNIAL,2000,1.29178154336
7_6509420_95089,PERENNIAL,medium,1.0,PIURA,PERENNIAL,2000,1.02138148969
7_6509420_95092,PERENNIAL,high,3.75,PIURA,ANNUAL,2000,1.07099426341
7_6509420_95095,PERENNIAL,medium,5.55,PIURA,PERENNIAL,2000,0.511097779399
7_6509420_95097,PERENNIAL,medium,5.5,PIURA,PERENNIAL,2000,0.397204954556
7_6509420_95112,PERENNIAL,high,2.0,PIURA,PERENNIAL,2003,0.199287486151
7_6509420_95114,ANNUAL,low,1.0,PIURA,PERENNIAL,2000,0.474873019179
7_6509420_95132,PERENNIAL,medium,0.5,PIURA,PERENNIAL,2000,1.94452954058
7_6509420_95134,PERENNIAL,high,2.75,PIURA,PERENNIAL,2000,0.250965911877
7_6509420_95136,PERENNIAL,low,0.75,PIURA,PERENNIAL,2001,0.245801894926
7_6509420_95143,PERENNIAL,high,0.5,PIURA,PERENNIAL,2000,0.20897248325
7_6509420_95144,PERENNIAL,medium,0.25,PIURA,PERENNIAL,2001,0.865736150567
7_6509420_95147,PERENNIAL,high,4.75,PIURA,PERENNIAL,2001,0.38489057267
7_6509420_95151,PERENNIAL,medium,0.25,PIURA,PERENNIAL,2000,0.51302825759
7_6509420_95158,PERENNIAL,high,3.75,PIURA,PERENNIAL,2000,0.200531995486
7_6509420_95164,PERENNIAL,medium,3.0,PIURA,PERENNIAL,2000,0.512943460803
7_6509420_95166,PASTURE_FALLOW,medium,1.0,PIURA,PERENNIAL,2000,0.749271643334
7_6509420_95167,PERENNIAL,medium,2.0,PIURA,PERENNIAL,2001,0.607010963818
7_6509420_95180,PERENNIAL,medium,1.0,PIURA,ANNUAL,2001,0.203481038349
7_6509420_95184,PERENNIAL,high,2.25,PIURA,PERENNIAL,2000,1.09047352117
7_6509420_95198,PERENNIAL,medium,2.0,PIURA,PASTURE_FALLOW,2000,0.35806929014
7_6509425_042817,PERENNIAL,high,4.5,PIURA,PASTURE_FALLOW,2003,8.18074098911
7_6509425_91990,PERENNIAL,high,10.0,PIURA,PERENNIAL,2000,1.36125656674
7_6509425_91996,PERENNIAL,medium,2.75,PIURA,PERENNIAL,2000,0.526579369326
7_6509425_91997,PERENNIAL,medium,2.5,PIURA,PERENNIAL,2000,0.525675718095
7_6509425_93570,PERENNIAL,high,0.75,PIURA,PERENNIAL,2000,0.79399457898
7_6509425_93685,ANNUAL,medium,10.5,PIURA,ANNUAL,2000,16.6827728679
7_6509425_93690,ANNUAL,low,0.25,PIURA,ANNUAL,2000,1.86954879854
7_6509425_93697,PERENNIAL,medium,5.5,PIURA,PERENNIAL,2000,0.13764867121
7_6509425_93701,ANNUAL,medium,0.5,PIURA,PERENNIAL,2000,0.806834279877
7_6509425_93703,PERENNIAL,high,2.75,PIURA,ANNUAL,2000,1.7244784475
7_6509425_93709,PERENNIAL,high,1.0,PIURA,PERENNIAL,2000,4.69396894925
7_6509425_93720,PERENNIAL,medium,4.5,PIURA,PERENNIAL,2000,2.01059662462
7_6509425_93724,PERENNIAL,medium,26.5,PIURA,PERENNIAL,2000,1.59355315908
7_6509425_93726,PERENNIAL,medium,1.0,PIURA,ANNUAL,2000,1.91400046053
7_6509425_93742,PERENNIAL,high,1.0,PIURA,PERENNIAL,2000,0.943925700287
7_6509425_93744,PERENNIAL,high,1.0,PIURA,PASTURE_FALLOW,2000,0.135704913454
7_6509425_93753,PERENNIAL,medium,0.4,PIURA,ANNUAL,2000,3.24005622528
7_6509425_93768,PERENNIAL,high,0.5,PIURA,PERENNIAL,2000,3.51892842431
7_6509425_93770,PERENNIAL,high,3.0,PIURA,PERENNIAL,2000,1.07897508728
7_6509425_93776,ANNUAL,medium,0.5,PIURA,PERENNIAL,2000,0.247791438525
7_6509425_93778,PERENNIAL,high,1.0,PIURA,PERENNIAL,2000,0.950610051538
7_6509425_93787,PERENNIAL,medium,3.5,PIURA,PERENNIAL,2000,0.212311807187
7_6509425_93789,PERENNIAL,high,5.0,PIURA,PERENNIAL,2000,0.495025994938
7_6509425_94380,PERENNIAL,high,1.5,PIURA,ANNUAL,2000,1.66096037609
7_6509425_94384,PERENNIAL,high,4.5,PIURA,ANNUAL,2000,1.29920301365
7_6509425_94404,PERENNIAL,medium,2.0,PIURA,PERENNIAL,2000,0.336690129645
7_6509425_94407,PERENNIAL,medium,2.25,PIURA,PERENNIAL,2000,0.729498103499
7_6509425_94409,PERENNIAL,medium,2.0,PIURA,PERENNIAL,2000,1.947790895
7_6509425_94417,PERENNIAL,high,0.5,PIURA,PERENNIAL,2000,0.13763548402
7_6509425_94448,PERENNIAL,high,2.5,PIURA,PERENNIAL,2000,0.212991917064
7_6509425_94457,PERENNIAL,high,1.25,PIURA,PERENNIAL,2000,0.845167867616
7_6509425_94465,PERENNIAL,medium,1.0,PIURA,ANNUAL,2000,0.476013606703
7_6509425_94467,ANNUAL,medium,0.25,PIURA,PASTURE_FALLOW,2000,0.739857257604
7_6509425_94468,PERENNIAL,medium,3.5,PIURA,PASTURE_FALLOW,2000,0.160429299419
7_6509425_94469,PERENNIAL,medium,5.0,PIURA,PASTURE_FALLOW,2000,0.42640180663
7_6509425_94470,PASTURE_FALLOW,medium,1.0,PIURA,PERENNIAL,2000,0.746854361486
7_6509425_94479,PERENNIAL,medium,6.0,PIURA,PERENNIAL,2000,1.20873117387
7_6509425_94481,PERENNIAL,medium,1.25,PIURA,PASTURE_FALLOW,2000,0.963617075945
7_6509425_94545,PERENNIAL,medium,1.75,PIURA,PERENNIAL,2000,0.526541198625
7_6509425_94546,PERENNIAL,medium,1.0,PIURA,PASTURE_FALLOW,2000,1.04591528416
7_6509425_94690,ANNUAL,low,23.66,PIURA,PERENNIAL,2000,0.181973345305
7_6509425_94691,PERENNIAL,high,11.0,PIURA,PERENNIAL,2000,0.310418280915
7_6509425_94709,PERENNIAL,high,0.25,PIURA,PERENNIAL,2000,0.227817382066
7_6509425_94721,PERENNIAL,low,2.0,PIURA,PERENNIAL,2000,1.43495968838
7_6509425_94724,PERENNIAL,high,1.0,PIURA,PERENNIAL,2000,0.921638326197
7_6509425_94725,PERENNIAL,medium,4.0,PIURA,PERENNIAL,2000,0.787028964873
7_6509425_94763,PERENNIAL,high,0.41000000000000003,PIURA,ANNUAL,2000,1.94942393407
7_6509425_94769,PERENNIAL,high,5.5,PIURA,PERENNIAL,2000,14.5456079081
7_6509425_94771,PERENNIAL,high,0.75,PIURA,ANNUAL,2000,0.430897073386
7_6509425_94773,PERENNIAL,high,1.0,PIURA,ANNUAL,2000,0.211180550367
7_6509425_94776,PERENNIAL,medium,2.0,PIURA,ANNUAL,2000,0.416608944781
7_6509425_94778,PERENNIAL,low,4.0,PIURA,ANNUAL,2000,0.15439533996
7_6509425_94779,PERENNIAL,medium,1.0,PIURA,ANNUAL,2000,0.742884806775
7_6509425_94780,PERENNIAL,medium,3.25,PIURA,ANNUAL,2000,0.58361589335
7_6509425_94785,PERENNIAL,low,1.4,PIURA,ANNUAL,2000,4.5428530094
7_6509425_94789,PERENNIAL,high,2.25,PIURA,ANNUAL,2000,1.07806490345
7_6509425_94791,PERENNIAL,low,0.5,PIURA,ANNUAL,2000,0.382666601418
7_6509425_94793,PERENNIAL,medium,3.0,PIURA,ANNUAL,2000,0.173962878653
7_6509425_95032,PERENNIAL,high,0.5,PIURA,PERENNIAL,2000,0.295955054585
7_6509425_95040,PERENNIAL,medium,2.4,PIURA,PERENNIAL,2000,7.29449667947
7_6509425_95055,PERENNIAL,medium,1.0,PIURA,PERENNIAL,2002,1.0809280831
7_6509425_95064,PERENNIAL,medium,1.0,PIURA,PERENNIAL,2000,0.924041833697
7_6509425_95065,PERENNIAL,high,1.0,PIURA,PERENNIAL,2000,0.361883583612
7_6509425_95067,PERENNIAL,high,2.0,PIURA,PERENNIAL,2000,1.64522024363
7_6509425_95091,PERENNIAL,medium,2.0,PIURA,PERENNIAL,2000,0.134097716665
7_6559375_93770,PERENNIAL,medium,0.5,PIURA,ANNUAL,2003,0.178776979953
7_6559375_96212,ANNUAL,low,1.5,PIURA,ANNUAL,2001,2.53497365081
7_6559375_96213,ANNUAL,medium,0.25,PIURA,ANNUAL,2001,0.57362760093
7_6559375_97252,PERENNIAL,high,1.0,PIURA,PERENNIAL,2003,1.39744252471
7_6559375_98891,PERENNIAL,medium,1.5,PIURA,ANNUAL,2003,0.176819886597
7_6559380_93874,ANNUAL,low,0.5,PIURA,ANNUAL,2003,0.491528457402
7_6559380_93875,PERENNIAL,medium,4.75,PIURA,PERENNIAL,2003,0.252842753307
7_6559380_96285,PERENNIAL,low,19.2,PIURA,ANNUAL,2003,0.327897261061
7_6559380_98638,PERENNIAL,medium,4.25,PIURA,ANNUAL,2003,0.276780231789
7_6559390_80648,PERENNIAL,medium,1.5,PIURA,PERENNIAL,1999,3.66575241265
7_6559390_80669,PERENNIAL,high,1.0,PIURA,PERENNIAL,1999,0.519720286679
7_6559390_80670,PERENNIAL,high,0.5,PIURA,PERENNIAL,1999,0.886391767118
7_6559390_80671,ANNUAL,low,0.25,PIURA,ANNUAL,1999,2.34478028167
7_6559390_80672,PERENNIAL,medium,0.75,PIURA,ANNUAL,1999,0.99019385301
7_6559390_80723,PERENNIAL,medium,1.0,PIURA,PASTURE_FALLOW,1999,1.54522167651
7_6559390_80727,ANNUAL,medium,1.0,PIURA,PASTURE_FALLOW,1999,0.343827447459
7_6559390_80730,PERENNIAL,medium,0.5,PIURA,PASTURE_FALLOW,1999,0.293416029508
7_6559390_80736,PERENNIAL,low,2.75,PIURA,PASTURE_FALLOW,1999,4.98224063121
7_6559390_80746,PERENNIAL,medium,1.0,PIURA,PASTURE_FALLOW,1999,0.831366131533
7_6559390_83829,PERENNIAL,high,1.5,PIURA,PERENNIAL,1999,3.80191680903
7_6559390_83830,PERENNIAL,medium,0.5,PIURA,PASTURE_FALLOW,1999,2.99048596952
7_6559390_83835,PERENNIAL,medium,0.5,PIURA,ANNUAL,1999,2.40189313089
7_6559390_83838,PERENNIAL,high,0.5,PIURA,PERENNIAL,1999,5.63818572648
7_6559390_83842,PERENNIAL,low,1.5,PIURA,ANNUAL,1999,0.683015541891
7_6559390_83859,PERENNIAL,medium,1.5,PIURA,PASTURE_FALLOW,1999,0.33247651494
7_6559390_83881,PERENNIAL,medium,1.25,PIURA,PASTURE_FALLOW,1999,3.54361362795
7_6559390_83885,PERENNIAL,medium,0.5,PIURA,PASTURE_FALLOW,1999,3.28415741796
7_6559390_83913,PERENNIAL,medium,1.5,PIURA,PASTURE_FALLOW,1999,1.55501639808
7_6559390_83916,ANNUAL,low,2.0,PIURA,PASTURE_FALLOW,1999,0.909770253884
7_6559390_83942,PERENNIAL,medium,1.0,PIURA,PERENNIAL,1999,0.162285627267
7_6559390_83948,PERENNIAL,high,1.25,PIURA,PASTURE_FALLOW,1999,0.341931661708
7_6559390_83962,PERENNIAL,medium,1.5,PIURA,PERENNIAL,1999,0.724922439293
7_6559390_83970,PERENNIAL,medium,1.0,PIURA,PASTURE_FALLOW,1999,0.62883799947
7_6559390_83983,PERENNIAL,high,1.0,PIURA,PASTURE_FALLOW,1999,0.405910184465
7_6559390_83992,PERENNIAL,medium,0.5,PIURA,PERENNIAL,1999,0.306778382492
7_6559390_83999,PERENNIAL,medium,1.0,PIURA,PASTURE_FALLOW,1999,5.18760012419
7_6559390_85616,PERENNIAL,medium,0.75,PIURA,ANNUAL,2003,1.59525753709
7_6559395_042543,PERENNIAL,medium,0.5,PIURA,PASTURE_FALLOW,2003,1.38315335829
7_6559395_045682,PERENNIAL,medium,0.25,PIURA,PERENNIAL,2005,0.196537420267
7_6559395_045692,PERENNIAL,high,1.5,PIURA,PERENNIAL,2005,0.261581468299
7_6559395_045695,PERENNIAL,medium,6.5,PIURA,PERENNIAL,2005,1.38345574965
7_6559395_045709,PERENNIAL,high,2.25,PIURA,PERENNIAL,2005,0.176157515199
7_6559395_045742,PERENNIAL,medium,0.75,PIURA,PERENNIAL,2005,0.136506454189
7_6559395_045745,PERENNIAL,medium,0.75,PIURA,PERENNIAL,2005,0.2136520762
7_6559395_045752,PERENNIAL,medium,1.0,PIURA,PERENNIAL,2005,0.112767091368
7_6559395_045765,PERENNIAL,high,2.5,PIURA,PERENNIAL,2005,0.376782267125
7_6559395_045766,PERENNIAL,medium,4.25,PIURA,PERENNIAL,2005,0.189014246935
7_6559395_045783,PERENNIAL,high,2.25,PIURA,PERENNIAL,2005,0.301641415045
7_6559395_045784,PERENNIAL,medium,0.5,PIURA,PERENNIAL,2005,0.356994398502
7_6559395_045785,PERENNIAL,medium,1.0,PIURA,PERENNIAL,2005,0.604815830118
7_6559395_045901,PERENNIAL,medium,1.75,PIURA,PERENNIAL,2005,0.374891822712
7_6559395_045907,PERENNIAL,medium,0.75,PIURA,PERENNIAL,2005,0.723776609252
7_6559395_045921,PERENNIAL,medium,1.5,PIURA,PERENNIAL,2005,0.382269684494
7_6559395_045923,PERENNIAL,high,1.5,PIURA,PERENNIAL,2005,0.365185371114
7_6559395_045928,PERENNIAL,medium,2.32,PIURA,PERENNIAL,2005,0.302179657915
7_6559395_045930,PERENNIAL,low,0.5,PIURA,PERENNIAL,2005,0.145820772169
7_6559395_045965,PERENNIAL,medium,0.5,PIURA,PERENNIAL,2005,0.131296897033
7_6559395_045968,PERENNIAL,medium,0.75,PIURA,PERENNIAL,2005,0.404463606287
7_6559395_045970,PERENNIAL,high,0.25,PIURA,PERENNIAL,2005,0.188461343713
7_6559395_045974,PERENNIAL,high,0.25,PIURA,PERENNIAL,2005,1.02590426719
7_6559395_045976,PERENNIAL,high,1.0,PIURA,PERENNIAL,2005,0.118133078281
7_6559395_045977,PERENNIAL,medium,0.5,PIURA,PERENNIAL,2005,0.138895300707
7_6559395_045980,PERENNIAL,low,2.25,PIURA,PERENNIAL,2005,0.206210135843
7_6559395_045981,PERENNIAL,medium,0.75,PIURA,PERENNIAL,2005,0.192684462724
7_6559395_045985,PERENNIAL,high,0.75,PIURA,PERENNIAL,2005,0.144879573405
7_6559395_045991,PERENNIAL,medium,2.0,PIURA,PERENNIAL,2005,0.180675551052
7_6559395_045992,PERENNIAL,high,1.0,PIURA,PERENNIAL,2005,0.1783836653
7_6559395_046208,PERENNIAL,medium,1.0,PIURA,PERENNIAL,2005,0.0972827532808
7_6559395_046215,PERENNIAL,medium,0.25,PIURA,PASTURE_FALLOW,2005,0.201859319506
7_6559395_046217,ANNUAL,low,0.5,PIURA,PERENNIAL,2005,0.280798434525
7_6559395_046232,PERENNIAL,high,0.75,PIURA,PERENNIAL,2005,0.162369484827
7_6559395_046253,PERENNIAL,medium,2.0,PIURA,PERENNIAL,2005,0.0982908436076
7_6559395_046255,PERENNIAL,medium,4.0,PIURA,PASTURE_FALLOW,2005,0.314372144793
7_6559395_046270,PERENNIAL,medium,2.0,PIURA,PERENNIAL,2005,0.254971578113
7_6559395_046271,PERENNIAL,medium,0.25,PIURA,PERENNIAL,2005,0.190906722698
7_6559395_046286,PERENNIAL,medium,2.5,PIURA,PERENNIAL,2005,0.130931599909
7_6559395_046295,ANNUAL,medium,0.25,PIURA,PERENNIAL,2005,0.117405822635
7_6559395_046298,PERENNIAL,medium,0.5,PIURA,PERENNIAL,2005,0.510890435067
7_6559395_046708,PERENNIAL,medium,1.0,PIURA,PERENNIAL,2005,0.15744976196
7_6559395_084642,PERENNIAL,medium,4.0,PIURA,PASTURE_FALLOW,2003,0.809825514103
7_6559395_084646,PERENNIAL,high,2.0,PIURA,PASTURE_FALLOW,2003,0.686306496452
7_6559395_40993,PERENNIAL,medium,1.0,PIURA,PERENNIAL,1999,0.72493577592
7_6559395_40998,PERENNIAL,medium,4.0,PIURA,PERENNIAL,1999,0.969066009982
7_6559395_41007,PERENNIAL,low,0.75,PIURA,PASTURE_FALLOW,1999,1.1996470092
7_6559395_41036,PERENNIAL,medium,0.5,PIURA,PERENNIAL,1999,0.20936660351
7_6559395_41047,PERENNIAL,high,1.0,PIURA,PASTURE_FALLOW,1999,0.314404039899
7_6559395_41051,PASTURE_FALLOW,medium,0.5,PIURA,PASTURE_FALLOW,1999,0.276478546987
7_6559395_41061,ANNUAL,medium,0.5,PIURA,PASTURE_FALLOW,1999,0.36001608749
7_6559395_41062,ANNUAL,medium,1.9,PIURA,PASTURE_FALLOW,1999,0.297586885407
7_6559395_41065,PERENNIAL,high,4.9,PIURA,PASTURE_FALLOW,1999,0.874677785052
7_6559395_41071,PERENNIAL,medium,4.5,PIURA,ANNUAL,1999,0.29686402589
7_6559395_41082,PERENNIAL,high,4.5,PIURA,ANNUAL,1999,0.548023061903
7_6559395_41084,ANNUAL,medium,1.25,PIURA,PASTURE_FALLOW,1999,0.558580175316
7_6559395_41087,PERENNIAL,medium,1.9,PIURA,PASTURE_FALLOW,1999,1.88820960776
7_6559395_41095,PASTURE_FALLOW,medium,2.25,PIURA,PASTURE_FALLOW,1999,0.718528992107
7_6559395_42432,PERENNIAL,medium,0.75,PIURA,PASTURE_FALLOW,2001,1.07024266913
7_6559395_42518,PERENNIAL,high,1.0,PIURA,PERENNIAL,2001,0.573243338978
7_6559395_42529,PERENNIAL,medium,0.5,PIURA,PERENNIAL,2001,0.21883029311
7_6559395_42530,PERENNIAL,medium,3.75,PIURA,PERENNIAL,2001,0.358392808071
7_6559395_79407,PERENNIAL,medium,2.0,PIURA,PERENNIAL,1999,8.44828563068
7_6559395_80009,PERENNIAL,medium,0.75,PIURA,PERENNIAL,1999,0.712982612979
7_6559395_80031,PERENNIAL,medium,1.25,PIURA,PASTURE_FALLOW,1999,0.211160432662
7_6559395_80036,PERENNIAL,high,2.5,PIURA,PERENNIAL,1999,2.70714735457
7_6559395_80083,PERENNIAL,high,2.0,PIURA,ANNUAL,1999,0.874931515936
7_6559395_80086,ANNUAL,high,1.0,PIURA,PASTURE_FALLOW,1999,0.85174302705
7_6559395_80095,PERENNIAL,medium,1.5,PIURA,PASTURE_FALLOW,1999,1.19347258718
7_6559395_80119,PERENNIAL,medium,7.0,PIURA,PASTURE_FALLOW,1999,0.335149852943
7_6559395_80151,PERENNIAL,medium,3.0,PIURA,PASTURE_FALLOW,1999,0.831184520538
7_6559395_80169,PERENNIAL,medium,0.25,PIURA,PASTURE_FALLOW,1999,0.152283919245
7_6559395_80174,PERENNIAL,high,2.0,PIURA,PASTURE_FALLOW,1999,0.313845192114
7_6559395_80199,PERENNIAL,medium,1.75,PIURA,PERENNIAL,1999,0.31343504639
7_6559395_80417,ANNUAL,medium,3.0,PIURA,ANNUAL,1999,0.272950537338
7_6559395_80419,ANNUAL,medium,2.0,PIURA,ANNUAL,1999,0.0938432426238
7_6559395_80430,PERENNIAL,medium,2.5,PIURA,ANNUAL,1999,0.325971862181
7_6559395_80431,ANNUAL,medium,2.0,PIURA,ANNUAL,1999,0.298299064084
7_6559395_80462,ANNUAL,high,1.25,PIURA,ANNUAL,1999,0.32179027197
7_6559395_80466,ANNUAL,medium,2.0,PIURA,PASTURE_FALLOW,1999,0.894657510936
7_6559395_80470,ANNUAL,medium,1.5,PIURA,ANNUAL,1999,0.168590866689
7_6559395_80471,ANNUAL,high,1.25,PIURA,ANNUAL,1999,2.08149095015
7_6559395_80485,PERENNIAL,medium,3.0,PIURA,PERENNIAL,1999,4.12291150656
7_6559395_80487,PERENNIAL,high,0.8,PIURA,PASTURE_FALLOW,1999,0.19823069847
7_6559395_80499,PERENNIAL,medium,1.0,PIURA,ANNUAL,1999,0.247885297377
7_6559395_80505,ANNUAL,medium,4.5,PIURA,PASTURE_FALLOW,1999,0.276851069217
7_6559395_80507,ANNUAL,medium,2.0,PIURA,ANNUAL,1999,0.185385553709
7_6559395_80514,ANNUAL,medium,1.5,PIURA,ANNUAL,1999,1.72105014491
7_6559395_80519,PERENNIAL,medium,1.15,PIURA,PASTURE_FALLOW,1999,0.229970257587
7_6559395_80533,ANNUAL,medium,1.75,PIURA,ANNUAL,1999,0.912208616766
7_6559395_80541,ANNUAL,high,1.1,PIURA,ANNUAL,1999,0.936856475387
7_6559395_80543,ANNUAL,medium,1.25,PIURA,ANNUAL,1999,0.437592124457
7_6559395_80582,ANNUAL,medium,2.5,PIURA,ANNUAL,1999,3.1950906643
7_6559395_80598,ANNUAL,medium,2.8,PIURA,ANNUAL,1999,0.997598768475
7_6559395_80639,PERENNIAL,medium,1.0,PIURA,PERENNIAL,1999,1.72237593696
7_6559395_80649,PERENNIAL,medium,0.5,PIURA,ANNUAL,1999,0.878535356053
7_6559395_80661,PERENNIAL,low,0.5,PIURA,PASTURE_FALLOW,1999,0.458453225015
7_6559395_80664,ANNUAL,medium,0.5,PIURA,ANNUAL,1999,0.910438940117
7_6559395_80683,PERENNIAL,medium,3.0,PIURA,PERENNIAL,1999,1.40689035133
7_6559395_80702,PERENNIAL,medium,0.5,PIURA,PASTURE_FALLOW,1999,1.4351151382
7_6559395_80704,PERENNIAL,medium,0.5,PIURA,PASTURE_FALLOW,1999,0.909292542984
7_6559395_80719,PERENNIAL,medium,2.0,PIURA,PASTURE_FALLOW,1999,1.04487723579
7_6559395_80720,PERENNIAL,medium,2.5,PIURA,PASTURE_FALLOW,1999,5.63957483961
7_6559395_80773,PERENNIAL,high,0.75,PIURA,PASTURE_FALLOW,1999,3.39739329613
7_6559395_80775,PERENNIAL,medium,0.5,PIURA,ANNUAL,1999,1.63869969565
7_6559395_80776,PERENNIAL,medium,1.25,PIURA,PASTURE_FALLOW,1999,2.35181057458
7_6559395_80777,PERENNIAL,medium,0.5,PIURA,PASTURE_FALLOW,1999,1.39816189583
7_6559395_80778,PERENNIAL,medium,1.0,PIURA,PASTURE_FALLOW,1999,1.54741586246
7_6559395_80782,PERENNIAL,medium,0.5,PIURA,PASTURE_FALLOW,1999,1.12375815712
7_6559395_80786,PERENNIAL,medium,1.0,PIURA,PASTURE_FALLOW,1999,1.15105538713
7_6559395_80787,PERENNIAL,medium,1.0,PIURA,PASTURE_FALLOW,1999,0.887105146345
7_6559395_80791,PERENNIAL,high,1.0,PIURA,PASTURE_FALLOW,1999,1.16020050744
7_6559395_81018,ANNUAL,medium,1.0,PIURA,ANNUAL,1999,1.16570901912
7_6559395_81207,PERENNIAL,high,1.0,PIURA,ANNUAL,1999,0.869364216963
7_6559395_81239,PERENNIAL,medium,0.5,PIURA,ANNUAL,1999,5.60752398813
7_6559395_81243,PERENNIAL,medium,1.5,PIURA,ANNUAL,1999,1.45483566903
7_6559395_81249,ANNUAL,high,1.0,PIURA,ANNUAL,1999,0.132088952505
7_6559395_81258,PERENNIAL,medium,3.0,PIURA,ANNUAL,1999,0.556846285937
7_6559395_81267,ANNUAL,high,0.75,PIURA,ANNUAL,2001,0.126218109816
7_6559395_81276,PERENNIAL,medium,1.0,PIURA,ANNUAL,1999,0.217258379245
7_6559395_81280,ANNUAL,medium,1.0,PIURA,ANNUAL,2001,0.258097278964
7_6559395_81281,ANNUAL,high,1.0,PIURA,ANNUAL,2001,0.184400987339
7_6559395_81282,ANNUAL,medium,1.5,PIURA,ANNUAL,2001,0.16520398802
7_6559395_81284,PERENNIAL,medium,1.0,PIURA,ANNUAL,2001,0.154511134609
7_6559395_81298,ANNUAL,high,1.25,PIURA,ANNUAL,1999,0.449507972683
7_6559395_81327,PERENNIAL,medium,0.5,PIURA,PERENNIAL,2001,0.121086133522
7_6559395_81332,PERENNIAL,medium,1.5,PIURA,PERENNIAL,1999,0.256933207787
7_6559395_81346,ANNUAL,high,1.0,PIURA,ANNUAL,1999,0.52241211865
7_6559395_81347,PERENNIAL,medium,3.0,PIURA,ANNUAL,1999,0.129462817932
7_6559395_81356,PERENNIAL,medium,2.0,PIURA,ANNUAL,1999,0.564399379998
7_6559395_81357,ANNUAL,medium,0.5,PIURA,ANNUAL,1999,0.230477826243
7_6559395_81366,PERENNIAL,medium,0.75,PIURA,ANNUAL,1999,0.217543986998
7_6559395_81380,ANNUAL,medium,1.0,PIURA,ANNUAL,1999,1.52324648292
7_6559395_81383,ANNUAL,medium,1.5,PIURA,ANNUAL,1999,0.650812501173
7_6559395_81388,PERENNIAL,medium,1.5,PIURA,ANNUAL,1999,0.360749748934
7_6559395_81389,PERENNIAL,low,2.8,PIURA,ANNUAL,1999,0.32046600828
7_6559395_81396,ANNUAL,high,0.5,PIURA,ANNUAL,1999,0.235793498885
7_6559395_81719,PERENNIAL,medium,1.0,PIURA,PERENNIAL,1999,3.47201698372
7_6559395_81729,PERENNIAL,medium,1.0,PIURA,PERENNIAL,1999,2.38974705033
7_6559395_81748,PERENNIAL,medium,1.0,PIURA,PERENNIAL,1999,0.218161256556
7_6559395_82000,PERENNIAL,medium,0.5,PIURA,PERENNIAL,1999,0.259240662747
7_6559395_82001,PERENNIAL,high,0.5,PIURA,PERENNIAL,1999,0.627192815529
7_6559395_82042,PERENNIAL,medium,2.0,PIURA,PERENNIAL,1999,0.461463822158
7_6559395_82043,PERENNIAL,medium,1.75,PIURA,PERENNIAL,1999,0.391102890721
7_6559395_82045,PERENNIAL,medium,6.0,PIURA,PERENNIAL,1999,0.319013959119
7_6559395_82064,PERENNIAL,low,1.0,PIURA,PERENNIAL,1999,0.182451058137
7_6559395_83469,PERENNIAL,high,0.4344,PIURA,PERENNIAL,1999,0.110264479206
7_6559395_83474,PERENNIAL,high,2.0,PIURA,PASTURE_FALLOW,1999,0.160176657456
7_6559395_83481,PERENNIAL,low,3.25,PIURA,PASTURE_FALLOW,1999,1.52816054045
7_6559395_83482,PERENNIAL,medium,1.0,PIURA,PASTURE_FALLOW,1999,0.900163721656
7_6559395_83496,PERENNIAL,medium,1.5,PIURA,PASTURE_FALLOW,1999,0.531626023469
7_6559395_83497,PERENNIAL,medium,1.5,PIURA,PASTURE_FALLOW,1999,1.30425789599
7_6559395_83607,PERENNIAL,high,0.75,PIURA,PASTURE_FALLOW,1999,0.215066427004
7_6559395_83611,PERENNIAL,medium,2.0,PIURA,PASTURE_FALLOW,1999,0.856679427183
7_6559395_83615,PERENNIAL,medium,0.8,PIURA,PASTURE_FALLOW,1999,0.751033845033
7_6559395_83617,PERENNIAL,medium,1.5,PIURA,PASTURE_FALLOW,1999,1.38111426819
7_6559395_83618,PERENNIAL,high,10.0,PIURA,PASTURE_FALLOW,1999,4.74646598393
7_6559395_83632,PERENNIAL,low,2.4,PIURA,PASTURE_FALLOW,1999,0.736245258287
7_6559395_83633,PERENNIAL,low,0.5,PIURA,PASTURE_FALLOW,2001,0.398015027773
7_6559395_83638,PERENNIAL,high,1.5,PIURA,PASTURE_FALLOW,1999,1.1383297758
7_6559395_83639,PERENNIAL,medium,1.5,PIURA,PERENNIAL,1999,0.900593129948
7_6559395_83640,PERENNIAL,medium,6.0,PIURA,PASTURE_FALLOW,1999,1.98256692366
7_6559395_83643,PERENNIAL,medium,6.0,PIURA,PASTURE_FALLOW,1999,0.770923903017
7_6559395_83646,PERENNIAL,medium,2.25,PIURA,PASTURE_FALLOW,1999,1.83868543138
7_6559395_83647,PERENNIAL,high,1.0,PIURA,PASTURE_FALLOW,1999,0.425001103534
7_6559395_83649,PERENNIAL,medium,3.0,PIURA,PASTURE_FALLOW,1999,1.16928701927
7_6559395_83655,PERENNIAL,high,5.5,PIURA,PASTURE_FALLOW,1999,0.500663056148
7_6559395_83656,PERENNIAL,high,1.0,PIURA,PASTURE_FALLOW,1999,0.910189279084
7_6559395_83659,PERENNIAL,medium,1.0,PIURA,PASTURE_FALLOW,1999,0.652586919284
7_6559395_83663,PERENNIAL,medium,2.0,PIURA,PASTURE_FALLOW,1999,1.38114071732
7_6559395_83665,ANNUAL,low,0.25,PIURA,PASTURE_FALLOW,1999,3.0298281487
7_6559395_83666,PERENNIAL,medium,6.5,PIURA,PASTURE_FALLOW,1999,6.50097271073
7_6559395_83669,PERENNIAL,high,4.75,PIURA,PASTURE_FALLOW,1999,0.631309703435
7_6559395_83670,PERENNIAL,high,0.75,PIURA,PERENNIAL,1999,0.866398445052
7_6559395_83671,PERENNIAL,medium,2.75,PIURA,PASTURE_FALLOW,1999,0.745220406142
7_6559395_83672,PERENNIAL,medium,1.25,PIURA,PASTURE_FALLOW,1999,1.5814531209
7_6559395_83673,PERENNIAL,medium,2.0,PIURA,PASTURE_FALLOW,1999,3.79147089769
7_6559395_83675,ANNUAL,medium,0.25,PIURA,PASTURE_FALLOW,1999,2.13132310538
7_6559395_83680,PERENNIAL,medium,1.0,PIURA,PERENNIAL,1999,0.38558641474
7_6559395_83684,PERENNIAL,medium,3.5,PIURA,PASTURE_FALLOW,1999,2.46568958669
7_6559395_83685,PERENNIAL,medium,4.0,PIURA,PASTURE_FALLOW,1999,0.926147091637
7_6559395_83696,PERENNIAL,high,0.5,PIURA,PASTURE_FALLOW,1999,2.06422185136
7_6559395_83698,PERENNIAL,medium,7.5,PIURA,PASTURE_FALLOW,1999,3.12437043863
7_6559395_83705,PERENNIAL,high,4.5,PIURA,PASTURE_FALLOW,1999,1.82789024336
7_6559395_83709,PERENNIAL,medium,0.5,PIURA,PASTURE_FALLOW,1999,0.326833668228
7_6559395_83902,PERENNIAL,medium,0.75,PIURA,PERENNIAL,1999,0.180745944983
7_6559395_83906,PERENNIAL,medium,0.75,PIURA,PERENNIAL,2001,0.568810852525
7_6559395_83908,PERENNIAL,high,0.5,PIURA,PASTURE_FALLOW,1999,0.995055743194
7_6559395_83909,PERENNIAL,medium,0.5,PIURA,PERENNIAL,1999,0.725496169133
7_6559395_83912,PERENNIAL,medium,3.0,PIURA,PASTURE_FALLOW,1999,0.576526628322
7_6559395_83914,PERENNIAL,medium,2.5,PIURA,PERENNIAL,1999,2.39434753616
7_6559395_83922,PERENNIAL,medium,0.5,PIURA,PERENNIAL,1999,2.21220620005
7_6559395_83925,PERENNIAL,medium,1.0,PIURA,PERENNIAL,1999,0.750385609123
7_6559395_84001,PERENNIAL,medium,1.33,PIURA,PASTURE_FALLOW,2001,0.75025767288
7_6559395_84111,PERENNIAL,medium,1.0,PIURA,PERENNIAL,1999,0.425807732844
7_6559395_84165,PERENNIAL,medium,1.75,PIURA,PASTURE_FALLOW,2001,0.414828502117
7_6559395_84169,ANNUAL,medium,2.5,PIURA,PASTURE_FALLOW,2001,0.514804378045
7_6559395_84170,ANNUAL,medium,1.4,PIURA,PASTURE_FALLOW,2001,0.232748431875
7_6559395_84188,ANNUAL,high,0.3,PIURA,ANNUAL,2001,0.231603241554
7_6559395_84189,ANNUAL,high,1.0,PIURA,ANNUAL,1999,0.103200795021
7_6559395_84190,PERENNIAL,high,2.5,PIURA,ANNUAL,2001,0.132075015417
7_6559395_84193,ANNUAL,medium,1.2,PIURA,PASTURE_FALLOW,1999,0.122388167374
7_6559395_84197,ANNUAL,high,0.5,PIURA,ANNUAL,1999,1.10303154325
7_6559395_84198,PERENNIAL,medium,1.2,PIURA,PASTURE_FALLOW,1999,1.58267202402
7_6559395_84206,PERENNIAL,high,2.0,PIURA,ANNUAL,1999,0.459897258547
7_6559395_84208,PERENNIAL,medium,0.75,PIURA,ANNUAL,1999,0.424156242807
7_6559395_84220,PERENNIAL,medium,2.0,PIURA,ANNUAL,1999,0.838297832868
7_6559395_84231,PERENNIAL,medium,2.0,PIURA,ANNUAL,1999,0.984289811897
7_6559395_84233,PERENNIAL,medium,3.0,PIURA,ANNUAL,1999,0.651864921781
7_6559395_84241,PERENNIAL,low,1.75,PIURA,PASTURE_FALLOW,1999,3.53040369352
7_6559395_84244,PERENNIAL,medium,2.0,PIURA,ANNUAL,1999,0.842886023908
7_6559395_84247,PERENNIAL,high,2.0,PIURA,ANNUAL,1999,0.832115426104
7_6559395_84265,PERENNIAL,low,1.0,PIURA,ANNUAL,1999,0.423281023919
7_6559395_84277,ANNUAL,medium,1.0,PIURA,PERENNIAL,1999,0.74273854368
7_6559395_84293,PERENNIAL,medium,4.0,PIURA,ANNUAL,1999,0.466751791707
7_6559395_84296,PERENNIAL,medium,3.25,PIURA,PERENNIAL,1999,0.975833932063
7_6559395_84301,PERENNIAL,high,4.25,PIURA,PERENNIAL,1999,0.634408145916
7_6559395_84311,PERENNIAL,medium,1.5,PIURA,PASTURE_FALLOW,1999,1.65486401273
7_6559395_84313,PERENNIAL,medium,0.5,PIURA,PERENNIAL,1999,1.80243377337
7_6559395_84314,PERENNIAL,medium,1.5,PIURA,PASTURE_FALLOW,1999,0.461073790958
7_6559395_84323,PERENNIAL,medium,16.5,PIURA,ANNUAL,1999,4.4909905834
7_6559395_84325,PERENNIAL,medium,1.0,PIURA,ANNUAL,1999,0.801562362006
7_6559395_84328,PERENNIAL,medium,2.0,PIURA,ANNUAL,1999,0.189357870782
7_6559395_84331,PERENNIAL,high,0.5,PIURA,PERENNIAL,1999,0.499970347961
7_6559395_84335,PERENNIAL,medium,3.0,PIURA,PERENNIAL,1999,2.98651088538
7_6559395_84339,PERENNIAL,high,2.5,PIURA,PERENNIAL,1999,0.52663005393
7_6559395_84341,PERENNIAL,medium,1.0,PIURA,PERENNIAL,1999,2.12656961343
7_6559395_84368,PERENNIAL,medium,3.0,PIURA,PERENNIAL,1999,0.480683257987
7_6559395_84370,PERENNIAL,high,2.5,PIURA,PERENNIAL,1999,0.211165903862
7_6559395_84372,PERENNIAL,medium,2.5,PIURA,PERENNIAL,1999,0.518647170832
7_6559395_84376,PERENNIAL,medium,0.5,PIURA,PERENNIAL,1999,0.354764875767
7_6559395_84377,ANNUAL,medium,0.5,PIURA,PERENNIAL,1999,1.66506507515
7_6559395_84380,PERENNIAL,medium,1.25,PIURA,PERENNIAL,1999,0.539359724566
7_6559395_84381,PERENNIAL,medium,1.5,PIURA,PERENNIAL,1999,0.361672993861
7_6559395_84383,PERENNIAL,medium,0.5,PIURA,PASTURE_FALLOW,1999,0.773424398446
7_6559395_84385,ANNUAL,medium,0.25,PIURA,ANNUAL,1999,0.581305010754
7_6559395_84386,ANNUAL,medium,1.0,PIURA,PERENNIAL,1999,0.45725722415
7_6559395_84388,PERENNIAL,medium,1.25,PIURA,PERENNIAL,1999,0.214999401908
7_6559395_84625,PERENNIAL,high,6.0,PIURA,PASTURE_FALLOW,1999,0.524851112018
7_6559395_84634,PERENNIAL,medium,2.0,PIURA,PASTURE_FALLOW,1999,0.994145534268
7_6559400_042434,PERENNIAL,high,0.25,PIURA,PERENNIAL,2003,0.360563597234
7_6559400_045010,PERENNIAL,medium,0.75,PIURA,PERENNIAL,2005,0.10711980064
7_6559400_045017,PERENNIAL,medium,0.25,PIURA,PERENNIAL,2005,0.11101282905
7_6559400_045020,ANNUAL,medium,0.5,PIURA,PERENNIAL,2005,0.54654512324
7_6559400_045022,PERENNIAL,medium,0.75,PIURA,PERENNIAL,2005,0.51225657369
7_6559400_045049,PERENNIAL,medium,4.25,PIURA,PERENNIAL,2005,2.9605015347
7_6559400_045057,PERENNIAL,medium,1.0,PIURA,PERENNIAL,2005,0.18399638788
7_6559400_045059,PERENNIAL,high,0.25,PIURA,PERENNIAL,2005,0.231455988006
7_6559400_045070,PERENNIAL,medium,0.65,PIURA,PERENNIAL,2005,0.0995522643425
7_6559400_045072,PERENNIAL,medium,0.25,PIURA,PERENNIAL,2005,0.284665789958
7_6559400_045077,PERENNIAL,high,1.0,PIURA,PERENNIAL,2005,0.377771267621
7_6559400_045078,PERENNIAL,high,0.25,PIURA,PERENNIAL,2005,0.113582676551
7_6559400_045082,PERENNIAL,high,0.25,PIURA,PERENNIAL,2005,0.211767518552
7_6559400_045088,PERENNIAL,high,2.5,PIURA,PERENNIAL,2005,0.252789787953
7_6559400_045094,PERENNIAL,medium,4.25,PIURA,PERENNIAL,2005,0.383816105888
7_6559400_045097,PERENNIAL,medium,3.0,PIURA,PERENNIAL,2005,0.191991704973
7_6559400_045100,PERENNIAL,medium,1.0,PIURA,PERENNIAL,2005,0.205378169591
7_6559400_045106,PERENNIAL,medium,0.25,PIURA,PERENNIAL,2005,0.117171760167
7_6559400_045117,PERENNIAL,medium,9.0,PIURA,PERENNIAL,2005,1.04292095711
7_6559400_045121,PERENNIAL,medium,0.25,PIURA,PERENNIAL,2005,0.403126331759
7_6559400_045129,PERENNIAL,medium,1.5,PIURA,PERENNIAL,2005,0.286276719096
7_6559400_045134,PERENNIAL,medium,3.25,PIURA,PERENNIAL,2005,0.109730446746
7_6559400_045135,PERENNIAL,high,0.75,PIURA,PERENNIAL,2005,0.118115769782
7_6559400_045136,PERENNIAL,high,0.25,PIURA,PERENNIAL,2005,0.130106200647
7_6559400_045141,PERENNIAL,high,0.9,PIURA,PERENNIAL,2005,0.213357814359
7_6559400_045150,PERENNIAL,medium,2.0,PIURA,PERENNIAL,2005,0.308364622387
7_6559400_045154,PERENNIAL,medium,2.5,PIURA,PERENNIAL,2005,0.129080957465
7_6559400_045163,PERENNIAL,medium,1.0,PIURA,PERENNIAL,2005,0.135458865299
7_6559400_045190,ANNUAL,medium,1.0,PIURA,PERENNIAL,2005,0.143874813459
7_6559400_045195,PERENNIAL,high,0.5,PIURA,PERENNIAL,2004,0.202057880646
7_6559400_045205,PERENNIAL,medium,1.5,PIURA,PERENNIAL,2005,0.106756773614
7_6559400_045219,PERENNIAL,medium,2.75,PIURA,PERENNIAL,2005,0.104681308076
7_6559400_045223,PERENNIAL,high,0.5,PIURA,PERENNIAL,2005,0.091247245944
7_6559400_045236,PERENNIAL,medium,1.2,PIURA,PERENNIAL,2005,0.129443728239
7_6559400_045243,PERENNIAL,medium,3.75,PIURA,PERENNIAL,2005,0.175600937356
7_6559400_045250,PERENNIAL,medium,2.5,PIURA,PERENNIAL,2005,0.128541109309
7_6559400_045251,PERENNIAL,medium,1.5,PIURA,PERENNIAL,2005,0.100707145156
7_6559400_045256,PERENNIAL,medium,1.5,PIURA,PERENNIAL,2005,0.183517815964
7_6559400_045278,PERENNIAL,high,0.25,PIURA,PERENNIAL,2005,0.117994498709
7_6559400_045279,PERENNIAL,medium,0.75,PIURA,PERENNIAL,2005,0.356649094183
7_6559400_045280,PERENNIAL,medium,1.5,PIURA,PERENNIAL,2005,0.142366966725
7_6559400_045282,PERENNIAL,high,1.5,PIURA,PERENNIAL,2005,0.274520001487
7_6559400_045288,PERENNIAL,high,1.5,PIURA,PERENNIAL,2005,0.152998960484
7_6559400_045290,ANNUAL,low,0.3125,PIURA,PERENNIAL,2005,0.898322575007
7_6559400_045298,PERENNIAL,medium,3.0,PIURA,PERENNIAL,2005,0.255848248469
7_6559400_045304,PERENNIAL,medium,0.75,PIURA,PERENNIAL,2005,0.457271476943
7_6559400_045350,PERENNIAL,high,1.0,PIURA,PERENNIAL,2005,0.656910302083
7_6559400_045376,PERENNIAL,high,0.5,PIURA,PERENNIAL,2005,0.303717336713
7_6559400_045380,PERENNIAL,medium,1.5,PIURA,PERENNIAL,2005,0.392374361664
7_6559400_045386,PERENNIAL,high,1.5,PIURA,PERENNIAL,2005,0.112365671022
7_6559400_045389,PERENNIAL,medium,1.25,PIURA,PERENNIAL,2005,0.889831533024
7_6559400_045400,PERENNIAL,medium,0.5,PIURA,PERENNIAL,2005,0.164356485864
7_6559400_045401,PERENNIAL,medium,1.25,PIURA,PERENNIAL,2005,0.401154996039
7_6559400_045402,PERENNIAL,high,0.5,PIURA,PERENNIAL,2005,0.367362169236
7_6559400_045406,PERENNIAL,high,0.25,PIURA,PERENNIAL,2005,0.0905460951951
7_6559400_045407,PERENNIAL,high,0.5,PIURA,PERENNIAL,2005,0.161165525574
7_6559400_045408,PERENNIAL,medium,1.0,PIURA,PERENNIAL,2005,1.03238552973
7_6559400_045409,PERENNIAL,medium,0.75,PIURA,PERENNIAL,2005,0.366183083114
7_6559400_045414,PERENNIAL,medium,3.25,PIURA,PERENNIAL,2005,0.287298908558
7_6559400_045418,PERENNIAL,medium,1.0,PIURA,PERENNIAL,2005,0.290358322662
7_6559400_045419,PERENNIAL,medium,0.75,PIURA,PERENNIAL,2005,0.124486113278
7_6559400_045433,PERENNIAL,medium,0.75,PIURA,PERENNIAL,2005,0.414444122281
7_6559400_045437,PERENNIAL,high,3.5,PIURA,PERENNIAL,2005,0.279255070783
7_6559400_045438,PERENNIAL,high,2.25,PIURA,PERENNIAL,2005,0.294488776514
7_6559400_045451,PERENNIAL,medium,1.5,PIURA,PERENNIAL,2005,0.959186945899
7_6559400_045463,PERENNIAL,high,2.0,PIURA,PERENNIAL,2005,0.592461244843
7_6559400_045464,ANNUAL,medium,0.75,PIURA,PERENNIAL,2005,0.198461315121
7_6559400_045473,PERENNIAL,medium,1.5,PIURA,PERENNIAL,2005,0.434048966559
7_6559400_045510,PERENNIAL,medium,7.0,PIURA,PERENNIAL,2005,1.1747070792
7_6559400_045512,PERENNIAL,medium,8.25,PIURA,PERENNIAL,2005,0.339595208914
7_6559400_045513,PERENNIAL,medium,2.5,PIURA,PERENNIAL,2005,0.32410338578
7_6559400_045515,PERENNIAL,medium,1.25,PIURA,PERENNIAL,2005,0.278514116826
7_6559400_045517,PERENNIAL,medium,7.0,PIURA,PERENNIAL,2005,0.106535672221
7_6559400_045519,PERENNIAL,medium,2.5,PIURA,PERENNIAL,2005,0.115312098069
7_6559400_045522,PERENNIAL,medium,0.37,PIURA,PERENNIAL,2005,0.191875381319
7_6559400_045526,PERENNIAL,medium,1.5,PIURA,PERENNIAL,2005,0.469761993657
7_6559400_045536,PERENNIAL,medium,2.4,PIURA,PERENNIAL,2005,0.156387410877
7_6559400_045542,PERENNIAL,medium,1.75,PIURA,PERENNIAL,2005,0.094505249908
7_6559400_045554,PERENNIAL,medium,4.75,PIURA,PERENNIAL,2005,0.263134817306
7_6559400_045564,PERENNIAL,medium,0.5,PIURA,PERENNIAL,2005,0.335775106578
7_6559400_045565,PERENNIAL,high,1.0,PIURA,PERENNIAL,2005,0.279401598767
7_6559400_045567,PERENNIAL,high,0.5,PIURA,PERENNIAL,2005,0.311620926599
7_6559400_045575,PERENNIAL,medium,1.0,PIURA,PERENNIAL,2005,0.0925926318488
7_6559400_045578,PERENNIAL,high,1.25,PIURA,PERENNIAL,2005,0.632378885384
7_6559400_045579,PERENNIAL,medium,1.0,PIURA,PERENNIAL,2005,0.137521421771
7_6559400_045581,PERENNIAL,medium,2.0,PIURA,PERENNIAL,2005,0.367464993537
7_6559400_045582,PERENNIAL,medium,5.25,PIURA,PERENNIAL,2005,1.45902420083
7_6559400_045592,PERENNIAL,high,2.0,PIURA,PERENNIAL,2005,0.211860778683
7_6559400_045599,PERENNIAL,high,1.25,PIURA,PERENNIAL,2005,0.105297387353
7_6559400_045881,PASTURE_FALLOW,medium,2.0,PIURA,PASTURE_FALLOW,2005,0.611767146743
7_6559400_045882,PASTURE_FALLOW,medium,3.0,PIURA,PASTURE_FALLOW,2005,1.21808927859
7_6559400_045887,PERENNIAL,medium,2.0,PIURA,PASTURE_FALLOW,2005,1.51391000085
7_6559400_045888,PERENNIAL,high,0.515,PIURA,PASTURE_FALLOW,2005,0.253061760617
7_6559400_045889,PASTURE_FALLOW,medium,1.5,PIURA,PASTURE_FALLOW,2005,0.808182193787
7_6559400_045891,PERENNIAL,medium,1.25,PIURA,PASTURE_FALLOW,2005,0.420443160104
7_6559400_045894,PERENNIAL,medium,0.5,PIURA,PASTURE_FALLOW,2005,1.94939290308
7_6559400_045898,PASTURE_FALLOW,medium,0.5,PIURA,PERENNIAL,2005,0.192574225226
7_6559400_046001,PERENNIAL,medium,3.99,PIURA,PERENNIAL,2005,0.732641740409
7_6559400_046009,PERENNIAL,high,4.0,PIURA,PERENNIAL,2005,0.780418930149
7_6559400_046012,PERENNIAL,medium,1.0,PIURA,PERENNIAL,2005,0.221961306144
7_6559400_046014,PERENNIAL,medium,1.0,PIURA,PERENNIAL,2005,0.112790489423
7_6559400_046030,PERENNIAL,medium,2.7,PIURA,PERENNIAL,2005,0.375109523951
7_6559400_046032,PERENNIAL,medium,0.25,PIURA,PERENNIAL,2005,0.305176094942
7_6559400_046052,PERENNIAL,medium,1.5,PIURA,PERENNIAL,2005,0.141958268526
7_6559400_046054,ANNUAL,medium,2.0,PIURA,PERENNIAL,2005,0.723988986766
7_6559400_046102,PERENNIAL,high,0.75,PIURA,PERENNIAL,2005,0.339344894657
7_6559400_046103,PERENNIAL,medium,6.0,PIURA,PERENNIAL,2005,0.157223063527
7_6559400_046104,PERENNIAL,low,2.0,PIURA,PERENNIAL,2005,0.376176706525
7_6559400_046107,PERENNIAL,high,2.25,PIURA,PERENNIAL,2005,0.260725894207
7_6559400_046109,PASTURE_FALLOW,high,3.75,PIURA,PASTURE_FALLOW,2005,1.00779117454
7_6559400_046128,PERENNIAL,high,2.25,PIURA,PERENNIAL,2005,0.177736810885
7_6559400_046129,PERENNIAL,medium,2.5,PIURA,PERENNIAL,2005,0.227487257512
7_6559400_046131,PERENNIAL,medium,14.5,PIURA,PERENNIAL,2005,0.119191474213
7_6559400_046132,PASTURE_FALLOW,medium,0.25,PIURA,PERENNIAL,2005,0.158384398946
7_6559400_046139,PERENNIAL,medium,1.0,PIURA,PASTURE_FALLOW,2005,0.619081485324
7_6559400_046146,PERENNIAL,medium,0.5,PIURA,PASTURE_FALLOW,2005,0.388440770469
7_6559400_046158,PERENNIAL,high,2.5,PIURA,PERENNIAL,2005,0.158134112033
7_6559400_046160,PERENNIAL,low,3.5,PIURA,PERENNIAL,2005,0.465879312501
7_6559400_046162,PERENNIAL,medium,0.5,PIURA,PERENNIAL,2005,0.116333580899
7_6559400_046169,PERENNIAL,medium,0.5,PIURA,PERENNIAL,2005,0.201661964873
7_6559400_046310,PERENNIAL,medium,0.05,PIURA,PASTURE_FALLOW,2005,0.919948562075
7_6559400_046346,PERENNIAL,low,1.75,PIURA,PASTURE_FALLOW,2005,0.450661574702
7_6559400_046347,PERENNIAL,medium,2.75,PIURA,PASTURE_FALLOW,2005,1.04429062501
7_6559400_046348,PERENNIAL,medium,6.0,PIURA,PASTURE_FALLOW,2005,1.64400912935
7_6559400_046364,PERENNIAL,high,0.25,PIURA,PASTURE_FALLOW,2005,0.902992485998
7_6559400_046365,PERENNIAL,high,0.38,PIURA,PERENNIAL,2005,0.915715476481
7_6559400_046366,PERENNIAL,medium,1.0,PIURA,PASTURE_FALLOW,2005,1.31875577958
7_6559400_046430,PERENNIAL,high,0.5,PIURA,PERENNIAL,2005,0.153475515584
7_6559400_047122,PERENNIAL,medium,0.25,PIURA,PERENNIAL,2005,0.145074860849
7_6559400_40965,PERENNIAL,medium,1.0,PIURA,PERENNIAL,1999,3.99621169715
7_6559400_40972,PERENNIAL,medium,0.13,PIURA,PERENNIAL,1999,1.08696433982
7_6559400_40973,PERENNIAL,medium,0.75,PIURA,PASTURE_FALLOW,2001,1.72411461335
7_6559400_40979,PERENNIAL,medium,4.0,PIURA,PERENNIAL,1999,1.1856881036
7_6559400_42447,PERENNIAL,high,0.5,PIURA,PERENNIAL,2001,0.261031518187
7_6559400_42494,PERENNIAL,medium,1.25,PIURA,PERENNIAL,2001,0.188841011416
7_6559400_42498,PASTURE_FALLOW,medium,4.0,PIURA,PERENNIAL,2001,0.323188752772
7_6559400_42499,PERENNIAL,medium,2.0,PIURA,PERENNIAL,2001,0.20563578864
7_6559400_42510,PERENNIAL,medium,2.75,PIURA,PASTURE_FALLOW,2001,0.412720023475
7_6559400_42511,PERENNIAL,medium,1.0,PIURA,PASTURE_FALLOW,2001,0.794563264075
7_6559400_42514,PERENNIAL,medium,1.0,PIURA,PASTURE_FALLOW,2003,1.6371930535
7_6559400_79831,PERENNIAL,high,2.0,PIURA,PASTURE_FALLOW,1999,1.95790516829
7_6559400_79838,ANNUAL,high,1.75,PIURA,PERENNIAL,1999,1.57208484449
7_6559400_79840,PERENNIAL,medium,1.25,PIURA,PASTURE_FALLOW,1999,1.09563932994
7_6559400_79844,PERENNIAL,low,4.25,PIURA,PASTURE_FALLOW,1999,0.420728273979
7_6559400_79845,PERENNIAL,medium,1.0,PIURA,PASTURE_FALLOW,1999,0.800163835362
7_6559400_79846,PASTURE_FALLOW,high,0.25,PIURA,PASTURE_FALLOW,1999,0.490761607717
7_6559400_79849,PERENNIAL,medium,5.0,PIURA,PASTURE_FALLOW,1999,0.181310454597
7_6559400_79852,PERENNIAL,high,0.25,PIURA,PASTURE_FALLOW,1999,0.44041653505
7_6559400_79853,PERENNIAL,high,0.75,PIURA,PASTURE_FALLOW,1999,0.286809913801
7_6559400_79857,PERENNIAL,medium,5.75,PIURA,PASTURE_FALLOW,1999,0.292836651843
7_6559400_79863,PERENNIAL,medium,5.75,PIURA,PASTURE_FALLOW,1999,2.4705063732
7_6559400_79868,PERENNIAL,high,0.25,PIURA,PASTURE_FALLOW,1999,1.16463679824
7_6559400_79871,PERENNIAL,medium,2.0,PIURA,PERENNIAL,1999,1.20296602009
7_6559400_79876,PASTURE_FALLOW,high,1.5,PIURA,PASTURE_FALLOW,1999,0.690272374983
7_6559400_79880,PERENNIAL,medium,1.25,PIURA,PASTURE_FALLOW,1999,1.56639681638
7_6559400_79882,PERENNIAL,medium,0.4,PIURA,PASTURE_FALLOW,1999,1.18821909975
7_6559400_79900,PASTURE_FALLOW,medium,0.25,PIURA,PASTURE_FALLOW,1999,0.593561325038
7_6559400_79901,PASTURE_FALLOW,medium,1.5,PIURA,PASTURE_FALLOW,1999,1.45886751791
7_6559400_79904,PERENNIAL,high,4.0,PIURA,PASTURE_FALLOW,1999,0.278476885119
7_6559400_79905,PERENNIAL,high,0.5,PIURA,PERENNIAL,1999,0.293052640094
7_6559400_79910,PERENNIAL,medium,3.75,PIURA,PASTURE_FALLOW,1999,0.391826521022
7_6559400_79924,PERENNIAL,high,5.0,PIURA,PASTURE_FALLOW,1999,0.258321409056
7_6559400_79925,PERENNIAL,high,0.5,PIURA,PASTURE_FALLOW,1999,0.247697390698
7_6559400_79926,PERENNIAL,high,0.5,PIURA,PASTURE_FALLOW,1999,0.410633573219
7_6559400_79931,PERENNIAL,medium,4.0,PIURA,PASTURE_FALLOW,1999,0.965332080648
7_6559400_79940,PERENNIAL,high,2.0,PIURA,PERENNIAL,1999,2.43662157905
7_6559400_79952,PERENNIAL,medium,0.15000000000000002,PIURA,PERENNIAL,1999,0.151032989475
7_6559400_79966,PERENNIAL,medium,0.5,PIURA,PERENNIAL,1999,0.231558767524
7_6559400_79967,ANNUAL,medium,0.5,PIURA,PERENNIAL,1999,0.597371148812
7_6559400_79982,PERENNIAL,high,1.0,PIURA,PERENNIAL,1999,0.102095710401
7_6559400_79986,PERENNIAL,medium,3.75,PIURA,PERENNIAL,1999,0.328684983515
7_6559400_79992,PERENNIAL,medium,1.25,PIURA,PERENNIAL,1999,0.294485915259
7_6559400_79998,PERENNIAL,medium,1.22,PIURA,PERENNIAL,1999,0.374015559174
7_6559400_79999,PERENNIAL,high,0.8200000000000001,PIURA,PERENNIAL,1999,0.35684775742
7_6559400_80200,PERENNIAL,medium,1.0,PIURA,PERENNIAL,1999,0.217048093583
7_6559400_80201,PERENNIAL,high,0.75,PIURA,PERENNIAL,1999,0.794767387629
7_6559400_80204,PERENNIAL,high,0.25,PIURA,PERENNIAL,1999,0.409771273185
7_6559400_80205,PERENNIAL,medium,0.25,PIURA,PERENNIAL,1999,0.459137911024
7_6559400_80206,PERENNIAL,medium,1.5,PIURA,PERENNIAL,1999,0.280917510017
7_6559400_80207,ANNUAL,medium,0.25,PIURA,PERENNIAL,1999,0.719288799182
7_6559400_80213,PERENNIAL,high,3.5,PIURA,PERENNIAL,1999,0.181969565238
7_6559400_80214,PERENNIAL,high,1.25,PIURA,PERENNIAL,1999,0.222046605234
7_6559400_80216,ANNUAL,medium,0.5,PIURA,PERENNIAL,1999,0.326686659275
7_6559400_80219,PERENNIAL,medium,2.0,PIURA,PERENNIAL,1999,0.824370524487
7_6559400_80220,PERENNIAL,medium,1.25,PIURA,PERENNIAL,1999,0.160692109832
7_6559400_80227,PERENNIAL,high,0.25,PIURA,PERENNIAL,1999,0.327147803916
7_6559400_80229,PASTURE_FALLOW,high,1.0,PIURA,PERENNIAL,1999,0.724416775048
7_6559400_80230,PASTURE_FALLOW,high,1.25,PIURA,PASTURE_FALLOW,1999,0.733302525843
7_6559400_80234,PERENNIAL,low,26.5,PIURA,PASTURE_FALLOW,1999,0.668861930401
7_6559400_80240,PERENNIAL,high,2.0,PIURA,PERENNIAL,1999,2.68793917159
7_6559400_80242,PERENNIAL,high,1.0,PIURA,PERENNIAL,1999,0.495371198934
7_6559400_80243,PERENNIAL,medium,1.0,PIURA,PERENNIAL,1999,0.374255722077
7_6559400_80246,PERENNIAL,high,0.75,PIURA,PERENNIAL,1999,0.266978083016
7_6559400_80247,PERENNIAL,medium,0.6000000000000001,PIURA,PERENNIAL,1999,0.50994510316
7_6559400_80249,PERENNIAL,high,0.75,PIURA,PERENNIAL,1999,0.23649641064
7_6559400_80251,PERENNIAL,high,0.5,PIURA,PERENNIAL,1999,0.10927364263
7_6559400_80255,PERENNIAL,medium,0.25,PIURA,PERENNIAL,1999,0.47715741648
7_6559400_80256,PERENNIAL,medium,4.5,PIURA,PERENNIAL,1999,2.41666560487
7_6559400_80257,PERENNIAL,medium,0.25,PIURA,PERENNIAL,1999,0.23526773502
7_6559400_80265,PERENNIAL,low,2.75,PIURA,PERENNIAL,1999,1.01798559676
7_6559400_80290,PERENNIAL,high,1.75,PIURA,PERENNIAL,1999,0.30363851984
7_6559400_80317,PERENNIAL,low,3.0,PIURA,PERENNIAL,1999,3.86418405706
7_6559400_80336,PERENNIAL,medium,1.5,PIURA,PASTURE_FALLOW,1999,0.66936164973
7_6559400_80338,PERENNIAL,medium,4.75,PIURA,PERENNIAL,1999,0.52232516356
7_6559400_80341,PERENNIAL,medium,1.5,PIURA,PERENNIAL,1999,0.71359891728
7_6559400_80402,ANNUAL,medium,3.5,PIURA,ANNUAL,1999,0.654190864758
7_6559400_80410,ANNUAL,medium,0.75,PIURA,ANNUAL,1999,1.08703944097
7_6559400_80456,PERENNIAL,medium,5.0,PIURA,ANNUAL,1999,0.24463382277
7_6559400_80480,ANNUAL,medium,0.9,PIURA,ANNUAL,1999,1.33862757535
7_6559400_80482,PERENNIAL,medium,4.0,PIURA,PASTURE_FALLOW,1999,4.98401196905
7_6559400_80483,ANNUAL,medium,5.0,PIURA,PASTURE_FALLOW,1999,1.98943087689
7_6559400_81378,PERENNIAL,medium,16.0,PIURA,PERENNIAL,1999,3.7324647259
7_6559400_81385,PERENNIAL,high,1.25,PIURA,PERENNIAL,1999,1.83432516829
7_6559400_81391,PERENNIAL,medium,3.0,PIURA,PERENNIAL,1999,1.29582181529
7_6559400_81394,PERENNIAL,medium,1.0,PIURA,PERENNIAL,1999,0.819854296226
7_6559400_81395,PERENNIAL,medium,1.5,PIURA,PERENNIAL,1999,0.700068135233
7_6559400_81396,PERENNIAL,high,1.5,PIURA,PERENNIAL,1999,0.998375900525
7_6559400_81803,PERENNIAL,high,0.75,PIURA,PERENNIAL,1999,0.332613948956
7_6559400_81805,PERENNIAL,medium,1.0,PIURA,PERENNIAL,1999,0.817704627959
7_6559400_81810,PERENNIAL,high,5.0,PIURA,PERENNIAL,1999,0.239194122182
7_6559400_81813,PERENNIAL,high,0.5,PIURA,PERENNIAL,1999,0.110270373308
7_6559400_81818,PERENNIAL,high,2.5,PIURA,PERENNIAL,1999,0.477040711725
7_6559400_81841,PERENNIAL,medium,4.75,PIURA,PERENNIAL,1999,0.2590766844
7_6559400_81870,PERENNIAL,high,3.93,PIURA,PERENNIAL,1999,0.587582124822
7_6559400_81872,PERENNIAL,medium,0.75,PIURA,PERENNIAL,1999,0.650174691254
7_6559400_81907,PERENNIAL,medium,0.2562,PIURA,PERENNIAL,1999,0.445459300787
7_6559400_81948,PERENNIAL,high,1.75,PIURA,PERENNIAL,1999,1.44503271341
7_6559400_81951,PERENNIAL,high,2.25,PIURA,PERENNIAL,1999,0.516383255163
7_6559400_81952,PERENNIAL,medium,1.25,PIURA,PERENNIAL,1999,0.629411971009
7_6559400_82216,ANNUAL,medium,0.25,PIURA,PASTURE_FALLOW,2003,0.608523274078
7_6559400_82219,PERENNIAL,medium,2.75,PIURA,PASTURE_FALLOW,2003,0.78617253162
7_6559400_82221,PERENNIAL,medium,0.5,PIURA,PASTURE_FALLOW,1999,1.05526072988
7_6559400_82240,PERENNIAL,medium,1.25,PIURA,ANNUAL,1999,2.05717134387
7_6559400_82244,PERENNIAL,medium,4.75,PIURA,PASTURE_FALLOW,1999,3.42324560419
7_6559400_82263,PERENNIAL,medium,4.5,PIURA,PASTURE_FALLOW,1999,0.711578233531
7_6559400_82267,PERENNIAL,medium,5.0,PIURA,ANNUAL,1999,0.203559390263
7_6559400_82302,PERENNIAL,medium,3.5,PIURA,ANNUAL,1999,0.846147517402
7_6559400_82312,PERENNIAL,medium,0.75,PIURA,PASTURE_FALLOW,1999,1.01129262334
7_6559400_82315,PERENNIAL,high,1.5,PIURA,ANNUAL,1999,1.21597322561
7_6559400_82316,ANNUAL,high,1.5,PIURA,PASTURE_FALLOW,1999,0.679076533969
7_6559400_82322,ANNUAL,medium,1.5,PIURA,PASTURE_FALLOW,1999,0.185955510135
7_6559400_82347,PERENNIAL,high,0.25,PIURA,ANNUAL,1999,0.286923536687
7_6559400_82350,PERENNIAL,medium,6.0,PIURA,ANNUAL,1999,0.610026084282
7_6559400_82351,ANNUAL,medium,2.5,PIURA,ANNUAL,1999,0.601904506298
7_6559400_82354,PERENNIAL,medium,0.25,PIURA,ANNUAL,1999,0.873187831705
7_6559400_82356,PASTURE_FALLOW,medium,0.25,PIURA,PASTURE_FALLOW,1999,0.268080966089
7_6559400_82361,PERENNIAL,medium,1.0,PIURA,PASTURE_FALLOW,1999,0.480657664332
7_6559400_82366,PERENNIAL,medium,0.75,PIURA,PASTURE_FALLOW,1999,0.388814021956
7_6559400_82367,PERENNIAL,medium,6.0,PIURA,PASTURE_FALLOW,1999,0.22605001337
7_6559400_82374,PERENNIAL,medium,0.75,PIURA,PASTURE_FALLOW,1999,0.89546342914
7_6559400_82377,PERENNIAL,medium,2.0,PIURA,PASTURE_FALLOW,1999,0.145146495356
7_6559400_82378,ANNUAL,high,0.73,PIURA,ANNUAL,1999,0.237683569498
7_6559400_82387,PERENNIAL,medium,0.25,PIURA,ANNUAL,1999,0.536249087491
7_6559400_82388,PERENNIAL,high,1.5,PIURA,ANNUAL,1999,0.415406371388
7_6559400_82651,PERENNIAL,high,1.25,PIURA,PASTURE_FALLOW,1999,1.45489804236
7_6559400_82652,PERENNIAL,high,1.5,PIURA,PASTURE_FALLOW,1999,1.12965003945
7_6559400_82733,PERENNIAL,medium,34.25,PIURA,PASTURE_FALLOW,2003,21.7358372543
7_6559400_82734,PERENNIAL,medium,2.25,PIURA,PASTURE_FALLOW,1999,1.8307014713
7_6559400_82746,PERENNIAL,medium,2.5,PIURA,PERENNIAL,1999,0.346424409716
7_6559400_82748,PERENNIAL,medium,0.25,PIURA,PERENNIAL,1999,0.614618895994
7_6559400_82750,PERENNIAL,medium,0.75,PIURA,PERENNIAL,1999,0.257517964802
7_6559400_83294,PERENNIAL,medium,3.5,PIURA,PERENNIAL,1999,1.27080262926
7_6559400_83299,PERENNIAL,medium,5.25,PIURA,PERENNIAL,1999,0.83749058454
7_6559400_83702,PERENNIAL,medium,1.5,PIURA,PASTURE_FALLOW,1999,5.98688533513
7_6559400_83709,PERENNIAL,high,0.5,PIURA,PERENNIAL,1999,3.51728672351
7_6559400_83716,PERENNIAL,high,1.0,PIURA,PERENNIAL,1999,0.612046556433
7_6559400_83717,PERENNIAL,medium,3.75,PIURA,PERENNIAL,1999,3.55264085353
7_6559400_83721,PERENNIAL,medium,0.75,PIURA,PASTURE_FALLOW,1999,2.71404718173
7_6559400_84702,PERENNIAL,medium,3.5,PIURA,PASTURE_FALLOW,1999,0.551009459262
7_6559400_84706,PERENNIAL,medium,0.25,PIURA,ANNUAL,1999,0.711335697509
7_6559400_84707,PERENNIAL,medium,1.0,PIURA,PERENNIAL,1999,0.241600231927
7_6559400_84708,PERENNIAL,medium,2.0,PIURA,PERENNIAL,1999,0.637444016446
7_6559400_84709,PERENNIAL,high,1.0,PIURA,PERENNIAL,1999,1.10733932314
7_6559400_84710,PERENNIAL,medium,2.5,PIURA,PERENNIAL,1999,0.415393232719
7_6559400_84712,PERENNIAL,medium,1.5,PIURA,PASTURE_FALLOW,1999,0.974382115894
7_6559400_84713,PERENNIAL,medium,1.5,PIURA,PERENNIAL,1999,0.471017156005
7_6559400_84714,PERENNIAL,medium,0.25,PIURA,PASTURE_FALLOW,1999,0.416910240149
7_6559400_84715,PERENNIAL,medium,1.25,PIURA,PERENNIAL,1999,0.5507656447
7_6559400_84717,PERENNIAL,medium,1.0,PIURA,PERENNIAL,1999,0.265893815781
7_6559400_84719,ANNUAL,medium,1.75,PIURA,PERENNIAL,1999,0.587259890318
7_6559400_84725,ANNUAL,high,1.0,PIURA,PERENNIAL,1999,0.501585119349
7_6559400_84732,ANNUAL,low,1.5,PIURA,PERENNIAL,1999,0.664337343395
7_6559400_84737,PERENNIAL,medium,1.5,PIURA,PERENNIAL,1999,0.328553801915
7_6559400_84738,PERENNIAL,medium,1.25,PIURA,PERENNIAL,1999,0.205515832601
7_6559400_84739,PERENNIAL,high,2.5,PIURA,PERENNIAL,1999,0.259681354001
7_6559400_84741,PERENNIAL,medium,1.5,PIURA,PERENNIAL,1999,0.590572977402
7_6559400_84745,PERENNIAL,medium,1.0,PIURA,PASTURE_FALLOW,1999,1.60045332262
7_6559400_84750,PERENNIAL,medium,1.0,PIURA,PERENNIAL,1999,0.980896650091
7_6559400_84751,ANNUAL,high,0.5,PIURA,PERENNIAL,1999,0.362213486859
7_6559400_84752,ANNUAL,medium,1.0,PIURA,PERENNIAL,1999,0.39517282823
7_6559400_84805,PERENNIAL,medium,2.5,PIURA,PERENNIAL,1999,0.477695931168
7_6559400_84806,PERENNIAL,medium,1.0,PIURA,PERENNIAL,1999,0.130925617459
7_6559400_84810,PERENNIAL,low,1.0,PIURA,PERENNIAL,1999,1.08080448351
7_6559400_84821,ANNUAL,medium,0.5,PIURA,PERENNIAL,1999,0.873301830593
7_6559405_046327,PERENNIAL,medium,1.26,PIURA,PASTURE_FALLOW,2005,0.990398837293
7_6559405_046337,PERENNIAL,medium,1.0,PIURA,PASTURE_FALLOW,2005,1.03152005454
7_6559405_046367,ANNUAL,low,1.0,PIURA,PERENNIAL,2005,0.268867979507
7_6559405_046370,PERENNIAL,medium,6.25,PIURA,PERENNIAL,2005,0.802082592027
7_6559405_046817,PERENNIAL,low,0.5,PIURA,PERENNIAL,2005,0.453327444216
7_6559405_046818,PERENNIAL,low,3.25,PIURA,PERENNIAL,2005,0.127637657175
7_6559405_046843,PERENNIAL,low,26.0,PIURA,PERENNIAL,2005,0.404678352648
7_6559405_046846,PERENNIAL,medium,0.5,PIURA,PERENNIAL,2005,0.304480194884
7_6559405_046849,PERENNIAL,high,0.5,PIURA,PERENNIAL,2005,0.16334024956
7_6559405_046850,PERENNIAL,medium,1.5,PIURA,PERENNIAL,2005,0.147674598377
7_6559405_046869,PERENNIAL,medium,1.5,PIURA,PASTURE_FALLOW,2005,0.101312194501
7_6559405_047025,PERENNIAL,medium,2.5,PIURA,PERENNIAL,2005,0.667844662819
7_6559405_047027,PERENNIAL,medium,1.0,PIURA,PASTURE_FALLOW,2005,0.283076347672
7_6559405_047185,PERENNIAL,medium,4.5,PIURA,PERENNIAL,2005,0.107486942788
7_6559405_047191,PASTURE_FALLOW,medium,0.25,PIURA,PASTURE_FALLOW,2005,0.121358607465
7_6559405_047194,PERENNIAL,medium,0.75,PIURA,PERENNIAL,2005,0.102588186146
7_6559405_047221,PERENNIAL,medium,0.5,PIURA,PASTURE_FALLOW,2005,0.364077080125
7_6559405_047223,PASTURE_FALLOW,medium,1.5,PIURA,PERENNIAL,2005,0.325854724752
7_6559405_047225,PERENNIAL,medium,0.37,PIURA,PERENNIAL,2005,0.124653654257
7_6559405_047227,PERENNIAL,high,1.6,PIURA,PERENNIAL,2005,0.49710359796
7_6559405_047267,PERENNIAL,low,0.13,PIURA,PERENNIAL,2005,0.148773612968
7_6559405_047398,PASTURE_FALLOW,medium,3.0,PIURA,PERENNIAL,2007,4.0980655226
7_6559405_047417,PERENNIAL,low,3.0,PIURA,PERENNIAL,2007,1.35961744098
7_6559405_047452,PERENNIAL,medium,1.5,PIURA,PERENNIAL,2007,0.901648791672
7_6559405_047453,PERENNIAL,low,0.5,PIURA,PERENNIAL,2007,0.212941709988
7_6559405_047459,PERENNIAL,medium,1.75,PIURA,PASTURE_FALLOW,2007,1.47737408715
7_6559405_047465,PERENNIAL,medium,3.5,PIURA,PERENNIAL,2007,0.361970336606
7_6559405_047475,PERENNIAL,medium,1.0,PIURA,PERENNIAL,2007,0.749088970357
7_6559405_047478,PERENNIAL,high,17.0,PIURA,PERENNIAL,2007,0.993687807711
7_6559405_047479,PASTURE_FALLOW,medium,3.0,PIURA,PASTURE_FALLOW,2007,0.647060827152
7_6559405_047483,ANNUAL,low,0.35,PIURA,PERENNIAL,2007,1.1013834996
7_6559405_047485,PERENNIAL,medium,4.5,PIURA,PASTURE_FALLOW,2007,0.773105573062
7_6559405_047495,PERENNIAL,medium,15.0,PIURA,PASTURE_FALLOW,2007,0.104527875798
7_6559405_047504,PERENNIAL,medium,4.0,PIURA,PERENNIAL,2007,0.362164789852
7_6559405_047670,PASTURE_FALLOW,medium,4.0,PIURA,PASTURE_FALLOW,2007,0.223704294365
7_6559405_047673,ANNUAL,medium,1.1,PIURA,PASTURE_FALLOW,2007,0.271788262481
7_6559405_047675,PASTURE_FALLOW,high,3.0,PIURA,PASTURE_FALLOW,2007,0.106260497774
7_6559405_047682,PERENNIAL,high,1.5,PIURA,PERENNIAL,2007,0.232125135052
7_6559405_047690,PASTURE_FALLOW,low,1.5,PIURA,PERENNIAL,2007,0.793181197576
7_6559405_047720,PERENNIAL,medium,2.5,PIURA,PERENNIAL,2007,0.0927118457536
7_6559405_047738,PERENNIAL,high,9.0,PIURA,ANNUAL,2007,1.28988172244
7_6559405_047749,PERENNIAL,medium,10.5,PIURA,PASTURE_FALLOW,2007,0.124556144027
7_6559405_047765,PERENNIAL,medium,1.5,PIURA,PERENNIAL,2007,0.100966842211
7_6559405_047772,PERENNIAL,low,0.25,PIURA,PERENNIAL,2007,0.117957471821
7_6559405_047782,PERENNIAL,high,0.25,PIURA,PERENNIAL,2007,0.113172449242
7_6559405_047833,PERENNIAL,high,1.0,PIURA,PERENNIAL,2007,0.143497145115
7_6559405_047862,PERENNIAL,medium,2.5,PIURA,ANNUAL,2007,0.221375270324
7_6559405_047890,PERENNIAL,medium,5.0,PIURA,PERENNIAL,2007,1.57018804828
7_6559405_047924,ANNUAL,low,0.49,PIURA,PASTURE_FALLOW,2007,1.80829554478
7_6559405_047950,PERENNIAL,medium,1.13,PIURA,PERENNIAL,2007,0.382978308401
7_6559405_047965,PERENNIAL,medium,0.5,PIURA,PERENNIAL,2007,0.146337409669
7_6559405_047995,PERENNIAL,low,2.0,PIURA,PERENNIAL,2007,0.305075915186
7_6559405_047999,PERENNIAL,high,3.0,PIURA,PASTURE_FALLOW,2007,1.21073393587
7_6559405_048008,PASTURE_FALLOW,medium,1.0,PIURA,PASTURE_FALLOW,2007,0.388809426384
7_6559420_93375,PASTURE_FALLOW,medium,0.75,PIURA,PERENNIAL,2000,6.08864648117
7_6559420_93377,PERENNIAL,high,1.0,PIURA,PERENNIAL,2000,0.265576805666
7_6559420_93391,PERENNIAL,medium,0.5,PIURA,ANNUAL,2000,2.52156614094
7_6559420_93406,PERENNIAL,medium,20.0,PIURA,PERENNIAL,2000,0.896808326113
7_6559420_93407,PERENNIAL,medium,7.5,PIURA,PERENNIAL,2000,3.53821084021
7_6559420_93479,ANNUAL,medium,1.25,PIURA,ANNUAL,2000,1.70706747081
7_6559420_93489,ANNUAL,low,0.5,PIURA,ANNUAL,2000,1.2375551039
7_6559420_93510,PERENNIAL,low,0.25,PIURA,ANNUAL,2000,0.156705679176
7_6559420_93534,PERENNIAL,medium,1.0,PIURA,ANNUAL,2000,3.23643639502
7_6559425_93681,PASTURE_FALLOW,high,3.0,PIURA,ANNUAL,2000,18.5489164214
7_6609370_87040,ANNUAL,medium,0.25,PIURA,ANNUAL,2003,0.818564804633
7_6609370_91269,ANNUAL,high,0.25,PIURA,ANNUAL,2003,0.439222122851
7_6609370_91283,ANNUAL,high,0.25,PIURA,ANNUAL,2003,0.195296094145
7_6609370_91293,ANNUAL,high,0.5,PIURA,ANNUAL,2003,0.432084815737
7_6609370_95111,ANNUAL,high,0.5,PIURA,ANNUAL,2003,5.67552708808
7_6609370_95112,ANNUAL,medium,1.0,PIURA,ANNUAL,2003,1.9425310456
7_6609370_95137,ANNUAL,low,1.5,PIURA,ANNUAL,2003,0.558111671849
7_6609370_95513,ANNUAL,medium,0.25,PIURA,ANNUAL,2001,0.277499366083
7_6609370_95795,ANNUAL,high,0.7,PIURA,ANNUAL,2003,0.278443932923
7_6609370_95889,ANNUAL,high,0.25,PIURA,ANNUAL,2003,0.450464880092
7_6609370_95890,ANNUAL,high,2.0,PIURA,ANNUAL,2003,0.838836641042
7_6609370_95897,ANNUAL,medium,0.32,PIURA,ANNUAL,2003,0.436327487466
7_6609370_96080,ANNUAL,medium,0.5,PIURA,ANNUAL,2003,0.632689016626
7_6609370_96085,ANNUAL,low,1.0,PIURA,ANNUAL,2003,0.101596231222
7_6609370_96094,ANNUAL,medium,0.1,PIURA,ANNUAL,2003,0.127010504334
7_6609370_96173,ANNUAL,medium,0.75,PIURA,ANNUAL,2003,0.1208490147
7_6609370_96176,PERENNIAL,high,9.0,PIURA,ANNUAL,2003,0.210821225
7_6609370_96179,PERENNIAL,high,0.2,PIURA,ANNUAL,2003,0.487795833345
7_6609370_97949,ANNUAL,medium,0.75,PIURA,ANNUAL,2003,0.147197952817
7_6609370_97980,ANNUAL,medium,0.12,PIURA,ANNUAL,2003,0.100217718274
7_6609370_97981,ANNUAL,medium,0.25,PIURA,ANNUAL,2003,0.51149178274
7_6609370_98110,PERENNIAL,medium,0.65,PIURA,ANNUAL,2003,0.434492383489
7_6609370_98152,ANNUAL,medium,0.25,PIURA,ANNUAL,2003,0.197680661046
7_6609375_42326,PERENNIAL,high,0.5,PIURA,ANNUAL,2001,1.70476545003
7_6609375_42331,ANNUAL,high,0.25,PIURA,ANNUAL,2001,0.348765618687
7_6609375_42335,ANNUAL,medium,0.25,PIURA,ANNUAL,2001,0.356895688107
7_6609375_42341,ANNUAL,medium,0.25,PIURA,ANNUAL,2001,0.388098131411
7_6609375_42347,PERENNIAL,low,1.25,PIURA,ANNUAL,2001,0.659557365237
7_6609375_42349,PERENNIAL,medium,2.67,PIURA,ANNUAL,2001,0.507179794027
7_6609375_42354,ANNUAL,medium,0.25,PIURA,ANNUAL,2001,0.336483281033
7_6609375_42369,ANNUAL,medium,0.1,PIURA,ANNUAL,2001,0.311940470772
7_6609375_42404,ANNUAL,high,1.0,PIURA,ANNUAL,2001,0.838820074695
7_6609375_42422,ANNUAL,medium,0.25,PIURA,ANNUAL,2003,0.388311405431
7_6609375_42582,PERENNIAL,high,1.5,PIURA,ANNUAL,2001,0.459288127112
7_6609375_42584,ANNUAL,high,0.25,PIURA,ANNUAL,2001,1.29704005441
7_6609375_42597,ANNUAL,medium,0.25,PIURA,ANNUAL,2003,1.69481713059
7_6609375_42612,ANNUAL,low,0.75,PIURA,ANNUAL,2001,0.850694745273
7_6609375_88848,ANNUAL,high,0.25,PIURA,ANNUAL,2003,0.565582208174
7_6609375_92351,ANNUAL,high,0.1,PIURA,ANNUAL,2003,0.224114148787
7_6609375_92367,ANNUAL,medium,0.1,PIURA,ANNUAL,2003,0.169691920691
7_6609375_92439,ANNUAL,medium,0.5,PIURA,ANNUAL,2003,0.202085605063
7_6609375_92698,ANNUAL,medium,0.15,PIURA,ANNUAL,2003,0.416357354981
7_6609375_96209,PERENNIAL,high,1.5,PIURA,PERENNIAL,2001,0.488298127705
7_6609375_96244,ANNUAL,medium,0.25,PIURA,ANNUAL,2001,1.22004979351
7_6609375_96250,PERENNIAL,medium,0.5,PIURA,ANNUAL,2001,1.02853643374
7_6609375_96271,PERENNIAL,medium,0.5,PIURA,ANNUAL,2003,0.699000091325
7_6609375_96713,ANNUAL,high,0.25,PIURA,ANNUAL,2003,0.374093878962
7_6609375_96822,PERENNIAL,medium,1.75,PIURA,ANNUAL,2003,0.983688458085
7_6609380_93128,ANNUAL,medium,0.1,PIURA,PERENNIAL,2003,1.72884700809
7_6609380_93673,PERENNIAL,medium,0.7,PIURA,ANNUAL,2003,0.557554411112
7_6609380_96425,PERENNIAL,low,2.0,PIURA,ANNUAL,2003,0.197308605968
7_6609390_80423,PERENNIAL,high,4.75,PIURA,PERENNIAL,1999,1.72258002045
7_6609390_80426,PERENNIAL,medium,1.0,PIURA,PASTURE_FALLOW,1999,1.85514679162
7_6609390_80431,PERENNIAL,medium,2.5,PIURA,PASTURE_FALLOW,1999,1.19954457472
7_6609390_80444,ANNUAL,high,0.25,PIURA,PASTURE_FALLOW,1999,3.25212429828
7_6609390_80453,PERENNIAL,medium,0.5,PIURA,PASTURE_FALLOW,1999,1.01640100095
7_6609390_80461,PERENNIAL,medium,1.75,PIURA,PASTURE_FALLOW,1999,0.299615496092
7_6609390_80464,ANNUAL,high,2.5,PIURA,PASTURE_FALLOW,1999,0.514404913899
7_6609390_80469,ANNUAL,high,0.5,PIURA,PERENNIAL,1999,2.92074997025
7_6609390_80474,PERENNIAL,high,1.0,PIURA,PASTURE_FALLOW,1999,0.885937029455
7_6609390_80477,PERENNIAL,low,4.5,PIURA,ANNUAL,1999,0.40897999059
7_6609390_80479,ANNUAL,high,1.5,PIURA,PASTURE_FALLOW,1999,0.72606348449
7_6609390_80494,PERENNIAL,high,6.75,PIURA,PASTURE_FALLOW,1999,3.60736585327
7_6609390_80503,PERENNIAL,high,0.5,PIURA,PERENNIAL,1999,4.29272865901
7_6609390_80518,PERENNIAL,medium,1.75,PIURA,PASTURE_FALLOW,1999,6.66223690266
7_6609390_80529,PERENNIAL,high,1.0,PIURA,PERENNIAL,1999,0.141255333863
7_6609390_80541,PERENNIAL,medium,1.5,PIURA,PASTURE_FALLOW,1999,0.889810441715
7_6609390_80542,ANNUAL,medium,0.25,PIURA,PERENNIAL,1999,0.671682838569
7_6609390_80546,ANNUAL,medium,1.0,PIURA,ANNUAL,1999,0.695312342633
7_6609390_80555,PASTURE_FALLOW,high,1.0,PIURA,PASTURE_FALLOW,2003,1.32026088888
7_6609390_80557,PERENNIAL,medium,0.25,PIURA,ANNUAL,1999,3.50180081676
7_6609390_80574,PERENNIAL,medium,1.9000000000000001,PIURA,ANNUAL,1999,0.151836349571
7_6609390_80575,PERENNIAL,medium,1.0,PIURA,PASTURE_FALLOW,1999,0.0991664503423
7_6609390_80577,PERENNIAL,medium,2.3,PIURA,PASTURE_FALLOW,1999,0.760225923655
7_6609390_80580,PERENNIAL,high,1.25,PIURA,PERENNIAL,1999,1.14424064783
7_6609390_80584,PERENNIAL,medium,1.25,PIURA,PASTURE_FALLOW,1999,0.53745175141
7_6609390_80801,ANNUAL,medium,1.0899999999999999,PIURA,ANNUAL,1999,1.72342329381
7_6609390_80830,PERENNIAL,low,0.5,PIURA,PERENNIAL,1999,0.367407651803
7_6609390_80832,PERENNIAL,high,1.0,PIURA,PASTURE_FALLOW,1999,4.40677970924
7_6609390_80837,PERENNIAL,medium,1.0,PIURA,PASTURE_FALLOW,1999,0.335644185098
7_6609390_80843,PERENNIAL,medium,0.75,PIURA,PASTURE_FALLOW,1999,0.12388899497
7_6609390_80847,PERENNIAL,medium,1.0,PIURA,PASTURE_FALLOW,1999,2.62779979053
7_6609390_80848,PERENNIAL,medium,1.0,PIURA,ANNUAL,1998,5.97553271626
7_6609390_80851,PERENNIAL,medium,6.25,PIURA,PASTURE_FALLOW,1999,4.63917533697
7_6609390_80852,PERENNIAL,high,0.5,PIURA,PASTURE_FALLOW,1999,2.63167890697
7_6609390_80853,PERENNIAL,medium,1.0,PIURA,PASTURE_FALLOW,1999,1.08961924499
7_6609390_80858,ANNUAL,medium,0.09,PIURA,PASTURE_FALLOW,1999,3.25611742422
7_6609390_80869,PERENNIAL,medium,1.5,PIURA,PASTURE_FALLOW,1999,2.29788510545
7_6609390_80873,ANNUAL,medium,0.75,PIURA,PASTURE_FALLOW,1999,0.752926213603
7_6609390_80888,PERENNIAL,medium,0.25,PIURA,ANNUAL,1999,1.33510557753
7_6609390_80890,ANNUAL,high,0.25,PIURA,ANNUAL,1999,0.880880370106
7_6609390_80908,ANNUAL,medium,1.5,PIURA,PASTURE_FALLOW,1999,2.88629933821
7_6609390_80914,PERENNIAL,medium,2.9,PIURA,PASTURE_FALLOW,1999,0.285417496428
7_6609390_80957,PERENNIAL,medium,0.25,PIURA,ANNUAL,1999,0.373624730272
7_6609390_80959,PERENNIAL,medium,2.5,PIURA,PASTURE_FALLOW,1999,0.436569952704
7_6609390_80966,PERENNIAL,high,0.62,PIURA,PASTURE_FALLOW,1999,0.37723470417
7_6609390_81110,ANNUAL,low,0.2,PIURA,PASTURE_FALLOW,1999,0.605117748178
7_6609390_81111,PERENNIAL,low,2.5,PIURA,PASTURE_FALLOW,1999,1.68898499092
7_6609390_81143,PERENNIAL,medium,1.0,PIURA,PERENNIAL,1999,0.297880005001
7_6609390_81158,PERENNIAL,low,2.5,PIURA,PASTURE_FALLOW,1999,0.891352005422
7_6609390_81176,PERENNIAL,low,2.25,PIURA,ANNUAL,1999,0.349242653546
7_6609390_81423,PERENNIAL,high,2.0,PIURA,ANNUAL,1999,1.11097479078
7_6609390_81805,PERENNIAL,medium,0.5,PIURA,ANNUAL,1999,1.32873274019
7_6609390_81812,PERENNIAL,medium,0.5,PIURA,ANNUAL,1999,0.89855205029
7_6609390_82075,ANNUAL,low,1.87,PIURA,PASTURE_FALLOW,1999,1.69629450806
7_6609390_82088,ANNUAL,medium,0.75,PIURA,ANNUAL,1999,0.116138179303
7_6609390_82186,PERENNIAL,medium,1.0,PIURA,ANNUAL,1999,0.74844900881
7_6609390_83402,PASTURE_FALLOW,medium,1.5,PIURA,ANNUAL,1999,0.475751833536
7_6609390_83412,PERENNIAL,medium,0.4,PIURA,ANNUAL,1999,1.04425768043
7_6609390_83443,PERENNIAL,medium,2.1,PIURA,ANNUAL,1999,0.691797873074
7_6609390_83471,PERENNIAL,medium,0.25,PIURA,PERENNIAL,1999,0.581630576509
7_6609390_83475,PERENNIAL,high,0.45,PIURA,PASTURE_FALLOW,1999,0.181281846488
7_6609390_83487,PERENNIAL,low,1.0,PIURA,PASTURE_FALLOW,1999,0.662775259013
7_6609390_83508,ANNUAL,medium,3.0,PIURA,PERENNIAL,1999,0.816519550837
7_6609390_83518,PERENNIAL,medium,1.99,PIURA,PASTURE_FALLOW,1999,0.26569694778
7_6609390_83536,PASTURE_FALLOW,high,2.4,PIURA,PERENNIAL,1999,0.317221755057
7_6609390_83538,PASTURE_FALLOW,low,2.0,PIURA,PERENNIAL,1999,0.142700364289
7_6609390_83539,PERENNIAL,high,0.5700000000000001,PIURA,ANNUAL,1999,0.107617763561
7_6609390_83559,PERENNIAL,medium,0.25,PIURA,PERENNIAL,1999,0.137339585586
7_6609390_83577,PERENNIAL,high,1.95,PIURA,PERENNIAL,1999,0.469311509064
7_6609390_83578,PERENNIAL,medium,3.0,PIURA,PERENNIAL,2003,0.844625343611
7_6609390_83586,PERENNIAL,high,1.25,PIURA,ANNUAL,1999,0.441988377497
7_6609390_83589,PERENNIAL,medium,2.0,PIURA,PERENNIAL,1999,0.118368974535
7_6609390_83605,PERENNIAL,medium,6.0,PIURA,PASTURE_FALLOW,1999,2.38856143624
7_6609390_83615,PERENNIAL,medium,0.25,PIURA,PERENNIAL,1999,0.624140953995
7_6609390_83619,PERENNIAL,medium,0.75,PIURA,PERENNIAL,1999,0.766164412416
7_6609390_83624,PERENNIAL,high,0.75,PIURA,ANNUAL,1999,0.866626743532
7_6609390_83633,PERENNIAL,medium,0.75,PIURA,ANNUAL,1999,1.54991953063
7_6609390_83644,PERENNIAL,medium,1.0,PIURA,PERENNIAL,1999,0.826547764877
7_6609390_83652,PERENNIAL,medium,0.5,PIURA,PERENNIAL,1999,2.96863652597
7_6609390_83656,PERENNIAL,medium,0.5,PIURA,ANNUAL,1999,0.535434435357
7_6609390_83659,PERENNIAL,medium,1.0,PIURA,ANNUAL,1999,0.647320117715
7_6609390_83660,PERENNIAL,medium,1.0,PIURA,PERENNIAL,1999,0.193696132713
7_6609390_83667,PERENNIAL,medium,0.5,PIURA,ANNUAL,1999,0.306129448549
7_6609390_83691,PERENNIAL,low,0.75,PIURA,PERENNIAL,1999,3.03442630953
7_6609390_83803,PERENNIAL,medium,0.75,PIURA,PASTURE_FALLOW,1999,0.285467014979
7_6609390_83805,PERENNIAL,medium,1.49,PIURA,ANNUAL,1999,0.475662243456
7_6609390_83807,PERENNIAL,medium,2.0,PIURA,PASTURE_FALLOW,1999,2.21856257268
7_6609390_83809,PERENNIAL,high,0.95,PIURA,PERENNIAL,1999,2.55249146813
7_6609390_83813,PERENNIAL,medium,1.0,PIURA,PASTURE_FALLOW,1999,1.80687587118
7_6609390_83892,ANNUAL,medium,1.5,PIURA,PASTURE_FALLOW,1999,1.3352125643
7_6609390_83906,PERENNIAL,medium,1.75,PIURA,PASTURE_FALLOW,1999,1.84730299397
7_6609390_84012,PERENNIAL,medium,0.35,PIURA,PERENNIAL,1999,0.247223880872
7_6609390_85402,PERENNIAL,medium,0.5,PIURA,PERENNIAL,1999,1.40922029704
7_6609390_85410,PERENNIAL,medium,0.4,PIURA,PASTURE_FALLOW,1999,1.35214593927
7_6609390_85411,PERENNIAL,high,0.5,PIURA,PASTURE_FALLOW,1999,1.05508821284
7_6609390_85419,PERENNIAL,high,0.75,PIURA,PERENNIAL,1999,0.138408963237
7_6609390_85421,PERENNIAL,medium,0.5,PIURA,PERENNIAL,1999,0.533627769459
7_6609390_85424,PERENNIAL,medium,0.75,PIURA,PERENNIAL,1999,0.918266626353
7_6609390_85427,PERENNIAL,medium,1.0,PIURA,PERENNIAL,1999,0.190870407797
7_6609390_85432,ANNUAL,high,0.4,PIURA,PERENNIAL,1999,1.12414769751
7_6609390_85435,ANNUAL,low,0.2,PIURA,PASTURE_FALLOW,1999,1.43176782855
7_6609390_85441,PASTURE_FALLOW,medium,0.8,PIURA,ANNUAL,1999,4.23089549703
7_6609390_85446,PERENNIAL,high,1.0,PIURA,PERENNIAL,1999,0.36383455412
7_6609390_85449,PERENNIAL,medium,3.25,PIURA,PASTURE_FALLOW,1999,2.96788448488
7_6609390_85457,PASTURE_FALLOW,medium,1.0,PIURA,PERENNIAL,1999,0.524041684461
7_6609390_85468,PERENNIAL,medium,1.0,PIURA,PASTURE_FALLOW,1999,0.530136047555
7_6609390_85478,PERENNIAL,medium,1.5,PIURA,PERENNIAL,1999,1.01372402095
7_6609390_85479,PASTURE_FALLOW,medium,1.0,PIURA,PASTURE_FALLOW,1999,1.05566970412
7_6609390_85480,PERENNIAL,medium,3.4,PIURA,PERENNIAL,1999,1.04656376409
7_6609390_85511,PERENNIAL,medium,0.95,PIURA,PASTURE_FALLOW,1999,1.47838467062
7_6609390_85512,PERENNIAL,low,1.5,PIURA,PERENNIAL,1999,1.07005793483
7_6609390_85514,PERENNIAL,medium,4.05,PIURA,PASTURE_FALLOW,1999,0.537412830982
7_6609395_80441,ANNUAL,medium,4.5,PIURA,ANNUAL,1999,0.518328438752
7_6609395_80442,ANNUAL,medium,5.4,PIURA,PASTURE_FALLOW,1999,0.151045938108
7_6609395_80443,ANNUAL,medium,2.0,PIURA,ANNUAL,1999,0.183040390297
7_6609395_80446,ANNUAL,high,3.1,PIURA,ANNUAL,1999,0.215864143524
7_6609395_80501,ANNUAL,medium,1.75,PIURA,PASTURE_FALLOW,1999,0.717756279323
7_6609395_80523,ANNUAL,medium,1.75,PIURA,ANNUAL,1999,0.21994509474
7_6609395_80566,ANNUAL,medium,1.0,PIURA,PASTURE_FALLOW,1999,1.7585295324
7_6609395_80586,ANNUAL,medium,2.5,PIURA,ANNUAL,1999,0.187201347707
7_6609395_81046,ANNUAL,medium,1.75,PIURA,ANNUAL,1999,0.725302403451
7_6609395_81049,ANNUAL,medium,1.25,PIURA,ANNUAL,1999,3.873521231
7_6609395_81069,ANNUAL,low,4.25,PIURA,ANNUAL,1999,2.35084820479
7_6609395_81125,PERENNIAL,low,1.4,PIURA,PASTURE_FALLOW,1999,0.300061838837
7_6609395_81134,PERENNIAL,medium,0.9,PIURA,PERENNIAL,1999,0.5920601614
7_6609395_81824,PERENNIAL,high,4.5,PIURA,ANNUAL,1999,0.738325713188
7_6609395_82099,PERENNIAL,medium,0.5,PIURA,PASTURE_FALLOW,1999,1.26971618531
7_6609395_82105,PERENNIAL,low,1.5,PIURA,PERENNIAL,1999,0.330259872337
7_6609395_82121,PERENNIAL,medium,1.5,PIURA,ANNUAL,1999,0.384157974766
7_6609395_82130,ANNUAL,medium,1.5,PIURA,ANNUAL,1999,0.438656370179
7_6609395_82135,ANNUAL,medium,2.0,PIURA,PERENNIAL,1999,2.17200514839
7_6609395_82149,ANNUAL,medium,1.5,PIURA,ANNUAL,1999,1.56706816542
7_6609395_82165,PERENNIAL,medium,1.0,PIURA,ANNUAL,1999,0.2911243574
7_6609395_82166,ANNUAL,medium,0.75,PIURA,PERENNIAL,1999,1.16802127609
7_6609395_82174,ANNUAL,medium,0.75,PIURA,ANNUAL,1999,0.484886108801
7_6609395_82176,ANNUAL,high,3.0,PIURA,PASTURE_FALLOW,1999,1.40928838645
7_6609395_82208,ANNUAL,high,0.25,PIURA,PASTURE_FALLOW,1999,1.31640396218
7_6609395_82211,PERENNIAL,medium,1.5,PIURA,PERENNIAL,1999,0.239323084819
7_6609395_82213,PERENNIAL,medium,0.55,PIURA,ANNUAL,1999,0.949438558044
7_6609395_82232,ANNUAL,medium,1.5,PIURA,ANNUAL,1999,0.294189653735
7_6609395_82236,ANNUAL,medium,1.0,PIURA,PASTURE_FALLOW,1999,0.216200386802
7_6609395_82259,PERENNIAL,medium,3.5,PIURA,PASTURE_FALLOW,1999,2.47839561471
7_6609395_82264,PASTURE_FALLOW,medium,0.5,PIURA,ANNUAL,2001,1.16053417298
7_6609395_82753,ANNUAL,medium,3.5,PIURA,ANNUAL,1999,0.945986867365
7_6609395_82756,ANNUAL,high,1.25,PIURA,PASTURE_FALLOW,1999,0.326837940733
7_6609395_82757,ANNUAL,medium,1.5,PIURA,PASTURE_FALLOW,1999,0.366365438175
7_6609395_83693,PERENNIAL,medium,1.5,PIURA,PERENNIAL,1999,0.140545932101
7_6609395_83696,PERENNIAL,medium,2.0,PIURA,PASTURE_FALLOW,1999,1.22548879806
7_6609395_83698,PERENNIAL,medium,0.75,PIURA,PERENNIAL,1999,0.0970002623689
7_6609395_84030,PERENNIAL,medium,0.5,PIURA,PERENNIAL,1999,0.377814069904
7_6609395_84067,PASTURE_FALLOW,medium,0.25,PIURA,ANNUAL,1999,0.757032102922
7_6609395_84068,PERENNIAL,medium,2.0,PIURA,PERENNIAL,1999,0.859650884185
7_6609395_84085,PERENNIAL,medium,17.5,PIURA,ANNUAL,1999,1.71908054252
7_6609395_84086,PASTURE_FALLOW,medium,5.5,PIURA,ANNUAL,2003,0.719089385525
7_6609395_84150,ANNUAL,medium,1.5,PIURA,ANNUAL,2003,0.333725950202
7_6609395_84621,ANNUAL,medium,1.75,PIURA,PASTURE_FALLOW,1999,0.137573465834
7_6609395_84622,ANNUAL,low,0.6000000000000001,PIURA,PASTURE_FALLOW,1999,0.272646830932
7_6609400_80565,ANNUAL,low,1.5,PIURA,ANNUAL,1999,0.24948480643
7_6609400_80610,ANNUAL,medium,0.5,PIURA,ANNUAL,1999,0.701686739595
7_6609400_80622,PERENNIAL,medium,2.0,PIURA,ANNUAL,1999,0.691649427465
7_6609400_80640,PERENNIAL,medium,18.0,PIURA,PASTURE_FALLOW,1999,1.21646244873
7_6609400_80644,ANNUAL,low,1.25,PIURA,ANNUAL,2003,0.317774882405
7_6609400_80660,PERENNIAL,high,0.75,PIURA,ANNUAL,1999,0.696922572933
7_6609400_80661,PERENNIAL,medium,1.25,PIURA,ANNUAL,1999,0.733570420976
7_6609400_80663,PERENNIAL,medium,1.3,PIURA,ANNUAL,1999,0.454468122714
7_6609400_80665,PERENNIAL,medium,1.0,PIURA,ANNUAL,1999,2.95307678525
7_6609400_80671,PERENNIAL,medium,1.0,PIURA,ANNUAL,1999,2.44825228611
7_6609400_80710,PASTURE_FALLOW,high,0.5,PIURA,ANNUAL,1999,0.647166550399
7_6609400_80717,ANNUAL,low,0.6,PIURA,ANNUAL,1999,2.76483225941
7_6609400_80725,PERENNIAL,medium,2.25,PIURA,ANNUAL,1999,0.886750869233
7_6609400_80726,ANNUAL,medium,1.5,PIURA,ANNUAL,1999,0.646318809746
7_6609400_80745,PERENNIAL,medium,3.4,PIURA,ANNUAL,1999,4.36413452706
7_6609400_80746,PASTURE_FALLOW,medium,0.5,PIURA,PASTURE_FALLOW,1999,0.280507509036
7_6609400_80749,PERENNIAL,medium,0.5,PIURA,ANNUAL,1999,1.51812804871
7_6609400_80804,PERENNIAL,medium,0.25,PIURA,ANNUAL,1999,5.11904679868
7_6609400_80805,ANNUAL,high,0.25,PIURA,ANNUAL,1999,3.53023889738
7_6609400_80809,PERENNIAL,medium,10.25,PIURA,ANNUAL,1999,0.175637513562
7_6609400_80811,ANNUAL,low,0.5,PIURA,ANNUAL,1999,2.96987819025
7_6609400_80826,ANNUAL,high,1.0,PIURA,ANNUAL,1999,9.06929146611
7_6609400_80832,PERENNIAL,medium,0.75,PIURA,ANNUAL,1999,0.753504187573
7_6609400_82602,PERENNIAL,medium,0.25,PIURA,ANNUAL,1999,1.16039721536
7_6609400_82603,ANNUAL,medium,0.25,PIURA,ANNUAL,1999,0.187643620819
7_6609400_82605,PERENNIAL,medium,2.75,PIURA,PASTURE_FALLOW,1999,4.69423382833
7_6609400_82620,PERENNIAL,medium,1.75,PIURA,PASTURE_FALLOW,1999,0.716084398798
7_6609400_82622,PASTURE_FALLOW,medium,1.0,PIURA,PASTURE_FALLOW,1999,2.84472489422
7_6609400_82645,PERENNIAL,medium,4.5,PIURA,PASTURE_FALLOW,1999,0.58325375521
7_6609400_82659,PERENNIAL,medium,5.25,PIURA,PASTURE_FALLOW,1999,0.501358254032
7_6609400_82660,PASTURE_FALLOW,medium,1.7,PIURA,ANNUAL,1999,0.192936965962
7_6609400_82664,PERENNIAL,medium,4.0,PIURA,PASTURE_FALLOW,1999,0.337489580784
7_6609400_82673,PERENNIAL,medium,1.5,PIURA,PASTURE_FALLOW,1999,0.21843424791
7_6609400_82686,PERENNIAL,medium,0.25,PIURA,PASTURE_FALLOW,1999,1.52803177392
7_6609400_82710,PERENNIAL,medium,1.5,PIURA,PASTURE_FALLOW,1999,0.150582718073
7_6609400_82722,PERENNIAL,medium,2.0,PIURA,ANNUAL,1999,1.28184152069
7_6609400_82724,ANNUAL,medium,4.25,PIURA,PASTURE_FALLOW,1999,1.5036661022
7_6659365_90911,ANNUAL,medium,0.25,PIURA,ANNUAL,2003,0.26498779358
7_6659370_89800,ANNUAL,medium,0.25,PIURA,ANNUAL,2003,0.388354543848
7_6659370_90998,ANNUAL,high,5.0,PIURA,ANNUAL,2003,0.280621482035
7_6659370_91434,ANNUAL,medium,0.05,PIURA,ANNUAL,2003,0.119427344737
7_6659370_91548,ANNUAL,medium,1.25,PIURA,ANNUAL,2003,0.484692377346
7_6659370_91763,ANNUAL,high,0.25,PIURA,ANNUAL,2003,0.353874660695
7_6659370_94902,ANNUAL,medium,2.25,PIURA,ANNUAL,2003,1.15554248991
7_6659370_94913,ANNUAL,medium,1.5,PIURA,ANNUAL,2003,0.321909223087
7_6659370_94914,ANNUAL,high,0.25,PIURA,ANNUAL,2003,0.113955119364
7_6659370_94919,PERENNIAL,medium,1.0,PIURA,ANNUAL,2003,0.571937130899
7_6659370_94932,ANNUAL,high,1.0,PIURA,ANNUAL,2003,0.103397020872
7_6659370_94975,PERENNIAL,medium,1.0,PIURA,ANNUAL,2003,0.269120197845
7_6659375_87327,PERENNIAL,high,1.5,PIURA,ANNUAL,2003,0.194977117367
7_6659375_92070,ANNUAL,medium,0.2,PIURA,ANNUAL,2003,0.282536817011
7_6659375_92228,ANNUAL,medium,0.1,PIURA,ANNUAL,2001,0.621059350008
7_6659375_92244,PERENNIAL,medium,3.5,PIURA,ANNUAL,2003,0.504029536737
7_6659375_99282,PERENNIAL,medium,0.75,PIURA,ANNUAL,2001,1.46394868828
7_6659375_99540,ANNUAL,medium,0.1,PIURA,ANNUAL,2001,0.193141824761
7_6659375_99543,PERENNIAL,medium,1.35,PIURA,ANNUAL,2003,0.411704692279
7_6659375_99544,ANNUAL,medium,0.08,PIURA,ANNUAL,2001,0.274262958204
7_6659390_81424,PERENNIAL,high,6.25,PIURA,ANNUAL,1999,1.83571743253
7_6659390_81430,PASTURE_FALLOW,high,0.25,PIURA,ANNUAL,1999,0.713286089391
7_6659390_81436,PERENNIAL,medium,4.0,PIURA,ANNUAL,1999,0.614558037763
7_6659390_81437,PERENNIAL,medium,0.8,PIURA,ANNUAL,1999,1.15597849171
7_6659390_81451,PERENNIAL,medium,0.5,PIURA,ANNUAL,1999,0.985087794862
7_6659390_81456,ANNUAL,low,0.25,PIURA,ANNUAL,1999,0.497660002369
7_6659390_81466,PASTURE_FALLOW,high,2.0,PIURA,ANNUAL,1999,0.649676472591
7_6659390_81489,PERENNIAL,high,1.1,PIURA,ANNUAL,1999,0.96033393738
7_6659390_81495,ANNUAL,medium,0.25,PIURA,ANNUAL,1999,0.468199703587
7_6659390_81500,PERENNIAL,medium,2.0,PIURA,ANNUAL,1999,0.23340565268
7_6659390_81507,PASTURE_FALLOW,medium,1.5,PIURA,ANNUAL,1999,0.566750878145
7_6659390_81511,PERENNIAL,medium,1.0,PIURA,ANNUAL,1999,1.13273052261
7_6659390_81539,PERENNIAL,medium,1.0,PIURA,ANNUAL,1999,0.56519982681
7_6659390_81545,PERENNIAL,medium,0.8,PIURA,ANNUAL,1999,0.96736677464
7_6659390_81577,ANNUAL,medium,0.5,PIURA,ANNUAL,1999,1.06611630265
7_6659390_81683,PERENNIAL,low,2.25,PIURA,ANNUAL,1999,0.214371444282
7_6659390_81692,ANNUAL,medium,0.25,PIURA,ANNUAL,1999,1.30271297977
7_6659390_81703,PERENNIAL,medium,0.75,PIURA,ANNUAL,1999,0.14299568166
7_6659390_81709,PASTURE_FALLOW,medium,0.5,PIURA,ANNUAL,1999,0.3131743998
7_6659390_81747,ANNUAL,low,2.0,PIURA,ANNUAL,1999,1.43300374471
7_6659390_81768,PERENNIAL,medium,1.25,PIURA,ANNUAL,1999,0.316366661113
7_6659390_81777,PERENNIAL,medium,2.0,PIURA,ANNUAL,1999,1.3842681781
7_6659390_81779,PERENNIAL,medium,0.5,PIURA,ANNUAL,1999,0.645824039584
7_6659390_81781,PERENNIAL,medium,1.75,PIURA,ANNUAL,1999,0.637778279956
7_6659390_81791,PERENNIAL,low,5.55,PIURA,PASTURE_FALLOW,1999,0.300893388028
7_6659390_81795,PASTURE_FALLOW,medium,2.0,PIURA,PASTURE_FALLOW,1999,0.338677353137
7_6659390_81798,ANNUAL,medium,0.25,PIURA,ANNUAL,1999,0.240412527491
7_6659390_82262,PERENNIAL,low,0.75,PIURA,ANNUAL,1999,0.187395116972
7_6659395_81624,ANNUAL,medium,0.5,PIURA,ANNUAL,1999,0.436677982361
7_6659395_81636,ANNUAL,high,1.0,PIURA,PASTURE_FALLOW,1999,1.49595416169
7_6659395_81644,PERENNIAL,medium,3.99,PIURA,ANNUAL,1999,3.20564547229
7_6659395_81656,PERENNIAL,medium,0.5,PIURA,ANNUAL,1999,0.667144686872
7_6659395_81665,PERENNIAL,medium,1.25,PIURA,ANNUAL,1999,0.445824538407
7_6659395_81670,PERENNIAL,medium,1.25,PIURA,ANNUAL,1999,0.774333396926
7_6659395_81749,PERENNIAL,medium,0.5,PIURA,ANNUAL,1999,1.02909207408
7_6659395_81753,ANNUAL,medium,0.5,PIURA,ANNUAL,1999,0.143234053739
7_6659395_81759,ANNUAL,high,0.25,PIURA,ANNUAL,1999,1.11240736792
7_6659395_81765,PERENNIAL,medium,0.8999999999999999,PIURA,ANNUAL,1999,0.537649624167
7_6659395_81831,PERENNIAL,medium,3.75,PIURA,ANNUAL,1999,0.950225299492
7_6659395_81836,PERENNIAL,medium,2.05,PIURA,ANNUAL,1999,0.638166313856
7_6659395_81846,ANNUAL,medium,1.0,PIURA,ANNUAL,1999,0.72218354849
7_6659395_81847,PERENNIAL,medium,1.25,PIURA,ANNUAL,1999,0.911942902456
7_6659395_81855,ANNUAL,high,0.36,PIURA,ANNUAL,1999,0.540254401779
7_6659395_81865,ANNUAL,medium,10.0,PIURA,ANNUAL,1999,0.150048136511
7_6659395_81867,ANNUAL,high,0.41,PIURA,ANNUAL,1999,0.376175782819
7_6659395_81874,ANNUAL,medium,0.09,PIURA,ANNUAL,1999,0.132161697629
7_6659395_81877,PERENNIAL,medium,1.74,PIURA,ANNUAL,1999,0.283431484631
7_6659395_81880,ANNUAL,medium,2.5,PIURA,ANNUAL,1999,0.179013460804
7_6659395_81884,ANNUAL,medium,2.0,PIURA,ANNUAL,1999,0.798630674044
7_6659395_81886,ANNUAL,medium,1.5,PIURA,ANNUAL,1999,0.325483963019
7_6659395_81903,PERENNIAL,high,0.5,PIURA,ANNUAL,1999,0.611396073125
7_6659395_81909,PERENNIAL,medium,3.5,PIURA,ANNUAL,1999,0.660784533758
7_6659395_81925,PERENNIAL,medium,2.45,PIURA,ANNUAL,1999,0.292177421665
7_6659395_81932,ANNUAL,medium,1.0,PIURA,ANNUAL,1999,0.693707245062
7_6659395_81940,PERENNIAL,medium,3.0,PIURA,ANNUAL,1999,0.118144570607
7_6659395_81942,ANNUAL,medium,0.18,PIURA,ANNUAL,1999,0.174143697945
7_6659395_81961,ANNUAL,high,1.5,PIURA,ANNUAL,1999,0.184951556425
7_6659395_81967,ANNUAL,medium,0.5,PIURA,ANNUAL,1999,0.302801046768
7_6659395_82004,ANNUAL,medium,8.5,PIURA,ANNUAL,1999,0.913351957314
7_6659395_82009,ANNUAL,medium,0.5,PIURA,ANNUAL,1999,4.29856871704
7_6659395_82013,PERENNIAL,medium,0.5,PIURA,ANNUAL,1999,1.62671099131
7_6659395_82020,ANNUAL,medium,1.5,PIURA,ANNUAL,1999,2.75871849914
7_6659395_82025,ANNUAL,medium,1.0,PIURA,ANNUAL,1999,0.282936481894
7_6659395_82056,PERENNIAL,medium,1.0,PIURA,ANNUAL,1999,0.379943387255
7_6659395_82057,ANNUAL,medium,0.59,PIURA,ANNUAL,1999,0.899668956273
7_6659395_82246,ANNUAL,medium,1.5,PIURA,ANNUAL,1999,0.506474811705
7_6659395_82278,ANNUAL,low,0.25,PIURA,ANNUAL,1999,0.877413579998
7_6659395_82280,ANNUAL,medium,0.25,PIURA,PASTURE_FALLOW,1999,0.387020911957
7_6659395_82794,ANNUAL,medium,1.25,PIURA,ANNUAL,1999,1.33320898562
7_6659395_84468,ANNUAL,medium,4.0,PIURA,ANNUAL,1999,0.6056543539
7_6659395_84475,ANNUAL,high,1.0,PIURA,ANNUAL,1999,0.255958614984
7_6659395_84480,ANNUAL,medium,2.5,PIURA,ANNUAL,1999,0.17603924517
7_6659395_84481,ANNUAL,medium,1.5,PIURA,ANNUAL,1999,0.323439163798
7_6659395_84499,ANNUAL,medium,0.75,PIURA,PASTURE_FALLOW,1999,0.54911138823
7_6659395_84502,ANNUAL,medium,0.75,PIURA,ANNUAL,1999,0.366392910898
7_6659395_84503,ANNUAL,high,4.25,PIURA,PASTURE_FALLOW,1999,0.928606869096
7_6659395_84518,ANNUAL,medium,1.25,PIURA,ANNUAL,1999,0.760929988179
7_6659395_84520,ANNUAL,medium,1.0,PIURA,ANNUAL,1999,0.782606396594
7_6659395_84529,PERENNIAL,medium,1.25,PIURA,PASTURE_FALLOW,1999,1.14891346692
7_6659395_84530,ANNUAL,high,0.75,PIURA,ANNUAL,1999,0.586403273852
7_6659395_84549,ANNUAL,medium,0.25,PIURA,ANNUAL,1999,0.374367042914
7_6659395_84609,ANNUAL,medium,1.75,PIURA,ANNUAL,1999,0.677225822815
7_6659395_84617,ANNUAL,medium,5.75,PIURA,PASTURE_FALLOW,1999,0.752087237908
7_6659395_84642,ANNUAL,low,0.33,PIURA,ANNUAL,1999,0.396858849178
7_6659400_41102,PERENNIAL,medium,1.25,PIURA,ANNUAL,1999,0.324759078085
7_6659400_41111,ANNUAL,high,1.0,PIURA,ANNUAL,1999,3.59284253012
7_6659400_41115,PERENNIAL,medium,1.0,PIURA,ANNUAL,1999,0.226629768443
7_6659400_41121,ANNUAL,low,0.75,PIURA,ANNUAL,1999,0.342558888495
7_6659400_41128,ANNUAL,low,0.75,PIURA,ANNUAL,1999,0.65066359172
7_6659400_41133,ANNUAL,medium,1.0,PIURA,PASTURE_FALLOW,1999,1.59794299768
7_6659400_41135,ANNUAL,medium,0.5,PIURA,ANNUAL,1999,3.86611511112
7_6659400_80841,ANNUAL,medium,0.25,PIURA,ANNUAL,1999,0.368276628649
7_6659400_80845,ANNUAL,low,0.5,PIURA,ANNUAL,1999,0.700460551237
7_6659400_80850,ANNUAL,low,0.5,PIURA,ANNUAL,1999,0.857198491872
7_6659400_80857,ANNUAL,medium,0.65,PIURA,ANNUAL,1999,0.819947054595
7_6659400_80864,PASTURE_FALLOW,low,0.25,PIURA,ANNUAL,1999,1.47520009332
7_6659400_80870,ANNUAL,medium,0.75,PIURA,ANNUAL,1999,0.762130327407
7_6659400_80875,ANNUAL,medium,0.5,PIURA,ANNUAL,1999,0.279442435576
7_6659400_80901,ANNUAL,medium,0.25,PIURA,ANNUAL,1999,0.770265148206
7_6659400_80904,ANNUAL,low,1.45,PIURA,ANNUAL,1999,0.201364669855
7_6659400_80916,ANNUAL,medium,1.0,PIURA,PASTURE_FALLOW,1999,0.529430956768
7_6659400_80917,ANNUAL,low,0.5,PIURA,ANNUAL,1999,0.76633644728
7_6659400_81046,ANNUAL,low,2.2,PIURA,PASTURE_FALLOW,1999,0.518024357731
7_6659400_81070,ANNUAL,high,2.0,PIURA,ANNUAL,1999,0.215481713371
7_6659400_81086,ANNUAL,medium,0.5,PIURA,ANNUAL,1999,1.37250860239
7_6659400_81098,ANNUAL,medium,1.25,PIURA,ANNUAL,1999,0.26445727722
7_6659400_81099,ANNUAL,medium,0.5,PIURA,ANNUAL,1999,0.282152301601
7_6659400_81101,ANNUAL,medium,1.0,PIURA,ANNUAL,1999,0.232106138805
7_6659400_81102,ANNUAL,high,0.25,PIURA,ANNUAL,1999,0.292510663778
7_6659400_81106,PERENNIAL,medium,2.5,PIURA,ANNUAL,1999,0.953564077336
7_6659400_81113,ANNUAL,medium,1.25,PIURA,ANNUAL,1999,0.148140211113
7_6659400_81115,ANNUAL,medium,0.5,PIURA,ANNUAL,1999,0.205641835601
7_6659400_81118,ANNUAL,medium,1.0,PIURA,ANNUAL,1999,0.443579797704
7_6659400_81126,ANNUAL,medium,0.5,PIURA,ANNUAL,1999,0.445970824053
7_6659400_81129,ANNUAL,medium,1.0,PIURA,ANNUAL,1999,0.688672582036
7_6659400_81132,ANNUAL,medium,4.0,PIURA,ANNUAL,1999,0.702608622011
7_6659400_81149,ANNUAL,medium,0.5,PIURA,ANNUAL,1999,0.157761035279
7_6659400_81169,ANNUAL,low,1.0,PIURA,ANNUAL,1999,3.16880337925
7_6659400_81171,PERENNIAL,low,1.4,PIURA,ANNUAL,1999,2.68708733244
7_6659400_81182,PASTURE_FALLOW,medium,0.04,PIURA,ANNUAL,1999,1.54981865483
7_6659400_81191,ANNUAL,medium,0.5,PIURA,ANNUAL,1999,2.66582167859
7_6659400_83002,ANNUAL,medium,1.0,PIURA,ANNUAL,1999,0.103726652488
7_6659400_83003,ANNUAL,medium,1.0,PIURA,ANNUAL,1999,1.16387535755
7_6659400_83015,ANNUAL,medium,1.0,PIURA,ANNUAL,1999,1.11656281618
7_6659400_83022,ANNUAL,high,1.25,PIURA,ANNUAL,1999,6.40354534962
7_6659400_83042,ANNUAL,medium,0.5,PIURA,ANNUAL,1999,0.0928769099016
7_6659400_84567,PERENNIAL,medium,4.0,PIURA,ANNUAL,1999,0.873386578388
7_6659400_84588,ANNUAL,medium,1.0,PIURA,ANNUAL,1999,0.95123398395
7_6659400_84593,ANNUAL,medium,0.5,PIURA,ANNUAL,1999,4.22821414374
7_6659400_84594,ANNUAL,high,0.5,PIURA,ANNUAL,1999,0.385660000835
7_6659400_84596,PERENNIAL,medium,1.75,PIURA,ANNUAL,1999,0.293088495128
7_6659400_84608,ANNUAL,medium,0.5,PIURA,ANNUAL,1999,0.142419036728
7_6659405_80927,ANNUAL,high,1.0,PIURA,ANNUAL,1999,0.242943983854
7_6659405_80928,PERENNIAL,low,1.5,PIURA,ANNUAL,1999,0.496915265199
7_6659405_80934,ANNUAL,medium,0.25,PIURA,PASTURE_FALLOW,1999,0.205492282721
7_6659405_80938,ANNUAL,high,2.0,PIURA,ANNUAL,1999,0.452415513504
7_6659405_80944,PASTURE_FALLOW,medium,0.5,PIURA,PASTURE_FALLOW,1999,0.323837570855
7_6659405_80948,ANNUAL,high,1.0,PIURA,ANNUAL,1999,0.502400979019
7_6659405_80976,ANNUAL,medium,0.75,PIURA,PASTURE_FALLOW,1999,0.361074768165
7_6659405_80994,PERENNIAL,medium,0.25,PIURA,ANNUAL,1999,0.736557574946
7_6659405_82801,PASTURE_FALLOW,medium,0.5,PIURA,ANNUAL,1999,0.564022115765
7_6659405_82810,ANNUAL,medium,0.5,PIURA,ANNUAL,1999,1.93441239469
7_6709370_91021,PERENNIAL,high,0.5,PIURA,ANNUAL,2003,0.526195021156
7_6709370_91023,ANNUAL,medium,0.5,PIURA,ANNUAL,2003,0.25080452814
7_6709380_85524,ANNUAL,high,0.5,PIURA,ANNUAL,2001,0.86571479315
7_6709380_85527,ANNUAL,medium,0.75,PIURA,ANNUAL,1999,0.805623838703
7_6709380_86875,ANNUAL,low,0.5,PIURA,ANNUAL,2003,1.64304479325
7_6709380_88995,ANNUAL,medium,0.3,PIURA,ANNUAL,2001,1.09067738863
7_6709385_84963,ANNUAL,medium,1.25,PIURA,ANNUAL,2003,0.518449403617
7_6709385_85014,ANNUAL,medium,1.25,PIURA,ANNUAL,1999,0.301228901459
7_6709385_85027,ANNUAL,medium,1.75,PIURA,ANNUAL,1999,0.423648382529
7_6709385_85047,ANNUAL,medium,4.25,PIURA,ANNUAL,1999,0.407130261287
7_6709385_85170,ANNUAL,medium,0.75,PIURA,ANNUAL,1999,1.85549010976
7_6709385_85172,ANNUAL,medium,2.25,PIURA,ANNUAL,1999,0.440207781104
7_6709385_85230,ANNUAL,medium,1.0,PIURA,ANNUAL,1999,0.231524727138
7_6709385_85235,PASTURE_FALLOW,medium,0.25,PIURA,ANNUAL,1999,0.885684106844
7_6709385_94656,ANNUAL,medium,1.0,PIURA,ANNUAL,2001,1.58007450483
7_6709390_82587,ANNUAL,low,0.5,PIURA,ANNUAL,1999,0.970470391729
7_6709390_82818,ANNUAL,medium,0.37,PIURA,ANNUAL,1999,1.99781853215
7_6709390_82848,ANNUAL,medium,29.0,PIURA,ANNUAL,1999,0.118106788957
7_6709390_83082,ANNUAL,medium,0.25,PIURA,ANNUAL,1999,0.419871230089
7_6709390_83205,ANNUAL,medium,0.25,PIURA,ANNUAL,1999,0.209516373504
7_6709390_83217,ANNUAL,high,0.5,PIURA,ANNUAL,1999,0.584390019778
7_6709390_83259,ANNUAL,high,0.25,PIURA,ANNUAL,1999,0.314236492774
7_6709390_83293,ANNUAL,low,0.5,PIURA,ANNUAL,2003,0.23280922074
7_6709390_84657,ANNUAL,low,0.5,PIURA,ANNUAL,1999,0.949301802379
7_6709390_84695,PERENNIAL,medium,1.0,PIURA,ANNUAL,1999,2.23315322376
7_6709390_84714,ANNUAL,low,0.09,PIURA,ANNUAL,1999,0.800321975695
7_6709390_84731,ANNUAL,low,0.5,PIURA,ANNUAL,1999,0.298938206854
7_6709390_84763,ANNUAL,low,0.5,PIURA,ANNUAL,1999,0.333793968294
7_6709390_84774,PASTURE_FALLOW,medium,0.25,PIURA,ANNUAL,1999,0.627601894937
7_6709390_85050,ANNUAL,low,0.75,PIURA,ANNUAL,1999,0.536223737424
7_6709390_85071,ANNUAL,medium,0.5,PIURA,ANNUAL,1999,0.320337967646
7_6709390_85103,ANNUAL,medium,0.5,PIURA,ANNUAL,1999,0.469367063982
7_6709390_85140,ANNUAL,low,1.0,PIURA,ANNUAL,1999,0.698447655279
7_6709390_85143,PASTURE_FALLOW,medium,0.75,PIURA,ANNUAL,1999,0.833008452496
7_6709390_85195,PERENNIAL,medium,1.5,PIURA,ANNUAL,1999,0.943087853362
7_6709395_82310,PASTURE_FALLOW,medium,0.25,PIURA,ANNUAL,1999,0.384157327912
7_6709395_82316,ANNUAL,medium,1.5,PIURA,ANNUAL,1999,1.24440141024
7_6709395_82345,PASTURE_FALLOW,low,0.5,PIURA,ANNUAL,1999,1.96719386043
7_6709395_82349,ANNUAL,medium,0.3,PIURA,ANNUAL,1999,2.85237421347
7_6709395_82623,PERENNIAL,low,1.75,PIURA,ANNUAL,1999,1.35787923759
7_6709395_82670,ANNUAL,medium,0.5,PIURA,ANNUAL,1999,0.378324060963
7_6709395_82690,ANNUAL,medium,0.75,PIURA,ANNUAL,1999,0.512598466212
7_6709395_82779,ANNUAL,medium,0.25,PIURA,ANNUAL,1999,8.35645249077
7_6709395_82953,ANNUAL,medium,0.5,PIURA,ANNUAL,1999,0.408246833363
7_6709395_82980,ANNUAL,low,0.25,PIURA,PERENNIAL,1999,1.1262491018
7_6709395_83030,ANNUAL,medium,1.0,PIURA,ANNUAL,1999,0.180532298703
7_6709395_83063,ANNUAL,medium,0.25,PIURA,ANNUAL,1999,0.153466495713
7_6709395_83069,ANNUAL,medium,0.5,PIURA,ANNUAL,1999,1.04629193979
7_6709395_83184,ANNUAL,medium,0.25,PIURA,ANNUAL,1999,0.270565299528
7_6709395_83185,ANNUAL,high,1.0,PIURA,ANNUAL,1999,0.0987177783294
7_6709395_84406,ANNUAL,medium,0.75,PIURA,ANNUAL,2003,1.10232564262
7_6709395_84413,ANNUAL,high,0.5,PIURA,ANNUAL,1999,0.209920175808
7_6709395_84432,ANNUAL,high,0.1,PIURA,ANNUAL,2003,0.743145136759
7_6759390_84834,PERENNIAL,medium,1.0,PIURA,PASTURE_FALLOW,1999,0.475117673386
7_6759390_85125,PASTURE_FALLOW,medium,0.25,PIURA,ANNUAL,1999,0.24744869623
7_6759390_85129,ANNUAL,medium,0.5,PIURA,ANNUAL,2003,3.19896452977
7_6759390_85132,PASTURE_FALLOW,medium,0.25,PIURA,ANNUAL,1999,0.637765318433
7_6759390_85371,ANNUAL,medium,0.5,PIURA,ANNUAL,1999,0.386227202062
7_6759390_86357,ANNUAL,medium,0.5,PIURA,PASTURE_FALLOW,2001,1.3458683036
7_6759395_86376,ANNUAL,low,0.5,PIURA,ANNUAL,2001,0.70184518185
7_6809385_85274,PERENNIAL,medium,1.0,PIURA,ANNUAL,2001,3.52538348258
7_6809385_85282,ANNUAL,medium,0.5,PIURA,ANNUAL,1999,0.707500847646
7_6809390_42756,PERENNIAL,high,2.0,PIURA,ANNUAL,2003,0.199535764541
7_6809390_85271,ANNUAL,high,0.5,PIURA,ANNUAL,1999,1.41627373355
7_6809390_85308,ANNUAL,medium,0.25,PIURA,ANNUAL,1999,0.573909389713
7_6809390_86552,ANNUAL,high,0.25,PIURA,ANNUAL,2001,1.22334480001
7_6809395_086326,PERENNIAL,medium,1.0,PIURA,ANNUAL,2003,14.1257717508
7_6809395_85977,PERENNIAL,medium,0.25,PIURA,ANNUAL,1996,12.2385401349
7_6809395_85982,ANNUAL,medium,0.5,PIURA,ANNUAL,2003,17.0816517458
7_6809395_86093,PERENNIAL,medium,8.0,PIURA,ANNUAL,2003,0.960875124346
7_6809395_86116,ANNUAL,medium,1.25,PIURA,ANNUAL,2003,2.39922835441
7_6809395_86390,PERENNIAL,medium,4.5,PIURA,ANNUAL,2001,1.51420887237
7_6809395_86408,ANNUAL,high,0.75,PIURA,PERENNIAL,2001,3.296985398
