crop_raw,n_rows,crops,categories,n_crops
ARROZ,53794,['ARROZ'],['crop'],1
MAIZ,17359,['MAIZ'],['crop'],1
EN DESCANSO,10154,['DESCANSO'],['fallow'],1
ALGODON,7539,['ALGODON'],['crop'],1
GRAMA CRIOLLA,5197,['GRAMA CRIOLLA'],['pasture'],1
DESCANSO,5056,['DESCANSO'],['fallow'],1
TERRENO EN DESCANSO,4661,['DESCANSO'],['fallow'],1
PASTO ELEFANTE,3404,['PASTO ELEFANTE'],['pasture'],1
TRIGO,3153,['TRIGO'],['crop'],1
MANGO,2822,['MANGO'],['crop'],1
PLATANO,2008,['PLATANO'],['crop'],1
PASTO,1839,['PASTO'],['pasture'],1
LIMON,1822,['LIMON'],['crop'],1
PAJA CHILENA,1392,['PAJA CHILENA'],['pasture'],1
FREJOL,1330,['FRIJOL'],['crop'],1
CAÑA DE AZUCAR,1081,['CAÑA DE AZUCAR'],['crop'],1
GRAMA CHILENA,1050,['GRAMA CHILENA'],['pasture'],1
CAFE,937,['CAFE'],['crop'],1
CAFE Y PLATANO,820,"['CAFE', 'PLATANO']","['crop', 'crop']",2
PASTOS,819,['PASTO'],['pasture'],1
PASTO CRIOLLO,816,['PASTO CRIOLLO'],['pasture'],1
GIRASOL,769,['GIRASOL'],['crop'],1
CAÑA,704,['CAÑA DE AZUCAR'],['crop'],1
YUCA,651,['YUCA'],['crop'],1
MECANIZADA,597,['MECANIZADO'],['land_prep'],1
PLATANO Y CAFE,568,"['PLATANO', 'CAFE']","['crop', 'crop']",2
MECANIZADO,552,['MECANIZADO'],['land_prep'],1
ALGODONERO,527,['ALGODON'],['crop'],1
PASTO MELQUERON,501,['MELQUERON'],['pasture'],1
SARANDAJA,497,['ZARANDAJA'],['crop'],1
GRAMA,466,['GRAMA'],['pasture'],1
GRADEO,436,['GRADEO'],['land_prep'],1
PASTO CHILENO,436,['PASTO CHILENO'],['pasture'],1
PASTO CASTILLA,427,['PASTO CASTILLA'],['pasture'],1
PAPA,420,['PAPA'],['crop'],1
FRIJOL,372,['FRIJOL'],['crop'],1
PASTO NATURAL,367,['PASTO NATURAL'],['pasture'],1
CULTIVO DE ARROZ,347,['ARROZ'],['crop'],1
GRAMALOTE,345,['GRAMALOTE'],['pasture'],1
ARROZ Y MAIZ,341,"['ARROZ', 'MAIZ']","['crop', 'crop']",2
ARADO,341,['ARADO'],['land_prep'],1
LIMONERO,336,['LIMON'],['crop'],1
DESHIERBO QUEMA,328,['DESHIERBO'],['land_prep'],1
CACAO,313,['CACAO'],['crop'],1
BANANO,312,['BANANO'],['crop'],1
PAJA DE CORTE,259,['PAJA DE CORTE'],['pasture'],1
MELQUERON,253,['MELQUERON'],['pasture'],1
ALGARROBO,244,['ALGARROBO'],['crop'],1
LIMON Y MANGO,238,"['LIMON', 'MANGO']","['crop', 'crop']",2
GUAYAQUIL,237,['GUAYAQUIL'],['crop'],1
CAMOTE,234,['CAMOTE'],['crop'],1
NIVELACION Y GRADEO,232,"['NIVELACION', 'GRADEO']","['land_prep', 'land_prep']",2
MAIZ Y FREJOL,229,"['MAIZ', 'FRIJOL']","['crop', 'crop']",2
CAFE 50%-PLATANO 50%,227,"['CAFE', 'PLATANO']","['crop', 'crop']",2
COBERTURA ARBOREA,223,['COBERTURA ARBOREA'],['crop'],1
ZACATE CHINO,222,['ZACATE CHINO'],['pasture'],1
GRAMA DULCE,221,['GRAMA DULCE'],['pasture'],1
FREJOL DE PALO,214,['FRIJOL DE PALO'],['crop'],1
PASTO DE ELEFANTE,211,['PASTO ELEFANTE'],['pasture'],1
"MANGO, LIMON",210,"['MANGO', 'LIMON']","['crop', 'crop']",2
"EN DESCANSO, EXISTEN RASTROJOS DE ARROZ",207,"['DESCANSO', 'ARROZ']","['fallow', 'crop']",2
BARBECHO,196,['BARBECHO'],['fallow'],1
ARADURA,194,['ARADO'],['land_prep'],1
MANGO Y LIMON,194,"['MANGO', 'LIMON']","['crop', 'crop']",2
"MAIZ, FREJOL",185,"['MAIZ', 'FRIJOL']","['crop', 'crop']",2
CULTIVO DE MAIZ,182,['MAIZ'],['crop'],1
CAFE 50%- PLATANO 50%,181,"['CAFE', 'PLATANO']","['crop', 'crop']",2
"TRIGO, MAIZ",175,"['TRIGO', 'MAIZ']","['crop', 'crop']",2
"PLATANO, CAFE",173,"['PLATANO', 'CAFE']","['crop', 'crop']",2
"MAIZ, TRIGO",171,"['MAIZ', 'TRIGO']","['crop', 'crop']",2
"CAFE, PLATANO Y NARANJA",169,"['CAFE', 'PLATANO', 'NARANJA']","['crop', 'crop', 'crop']",3
LEGUMINOSAS,168,['MENESTRAS'],['crop'],1
"CAFE, PLATANO",164,"['CAFE', 'PLATANO']","['crop', 'crop']",2
PREDIO EN DESCANSO,160,['DESCANSO'],['fallow'],1
EUCALIPTO,160,['EUCALIPTO'],['crop'],1
"LIMON, MANGO",151,"['LIMON', 'MANGO']","['crop', 'crop']",2
TERRENO EN DESCANZO,149,['DESCANSO'],['fallow'],1
ZARANDAJA,149,['ZARANDAJA'],['crop'],1
NUDILLO,134,['NUDILLO'],['pasture'],1
MERKERON,130,['MELQUERON'],['pasture'],1
FRUTALES,129,['FRUTALES'],['crop'],1
NIVELACION,129,['NIVELACION'],['land_prep'],1
"CAFE 50, PLATANO 50",124,"['CAFE', 'PLATANO']","['crop', 'crop']",2
"ARROZ, MAIZ",122,"['ARROZ', 'MAIZ']","['crop', 'crop']",2
EXISTEN RASTROJOS DE ARROZ,120,['ARROZ'],['crop'],1
"MAIZ, FRIJOL",118,"['MAIZ', 'FRIJOL']","['crop', 'crop']",2
CULTIVO DE ALGODONERO,117,['ALGODON'],['crop'],1
PASTO GIGANTE,117,['PASTO GIGANTE'],['pasture'],1
ALFALFA,112,['ALFALFA'],['pasture'],1
ARVEJA,112,['ARVEJA'],['crop'],1
ALVERJA,112,['ARVEJA'],['crop'],1
GRAMA CHINA,111,['GRAMA CHINA'],['pasture'],1
FREJOL Y MAIZ,107,"['FRIJOL', 'MAIZ']","['crop', 'crop']",2
LIMPIEZA,105,['LIMPIEZA'],['land_prep'],1
CEBADA,105,['CEBADA'],['crop'],1
PAJA CASTILLA,102,['PAJA CASTILLA'],['pasture'],1
UVA,101,['UVA'],['crop'],1
TOMATE,100,['TOMATE'],['crop'],1
ARVERJA,97,['ARVEJA'],['crop'],1
SOYA,93,['SOYA'],['crop'],1
INVERNA,93,['INVERNA'],['pasture'],1
MARACUYA,93,['MARACUYA'],['crop'],1
CAFE 50 % - PLATANO 50 %,89,"['CAFE', 'PLATANO']","['crop', 'crop']",2
"CAFE 60, PLATANO 40",89,"['CAFE', 'PLATANO']","['crop', 'crop']",2
PINO,89,['PINO'],['crop'],1
PLATANO Y MANGO,85,"['PLATANO', 'MANGO']","['crop', 'crop']",2
PREPARACION DEL TERRENO,84,['PREPARACION'],['land_prep'],1
PASTOS NATURALES,81,['PASTO NATURAL'],['pasture'],1
FRIJOL DE PALO,81,['FRIJOL DE PALO'],['crop'],1
CAFE 50% PLATANO 50%,81,"['CAFE', 'PLATANO']","['crop', 'crop']",2
MANGO 50% CACAO 50%,80,"['MANGO', 'CACAO']","['crop', 'crop']",2
PARA SIEMBRA DE ARROZ,79,['ARROZ'],['crop'],1
ROBLE,79,['ROBLE'],['crop'],1
RASTROJOS DE MAIZ,78,['MAIZ'],['crop'],1
FAIQUE,78,['FAIQUE'],['crop'],1
"PLATANO,CAFE",76,"['PLATANO', 'CAFE']","['crop', 'crop']",2
MAIZ AMARILLO DURO,75,['MAIZ AMARILLO DURO'],['crop'],1
"MAIZ, LEGUMINOSAS",74,"['MAIZ', 'MENESTRAS']","['crop', 'crop']",2
"FREJOL, MAIZ",73,"['FRIJOL', 'MAIZ']","['crop', 'crop']",2
PARA SIEMBRA,72,['PARA SIEMBRA'],['land_prep'],1
RASTROJOS DE ARROZ,71,['ARROZ'],['crop'],1
MAIZ Y TRIGO,71,"['MAIZ', 'TRIGO']","['crop', 'crop']",2
CAFE 60%- PLATANO 40%,71,"['CAFE', 'PLATANO']","['crop', 'crop']",2
CAFE 50-PLATANO 50,70,"['CAFE', 'PLATANO']","['crop', 'crop']",2
TRIGO Y MAIZ,69,"['TRIGO', 'MAIZ']","['crop', 'crop']",2
REFORESTACION,69,['REFORESTACION'],['land_prep'],1
ALGODON Y MAIZ,66,"['ALGODON', 'MAIZ']","['crop', 'crop']",2
"MAIZ, YUCA",65,"['MAIZ', 'YUCA']","['crop', 'crop']",2
NO ESPECIFICA,65,['SIN ESPECIFICAR'],['unspecified'],1
TERRENO EN BARBECHO,64,['BARBECHO'],['fallow'],1
TERRENO GRADEADO,63,['GRADEO'],['land_prep'],1
NATURALES,63,['PASTO NATURAL'],['pasture'],1
CAFE 70%-PLATANO 30%,62,"['CAFE', 'PLATANO']","['crop', 'crop']",2
ALBERJA,61,['ARVEJA'],['crop'],1
FREJOL CHILENO,60,['FRIJOL CAUPI'],['crop'],1
TAMARINDO,60,['TAMARINDO'],['crop'],1
"CAFE 80, PLATANO 20",60,"['CAFE', 'PLATANO']","['crop', 'crop']",2
RASTROJOS DE TRIGO,58,['TRIGO'],['crop'],1
PLATANO 40%- CAFE 60%,58,"['PLATANO', 'CAFE']","['crop', 'crop']",2
CAFE 80%-PLATANO 20%,58,"['CAFE', 'PLATANO']","['crop', 'crop']",2
"ALGODON, MAIZ",57,"['ALGODON', 'MAIZ']","['crop', 'crop']",2
MAIZ Y YUCA,57,"['MAIZ', 'YUCA']","['crop', 'crop']",2
YARAGUA,57,['YARAGUA'],['pasture'],1
"YUCA, MAIZ",56,"['YUCA', 'MAIZ']","['crop', 'crop']",2
AJO,55,['AJO'],['crop'],1
"TRIGO, PAPA",54,"['TRIGO', 'PAPA']","['crop', 'crop']",2
GRAMA NUDILLO,54,['NUDILLO'],['pasture'],1
PREPARACION,53,['PREPARACION'],['land_prep'],1
AROZ,52,['ARROZ'],['crop'],1
FREJOL CASTILLA,52,['FRIJOL CASTILLA'],['crop'],1
CAFE 60%-PLATANO 40%,52,"['CAFE', 'PLATANO']","['crop', 'crop']",2
PICUY,52,['PICUY'],['crop'],1
TERRENO SALINO,51,['TERRENO SALINO'],['fallow'],1
MANGO 80% LIMONERO 20%,51,"['MANGO', 'LIMON']","['crop', 'crop']",2
NO MECANIZADO,50,['MECANIZADO'],['land_prep'],1
"MAIZ, ARROZ",50,"['MAIZ', 'ARROZ']","['crop', 'crop']",2
EN PREPARACION,50,['PREPARACION'],['land_prep'],1
"CAÑA, PLATANO",50,"['CAÑA DE AZUCAR', 'PLATANO']","['crop', 'crop']",2
FLORES,49,['FLORES'],['crop'],1
MARIGOL,49,['MARIGOLD'],['crop'],1
ALGARROBOS,48,['ALGARROBO'],['crop'],1
EN LIMPIEZA PARA SIEMBRA DE FREJOL,48,['FRIJOL'],['crop'],1
CAÑA - PLATANO,48,"['CAÑA DE AZUCAR', 'PLATANO']","['crop', 'crop']",2
CULTIVO,48,['SIN ESPECIFICAR'],['unspecified'],1
GRADEADO,47,['GRADEO'],['land_prep'],1
GRAMA AMARILLA,47,['GRAMA AMARILLA'],['pasture'],1
PASTO MELKERON,47,['MELQUERON'],['pasture'],1
CAFE 50 - PLATANO 50,46,"['CAFE', 'PLATANO']","['crop', 'crop']",2
CAFE PLATANO NARANJA,45,"['CAFE', 'PLATANO', 'NARANJA']","['crop', 'crop', 'crop']",3
NARANJO 20%-PLATANO 30%-CAFE 50%,45,"['NARANJA', 'PLATANO', 'CAFE']","['crop', 'crop', 'crop']",3
PASTO MERKERON,45,['MELQUERON'],['pasture'],1
"CAÑA,PLATANO",44,"['CAÑA DE AZUCAR', 'PLATANO']","['crop', 'crop']",2
CAFE 70%- PLATANO 30%,44,"['CAFE', 'PLATANO']","['crop', 'crop']",2
"CAFE 70, PLATANO 30",44,"['CAFE', 'PLATANO']","['crop', 'crop']",2
MAIZ Y ARROZ,43,"['MAIZ', 'ARROZ']","['crop', 'crop']",2
TUNA,43,['TUNA'],['crop'],1
PAJA CRIOLLA,43,['PAJA CRIOLLA'],['pasture'],1
PARA ARROZ,42,['PARA ARROZ'],['crop'],1
CAFE - PLATANO,42,"['CAFE', 'PLATANO']","['crop', 'crop']",2
"MAIZ, ALGODON",41,"['MAIZ', 'ALGODON']","['crop', 'crop']",2
"MAIZ,FREJOL",41,"['MAIZ', 'FRIJOL']","['crop', 'crop']",2
PLATANOS,41,['PLATANO'],['crop'],1
"PLATANO,CAÑA",41,"['PLATANO', 'CAÑA DE AZUCAR']","['crop', 'crop']",2
PLATANO - CAFE,41,"['PLATANO', 'CAFE']","['crop', 'crop']",2
PAJA DE INVERNA,41,['INVERNA'],['pasture'],1
"CAFE(50%), PLATANO(50%)",41,"['CAFE', 'PLATANO']","['crop', 'crop']",2
PAJA CEROSA,41,['PAJA CEROSA'],['pasture'],1
"MAIZ, CHOCLO, FRIJOL",40,"['MAIZ', 'CHOCLO', 'FRIJOL']","['crop', 'crop', 'crop']",3
PLATANO 50%- CAFE 50%,40,"['PLATANO', 'CAFE']","['crop', 'crop']",2
"PAJA CHILENA,GRAMA CRIOLLA",40,"['PAJA CHILENA', 'GRAMA CRIOLLA']","['pasture', 'pasture']",2
ALGAODON,39,['ALGAODON'],['crop'],1
PLATANO Y CAÑA DE AZUCAR,39,"['PLATANO', 'CAÑA DE AZUCAR']","['crop', 'crop']",2
PAN LLEVAR,38,['PAN LLEVAR'],['crop'],1
"MAIZ, SARANDAJA",38,"['MAIZ', 'ZARANDAJA']","['crop', 'crop']",2
AREA DE POTRERO,38,['AREA DE POTRERO'],['crop'],1
CAFE Y NARANJA,37,"['CAFE', 'NARANJA']","['crop', 'crop']",2
PAJA,37,['PAJA'],['pasture'],1
CAFE 60%-PLATANO 35%-NARANJO 5%,37,"['CAFE', 'PLATANO', 'NARANJA']","['crop', 'crop', 'crop']",3
"BANANO, CAFE",37,"['BANANO', 'CAFE']","['crop', 'crop']",2
PLATANO CAFE,36,"['PLATANO', 'CAFE']","['crop', 'crop']",2
PINOS,36,['PINO'],['crop'],1
"GUAYAQUIL,PAJA CHILENA",36,"['GUAYAQUIL', 'PAJA CHILENA']","['crop', 'pasture']",2
FRIJOL CHILENO,35,['FRIJOL CAUPI'],['crop'],1
CIRUELA,35,['CIRUELA'],['crop'],1
"GRAMA CHILENA,PASTO CASTILLA",35,"['GRAMA CHILENA', 'PASTO CASTILLA']","['pasture', 'pasture']",2
CULTIVO DE ALGODON,34,['ALGODON'],['crop'],1
MAIZ Y SARANDAJA,34,"['MAIZ', 'ZARANDAJA']","['crop', 'crop']",2
GRAMINEAS,34,['GRAMINEAS'],['pasture'],1
ALCANFOR,34,['ALCANFOR'],['crop'],1
RASTROJO DE ARROZ,33,['ARROZ'],['crop'],1
ARRROZ,33,['ARRROZ'],['crop'],1
OLLUCO,33,['OLLUCO'],['crop'],1
MANGO 70% LIMONERO 30%,33,"['MANGO', 'LIMON']","['crop', 'crop']",2
PASTO ELFANTE,32,['PASTO ELEFANTE'],['pasture'],1
"PAPA, MAIZ",32,"['PAPA', 'MAIZ']","['crop', 'crop']",2
"PAPA, TRIGO",32,"['PAPA', 'TRIGO']","['crop', 'crop']",2
SORGO,32,['SORGO'],['crop'],1
"GRAMA CRIOLLA, NUDILLO",32,"['GRAMA CRIOLLA', 'NUDILLO']","['pasture', 'pasture']",2
PLATANO 30%-CAFE 70%,31,"['PLATANO', 'CAFE']","['crop', 'crop']",2
"PLATANO, MANGO Y CACAO",31,"['PLATANO', 'MANGO', 'CACAO']","['crop', 'crop', 'crop']",3
LIMON SUTIL,31,['LIMON'],['crop'],1
EN DESCANZO,30,['DESCANSO'],['fallow'],1
PLATANO 40%-CAFE 60%,30,"['PLATANO', 'CAFE']","['crop', 'crop']",2
PAJAS,30,['PAJAS'],['pasture'],1
PLATANO - CAÑA,30,"['PLATANO', 'CAÑA DE AZUCAR']","['crop', 'crop']",2
PIKUY,30,['PIKUY'],['crop'],1
GRAMA CASTILLA,30,['GRAMA CASTILLA'],['pasture'],1
PREPARADO,29,['PREPARACION'],['land_prep'],1
ZANAHORIA,29,['ZANAHORIA'],['crop'],1
ALGODON Y ARROZ,29,"['ALGODON', 'ARROZ']","['crop', 'crop']",2
MENESTRAS,29,['MENESTRAS'],['crop'],1
"PLATANO, CAÑA",29,"['PLATANO', 'CAÑA DE AZUCAR']","['crop', 'crop']",2
"CAFE, PLATANO, NARANJA",29,"['CAFE', 'PLATANO', 'NARANJA']","['crop', 'crop', 'crop']",3
REYGRAS Y ALFALFILLA,29,"['REYGRAS', 'ALFALFILLA']","['pasture', 'pasture']",2
"PASTO ELEFANTE, PAJA CHILENA",28,"['PASTO ELEFANTE', 'PAJA CHILENA']","['pasture', 'pasture']",2
CAFE- BANANO,28,"['CAFE', 'BANANO']","['crop', 'crop']",2
MAIZ Y ALGODON,27,"['MAIZ', 'ALGODON']","['crop', 'crop']",2
MANGO - LIMON,27,"['MANGO', 'LIMON']","['crop', 'crop']",2
CAFE PLATANO,27,"['CAFE', 'PLATANO']","['crop', 'crop']",2
"MAIZ, ARVEJA",27,"['MAIZ', 'ARVEJA']","['crop', 'crop']",2
HORTALIZAS,27,['HORTALIZAS'],['crop'],1
PLATANO 50%-CAFE 50%,27,"['PLATANO', 'CAFE']","['crop', 'crop']",2
CAFE 40%-PLATANO 40%-NARANJA 20%,27,"['CAFE', 'PLATANO', 'NARANJA']","['crop', 'crop', 'crop']",3
"ARROZ,MAIZ",26,"['ARROZ', 'MAIZ']","['crop', 'crop']",2
ALVERJA Y MAIZ,26,"['ARVEJA', 'MAIZ']","['crop', 'crop']",2
"MAIZ, PAPA",26,"['MAIZ', 'PAPA']","['crop', 'crop']",2
NIVELACION Y ARADURA,26,"['NIVELACION', 'ARADO']","['land_prep', 'land_prep']",2
PAJA GRANADINA,26,['PAJA GRANADINA'],['pasture'],1
"PAJA CHILENA,GUAYAQUIL",26,"['PAJA CHILENA', 'GUAYAQUIL']","['pasture', 'crop']",2
"BANANO 50%, CAFE 50%",26,"['BANANO', 'CAFE']","['crop', 'crop']",2
ARBOLES FRUTALES,25,['FRUTALES'],['crop'],1
MAIZ Y ALVERJA,25,"['MAIZ', 'ARVEJA']","['crop', 'crop']",2
PLATANO Y CACAO,25,"['PLATANO', 'CACAO']","['crop', 'crop']",2
MAÍZ,25,['MAIZ'],['crop'],1
"PLATANO, CAÑA DE AZUCAR",24,"['PLATANO', 'CAÑA DE AZUCAR']","['crop', 'crop']",2
"CAÑA DE AZUCAR, PLATANO",24,"['CAÑA DE AZUCAR', 'PLATANO']","['crop', 'crop']",2
CAÑA Y PLATANO,24,"['CAÑA DE AZUCAR', 'PLATANO']","['crop', 'crop']",2
"PASTO, PLATANO",24,"['PASTO', 'PLATANO']","['pasture', 'crop']",2
PASTOS ELEFANTE,24,"['PASTO', 'PASTO ELEFANTE']","['pasture', 'pasture']",2
"MAIZ,SARANDAJA",24,"['MAIZ', 'ZARANDAJA']","['crop', 'crop']",2
MANGO-LIMON,24,"['MANGO', 'LIMON']","['crop', 'crop']",2
MANGO LIMON,24,"['MANGO', 'LIMON']","['crop', 'crop']",2
PASTO  ELEFANTE,24,['PASTO ELEFANTE'],['pasture'],1
"ALGARROBO, ZAPOTE, FAIQUE",24,"['ALGARROBO', 'ZAPOTE', 'FAIQUE']","['crop', 'crop', 'crop']",3
"PLATANO, CAFE, CAÑA",24,"['PLATANO', 'CAFE', 'CAÑA DE AZUCAR']","['crop', 'crop', 'crop']",3
PASTO SUDAN,23,['PASTO SUDAN'],['pasture'],1
SUDAN,23,['SUDAN'],['crop'],1
MANGO 50% LIMON 50%,23,"['MANGO', 'LIMON']","['crop', 'crop']",2
MANGO Y CACAO,23,"['MANGO', 'CACAO']","['crop', 'crop']",2
"MAIZ,YUCA",23,"['MAIZ', 'YUCA']","['crop', 'crop']",2
MANI,23,['MANI'],['crop'],1
REY GRAS,23,['REY GRAS'],['crop'],1
BANANO ORGANICO,23,['BANANO'],['crop'],1
"PASTO GIGANTE,GRAMALOTE",23,"['PASTO GIGANTE', 'GRAMALOTE']","['pasture', 'pasture']",2
EN BARBECHO,22,['BARBECHO'],['fallow'],1
MAIZ Y CAMOTE,22,"['MAIZ', 'CAMOTE']","['crop', 'crop']",2
CAÑA DE AZUCAR Y PLATANO,22,"['CAÑA DE AZUCAR', 'PLATANO']","['crop', 'crop']",2
"MAIZ, LIMON",22,"['MAIZ', 'LIMON']","['crop', 'crop']",2
.,22,[],[],0
MAIZ - TRIGO,22,"['MAIZ', 'TRIGO']","['crop', 'crop']",2
PLATANO 50 % - CAFE 50 %,22,"['PLATANO', 'CAFE']","['crop', 'crop']",2
"NARANJO 20%, PLATANO 30%, CAFE 50%",22,"['NARANJA', 'PLATANO', 'CAFE']","['crop', 'crop', 'crop']",3
"PLATANO,CAFE,CAÑA",22,"['PLATANO', 'CAFE', 'CAÑA DE AZUCAR']","['crop', 'crop', 'crop']",3
"CAÑA,PLATANO,CAFE",22,"['CAÑA DE AZUCAR', 'PLATANO', 'CAFE']","['crop', 'crop', 'crop']",3
TERRENO SALITROSO,21,['TERRENO SALINO'],['fallow'],1
PREPARACION DE SUELO,21,['PREPARACION DE SUELO'],['land_prep'],1
TERRENO ENSALINADO,21,['TERRENO ENSALINADO'],['fallow'],1
"CAFE,PLATANO",21,"['CAFE', 'PLATANO']","['crop', 'crop']",2
"PLATANO, CACAO Y MANGO",21,"['PLATANO', 'CACAO', 'MANGO']","['crop', 'crop', 'crop']",3
PAJA GIGANTE,21,['PAJA GIGANTE'],['pasture'],1
"PLATANO,PAJA CHILENA",21,"['PLATANO', 'PAJA CHILENA']","['crop', 'pasture']",2
GRADEO Y RIEGO MACHACO,20,"['GRADEO', 'RIEGO MACHACO']","['land_prep', 'crop']",2
"MAIZ, CAMOTE",20,"['MAIZ', 'CAMOTE']","['crop', 'crop']",2
PAPAYA,20,['PAPAYA'],['crop'],1
PASTO NATURALES,20,['PASTO NATURAL'],['pasture'],1
CIRUELO,20,['CIRUELA'],['crop'],1
RIEGO,20,['RIEGO'],['crop'],1
CAFE 60%-PLATANO 30%-NARANJO 10%,20,"['CAFE', 'PLATANO', 'NARANJA']","['crop', 'crop', 'crop']",3
GRAMA GATEADORA,20,['GRAMA GATEADORA'],['pasture'],1
ALFALFILLA Y REY GRASS,20,"['ALFALFILLA', 'REYGRAS']","['pasture', 'pasture']",2
GRAMA CRIOLA,20,['GRAMA CRIOLA'],['pasture'],1
PREDIO EN LIMPIEZA,19,['PREDIO EN LIMPIEZA'],['land_prep'],1
TERRENO EN PREPARACION,19,['TERRENO EN PREPARACION'],['land_prep'],1
"MAIZ, ALBERJA",19,"['MAIZ', 'ARVEJA']","['crop', 'crop']",2
PASTO NATURAL Y ELEFANTE,19,"['PASTO NATURAL', 'PASTO ELEFANTE']","['pasture', 'pasture']",2
TRIGO Y PAPA,19,"['TRIGO', 'PAPA']","['crop', 'crop']",2
CIRUELOS,19,['CIRUELA'],['crop'],1
"LIMON, MAIZ, FREJOL",19,"['LIMON', 'MAIZ', 'FRIJOL']","['crop', 'crop', 'crop']",3
SARANDAJA Y FREJOL DE PALO,19,"['ZARANDAJA', 'FRIJOL DE PALO']","['crop', 'crop']",2
MAIZ Y PASTO NATURAL,19,"['MAIZ', 'PASTO NATURAL']","['crop', 'pasture']",2
"PLATANO, CAFE, CACAO",19,"['PLATANO', 'CAFE', 'CACAO']","['crop', 'crop', 'crop']",3
ALGODON - MAIZ,19,"['ALGODON', 'MAIZ']","['crop', 'crop']",2
CAFE 50%-PLATANO 30%-NARANJA 20%,19,"['CAFE', 'PLATANO', 'NARANJA']","['crop', 'crop', 'crop']",3
"REYGRAS, ALFALFILLA",19,"['REYGRAS', 'ALFALFILLA']","['pasture', 'pasture']",2
"FREJOL CAUPI ,FREJOL DE PALO",19,"['FRIJOL CAUPI', 'FRIJOL DE PALO']","['crop', 'crop']",2
PARA MAIZ,19,['PARA MAIZ'],['crop'],1
"CAFE, BANANO",19,"['CAFE', 'BANANO']","['crop', 'crop']",2
"RASTRA MECANIZADA, EN DESCANZO",18,"['RASTRA MECANIZADA', 'DESCANSO']","['land_prep', 'fallow']",2
ARROA,18,['ARROA'],['crop'],1
YUCA Y MAIZ,18,"['YUCA', 'MAIZ']","['crop', 'crop']",2
PLATANO Y MAIZ,18,"['PLATANO', 'MAIZ']","['crop', 'crop']",2
MAIZ Y FREJOL DE PALO,18,"['MAIZ', 'FRIJOL DE PALO']","['crop', 'crop']",2
"MAIZ, FREJOL DE PALO",18,"['MAIZ', 'FRIJOL DE PALO']","['crop', 'crop']",2
"CAFE , PLATANO",18,"['CAFE', 'PLATANO']","['crop', 'crop']",2
CULTIVO ALGODONERO,18,['ALGODON'],['crop'],1
PAJA DE CERRO,18,['PAJA DE CERRO'],['pasture'],1
"PLATANO 50%, CAFE 50%",18,"['PLATANO', 'CAFE']","['crop', 'crop']",2
"TRIGO 50%, MAIZ 50%",18,"['TRIGO', 'MAIZ']","['crop', 'crop']",2
TRIGO 50%    MAIZ 50%,18,"['TRIGO', 'MAIZ']","['crop', 'crop']",2
NARANJO 20%-PLATANO 20%-CAFE 60%,18,"['NARANJA', 'PLATANO', 'CAFE']","['crop', 'crop', 'crop']",3
PLATANO 30%- CAFE 70%,18,"['PLATANO', 'CAFE']","['crop', 'crop']",2
II CAMPAÑA AGRICOLA,18,['II CAMPAÑA AGRICOLA'],['crop'],1
CAFE 70-PLATANO 30,18,"['CAFE', 'PLATANO']","['crop', 'crop']",2
"LEGUMINOSAS,GRAMINEAS",18,"['MENESTRAS', 'GRAMINEAS']","['crop', 'pasture']",2
PASTO CASTILLO,18,['PASTO CASTILLO'],['pasture'],1
BANANO Y CAFE,18,"['BANANO', 'CAFE']","['crop', 'crop']",2
"PASTO ELEFANTE, GRAMA CHILENA",18,"['PASTO ELEFANTE', 'GRAMA CHILENA']","['pasture', 'pasture']",2
POTRERO,17,['POTRERO'],['crop'],1
"LIMON, PLATANO",17,"['LIMON', 'PLATANO']","['crop', 'crop']",2
"MAIZ, PLATANO",17,"['MAIZ', 'PLATANO']","['crop', 'crop']",2
"ALBERJA, MAIZ",17,"['ARVEJA', 'MAIZ']","['crop', 'crop']",2
RASTROJOS DE ALVERJA,17,['ARVEJA'],['crop'],1
"LIMON, MAIZ",17,"['LIMON', 'MAIZ']","['crop', 'crop']",2
ZARANDAJA Y FREJOL,17,"['ZARANDAJA', 'FRIJOL']","['crop', 'crop']",2
MANGO CACAO,17,"['MANGO', 'CACAO']","['crop', 'crop']",2
"MANGO, LIMON Y PLATANO",17,"['MANGO', 'LIMON', 'PLATANO']","['crop', 'crop', 'crop']",3
"PLATANO, CAFE Y CACAO",17,"['PLATANO', 'CAFE', 'CACAO']","['crop', 'crop', 'crop']",3
"PLATANO, CAFE, NARANJA",17,"['PLATANO', 'CAFE', 'NARANJA']","['crop', 'crop', 'crop']",3
TRIGO 50%   MAIZ 50%,17,"['TRIGO', 'MAIZ']","['crop', 'crop']",2
CAFE 50 %- PLATANO 50 %,17,"['CAFE', 'PLATANO']","['crop', 'crop']",2
CAFE 65%-PLATANO 35%,17,"['CAFE', 'PLATANO']","['crop', 'crop']",2
PALTO,17,['PALTA'],['crop'],1
ROMERILLO,17,['ROMERILLO'],['crop'],1
PASTO YARAGUA,17,['YARAGUA'],['pasture'],1
FREJOL Y SARANDAJA,16,"['FRIJOL', 'ZARANDAJA']","['crop', 'crop']",2
HABAS,16,['HABA'],['crop'],1
PASTO DE INVERNA,16,['PASTO DE INVERNA'],['pasture'],1
OCA,16,['OCA'],['crop'],1
"PASTOS, PLATANO",16,"['PASTO', 'PLATANO']","['pasture', 'crop']",2
"CAFE, PLATANO Y PASTO ELEFANTE",16,"['CAFE', 'PLATANO', 'PASTO ELEFANTE']","['crop', 'crop', 'pasture']",3
MANGO 80% LIMON 20%,16,"['MANGO', 'LIMON']","['crop', 'crop']",2
NARANJA,16,['NARANJA'],['crop'],1
"MANGO, LIMON, FREJOL",16,"['MANGO', 'LIMON', 'FRIJOL']","['crop', 'crop', 'crop']",3
MANGO Y PLATANO,16,"['MANGO', 'PLATANO']","['crop', 'crop']",2
PLATANO Y NARANJA,16,"['PLATANO', 'NARANJA']","['crop', 'crop']",2
FRIJOL CAUPI,16,['FRIJOL CAUPI'],['crop'],1
PREPARACION DEL SUELO,16,['PREPARACION DEL SUELO'],['land_prep'],1
NODILLO,16,['NODILLO'],['crop'],1
CAFE 50%-PLATANO 505,16,"['CAFE', 'PLATANO']","['crop', 'crop']",2
CAFE 60-PLATANO 40,16,"['CAFE', 'PLATANO']","['crop', 'crop']",2
"CAFE 60, PLATANO 30, NARANJO 10",16,"['CAFE', 'PLATANO', 'NARANJA']","['crop', 'crop', 'crop']",3
GRAMA  CRIOLLA,16,['GRAMA CRIOLLA'],['pasture'],1
PUCHUGUERO,16,['PUCHUGUERO'],['crop'],1
"PLATANO,CAÑA,CAFE",16,"['PLATANO', 'CAÑA DE AZUCAR', 'CAFE']","['crop', 'crop', 'crop']",3
MAIZ AMILACIO,16,['MAIZ AMILACIO'],['crop'],1
100,15,[],[],0
MAIZ Y PLATANO,15,"['MAIZ', 'PLATANO']","['crop', 'crop']",2
"PLATANO, PASTO",15,"['PLATANO', 'PASTO']","['crop', 'pasture']",2
MAIZ Y PAPA,15,"['MAIZ', 'PAPA']","['crop', 'crop']",2
MAIZ Y PASTO,15,"['MAIZ', 'PASTO']","['crop', 'pasture']",2
PAPA Y MAIZ,15,"['PAPA', 'MAIZ']","['crop', 'crop']",2
"CAFE, NARANJA Y PLATANO",15,"['CAFE', 'NARANJA', 'PLATANO']","['crop', 'crop', 'crop']",3
"CAFE , PLATANO Y NARANJA",15,"['CAFE', 'PLATANO', 'NARANJA']","['crop', 'crop', 'crop']",3
PLATANO Y PASTO,15,"['PLATANO', 'PASTO']","['crop', 'pasture']",2
"PLATANO, LIMON",15,"['PLATANO', 'LIMON']","['crop', 'crop']",2
TERRENO ERIAZO,15,['ERIAZO'],['fallow'],1
"CACAO, CAFE, PLATANO",15,"['CACAO', 'CAFE', 'PLATANO']","['crop', 'crop', 'crop']",3
"CAFE 60%, PLATANO 40%",15,"['CAFE', 'PLATANO']","['crop', 'crop']",2
CAFE PLATANO HUABA,15,"['CAFE', 'PLATANO', 'GUABO']","['crop', 'crop', 'crop']",3
PASTO NUDILLO,15,"['PASTO', 'NUDILLO']","['pasture', 'pasture']",2
"PLATANO,GUAYAQUIL",15,"['PLATANO', 'GUAYAQUIL']","['crop', 'crop']",2
VID,15,['UVA'],['crop'],1
RASTROJOS DE ALGODON,14,['ALGODON'],['crop'],1
LIMON - MANGO,14,"['LIMON', 'MANGO']","['crop', 'crop']",2
"MAIZ,CAMOTE",14,"['MAIZ', 'CAMOTE']","['crop', 'crop']",2
"MAIZ, MANGO",14,"['MAIZ', 'MANGO']","['crop', 'crop']",2
NARANJO,14,['NARANJA'],['crop'],1
"TRIGO, ARVERJA",14,"['TRIGO', 'ARVEJA']","['crop', 'crop']",2
"CAFE, PLATANO Y GRANADILLA",14,"['CAFE', 'PLATANO', 'GRANADILLA']","['crop', 'crop', 'crop']",3
"PASTO, CAÑA DE AZUCAR",14,"['PASTO', 'CAÑA DE AZUCAR']","['pasture', 'crop']",2
"FREJOL, MAIZ, LIMON",14,"['FRIJOL', 'MAIZ', 'LIMON']","['crop', 'crop', 'crop']",3
RASTROJO DE FREJOL DE PALO,14,['FRIJOL DE PALO'],['crop'],1
CAFE Y CACAO,14,"['CAFE', 'CACAO']","['crop', 'crop']",2
PASTO NATURAL Y TRIGO,14,"['PASTO NATURAL', 'TRIGO']","['pasture', 'crop']",2
"CAFE, CACAO, PLATANO",14,"['CAFE', 'CACAO', 'PLATANO']","['crop', 'crop', 'crop']",3
"LIMON 50, MANGO 50",14,"['LIMON', 'MANGO']","['crop', 'crop']",2
PLATANO 50% CAFE 50%,14,"['PLATANO', 'CAFE']","['crop', 'crop']",2
CAFE 90%-PLATANO 10%,14,"['CAFE', 'PLATANO']","['crop', 'crop']",2
CAFE 50%-NARANJA 50%,14,"['CAFE', 'NARANJA']","['crop', 'crop']",2
ARROZ 90%-MAIZ 10%,14,"['ARROZ', 'MAIZ']","['crop', 'crop']",2
"GRAMA CRIOLLA, GRAMALOTE",14,"['GRAMA CRIOLLA', 'GRAMALOTE']","['pasture', 'pasture']",2
"PAPA, ALBERJA",14,"['PAPA', 'ARVEJA']","['crop', 'crop']",2
"ALGARROBO, ZAPOTE, PALO VERDE",14,"['ALGARROBO', 'ZAPOTE', 'PALO VERDE']","['crop', 'crop', 'crop']",3
"BANANO,CAFE",14,"['BANANO', 'CAFE']","['crop', 'crop']",2
"GRAMALOTE,PAJA CHILENA",14,"['GRAMALOTE', 'PAJA CHILENA']","['pasture', 'pasture']",2
MELQUERON - YARAGUA,14,"['MELQUERON', 'YARAGUA']","['pasture', 'pasture']",2
PAJA CHILENA CHIRIMOYO,14,['PAJA CHILENA CHIRIMOYO'],['pasture'],1
"MAIZ,ARROZ",13,"['MAIZ', 'ARROZ']","['crop', 'crop']",2
"FRIJOL, MAIZ",13,"['FRIJOL', 'MAIZ']","['crop', 'crop']",2
ARROZ Y ALGODON,13,"['ARROZ', 'ALGODON']","['crop', 'crop']",2
FRIJOL CASTILLA,13,['FRIJOL CASTILLA'],['crop'],1
RASTROJO DE MAIZ,13,['MAIZ'],['crop'],1
ESPARRAGO,13,['ESPARRAGO'],['crop'],1
"MANGO, MAIZ",13,"['MANGO', 'MAIZ']","['crop', 'crop']",2
"MANGO, PLATANO",13,"['MANGO', 'PLATANO']","['crop', 'crop']",2
GRADEO Y ARADURA,13,"['GRADEO', 'ARADO']","['land_prep', 'land_prep']",2
ALAGODON,13,['ALAGODON'],['crop'],1
MAIZ Y ARVEJA,13,"['MAIZ', 'ARVEJA']","['crop', 'crop']",2
"PLATANO, NARANJO Y CAFE",13,"['PLATANO', 'NARANJA', 'CAFE']","['crop', 'crop', 'crop']",3
"CAFE, PLATANO Y NARANJO",13,"['CAFE', 'PLATANO', 'NARANJA']","['crop', 'crop', 'crop']",3
"PASTO, CAFE",13,"['PASTO', 'CAFE']","['pasture', 'crop']",2
CACAO Y MANGO,13,"['CACAO', 'MANGO']","['crop', 'crop']",2
MANGO 70% LIMON 30%,13,"['MANGO', 'LIMON']","['crop', 'crop']",2
ZARANDAJA Y FREJOL DE PALO,13,"['ZARANDAJA', 'FRIJOL DE PALO']","['crop', 'crop']",2
MANGO Y COCO,13,"['MANGO', 'COCO']","['crop', 'crop']",2
"YUCA,MAIZ",13,"['YUCA', 'MAIZ']","['crop', 'crop']",2
ANTERIOR CULTIVO MAIZ,13,['ANTERIOR CULTIVO MAIZ'],['crop'],1
LIMON 50%,13,['LIMON'],['crop'],1
LIMON-MANGO,13,"['LIMON', 'MANGO']","['crop', 'crop']",2
"MANGO 40, LIMONERO 60",13,"['MANGO', 'LIMON']","['crop', 'crop']",2
CEBOLLA,13,['CEBOLLA'],['crop'],1
NARANJO 20% PLATANO 30% CAFE 50%,13,"['NARANJA', 'PLATANO', 'CAFE']","['crop', 'crop', 'crop']",3
PASTO DE ELFANTE,13,['PASTO DE ELFANTE'],['pasture'],1
CAFE 505-PLATANO 50%,13,"['CAFE', 'PLATANO']","['crop', 'crop']",2
"GRAMA CRIOLLA,NUDILLO",13,"['GRAMA CRIOLLA', 'NUDILLO']","['pasture', 'pasture']",2
"CAÑA,GUAYAQUIL",13,"['CAÑA DE AZUCAR', 'GUAYAQUIL']","['crop', 'crop']",2
PASTO  CHILENO,13,['PASTO CHILENO'],['pasture'],1
"PICUY, YARAGUA",13,"['PICUY', 'YARAGUA']","['crop', 'pasture']",2
GRAMALOTE- PAJA CHILENA,13,"['GRAMALOTE', 'PAJA CHILENA']","['pasture', 'pasture']",2
MELKERON,13,['MELQUERON'],['pasture'],1
MAIZ 50% - ARVEJA 50%,13,"['MAIZ', 'ARVEJA']","['crop', 'crop']",2
EN DESCANSO EXISTEN RASTROJOS DE ARROZ,12,['DESCANSO EXISTEN RASTROJOS DE ARROZ'],['fallow'],1
MAIZ Y FRIJOL,12,"['MAIZ', 'FRIJOL']","['crop', 'crop']",2
PREDIO EN LIMPIEZA PARA SIEMBRA DE FREJOL,12,['PREDIO EN LIMPIEZA PARA SIEMBRA DE FREJOL'],['land_prep'],1
ARROZZ,12,['ARROZZ'],['crop'],1
MAIZ Y MANGO,12,"['MAIZ', 'MANGO']","['crop', 'crop']",2
"FREJOL, SARANDAJA",12,"['FRIJOL', 'ZARANDAJA']","['crop', 'crop']",2
ARROZ Y YUCA,12,"['ARROZ', 'YUCA']","['crop', 'crop']",2
PASTO CULTIVADO,12,['PASTO'],['pasture'],1
PASTO ELEFANTE Y NATURAL,12,"['PASTO ELEFANTE', 'NATURAL']","['pasture', 'crop']",2
"PLATANO, NARANJA Y CAFE",12,"['PLATANO', 'NARANJA', 'CAFE']","['crop', 'crop', 'crop']",3
"MANGO, LIMON, PLATANO",12,"['MANGO', 'LIMON', 'PLATANO']","['crop', 'crop', 'crop']",3
MANGOS,12,['MANGO'],['crop'],1
LIMON 50% MANGO 50%,12,"['LIMON', 'MANGO']","['crop', 'crop']",2
MAIZ YUCA,12,"['MAIZ', 'YUCA']","['crop', 'crop']",2
MANGO 50% LIMONERO 50%,12,"['MANGO', 'LIMON']","['crop', 'crop']",2
"MANGO 50, LIMON 50",12,"['MANGO', 'LIMON']","['crop', 'crop']",2
MELON,12,['MELON'],['crop'],1
"TRIGO, ARVEJA",12,"['TRIGO', 'ARVEJA']","['crop', 'crop']",2
"TRIGO,  MAIZ",12,"['TRIGO', 'MAIZ']","['crop', 'crop']",2
CAFE 50% - PLATANO 50%,12,"['CAFE', 'PLATANO']","['crop', 'crop']",2
CAFE 70%- PLATANO 20%-NARANJO 10%,12,"['CAFE', 'PLATANO', 'NARANJA']","['crop', 'crop', 'crop']",3
"CAFE 50 , PLATANO 50",12,"['CAFE', 'PLATANO']","['crop', 'crop']",2
MANGO 30% LIMONERO 70%,12,"['MANGO', 'LIMON']","['crop', 'crop']",2
"GRAMALOTE, GRAMA CRIOLLA",12,"['GRAMALOTE', 'GRAMA CRIOLLA']","['pasture', 'pasture']",2
PAPA MAIZ,12,"['PAPA', 'MAIZ']","['crop', 'crop']",2
PAPA REPOLLO,12,"['PAPA', 'REPOLLO']","['crop', 'crop']",2
"PAPA, TRIGO, MAIZ",12,"['PAPA', 'TRIGO', 'MAIZ']","['crop', 'crop', 'crop']",3
"PASTO ELEFANTE,CAÑA",12,"['PASTO ELEFANTE', 'CAÑA DE AZUCAR']","['pasture', 'crop']",2
RAY GRASS,12,['REYGRAS'],['pasture'],1
RIEGO DE MACHACO,11,['RIEGO DE MACHACO'],['crop'],1
MANGO Y TAMARINDO,11,"['MANGO', 'TAMARINDO']","['crop', 'crop']",2
MAIIZ,11,['MAIIZ'],['crop'],1
END ESCANSO,11,['END ESCANSO'],['crop'],1
CULTIVO DE ARROZ (COSECHA),11,['ARROZ'],['crop'],1
DERSCANSO,11,['DERSCANSO'],['crop'],1
"PLATANO, CAFE Y NARANJA",11,"['PLATANO', 'CAFE', 'NARANJA']","['crop', 'crop', 'crop']",3
HABA,11,['HABA'],['crop'],1
CAÑA DE AZUCAR Y PASTO ELEFANTE,11,"['CAÑA DE AZUCAR', 'PASTO ELEFANTE']","['crop', 'pasture']",2
REPOLLO,11,['REPOLLO'],['crop'],1
PLATANO Y CAÑA,11,"['PLATANO', 'CAÑA DE AZUCAR']","['crop', 'crop']",2
LIMON Y CIRUELO,11,"['LIMON', 'CIRUELA']","['crop', 'crop']",2
CIRUELO Y LIMON,11,"['CIRUELA', 'LIMON']","['crop', 'crop']",2
"CAFE, CAÑA",11,"['CAFE', 'CAÑA DE AZUCAR']","['crop', 'crop']",2
APICULTURA,11,['APICULTURA'],['crop'],1
"PLATANO, CACAO",11,"['PLATANO', 'CACAO']","['crop', 'crop']",2
"MANGO, CACAO",11,"['MANGO', 'CACAO']","['crop', 'crop']",2
CAÑA GUAYAQUIL,11,['GUAYAQUIL'],['crop'],1
"CAFE, CAÑA, PLATANO",11,"['CAFE', 'CAÑA DE AZUCAR', 'PLATANO']","['crop', 'crop', 'crop']",3
"CAFE, PLATANO, NARANJO",11,"['CAFE', 'PLATANO', 'NARANJA']","['crop', 'crop', 'crop']",3
"CAFE 50%, PLATANO 50%",11,"['CAFE', 'PLATANO']","['crop', 'crop']",2
"CAFE 70%, PLATANO 30%",11,"['CAFE', 'PLATANO']","['crop', 'crop']",2
TERRENO ARADO,11,['ARADO'],['land_prep'],1
"MAIZ, CEBADA",11,"['MAIZ', 'CEBADA']","['crop', 'crop']",2
CAFE 50 % -PLATANO 50 %,11,"['CAFE', 'PLATANO']","['crop', 'crop']",2
CAFE 70%-PLATANO 20%-NARANJO 10%,11,"['CAFE', 'PLATANO', 'NARANJA']","['crop', 'crop', 'crop']",3
ARROZ 80%-MAIZ 20%,11,"['ARROZ', 'MAIZ']","['crop', 'crop']",2
MAIZ 20%-FRIJOL 20%,11,"['MAIZ', 'FRIJOL']","['crop', 'crop']",2
MAIZ 5%-PAPA 5%,11,"['MAIZ', 'PAPA']","['crop', 'crop']",2
"50% CAFE, 50% PLATANO",11,"['CAFE', 'PLATANO']","['crop', 'crop']",2
"80% CAFETO, 20% PLATANO",11,"['CAFE', 'PLATANO']","['crop', 'crop']",2
MANGO 50%  CACAO 50%,11,"['MANGO', 'CACAO']","['crop', 'crop']",2
"SOYA, MAIZ",11,"['SOYA', 'MAIZ']","['crop', 'crop']",2
GRAMA CRIOLLO,11,['GRAMA CRIOLLA'],['pasture'],1
CAÑA AZUCAR,11,['CAÑA DE AZUCAR'],['crop'],1
"PAJA CHILENA, GRAMA CRIOLLA",11,"['PAJA CHILENA', 'GRAMA CRIOLLA']","['pasture', 'pasture']",2
MAIZ AMILACEO,11,['MAIZ AMILACEO'],['crop'],1
"CAÑA,CAFE",11,"['CAÑA DE AZUCAR', 'CAFE']","['crop', 'crop']",2
PASTO MERQUERON,11,"['PASTO', 'MELQUERON']","['pasture', 'pasture']",2
"GRAMALOTE, PAJA CHILENA",11,"['GRAMALOTE', 'PAJA CHILENA']","['pasture', 'pasture']",2
GRAMALOTE - PAJA CHILENA,11,"['GRAMALOTE', 'PAJA CHILENA']","['pasture', 'pasture']",2
GRAMALOTE- PAJA CRIOLLA,11,"['GRAMALOTE', 'PAJA CRIOLLA']","['pasture', 'pasture']",2
PLATANO 50% - CAFE 50%,11,"['PLATANO', 'CAFE']","['crop', 'crop']",2
"PLATANO 40%, PASTO ELEFANTE 60%",11,"['PLATANO', 'PASTO ELEFANTE']","['crop', 'pasture']",2
"MAIZ 50%, ARVEJA 50%",11,"['MAIZ', 'ARVEJA']","['crop', 'crop']",2
MECANIZADOS,10,['MECANIZADO'],['land_prep'],1
COCOTERO,10,['COCO'],['crop'],1
PARA SIEMBRA DE MAIZ,10,['MAIZ'],['crop'],1
TERRENO EN DECANSO,10,['TERRENO EN DECANSO'],['crop'],1
FREJOL: SARANDAJA,10,"['FRIJOL', 'ZARANDAJA']","['crop', 'crop']",2
TERRENO EN LIMPIEZA,10,['TERRENO EN LIMPIEZA'],['land_prep'],1
PREPARACION DE TERRENO,10,['PREPARACION'],['land_prep'],1
DECANSO,10,['DECANSO'],['crop'],1
"PLATANO, YUCA",10,"['PLATANO', 'YUCA']","['crop', 'crop']",2
"PLATANO, CAFE Y CAÑA",10,"['PLATANO', 'CAFE', 'CAÑA DE AZUCAR']","['crop', 'crop', 'crop']",3
ALBERJA Y MAIZ,10,"['ARVEJA', 'MAIZ']","['crop', 'crop']",2
PASTIZAL,10,['PASTIZAL'],['crop'],1
MAIZ Y ARVERJA,10,"['MAIZ', 'ARVEJA']","['crop', 'crop']",2
"MAIZ, TRIGO, FREJOL",10,"['MAIZ', 'TRIGO', 'FRIJOL']","['crop', 'crop', 'crop']",3
"CAFE, NARANJA",10,"['CAFE', 'NARANJA']","['crop', 'crop']",2
ZAMBUMBA,10,['ZAMBUMBA'],['crop'],1
CAFE Y PLATANOS,10,"['CAFE', 'PLATANO']","['crop', 'crop']",2
"PASTO ELEFANTE, PLATANO",10,"['PASTO ELEFANTE', 'PLATANO']","['pasture', 'crop']",2
ELEFANTE,10,['PASTO ELEFANTE'],['pasture'],1
"PASTOS, CAÑA DE AZUCAR",10,"['PASTO', 'CAÑA DE AZUCAR']","['pasture', 'crop']",2
CAFE Y PASTO,10,"['CAFE', 'PASTO']","['crop', 'pasture']",2
"MANGO, LIMON, COCO",10,"['MANGO', 'LIMON', 'COCO']","['crop', 'crop', 'crop']",3
"LIMON, MAIZ, MANGO",10,"['LIMON', 'MAIZ', 'MANGO']","['crop', 'crop', 'crop']",3
FREJOL Y ZARANDAJA,10,"['FRIJOL', 'ZARANDAJA']","['crop', 'crop']",2
PLATANO 100%,10,['PLATANO'],['crop'],1
"CACAO, PLATANO",10,"['CACAO', 'PLATANO']","['crop', 'crop']",2
PASTO ELEFANTE Y PASTO NATURAL,10,"['PASTO ELEFANTE', 'PASTO NATURAL']","['pasture', 'pasture']",2
ARVEJAS,10,['ARVEJA'],['crop'],1
LIMON - PLATANO,10,"['LIMON', 'PLATANO']","['crop', 'crop']",2
LIMONEROS,10,['LIMON'],['crop'],1
CAFE 60 % - PLATANO 40 %,10,"['CAFE', 'PLATANO']","['crop', 'crop']",2
MANGO 70%,10,['MANGO'],['crop'],1
CAFE 40%-PLATANO 40%-NARANJO 20%,10,"['CAFE', 'PLATANO', 'NARANJA']","['crop', 'crop', 'crop']",3
NARANJA 50%-CAFE 50%,10,"['NARANJA', 'CAFE']","['crop', 'crop']",2
FAIQUES,10,['FAIQUE'],['crop'],1
"CAFE 90, PLATANO 10",10,"['CAFE', 'PLATANO']","['crop', 'crop']",2
"CAFE 50, PLATANO 30, NARANJA 20",10,"['CAFE', 'PLATANO', 'NARANJA']","['crop', 'crop', 'crop']",3
CAÑA DE AZUCAR 80% PLATANO 20%,10,"['CAÑA DE AZUCAR', 'PLATANO']","['crop', 'crop']",2
CAFE (50%) PLATANO (50%),10,"['CAFE', 'PLATANO']","['crop', 'crop']",2
"CAÑA, CAFE, PLATANO",10,"['CAÑA DE AZUCAR', 'CAFE', 'PLATANO']","['crop', 'crop', 'crop']",3
"ALFALFILLA, REYGRAS",10,"['ALFALFILLA', 'REYGRAS']","['pasture', 'pasture']",2
"PAJA CHILENA, PASTO ELEFANTE",10,"['PAJA CHILENA', 'PASTO ELEFANTE']","['pasture', 'pasture']",2
GRAMINEA,10,['GRAMINEAS'],['pasture'],1
"EUCALIPTO, CIPRES",10,"['EUCALIPTO', 'CIPRES']","['crop', 'crop']",2
       MAIZ,10,['MAIZ'],['crop'],1
"CAÑA , PLATANO",10,"['CAÑA DE AZUCAR', 'PLATANO']","['crop', 'crop']",2
PIÑAN,10,['PIÑAN'],['crop'],1
CAFE 50% - BANANO 50%,10,"['CAFE', 'BANANO']","['crop', 'crop']",2
"CAÑA, BANANO",10,"['CAÑA DE AZUCAR', 'BANANO']","['crop', 'crop']",2
GRAMALOTE - PAJA CRIOLLA,10,"['GRAMALOTE', 'PAJA CRIOLLA']","['pasture', 'pasture']",2
"TRIGO 20%, ALBERJA 20%",10,"['TRIGO', 'ARVEJA']","['crop', 'crop']",2
"MAIZ 30%, FREJOL 40%",10,"['MAIZ', 'FRIJOL']","['crop', 'crop']",2
"MANGO, TAMARINDO",9,"['MANGO', 'TAMARINDO']","['crop', 'crop']",2
MIAZ,9,['MIAZ'],['crop'],1
DESCANNSO,9,['DESCANNSO'],['fallow'],1
"MANGO, COCO",9,"['MANGO', 'COCO']","['crop', 'crop']",2
DESCXANSO,9,['DESCXANSO'],['crop'],1
OCA Y OLLUCO,9,"['OCA', 'OLLUCO']","['crop', 'crop']",2
PLATANO CAÑA,9,"['PLATANO', 'CAÑA DE AZUCAR']","['crop', 'crop']",2
RASTROJO DE TRIGO,9,['TRIGO'],['crop'],1
PAPA Y TRIGO,9,"['PAPA', 'TRIGO']","['crop', 'crop']",2
"TRIGO, ALVERJA",9,"['TRIGO', 'ARVEJA']","['crop', 'crop']",2
"CAFE , PLATANO Y NARANJO",9,"['CAFE', 'PLATANO', 'NARANJA']","['crop', 'crop', 'crop']",3
"YUCA, PLATANO",9,"['YUCA', 'PLATANO']","['crop', 'crop']",2
TRIGO Y CEBADA,9,"['TRIGO', 'CEBADA']","['crop', 'crop']",2
"TRIGO, CEBADA",9,"['TRIGO', 'CEBADA']","['crop', 'crop']",2
MANGO Y LIMONERO,9,"['MANGO', 'LIMON']","['crop', 'crop']",2
RASTROJOS DE FREJOL,9,['FRIJOL'],['crop'],1
"PLATANO, MANGO Y COCO",9,"['PLATANO', 'MANGO', 'COCO']","['crop', 'crop', 'crop']",3
"CAFE, PLATANO, HUABO",9,"['CAFE', 'PLATANO', 'GUABO']","['crop', 'crop', 'crop']",3
EN PREPARACION DE SUELO,9,['PREPARACION DE SUELO'],['land_prep'],1
MAIZ 20%,9,['MAIZ'],['crop'],1
"MANGO, TAMARINDO, LIMON",9,"['MANGO', 'TAMARINDO', 'LIMON']","['crop', 'crop', 'crop']",3
NARANJO 30%-PLATANO 20%-CAFE 50%,9,"['NARANJA', 'PLATANO', 'CAFE']","['crop', 'crop', 'crop']",3
CULTIVO DE FREJOL,9,['FRIJOL'],['crop'],1
TRIGO - MAIZ,9,"['TRIGO', 'MAIZ']","['crop', 'crop']",2
"MAIZ, PAPA, AJO",9,"['MAIZ', 'PAPA', 'AJO']","['crop', 'crop', 'crop']",3
MANGO KENT,9,['MANGO KENT'],['crop'],1
CAFE 50 % - PLATANO 50%,9,"['CAFE', 'PLATANO']","['crop', 'crop']",2
CAFE 50%-PLATANO 45%-NARANJO 5%,9,"['CAFE', 'PLATANO', 'NARANJA']","['crop', 'crop', 'crop']",3
PLATANO 60% CAFE 40%,9,"['PLATANO', 'CAFE']","['crop', 'crop']",2
CAFE 50%-NARANJA 30%-PLATANO 20%,9,"['CAFE', 'NARANJA', 'PLATANO']","['crop', 'crop', 'crop']",3
CAFE 40%-PLATANO 30%-NARANJA 30%,9,"['CAFE', 'PLATANO', 'NARANJA']","['crop', 'crop', 'crop']",3
MAIZ 50%-FRIJOL 50%,9,"['MAIZ', 'FRIJOL']","['crop', 'crop']",2
CAÑA DE AZUCAR 20%,9,['CAÑA DE AZUCAR'],['crop'],1
"CAFE 50,  PLATANO 50",9,"['CAFE', 'PLATANO']","['crop', 'crop']",2
"CAFE 50, PLATANO",9,"['CAFE', 'PLATANO']","['crop', 'crop']",2
"ALGARROBO,FAIQUE",9,"['ALGARROBO', 'FAIQUE']","['crop', 'crop']",2
CAÑA DE AZUCAR Y BANANO,9,"['CAÑA DE AZUCAR', 'BANANO']","['crop', 'crop']",2
PAJA OLOROSA,9,['PAJA OLOROSA'],['pasture'],1
GRAM CRIOLLA,9,['GRAM CRIOLLA'],['crop'],1
PALO BLANCO,9,['PALO BLANCO'],['crop'],1
GRAMA-PAJA,9,"['GRAMA', 'PAJA']","['pasture', 'pasture']",2
CAÑA DE AZUACAR,9,['CAÑA DE AZUACAR'],['crop'],1
"NUDILLO,GRAMA CRIOLLA",9,"['NUDILLO', 'GRAMA CRIOLLA']","['pasture', 'pasture']",2
"PLATANO,CAFE,PAJA CHILENA",9,"['PLATANO', 'CAFE', 'PAJA CHILENA']","['crop', 'crop', 'pasture']",3
"PALO VERDE, ZAPOTE, ALGARROBO Y OTROS",9,"['PALO VERDE', 'ZAPOTE', 'ALGARROBO', 'SIN ESPECIFICAR']","['crop', 'crop', 'crop', 'unspecified']",4
CAFE - BANANO,9,"['CAFE', 'BANANO']","['crop', 'crop']",2
PASTO NELQUERON,9,['PASTO NELQUERON'],['pasture'],1
PASTOS CRIOLLOS,9,['PASTOS CRIOLLOS'],['pasture'],1
"CAFE 50%, BANANO 50%",9,"['CAFE', 'BANANO']","['crop', 'crop']",2
BANANO- CAÑA,9,"['BANANO', 'CAÑA DE AZUCAR']","['crop', 'crop']",2
LIMON SUTIL-MANGO,9,"['LIMON', 'MANGO']","['crop', 'crop']",2
YARAGUA - MELQUERON,9,"['YARAGUA', 'MELQUERON']","['pasture', 'pasture']",2
PASTO DE CASTILLA,9,['PASTO DE CASTILLA'],['pasture'],1
"GRAMA CHILENA, PASTO ELEFANTE",9,"['GRAMA CHILENA', 'PASTO ELEFANTE']","['pasture', 'pasture']",2
ARROS,8,['ARROZ'],['crop'],1
CAMOTE Y MAIZ,8,"['CAMOTE', 'MAIZ']","['crop', 'crop']",2
ARADO PARA SIEMBRA DE FREJOL,8,['ARADO PARA SIEMBRA DE FREJOL'],['land_prep'],1
"PLATANO, MANGO",8,"['PLATANO', 'MANGO']","['crop', 'crop']",2
ARRIZ,8,['ARRIZ'],['crop'],1
SIN PLANTACION,8,['SIN PLANTACION'],['crop'],1
PAPAYO,8,['PAPAYA'],['crop'],1
EN LIMPIEZA,8,['LIMPIEZA'],['land_prep'],1
TERRENO EN DESCASO,8,['TERRENO EN DESCASO'],['crop'],1
PREPARACION DE SUELOS,8,['PREPARACION DE SUELOS'],['land_prep'],1
"PLATANO, MAIZ",8,"['PLATANO', 'MAIZ']","['crop', 'crop']",2
"MAIZ, FREJOL CHILENO",8,"['MAIZ', 'FRIJOL CAUPI']","['crop', 'crop']",2
FREJOL MAIZ,8,"['FRIJOL', 'MAIZ']","['crop', 'crop']",2
MAIZ Y FREJOL CHILENO,8,"['MAIZ', 'FRIJOL CAUPI']","['crop', 'crop']",2
ESPARRAGOS,8,['ESPARRAGOS'],['crop'],1
NAIZ,8,['NAIZ'],['crop'],1
"MAIZ, HORTALIZAS",8,"['MAIZ', 'HORTALIZAS']","['crop', 'crop']",2
"ALGODON, FRUTALES",8,"['ALGODON', 'FRUTALES']","['crop', 'crop']",2
ALMACIGO DE ARROZ,8,['ALMACIGO DE ARROZ'],['crop'],1
DESCANDO,8,['DESCANDO'],['fallow'],1
COCO Y MANGO,8,"['COCO', 'MANGO']","['crop', 'crop']",2
"ARROZ, YUCA",8,"['ARROZ', 'YUCA']","['crop', 'crop']",2
"MAIZ,ALBERJA",8,"['MAIZ', 'ARVEJA']","['crop', 'crop']",2
"MAIZ, ARVERJA",8,"['MAIZ', 'ARVEJA']","['crop', 'crop']",2
CAFE Y NARANJO,8,"['CAFE', 'NARANJA']","['crop', 'crop']",2
MARACUYA Y PLATANO,8,"['MARACUYA', 'PLATANO']","['crop', 'crop']",2
"CAFE, PLATANO Y MARACUYA",8,"['CAFE', 'PLATANO', 'MARACUYA']","['crop', 'crop', 'crop']",3
"CAFE, NARANJO Y PLATANO",8,"['CAFE', 'NARANJA', 'PLATANO']","['crop', 'crop', 'crop']",3
"PASTO, CAÑA",8,"['PASTO', 'CAÑA DE AZUCAR']","['pasture', 'crop']",2
MAIZ TRIGO,8,"['MAIZ', 'TRIGO']","['crop', 'crop']",2
"MAIZ, OCA",8,"['MAIZ', 'OCA']","['crop', 'crop']",2
GUABA,8,['GUABO'],['crop'],1
"MAIZ,TRIGO",8,"['MAIZ', 'TRIGO']","['crop', 'crop']",2
"ALGODON, LIMON",8,"['ALGODON', 'LIMON']","['crop', 'crop']",2
"LIMON, COCO",8,"['LIMON', 'COCO']","['crop', 'crop']",2
FREJOL Y MENESTRAS,8,"['FRIJOL', 'MENESTRAS']","['crop', 'crop']",2
"MAIZ, MENESTRA",8,"['MAIZ', 'MENESTRAS']","['crop', 'crop']",2
"MAIZ, ZANAHORIA",8,"['MAIZ', 'ZANAHORIA']","['crop', 'crop']",2
"LIMON, MANGO, TAMARINDO",8,"['LIMON', 'MANGO', 'TAMARINDO']","['crop', 'crop', 'crop']",3
"LIMON, TAMARINDO, MANGO",8,"['LIMON', 'TAMARINDO', 'MANGO']","['crop', 'crop', 'crop']",3
"LIMON, MANGO, FREJOL CASTILLA",8,"['LIMON', 'MANGO', 'FRIJOL CASTILLA']","['crop', 'crop', 'crop']",3
"ALGODON, FREJOL Y MAIZ",8,"['ALGODON', 'FRIJOL', 'MAIZ']","['crop', 'crop', 'crop']",3
"CAFE, PLATANO Y CAÑA",8,"['CAFE', 'PLATANO', 'CAÑA DE AZUCAR']","['crop', 'crop', 'crop']",3
LIMA,8,['LIMA'],['crop'],1
"LIMON 50%, MANGO 50%",8,"['LIMON', 'MANGO']","['crop', 'crop']",2
LIMON MANGO,8,"['LIMON', 'MANGO']","['crop', 'crop']",2
MAIZ 50%    TRIGO 50%,8,"['MAIZ', 'TRIGO']","['crop', 'crop']",2
"MAIZ 50%, TRIGO 50%",8,"['MAIZ', 'TRIGO']","['crop', 'crop']",2
"MANGO 30, LIMONERO 30",8,"['MANGO', 'LIMON']","['crop', 'crop']",2
"MANGO 50, LIMONERO 50",8,"['MANGO', 'LIMON']","['crop', 'crop']",2
MANGO 90% - LIMON 10%,8,"['MANGO', 'LIMON']","['crop', 'crop']",2
MACHACO,8,['MACHACO'],['crop'],1
TRIGO 50%     CEBADA 50%,8,"['TRIGO', 'CEBADA']","['crop', 'crop']",2
"MAIZ,  TRIGO",8,"['MAIZ', 'TRIGO']","['crop', 'crop']",2
CAFE 60%- PLATANO 35%- NARANJO 5%,8,"['CAFE', 'PLATANO', 'NARANJA']","['crop', 'crop', 'crop']",3
NARANJO 20%-PLATANO 40%-CAFE 40%,8,"['NARANJA', 'PLATANO', 'CAFE']","['crop', 'crop', 'crop']",3
NARANJO 20%- PLATANO 20%- CAFE 60%,8,"['NARANJA', 'PLATANO', 'CAFE']","['crop', 'crop', 'crop']",3
CAFE 60% PLATANO 40%,8,"['CAFE', 'PLATANO']","['crop', 'crop']",2
CAFE 50%-PLATANAO 50%,8,"['CAFE', 'PLATANAO']","['crop', 'crop']",2
PLATANO 40% CAFE 60%,8,"['PLATANO', 'CAFE']","['crop', 'crop']",2
CAFE 80%-PLATANO 20,8,"['CAFE', 'PLATANO']","['crop', 'crop']",2
"70% CAFETO, 20% PLATANO, 10% NARANJO",8,"['CAFE', 'PLATANO', 'NARANJA']","['crop', 'crop', 'crop']",3
HIGUERON,8,['HIGUERON'],['crop'],1
"MAIZ, TRIGO, ARVEJA",8,"['MAIZ', 'TRIGO', 'ARVEJA']","['crop', 'crop', 'crop']",3
PAJA CHILENA Y PASTO ELEFANTE,8,"['PAJA CHILENA', 'PASTO ELEFANTE']","['pasture', 'pasture']",2
FRIJOL CAUPI Y DE PALO,8,"['FRIJOL CAUPI', 'PALO']","['crop', 'crop']",2
PAJUL,8,['PAJUL'],['crop'],1
"MAIZ, TRIGO, PAPA",8,"['MAIZ', 'TRIGO', 'PAPA']","['crop', 'crop', 'crop']",3
"MAIZ, TRIGO, ALBERJA",8,"['MAIZ', 'TRIGO', 'ARVEJA']","['crop', 'crop', 'crop']",3
GRAMA GRIOLLA,8,['GRAMA GRIOLLA'],['pasture'],1
"PLATANO, CAÑA, CAFE",8,"['PLATANO', 'CAÑA DE AZUCAR', 'CAFE']","['crop', 'crop', 'crop']",3
"GRAMA CHILENA, PASTO CASTILLA",8,"['GRAMA CHILENA', 'PASTO CASTILLA']","['pasture', 'pasture']",2
"PLATANO,CAÑA,GUAYAQUIL",8,"['PLATANO', 'CAÑA DE AZUCAR', 'GUAYAQUIL']","['crop', 'crop', 'crop']",3
"YUCA, MARACUYA",8,"['YUCA', 'MARACUYA']","['crop', 'crop']",2
"PLATANO, CAFE, CAÑA DE AZUCAR",8,"['PLATANO', 'CAFE', 'CAÑA DE AZUCAR']","['crop', 'crop', 'crop']",3
PASTO ELEFANTE Y GRAMA CHILENA,8,"['PASTO ELEFANTE', 'GRAMA CHILENA']","['pasture', 'pasture']",2
"CAÑA,GRAMA CHILENA",8,"['CAÑA DE AZUCAR', 'GRAMA CHILENA']","['crop', 'pasture']",2
"CAÑA,PASTO ELEFANTE",8,"['CAÑA DE AZUCAR', 'PASTO ELEFANTE']","['crop', 'pasture']",2
"PASTO CHILENO,PASTO ELEFANTE",8,"['PASTO CHILENO', 'PASTO ELEFANTE']","['pasture', 'pasture']",2
"PASTO ELEFANTE,BANANO,GUAYAQUIL",8,"['PASTO ELEFANTE', 'BANANO', 'GUAYAQUIL']","['pasture', 'crop', 'crop']",3
"CAÑA 25%, BANANO 25%",8,"['CAÑA DE AZUCAR', 'BANANO']","['crop', 'crop']",2
"CAÑA, NARANJA",8,"['CAÑA DE AZUCAR', 'NARANJA']","['crop', 'crop']",2
"ZACATE CHINO, PASTO MELQUERON",8,"['ZACATE CHINO', 'MELQUERON']","['pasture', 'pasture']",2
"GRAMA CHINA, YARAGUA",8,"['GRAMA CHINA', 'YARAGUA']","['pasture', 'pasture']",2
"BANANO 50, CAFE 50",8,"['BANANO', 'CAFE']","['crop', 'crop']",2
"PLATANO 60% , CAFE 40%",8,"['PLATANO', 'CAFE']","['crop', 'crop']",2
"BANANO,PASTO ELEFANTE",8,"['BANANO', 'PASTO ELEFANTE']","['crop', 'pasture']",2
"GRAMA CHLENA, PASTO ELEFANTE",8,"['GRAMA CHLENA', 'PASTO ELEFANTE']","['pasture', 'pasture']",2
"MAIZ, ARVEJAS",8,"['MAIZ', 'ARVEJA']","['crop', 'crop']",2
DESHIERBO Y QUEMA,7,"['DESHIERBO', 'QUEMA']","['land_prep', 'land_prep']",2
RROZ,7,['RROZ'],['crop'],1
"ARROZ, FRIJOL",7,"['ARROZ', 'FRIJOL']","['crop', 'crop']",2
PLATANO Y LIMON,7,"['PLATANO', 'LIMON']","['crop', 'crop']",2
"MAIZ,ALGODON",7,"['MAIZ', 'ALGODON']","['crop', 'crop']",2
ALFALFA Y MAIZ,7,"['ALFALFA', 'MAIZ']","['pasture', 'crop']",2
"MANGO, LIMON, MAIZ",7,"['MANGO', 'LIMON', 'MAIZ']","['crop', 'crop', 'crop']",3
ARROZ Y PLATANO,7,"['ARROZ', 'PLATANO']","['crop', 'crop']",2
SIEMBRA DE ARROZ,7,['ARROZ'],['crop'],1
TERRENO DESCANSO,7,['DESCANSO'],['fallow'],1
DESXCANSO,7,['DESXCANSO'],['crop'],1
ALGODON Y FREJOL,7,"['ALGODON', 'FRIJOL']","['crop', 'crop']",2
DESCCANSO,7,['DESCCANSO'],['crop'],1
ALGODON ARROZ,7,"['ALGODON', 'ARROZ']","['crop', 'crop']",2
ALGODON Y LIMON,7,"['ALGODON', 'LIMON']","['crop', 'crop']",2
MAIZX,7,['MAIZX'],['crop'],1
PASTO ELEFANTE Y PAJA CHILENA,7,"['PASTO ELEFANTE', 'PAJA CHILENA']","['pasture', 'pasture']",2
"FRIJOL, YUCA",7,"['FRIJOL', 'YUCA']","['crop', 'crop']",2
"MAIZ, CAÑA DE AZUCAR",7,"['MAIZ', 'CAÑA DE AZUCAR']","['crop', 'crop']",2
PAPA Y CAÑA DE AZUCAR,7,"['PAPA', 'CAÑA DE AZUCAR']","['crop', 'crop']",2
"TRIGO , MAIZ",7,"['TRIGO', 'MAIZ']","['crop', 'crop']",2
"PASTO,PLATANO",7,"['PASTO', 'PLATANO']","['pasture', 'crop']",2
"CAÑA DE AZUCAR, CAFE",7,"['CAÑA DE AZUCAR', 'CAFE']","['crop', 'crop']",2
ARBEJAS,7,['ARVEJA'],['crop'],1
MAIZ Y PASTO ELEFANTE,7,"['MAIZ', 'PASTO ELEFANTE']","['crop', 'pasture']",2
"PASTOS, CAFE",7,"['PASTO', 'CAFE']","['pasture', 'crop']",2
MAIZ Y HABA,7,"['MAIZ', 'HABA']","['crop', 'crop']",2
"OCA, TRIGO",7,"['OCA', 'TRIGO']","['crop', 'crop']",2
MAIZ Y CAFE,7,"['MAIZ', 'CAFE']","['crop', 'crop']",2
"CAFE, PLATANO, NARANJA Y GRANADILLA",7,"['CAFE', 'PLATANO', 'NARANJA', 'GRANADILLA']","['crop', 'crop', 'crop', 'crop']",4
"FREJOL, LIMON",7,"['FRIJOL', 'LIMON']","['crop', 'crop']",2
LIMON Y CIRUELA,7,"['LIMON', 'CIRUELA']","['crop', 'crop']",2
"MAIZ, FREJOL, MANGO",7,"['MAIZ', 'FRIJOL', 'MANGO']","['crop', 'crop', 'crop']",3
"SARANDAJA, FREJOL DE PALO",7,"['ZARANDAJA', 'FRIJOL DE PALO']","['crop', 'crop']",2
RASTROJOS DE FREJOL DE PALO,7,['FRIJOL DE PALO'],['crop'],1
MANGO Y MAIZ,7,"['MANGO', 'MAIZ']","['crop', 'crop']",2
PARA SEMBRAR MAIZ,7,['PARA SEMBRAR MAIZ'],['crop'],1
20%,7,[],[],0
LIMON- MANGO,7,"['LIMON', 'MANGO']","['crop', 'crop']",2
"LIMONERO 70, MANGO 30",7,"['LIMON', 'MANGO']","['crop', 'crop']",2
MAIZ - FREJOL,7,"['MAIZ', 'FRIJOL']","['crop', 'crop']",2
MAIZ 50%     TRIGO 50%,7,"['MAIZ', 'TRIGO']","['crop', 'crop']",2
"MANGO 60, LIMONERO 40",7,"['MANGO', 'LIMON']","['crop', 'crop']",2
MANGO COCOTERO,7,"['MANGO', 'COCO']","['crop', 'crop']",2
PLATANO 50%,7,['PLATANO'],['crop'],1
PLATANOS Y CAFE,7,"['PLATANO', 'CAFE']","['crop', 'crop']",2
"TRIGO 50%, ARVEJA 50%",7,"['TRIGO', 'ARVEJA']","['crop', 'crop']",2
"TRIGO,   MAIZ",7,"['TRIGO', 'MAIZ']","['crop', 'crop']",2
"MAIZ,   TRIGO",7,"['MAIZ', 'TRIGO']","['crop', 'crop']",2
AJO - MAIZ,7,"['AJO', 'MAIZ']","['crop', 'crop']",2
GRASS,7,['GRASS'],['crop'],1
MAIZ 50%   TRIGO 50%,7,"['MAIZ', 'TRIGO']","['crop', 'crop']",2
TRIGO 50%    MAIZ 20%,7,"['TRIGO', 'MAIZ']","['crop', 'crop']",2
PANLLEVAR,7,['PAN LLEVAR'],['crop'],1
PLATANO 50 %- CAFE 50%,7,"['PLATANO', 'CAFE']","['crop', 'crop']",2
NARANJO 20%- CAFE 50%- PLATANO 30%,7,"['NARANJA', 'CAFE', 'PLATANO']","['crop', 'crop', 'crop']",3
CAFE 50%- PLATANO 30%- NARANJO 20%,7,"['CAFE', 'PLATANO', 'NARANJA']","['crop', 'crop', 'crop']",3
CAFE 60%-PLATANO 405,7,"['CAFE', 'PLATANO']","['crop', 'crop']",2
"ALGARROBO, FAIQUE, ZAPOTE",7,"['ALGARROBO', 'FAIQUE', 'ZAPOTE']","['crop', 'crop', 'crop']",3
CAFE 70 - PLATANO 30,7,"['CAFE', 'PLATANO']","['crop', 'crop']",2
CAFE 80-PLATANO 20,7,"['CAFE', 'PLATANO']","['crop', 'crop']",2
"CAFE 50, PLATANO 50.",7,"['CAFE', 'PLATANO']","['crop', 'crop']",2
"CAFE 25, PLATANO 25",7,"['CAFE', 'PLATANO']","['crop', 'crop']",2
PAPA 5%-MAIZ 5%,7,"['PAPA', 'MAIZ']","['crop', 'crop']",2
MANGO 65% LIMON 35%,7,"['MANGO', 'LIMON']","['crop', 'crop']",2
MANGO 50%,7,['MANGO'],['crop'],1
CAFE 80% NARANJA 20%,7,"['CAFE', 'NARANJA']","['crop', 'crop']",2
"40% PASTO ELEFANTE, 40% GRAMALOTE",7,"['PASTO ELEFANTE', 'GRAMALOTE']","['pasture', 'pasture']",2
"50% GRAMALOTE, 50% PASTO ELEFANTE",7,"['GRAMALOTE', 'PASTO ELEFANTE']","['pasture', 'pasture']",2
CAFE (50%)  PLATANO (50%),7,"['CAFE', 'PLATANO']","['crop', 'crop']",2
"50% CAFETO, 50% PLATANO",7,"['CAFE', 'PLATANO']","['crop', 'crop']",2
FRIJOL POROTO,7,['FRIJOL POROTO'],['crop'],1
"FREJOL, MAIZ, CAÑA",7,"['FRIJOL', 'MAIZ', 'CAÑA DE AZUCAR']","['crop', 'crop', 'crop']",3
"CAÑA, PLATANO, CAFE",7,"['CAÑA DE AZUCAR', 'PLATANO', 'CAFE']","['crop', 'crop', 'crop']",3
"MAIZ,PAPA",7,"['MAIZ', 'PAPA']","['crop', 'crop']",2
"TRIGO, MAIZ, LEGUMINOSAS",7,"['TRIGO', 'MAIZ', 'MENESTRAS']","['crop', 'crop', 'crop']",3
"GRAMA, PAJA",7,"['GRAMA', 'PAJA']","['pasture', 'pasture']",2
"PLATANO, CAFE, PALTO",7,"['PLATANO', 'CAFE', 'PALTA']","['crop', 'crop', 'crop']",3
UVA RED GLOBE,7,['UVA RED GLOBE'],['crop'],1
"PASTO ELEFANTE, PAJA CRIOLLA",7,"['PASTO ELEFANTE', 'PAJA CRIOLLA']","['pasture', 'pasture']",2
BANANO - CAFE,7,"['BANANO', 'CAFE']","['crop', 'crop']",2
PAJA DE  CORTE,7,['PAJA DE CORTE'],['pasture'],1
"BANANO,GRAMA CHILENA",7,"['BANANO', 'GRAMA CHILENA']","['crop', 'pasture']",2
"PASTO ELEFANTE,GRAMA CHILENA",7,"['PASTO ELEFANTE', 'GRAMA CHILENA']","['pasture', 'pasture']",2
"CAFE 50%, PASTO 50%",7,"['CAFE', 'PASTO']","['crop', 'pasture']",2
"CAFE 25%, BANANO 25%",7,"['CAFE', 'BANANO']","['crop', 'crop']",2
"CAÑA, CAFE, BANANO",7,"['CAÑA DE AZUCAR', 'CAFE', 'BANANO']","['crop', 'crop', 'crop']",3
"PASTO MELQUERON, GRAMA CRIOLLA",7,"['MELQUERON', 'GRAMA CRIOLLA']","['pasture', 'pasture']",2
CAFE- CAÑA,7,"['CAFE', 'CAÑA DE AZUCAR']","['crop', 'crop']",2
PIKUYA,7,['PIKUYA'],['crop'],1
MELQUERON- PICUY- SURAL,7,"['MELQUERON', 'PICUY', 'SURAL']","['pasture', 'crop', 'crop']",3
"MAIZ, SOYA",7,"['MAIZ', 'SOYA']","['crop', 'crop']",2
GRAMA CHINA - YARAGUA,7,"['GRAMA CHINA', 'YARAGUA']","['pasture', 'pasture']",2
"PLATANO 30, CAFE 30",7,"['PLATANO', 'CAFE']","['crop', 'crop']",2
"MAIZ 50%, MANI 20%",7,"['MAIZ', 'MANI']","['crop', 'crop']",2
"FAIQUE , CACHUTO , ERITACO",7,"['FAIQUE', 'CACHUTO', 'ERITACO']","['crop', 'crop', 'crop']",3
FAIQUE ARIYACO,7,['FAIQUE ARIYACO'],['crop'],1
PLATANO 80% - CAFE 20%,7,"['PLATANO', 'CAFE']","['crop', 'crop']",2
SORGO FORRAJERO,7,['SORGO FORRAJERO'],['crop'],1
"PASTO GIGANTE,PASTO CAMERUN",7,"['PASTO GIGANTE', 'PASTO CAMERUN']","['pasture', 'pasture']",2
"EN DESCANSO, EXISTE RASTROJO DE ARROZ",6,"['DESCANSO', 'ARROZ']","['fallow', 'crop']",2
MACANIZADO,6,['MACANIZADO'],['crop'],1
"ARROZ, ALGODON",6,"['ARROZ', 'ALGODON']","['crop', 'crop']",2
LIMON Y PLATANO,6,"['LIMON', 'PLATANO']","['crop', 'crop']",2
TERRENOI EN DESCANSO,6,['TERRENOI EN DESCANSO'],['fallow'],1
"MAIZ CHOCLO, MAIZ Y FREJOL",6,"['MAIZ CHOCLO', 'MAIZ', 'FRIJOL']","['crop', 'crop', 'crop']",3
ENDESCANSO,6,['ENDESCANSO'],['fallow'],1
EN DESCANSO.,6,['DESCANSO'],['fallow'],1
EN ABANDONO,6,['ABANDONO'],['fallow'],1
EXISTENCIA DE PASTOS,6,['EXISTENCIA DE PASTOS'],['pasture'],1
TERRENON EN DESCANSO,6,['TERRENON EN DESCANSO'],['fallow'],1
ARROZ Y FREJOL,6,"['ARROZ', 'FRIJOL']","['crop', 'crop']",2
MANGO Y PALTA,6,"['MANGO', 'PALTA']","['crop', 'crop']",2
MAIZ Y ZARANDAJA,6,"['MAIZ', 'ZARANDAJA']","['crop', 'crop']",2
"FREJOL,MAIZ",6,"['FRIJOL', 'MAIZ']","['crop', 'crop']",2
"MAIZ,MANGO",6,"['MAIZ', 'MANGO']","['crop', 'crop']",2
DESCASO,6,['DESCASO'],['crop'],1
SANDIA,6,['SANDIA'],['crop'],1
GRADEO Y ARADO,6,"['GRADEO', 'ARADO']","['land_prep', 'land_prep']",2
PREPARACION -ARROZ,6,"['PREPARACION', 'ARROZ']","['land_prep', 'crop']",2
ALGODON MAIZ,6,"['ALGODON', 'MAIZ']","['crop', 'crop']",2
ARRIOZ,6,['ARRIOZ'],['crop'],1
DESCANSPO,6,['DESCANSPO'],['fallow'],1
YUCA Y FREJOL,6,"['YUCA', 'FRIJOL']","['crop', 'crop']",2
YUCA Y MENESTRAS,6,"['YUCA', 'MENESTRAS']","['crop', 'crop']",2
"ARROZ, MANGO",6,"['ARROZ', 'MANGO']","['crop', 'crop']",2
"YUCA, FRIJOL",6,"['YUCA', 'FRIJOL']","['crop', 'crop']",2
MANGO 50% - LIMON 50%,6,"['MANGO', 'LIMON']","['crop', 'crop']",2
TRIGO Y ARVEJA,6,"['TRIGO', 'ARVEJA']","['crop', 'crop']",2
"CAFE, PLATANO Y CAÑA DE AZUCAR",6,"['CAFE', 'PLATANO', 'CAÑA DE AZUCAR']","['crop', 'crop', 'crop']",3
"MAIZ, ALVERJA",6,"['MAIZ', 'ARVEJA']","['crop', 'crop']",2
PLATANO Y YUCA,6,"['PLATANO', 'YUCA']","['crop', 'crop']",2
PALTANO,6,['PALTANO'],['crop'],1
"PLATANO,PASTO",6,"['PLATANO', 'PASTO']","['crop', 'pasture']",2
"TRIGO, HABA",6,"['TRIGO', 'HABA']","['crop', 'crop']",2
"CAFE, PLATANO, MARACUYA Y NARANJA",6,"['CAFE', 'PLATANO', 'MARACUYA', 'NARANJA']","['crop', 'crop', 'crop', 'crop']",4
"PLATANOS, PASTOS",6,"['PLATANO', 'PASTO']","['crop', 'pasture']",2
CAÑA DE AZCAR,6,['CAÑA DE AZCAR'],['crop'],1
"PASTO, PLATANOS",6,"['PASTO', 'PLATANO']","['pasture', 'crop']",2
PLATANO Y NARANJO,6,"['PLATANO', 'NARANJA']","['crop', 'crop']",2
SARANDAJA Y MAIZ,6,"['ZARANDAJA', 'MAIZ']","['crop', 'crop']",2
"CAFE, CAÑA DE AZUCAR",6,"['CAFE', 'CAÑA DE AZUCAR']","['crop', 'crop']",2
CULTIVO DE TRIGO,6,['TRIGO'],['crop'],1
PALTA Y PLATANO,6,"['PALTA', 'PLATANO']","['crop', 'crop']",2
CAÑA Y CAFE,6,"['CAÑA DE AZUCAR', 'CAFE']","['crop', 'crop']",2
"CAFE, PLATANO, NARANJA Y MARACUYA",6,"['CAFE', 'PLATANO', 'NARANJA', 'MARACUYA']","['crop', 'crop', 'crop', 'crop']",4
COCO,6,['COCO'],['crop'],1
CAFE Y CAÑA,6,"['CAFE', 'CAÑA DE AZUCAR']","['crop', 'crop']",2
"CAFE,CAÑA",6,"['CAFE', 'CAÑA DE AZUCAR']","['crop', 'crop']",2
"FREJOL, MANGO",6,"['FRIJOL', 'MANGO']","['crop', 'crop']",2
"LIMON, MANGO Y PLATANO",6,"['LIMON', 'MANGO', 'PLATANO']","['crop', 'crop', 'crop']",3
"MAIZ, LIMON, MANGO",6,"['MAIZ', 'LIMON', 'MANGO']","['crop', 'crop', 'crop']",3
"FRUTALES, HORTALIZAS",6,"['FRUTALES', 'HORTALIZAS']","['crop', 'crop']",2
"HORTALIZAS, CIRUELAS",6,"['HORTALIZAS', 'CIRUELA']","['crop', 'crop']",2
"LIMON, MANGO, PLATANO",6,"['LIMON', 'MANGO', 'PLATANO']","['crop', 'crop', 'crop']",3
"COCO, MANGO Y LIMON",6,"['COCO', 'MANGO', 'LIMON']","['crop', 'crop', 'crop']",3
ZANAHORIA Y FREJOL,6,"['ZANAHORIA', 'FRIJOL']","['crop', 'crop']",2
"LIMON,MANGO",6,"['LIMON', 'MANGO']","['crop', 'crop']",2
TERRENO APICOLA,6,['TERRENO APICOLA'],['crop'],1
FREJOL Y CAMOTE,6,"['FRIJOL', 'CAMOTE']","['crop', 'crop']",2
MANGO 60% LIMONERO 40%,6,"['MANGO', 'LIMON']","['crop', 'crop']",2
"PLATANO, LIMON Y MANGO",6,"['PLATANO', 'LIMON', 'MANGO']","['crop', 'crop', 'crop']",3
"YUCA, LIMON, MANGO",6,"['YUCA', 'LIMON', 'MANGO']","['crop', 'crop', 'crop']",3
"PLATANO, MANGO Y LIMON",6,"['PLATANO', 'MANGO', 'LIMON']","['crop', 'crop', 'crop']",3
MANGO Y ARROZ,6,"['MANGO', 'ARROZ']","['crop', 'crop']",2
"MANGO, CACAO Y COCO",6,"['MANGO', 'CACAO', 'COCO']","['crop', 'crop', 'crop']",3
"CACAO, CAFE",6,"['CACAO', 'CAFE']","['crop', 'crop']",2
"PLATANO, CACAO, CAFE",6,"['PLATANO', 'CACAO', 'CAFE']","['crop', 'crop', 'crop']",3
"CAFE, PLATANO, HUABAS",6,"['CAFE', 'PLATANO', 'GUABO']","['crop', 'crop', 'crop']",3
"CACAO, PLATANO, CAFE",6,"['CACAO', 'PLATANO', 'CAFE']","['crop', 'crop', 'crop']",3
ARVEJA MAIZ,6,"['ARVEJA', 'MAIZ']","['crop', 'crop']",2
"ARVEJA, MAIZ",6,"['ARVEJA', 'MAIZ']","['crop', 'crop']",2
DESCANZO,6,['DESCANSO'],['fallow'],1
"FRIJOL CASTILLA, MAIZ",6,"['FRIJOL CASTILLA', 'MAIZ']","['crop', 'crop']",2
FRIJOL MAIZ,6,"['FRIJOL', 'MAIZ']","['crop', 'crop']",2
LIMON 30%,6,['LIMON'],['crop'],1
"LIMON 30, MANGO 10",6,"['LIMON', 'MANGO']","['crop', 'crop']",2
LIMON 40%,6,['LIMON'],['crop'],1
"LIMON 60, MANGO 40",6,"['LIMON', 'MANGO']","['crop', 'crop']",2
MAIZ- FRIJOL,6,"['MAIZ', 'FRIJOL']","['crop', 'crop']",2
MANGO 80% - LIMON 20%,6,"['MANGO', 'LIMON']","['crop', 'crop']",2
MANGO- LIMONERO,6,"['MANGO', 'LIMON']","['crop', 'crop']",2
"MANGO,LIMON",6,"['MANGO', 'LIMON']","['crop', 'crop']",2
PAJA GATEADORA,6,['PAJA GATEADORA'],['pasture'],1
TERRENO DESCANZO,6,['TERRENO DESCANZO'],['fallow'],1
YUCA-MAIZ,6,"['YUCA', 'MAIZ']","['crop', 'crop']",2
GUABO,6,['GUABO'],['crop'],1
"PAPA, AJO",6,"['PAPA', 'AJO']","['crop', 'crop']",2
"TRIGO, FRIJOL",6,"['TRIGO', 'FRIJOL']","['crop', 'crop']",2
MAIZ 60%,6,['MAIZ'],['crop'],1
CULTIVO DE PAPA,6,['PAPA'],['crop'],1
GRAMA - PAJA,6,"['GRAMA', 'PAJA']","['pasture', 'pasture']",2
PAJA - GRAMA,6,"['PAJA', 'GRAMA']","['pasture', 'pasture']",2
"MANGO , LIMON",6,"['MANGO', 'LIMON']","['crop', 'crop']",2
MANGO 50%  LIMON 50%,6,"['MANGO', 'LIMON']","['crop', 'crop']",2
ARROZ 50%-MAIZ 50%,6,"['ARROZ', 'MAIZ']","['crop', 'crop']",2
CAFE 50%- PLATANO 50 %,6,"['CAFE', 'PLATANO']","['crop', 'crop']",2
CAFE 50 % -PLATANO 50%,6,"['CAFE', 'PLATANO']","['crop', 'crop']",2
CAFE 70%- PLATANO 20%- NARANJO 10%,6,"['CAFE', 'PLATANO', 'NARANJA']","['crop', 'crop', 'crop']",3
CAFE 60%- PLATANO 30%- NARANJO 10%,6,"['CAFE', 'PLATANO', 'NARANJA']","['crop', 'crop', 'crop']",3
CAFE 70%-PLATANO 25%-NARANJO 5%,6,"['CAFE', 'PLATANO', 'NARANJA']","['crop', 'crop', 'crop']",3
PLATANO 20%- NARANJO 20%- CAFE 60%,6,"['PLATANO', 'NARANJA', 'CAFE']","['crop', 'crop', 'crop']",3
CAFE 505- PLATANO 50%,6,"['CAFE', 'PLATANO']","['crop', 'crop']",2
PLATANO 60%- CAFE 40%,6,"['PLATANO', 'CAFE']","['crop', 'crop']",2
CAFE 70% PLATANO 20% NARANJO 10%,6,"['CAFE', 'PLATANO', 'NARANJA']","['crop', 'crop', 'crop']",3
CACAO 80%-CAFE 10%-PLATANO 10%,6,"['CACAO', 'CAFE', 'PLATANO']","['crop', 'crop', 'crop']",3
"GUANABANA 30%, MAMEY 30%, CACAO 40%",6,"['GUANABANA', 'MAMEY', 'CACAO']","['crop', 'crop', 'crop']",3
CAFE 100%,6,['CAFE'],['crop'],1
"NARANJO 20%, PLATANO 20%, CAFE 60%",6,"['NARANJA', 'PLATANO', 'CAFE']","['crop', 'crop', 'crop']",3
"PLATANO 30%, CAFE 70%",6,"['PLATANO', 'CAFE']","['crop', 'crop']",2
CAFE 60 - PLATANO 40,6,"['CAFE', 'PLATANO']","['crop', 'crop']",2
CAFE 70 - PLATANO 20 - NARANJO 10,6,"['CAFE', 'PLATANO', 'NARANJA']","['crop', 'crop', 'crop']",3
CAFE 50%-PLATANO 50,6,"['CAFE', 'PLATANO']","['crop', 'crop']",2
CAFE 60-PLATANO 30-NARANJO 10,6,"['CAFE', 'PLATANO', 'NARANJA']","['crop', 'crop', 'crop']",3
"PLATANO 50, CAFE 50",6,"['PLATANO', 'CAFE']","['crop', 'crop']",2
CAFE 80% PLATANO 20%,6,"['CAFE', 'PLATANO']","['crop', 'crop']",2
"CAFE 70, PLATANO 20, HUABO 10",6,"['CAFE', 'PLATANO', 'GUABO']","['crop', 'crop', 'crop']",3
MANGOI,6,['MANGOI'],['crop'],1
"MANGO 50%, LIMON 50%",6,"['MANGO', 'LIMON']","['crop', 'crop']",2
LIMON- PLATANO,6,"['LIMON', 'PLATANO']","['crop', 'crop']",2
"35% CAFETO, 35% NARANJO, 30% PLATANO",6,"['CAFE', 'NARANJA', 'PLATANO']","['crop', 'crop', 'crop']",3
"CAFÉ 50%, PLATANO 40%, NARANJO 10%",6,"['CAFE', 'PLATANO', 'NARANJA']","['crop', 'crop', 'crop']",3
CAFETO,6,['CAFE'],['crop'],1
NUDILLOS,6,['NUDILLO'],['pasture'],1
PASTO   ELEFANTE,6,['PASTO ELEFANTE'],['pasture'],1
"GUAYAQUIL,CAÑA",6,"['GUAYAQUIL', 'CAÑA DE AZUCAR']","['crop', 'crop']",2
"PLATANO , CAFE",6,"['PLATANO', 'CAFE']","['crop', 'crop']",2
"NATURALES, GRAMA CHILENA",6,"['PASTO NATURAL', 'GRAMA CHILENA']","['pasture', 'pasture']",2
"CAFE, PLATANO, CAÑA",6,"['CAFE', 'PLATANO', 'CAÑA DE AZUCAR']","['crop', 'crop', 'crop']",3
"FAIQUILLO, CHIRIMOYO",6,"['FAIQUILLO', 'CHIRIMOYA']","['crop', 'crop']",2
PAJA DE TORO,6,['PAJA DE TORO'],['pasture'],1
"PASTO ELEFANTE, PASTO CASTILLA",6,"['PASTO ELEFANTE', 'PASTO CASTILLA']","['pasture', 'pasture']",2
MAIZ PAPA REPOLLO,6,"['MAIZ', 'PAPA', 'REPOLLO']","['crop', 'crop', 'crop']",3
PINO EUCALIPTO,6,"['PINO', 'EUCALIPTO']","['crop', 'crop']",2
 DESCANSO,6,['DESCANSO'],['fallow'],1
        MANGO 50% CACAO 50%,6,"['MANGO', 'CACAO']","['crop', 'crop']",2
"GRAMA CRIOLLA, PAJA CHILENA",6,"['GRAMA CRIOLLA', 'PAJA CHILENA']","['pasture', 'pasture']",2
"EUCALIPTO, PALO BLANCO",6,"['EUCALIPTO', 'PALO BLANCO']","['crop', 'crop']",2
PLATANO - CAFE - CAÑA,6,"['PLATANO', 'CAFE', 'CAÑA DE AZUCAR']","['crop', 'crop', 'crop']",3
"MAIZ, LEGUMINOSAS, PAPA",6,"['MAIZ', 'MENESTRAS', 'PAPA']","['crop', 'crop', 'crop']",3
"ALGARROBO, ZAPOTE",6,"['ALGARROBO', 'ZAPOTE']","['crop', 'crop']",2
"GUAYAQUIL,PLATANO",6,"['GUAYAQUIL', 'PLATANO']","['crop', 'crop']",2
"BANANO,CAÑA",6,"['BANANO', 'CAÑA DE AZUCAR']","['crop', 'crop']",2
"PAJA CHILENA,CAÑA",6,"['PAJA CHILENA', 'CAÑA DE AZUCAR']","['pasture', 'crop']",2
PAJA CULQUEÑA,6,['PAJA CULQUEÑA'],['pasture'],1
FORESTALES,6,['FORESTALES'],['crop'],1
"CAÑA,PAJA DE CORTE",6,"['CAÑA DE AZUCAR', 'PAJA DE CORTE']","['crop', 'pasture']",2
"LIMON, MANGO, COCO, NARANJO",6,"['LIMON', 'MANGO', 'COCO', 'NARANJA']","['crop', 'crop', 'crop', 'crop']",4
MAIZ- TRIGO,6,"['MAIZ', 'TRIGO']","['crop', 'crop']",2
"CAFE 50%, TARA 50%",6,"['CAFE', 'TARA']","['crop', 'crop']",2
"NARANJA, PALTA",6,"['NARANJA', 'PALTA']","['crop', 'crop']",2
PASTO MEJORADO,6,['PASTO MEJORADO'],['pasture'],1
"PASTO MELQUERON 50%, PIKUYA 50%",6,"['MELQUERON', 'PIKUYA']","['pasture', 'crop']",2
"PASTO MELQUERON, PICUYA",6,"['MELQUERON', 'PICUYA']","['pasture', 'crop']",2
"MAIZ 20%, ARVEJA 20%",6,"['MAIZ', 'ARVEJA']","['crop', 'crop']",2
GRAMINIA MERKERON,6,['GRAMINIA MERKERON'],['pasture'],1
PICUY- SURAL,6,"['PICUY', 'SURAL']","['crop', 'crop']",2
CROTALARIA,6,['CROTALARIA'],['crop'],1
"PAJA CEROSA 50%, GRAMA CRIOLLA 50%",6,"['PAJA CEROSA', 'GRAMA CRIOLLA']","['pasture', 'pasture']",2
CAFE 50% - CAÑA 50%,6,"['CAFE', 'CAÑA DE AZUCAR']","['crop', 'crop']",2
VILCO,6,['VILCO'],['crop'],1
PLATANO 70% - CAFE 30%,6,"['PLATANO', 'CAFE']","['crop', 'crop']",2
"PASTO CHILENO 70, PASTO ELEFANTE 30",6,"['PASTO CHILENO', 'PASTO ELEFANTE']","['pasture', 'pasture']",2
"PASTO ELEFANTE , GRAMA CHILENA",6,"['PASTO ELEFANTE', 'GRAMA CHILENA']","['pasture', 'pasture']",2
GRAMA ELEFANTE,6,"['GRAMA', 'PASTO ELEFANTE']","['pasture', 'pasture']",2
"TRIGO, MAIZ, ARVERJA",5,"['TRIGO', 'MAIZ', 'ARVEJA']","['crop', 'crop', 'crop']",3
"EN DESCANSO, EXISTEN RASTRIJOS DE ARROZ",5,"['DESCANSO', 'RASTRIJOS DE ARROZ']","['fallow', 'crop']",2
ARROZ (CULTIVO TRANSITORIO),5,['ARROZ'],['crop'],1
FRIJOL Y CAMOTE,5,"['FRIJOL', 'CAMOTE']","['crop', 'crop']",2
"ARROZ, PLATANO",5,"['ARROZ', 'PLATANO']","['crop', 'crop']",2
ARROZ EN TRANSPLANTE,5,['ARROZ EN TRANSPLANTE'],['crop'],1
TERRENO EN DESCANSON,5,['TERRENO EN DESCANSON'],['fallow'],1
TOMATE Y AJI,5,"['TOMATE', 'AJI']","['crop', 'crop']",2
TERRENO DESOCUPADO,5,['TERRENO DESOCUPADO'],['crop'],1
PREDIO EN LIMPIEZA PARA SIEMBRA,5,['PREDIO EN LIMPIEZA PARA SIEMBRA'],['land_prep'],1
ARRO,5,['ARRO'],['crop'],1
EXISTENCIA DE ALGARROBOS,5,['EXISTENCIA DE ALGARROBOS'],['crop'],1
MAIZ - YUCA,5,"['MAIZ', 'YUCA']","['crop', 'crop']",2
GRADEO PARA ARROZ,5,['GRADEO PARA ARROZ'],['land_prep'],1
TERENO EN DESCANSO,5,['TERENO EN DESCANSO'],['fallow'],1
LAGODON,5,['LAGODON'],['crop'],1
FREJOL SARANDAJA,5,"['FRIJOL', 'ZARANDAJA']","['crop', 'crop']",2
MAIZ FREJOL,5,"['MAIZ', 'FRIJOL']","['crop', 'crop']",2
TERRENO EN DECSNASO,5,['TERRENO EN DECSNASO'],['crop'],1
ARROIZ,5,['ARROIZ'],['crop'],1
"MAIZ , FREJOL",5,"['MAIZ', 'FRIJOL']","['crop', 'crop']",2
EN  DESCANSO,5,['DESCANSO'],['fallow'],1
DRESCANSO,5,['DRESCANSO'],['crop'],1
HUABO Y MANGO,5,"['GUABO', 'MANGO']","['crop', 'crop']",2
"DESCANSO, RASTROJOS DE ARROZ",5,"['DESCANSO', 'ARROZ']","['fallow', 'crop']",2
MANGO CIRUELO,5,['MANGO'],['crop'],1
DESWCANSO,5,['DESWCANSO'],['crop'],1
ALGODN,5,['ALGODN'],['crop'],1
MANGO Y GUABO,5,"['MANGO', 'GUABO']","['crop', 'crop']",2
"YUCA, CAÑA",5,"['YUCA', 'CAÑA DE AZUCAR']","['crop', 'crop']",2
"PLATANO, CAFE Y NARANJO",5,"['PLATANO', 'CAFE', 'NARANJA']","['crop', 'crop', 'crop']",3
"PLATANO, CAFE Y GRANADILLA",5,"['PLATANO', 'CAFE', 'GRANADILLA']","['crop', 'crop', 'crop']",3
CAÑ DE AZUCAR,5,['CAÑ DE AZUCAR'],['crop'],1
"TRIGO, CAÑA DE AZUCAR",5,"['TRIGO', 'CAÑA DE AZUCAR']","['crop', 'crop']",2
"TRIGO, FREJOL",5,"['TRIGO', 'FRIJOL']","['crop', 'crop']",2
FREJOL Y YUCA,5,"['FRIJOL', 'YUCA']","['crop', 'crop']",2
"OLLUCO, MAIZ",5,"['OLLUCO', 'MAIZ']","['crop', 'crop']",2
"CAÑA DE AZUCAR, MAIZ Y SARANDAJA",5,"['CAÑA DE AZUCAR', 'MAIZ', 'ZARANDAJA']","['crop', 'crop', 'crop']",3
"PASTOS, PLATANOS",5,"['PASTO', 'PLATANO']","['pasture', 'crop']",2
"CAFE , NARANJO Y PLATANO",5,"['CAFE', 'NARANJA', 'PLATANO']","['crop', 'crop', 'crop']",3
"CAFE, CAÑA Y PLATANO",5,"['CAFE', 'CAÑA DE AZUCAR', 'PLATANO']","['crop', 'crop', 'crop']",3
EUCALIPTOS,5,['EUCALIPTO'],['crop'],1
PLATANO Y PASTOS,5,"['PLATANO', 'PASTO']","['crop', 'pasture']",2
"CAÑA, PASTO",5,"['CAÑA DE AZUCAR', 'PASTO']","['crop', 'pasture']",2
MAIZ Y ALBERJA,5,"['MAIZ', 'ARVEJA']","['crop', 'crop']",2
CEBADA Y TRIGO,5,"['CEBADA', 'TRIGO']","['crop', 'crop']",2
PASTOS ELEFANTES,5,"['PASTO', 'PASTO ELEFANTE']","['pasture', 'pasture']",2
"PLATANO, PASTOS",5,"['PLATANO', 'PASTO']","['crop', 'pasture']",2
PLATANO CAÑA DE AZUCAR,5,['PLATANO CAÑA DE AZUCAR'],['crop'],1
CAFE Y CAÑA DE AZUCAR,5,"['CAFE', 'CAÑA DE AZUCAR']","['crop', 'crop']",2
PLATANO 30%-CAFE 50%-NARANJO 20%,5,"['PLATANO', 'CAFE', 'NARANJA']","['crop', 'crop', 'crop']",3
"MANGO, PALTA",5,"['MANGO', 'PALTA']","['crop', 'crop']",2
GRANADILLA,5,['GRANADILLA'],['crop'],1
CACAO 50% MANGO 50%,5,"['CACAO', 'MANGO']","['crop', 'crop']",2
MANGO 45% LIMON 45%,5,"['MANGO', 'LIMON']","['crop', 'crop']",2
ZONA ALTA,5,['ZONA ALTA'],['crop'],1
"MAIZ , YUCA",5,"['MAIZ', 'YUCA']","['crop', 'crop']",2
FREJOL DE PALO Y MAIZ,5,"['FRIJOL DE PALO', 'MAIZ']","['crop', 'crop']",2
PLATANO Y MAMEY,5,"['PLATANO', 'MAMEY']","['crop', 'crop']",2
"CACAO, MANGO Y COCO",5,"['CACAO', 'MANGO', 'COCO']","['crop', 'crop', 'crop']",3
"CAFE, CACAO, NARANJA",5,"['CAFE', 'CACAO', 'NARANJA']","['crop', 'crop', 'crop']",3
PATO ELEFANTE,5,['PATO ELEFANTE'],['pasture'],1
RASTROJO MAIZ,5,['MAIZ'],['crop'],1
CAFE 30%   PLATANO 40%    NARANJA 30%,5,"['CAFE', 'PLATANO', 'NARANJA']","['crop', 'crop', 'crop']",3
CULTIVO ANTERIOR MAIZ,5,['ANTERIOR MAIZ'],['crop'],1
LIMON 100%,5,['LIMON'],['crop'],1
LIMON 80%,5,['LIMON'],['crop'],1
MAIZ 5%,5,['MAIZ'],['crop'],1
MAIZ ARVEJA,5,"['MAIZ', 'ARVEJA']","['crop', 'crop']",2
"MANGO 20, LIMON 10",5,"['MANGO', 'LIMON']","['crop', 'crop']",2
MANGO 30% LIMON 30%,5,"['MANGO', 'LIMON']","['crop', 'crop']",2
MANGO- LIMON,5,"['MANGO', 'LIMON']","['crop', 'crop']",2
MAZI,5,['MAZI'],['crop'],1
TUMBA Y QUEMA,5,"['TUMBA', 'QUEMA']","['crop', 'land_prep']",2
MAIZ - ALGODON,5,"['MAIZ', 'ALGODON']","['crop', 'crop']",2
"TRIGO, ALVERJA, MAIZ",5,"['TRIGO', 'ARVEJA', 'MAIZ']","['crop', 'crop', 'crop']",3
CAÑA 30%,5,['CAÑA DE AZUCAR'],['crop'],1
"TRIGO 50%, PAPA 50%",5,"['TRIGO', 'PAPA']","['crop', 'crop']",2
NODILLO - GRASS,5,"['NODILLO', 'GRASS']","['crop', 'crop']",2
MAIZ 30%    TRIGO 70%,5,"['MAIZ', 'TRIGO']","['crop', 'crop']",2
"MAIZ 25%, TRIGO 25%",5,"['MAIZ', 'TRIGO']","['crop', 'crop']",2
MAIZ 50%-ARROZ 50%,5,"['MAIZ', 'ARROZ']","['crop', 'crop']",2
CAFE 60 % - PLATANO 40%,5,"['CAFE', 'PLATANO']","['crop', 'crop']",2
HUABO,5,['GUABO'],['crop'],1
NARANJO 20%- PLATANO 30%- CAFE 50%,5,"['NARANJA', 'PLATANO', 'CAFE']","['crop', 'crop', 'crop']",3
NARANJO 20%- PLATANO 30%-CAFE 50%,5,"['NARANJA', 'PLATANO', 'CAFE']","['crop', 'crop', 'crop']",3
CAFE 70%- PLATANO 25%- NARANJO 5%,5,"['CAFE', 'PLATANO', 'NARANJA']","['crop', 'crop', 'crop']",3
PLATANO 30%- NARANJO 20%- CAFE 50%,5,"['PLATANO', 'NARANJA', 'CAFE']","['crop', 'crop', 'crop']",3
CAFE 25%- PLATANO 25%,5,"['CAFE', 'PLATANO']","['crop', 'crop']",2
CAFE 70% PLATANO 30%,5,"['CAFE', 'PLATANO']","['crop', 'crop']",2
CAFE 50%PLATANO 50%,5,"['CAFE', 'PLATANO']","['crop', 'crop']",2
PLATANO 30%-NARANJO 20%-CAFE 50%,5,"['PLATANO', 'NARANJA', 'CAFE']","['crop', 'crop', 'crop']",3
CAFE 40%-NARANJA 30%-PLATANO 30%,5,"['CAFE', 'NARANJA', 'PLATANO']","['crop', 'crop', 'crop']",3
CAFE 60%-NARANJA 30%-PLATANO 10%,5,"['CAFE', 'NARANJA', 'PLATANO']","['crop', 'crop', 'crop']",3
CAFE 40%-PLATANO 40%,5,"['CAFE', 'PLATANO']","['crop', 'crop']",2
PASTOS DE INVERNA,5,['PASTOS DE INVERNA'],['pasture'],1
PLATANO 20%-CAFE 60%-NARANJO 20%,5,"['PLATANO', 'CAFE', 'NARANJA']","['crop', 'crop', 'crop']",3
MAIZ 50%-FREJOL 50%,5,"['MAIZ', 'FRIJOL']","['crop', 'crop']",2
ARROZ 70%-MAIZ 30%,5,"['ARROZ', 'MAIZ']","['crop', 'crop']",2
PASTOELEFANTE,5,['PASTOELEFANTE'],['pasture'],1
ARROZ 30%-FRIJOL 20%,5,"['ARROZ', 'FRIJOL']","['crop', 'crop']",2
CAÑA DEAZUCAR,5,['CAÑA DEAZUCAR'],['crop'],1
CAFE 40 - PLATANO 40 - NARANJA 20,5,"['CAFE', 'PLATANO', 'NARANJA']","['crop', 'crop', 'crop']",3
ROBLES,5,['ROBLE'],['crop'],1
"CAFE 40, PLATANO 40, CAÑA DE AZUCAR",5,"['CAFE', 'PLATANO', 'CAÑA DE AZUCAR']","['crop', 'crop', 'crop']",3
"CAFE 40, PLATANO 40, CAÑA DE AZUCAR 20",5,"['CAFE', 'PLATANO', 'CAÑA DE AZUCAR']","['crop', 'crop', 'crop']",3
CAFE 80%-PLATANO 205,5,"['CAFE', 'PLATANO']","['crop', 'crop']",2
"CAFE 70, PLATANO 25, HUABO",5,"['CAFE', 'PLATANO', 'GUABO']","['crop', 'crop', 'crop']",3
MANGO 60% LIMON 40%,5,"['MANGO', 'LIMON']","['crop', 'crop']",2
CARRIZO,5,['CARRIZO'],['crop'],1
HUAYAQUIL,5,['HUAYAQUIL'],['crop'],1
"50% PASTO ELEFANTE, 50% GRAMALOTE",5,"['PASTO ELEFANTE', 'GRAMALOTE']","['pasture', 'pasture']",2
PAHUALQUE,5,['PAHUALQUE'],['crop'],1
"MAÍZ(50%), CAMOTE(20%)",5,"['MAIZ', 'CAMOTE']","['crop', 'crop']",2
"BANANO, CAÑA DE AZUCAR",5,"['BANANO', 'CAÑA DE AZUCAR']","['crop', 'crop']",2
FALSO ROBLE,5,['FALSO ROBLE'],['crop'],1
PAJA DE TORO Y ELEFANTE,5,"['PAJA DE TORO', 'PASTO ELEFANTE']","['pasture', 'pasture']",2
SUELO EN DESCANSO,5,['SUELO EN DESCANSO'],['fallow'],1
"ALCANFOR, EUCALIPTO",5,"['ALCANFOR', 'EUCALIPTO']","['crop', 'crop']",2
               MAIZ,5,['MAIZ'],['crop'],1
"PAJUL, ALISO",5,"['PAJUL', 'ALISO']","['crop', 'crop']",2
MAIZ PAPA,5,"['MAIZ', 'PAPA']","['crop', 'crop']",2
PASTO  CRIOLLO,5,['PASTO CRIOLLO'],['pasture'],1
"ALISO, PUCHUGUERO",5,"['ALISO', 'PUCHUGUERO']","['crop', 'crop']",2
ZAPALLO,5,['ZAPALLO'],['crop'],1
ALISO Y PAJUL,5,"['ALISO', 'PAJUL']","['crop', 'crop']",2
MANGO 40% LIMON 40%,5,"['MANGO', 'LIMON']","['crop', 'crop']",2
"MAIZ, TRIGO, LEGUMINOSAS",5,"['MAIZ', 'TRIGO', 'MENESTRAS']","['crop', 'crop', 'crop']",3
PASTO MEJORADO(ELEFANTE),5,['PASTO MEJORADO'],['pasture'],1
GRAMA Y PAJA,5,"['GRAMA', 'PAJA']","['pasture', 'pasture']",2
CAÑA - CAFE,5,"['CAÑA DE AZUCAR', 'CAFE']","['crop', 'crop']",2
"PLATANO, GUAYAQUIL",5,"['PLATANO', 'GUAYAQUIL']","['crop', 'crop']",2
"PLATANO, PAJA CHILENA",5,"['PLATANO', 'PAJA CHILENA']","['crop', 'pasture']",2
HUABOS,5,['GUABO'],['crop'],1
"PLATANO, CAÑA, GUAYAQUIL",5,"['PLATANO', 'CAÑA DE AZUCAR', 'GUAYAQUIL']","['crop', 'crop', 'crop']",3
CAFE 50% CAÑA 50%,5,"['CAFE', 'CAÑA DE AZUCAR']","['crop', 'crop']",2
...,5,[],[],0
"GRAMA(50%), NUDILLO(50%)",5,"['GRAMA', 'NUDILLO']","['pasture', 'pasture']",2
"NATIVOS, ALGARROBOS, FAIQUE",5,"['NATIVOS', 'ALGARROBO', 'FAIQUE']","['crop', 'crop', 'crop']",3
"CAÑA,PLATANO,PAJA CHILENA",5,"['CAÑA DE AZUCAR', 'PLATANO', 'PAJA CHILENA']","['crop', 'crop', 'pasture']",3
GRAMA  SPP,5,['GRAMA SPP'],['pasture'],1
"PASTO ELEFANTE,PASTO CHILENO",5,"['PASTO ELEFANTE', 'PASTO CHILENO']","['pasture', 'pasture']",2
"CAÑA DE AZUCAR,PASTO ELEFANTE",5,"['CAÑA DE AZUCAR', 'PASTO ELEFANTE']","['crop', 'pasture']",2
"CAÑA, PASTO ELEFANTE",5,"['CAÑA DE AZUCAR', 'PASTO ELEFANTE']","['crop', 'pasture']",2
YUCA- MAIZ,5,"['YUCA', 'MAIZ']","['crop', 'crop']",2
"BANANO, CAÑA",5,"['BANANO', 'CAÑA DE AZUCAR']","['crop', 'crop']",2
ARBEJA,5,['ARVEJA'],['crop'],1
CAFE- PLATANO,5,"['CAFE', 'PLATANO']","['crop', 'crop']",2
"ARROZ, SOYA",5,"['ARROZ', 'SOYA']","['crop', 'crop']",2
SOYA - MAIZ,5,"['SOYA', 'MAIZ']","['crop', 'crop']",2
SOYA- MAIZ,5,"['SOYA', 'MAIZ']","['crop', 'crop']",2
GRAMALOTE - MIÑATE,5,"['GRAMALOTE', 'MIÑATE']","['pasture', 'crop']",2
GRAMA Y ALFALFILLA,5,"['GRAMA', 'ALFALFILLA']","['pasture', 'pasture']",2
PAPA - FREJOL,5,"['PAPA', 'FRIJOL']","['crop', 'crop']",2
PAJA GIGANTE 50%- SORGO 50%,5,"['PAJA GIGANTE', 'SORGO']","['pasture', 'crop']",2
TRIGO 20% - ARVEJA 20%,5,"['TRIGO', 'ARVEJA']","['crop', 'crop']",2
CAÑA 60% - PLATANO 20%,5,"['CAÑA DE AZUCAR', 'PLATANO']","['crop', 'crop']",2
SORGO 20% - PAJA CHILENA 80%,5,"['SORGO', 'PAJA CHILENA']","['crop', 'pasture']",2
"PASTO ELEFANTE 50%, PASTO NUDILLO 50%",5,"['PASTO ELEFANTE', 'PASTO', 'NUDILLO']","['pasture', 'pasture', 'pasture']",3
"MAIZ , MARACUYA",4,"['MAIZ', 'MARACUYA']","['crop', 'crop']",2
TERRENO TOTALMENTE SALITROSO,4,['TERRENO TOTALMENTE SALITROSO'],['fallow'],1
MECANIZ.,4,['MECANIZADO'],['land_prep'],1
"EN DESCANSO, EXISTE RASTROJOS DE ARROZ",4,"['DESCANSO', 'ARROZ']","['fallow', 'crop']",2
"EN DESCANSO, EXISTEN RASTOJOS DE ARROZ",4,"['DESCANSO', 'RASTOJOS DE ARROZ']","['fallow', 'crop']",2
"EN DESCANSO, EXISTEN RASTROJOS DE  ARROZ",4,"['DESCANSO', 'ARROZ']","['fallow', 'crop']",2
BOSQUES,4,['COBERTURA ARBOREA'],['crop'],1
EN LIMPIEZA PARA SIEMBRA,4,['LIMPIEZA PARA SIEMBRA'],['land_prep'],1
ARRZ,4,['ARROZ'],['crop'],1
CAÑA BRAVA,4,['CAÑA BRAVA'],['crop'],1
ARROZ Y TOMATE,4,"['ARROZ', 'TOMATE']","['crop', 'crop']",2
NO MECANIZADA,4,['NO MECANIZADA'],['land_prep'],1
MONTAÑOSO Y SALITROSO,4,"['MONTAÑOSO', 'TERRENO SALINO']","['crop', 'fallow']",2
"MAIZ,PASTO",4,"['MAIZ', 'PASTO']","['crop', 'pasture']",2
"MAZI, CHOCLO, FRIJOL",4,"['MAZI', 'CHOCLO', 'FRIJOL']","['crop', 'crop', 'crop']",3
PIMIENTO,4,['PIMIENTO'],['crop'],1
ARROZD,4,['ARROZD'],['crop'],1
"ALGODON,MAIZ",4,"['ALGODON', 'MAIZ']","['crop', 'crop']",2
"ARROZ,ALGODON",4,"['ARROZ', 'ALGODON']","['crop', 'crop']",2
SIN TIPO DE PLANTACION,4,['SIN TIPO DE PLANTACION'],['crop'],1
TERRENO EN DESCNASO,4,['TERRENO EN DESCNASO'],['crop'],1
LIMPIEZA PARA SIEMBRA DE FREJOL,4,['LIMPIEZA PARA SIEMBRA DE FREJOL'],['land_prep'],1
EXISTENCIA DE ALGARROBO,4,['EXISTENCIA DE ALGARROBO'],['crop'],1
TERRENO EN DESCAMSO,4,['TERRENO EN DESCAMSO'],['crop'],1
PASTO Y MAIZ,4,"['PASTO', 'MAIZ']","['pasture', 'crop']",2
FREJOL CAUPI,4,['FRIJOL CAUPI'],['crop'],1
GRADEO Y RIEGO DE MACHACO,4,"['GRADEO', 'RIEGO DE MACHACO']","['land_prep', 'crop']",2
"FLORES, LIMON",4,"['FLORES', 'LIMON']","['crop', 'crop']",2
"FLORES, MAIZ",4,"['FLORES', 'MAIZ']","['crop', 'crop']",2
TERRENO  EN DESCANSO,4,['DESCANSO'],['fallow'],1
MANGO TAMARINDO,4,"['MANGO', 'TAMARINDO']","['crop', 'crop']",2
FREJOL  Y MAIZ,4,"['FRIJOL', 'MAIZ']","['crop', 'crop']",2
EN DESCUENTO,4,['DESCUENTO'],['crop'],1
"ARROZ, FREJOL",4,"['ARROZ', 'FRIJOL']","['crop', 'crop']",2
EN DESDCANSO,4,['DESDCANSO'],['crop'],1
PLATANO Y FREJOL,4,"['PLATANO', 'FRIJOL']","['crop', 'crop']",2
"ARROZ,MANGO",4,"['ARROZ', 'MANGO']","['crop', 'crop']",2
RESIDUOS DE MAIZ,4,['RESIDUOS DE MAIZ'],['crop'],1
PLATANO Y ARROZ,4,"['PLATANO', 'ARROZ']","['crop', 'crop']",2
PARA ALGODON,4,['PARA ALGODON'],['crop'],1
"PLATANO, ARROZ",4,"['PLATANO', 'ARROZ']","['crop', 'crop']",2
"LIMON, GUABA",4,"['LIMON', 'GUABO']","['crop', 'crop']",2
PARA SIEMBRA DE ALGODON,4,['ALGODON'],['crop'],1
"MAIZ, FRUTALES",4,"['MAIZ', 'FRUTALES']","['crop', 'crop']",2
MANFO,4,['MANFO'],['crop'],1
MANGO Y HUABO,4,"['MANGO', 'GUABO']","['crop', 'crop']",2
DESCANSXO,4,['DESCANSXO'],['fallow'],1
FRIJOL Y MAIZ,4,"['FRIJOL', 'MAIZ']","['crop', 'crop']",2
EN DESANSO,4,['DESANSO'],['crop'],1
GRADEO ARROZ,4,"['GRADEO', 'ARROZ']","['land_prep', 'crop']",2
PARA SEMBRAR ARROZ,4,['PARA SEMBRAR ARROZ'],['crop'],1
"LIMON, MANGO Y GUABA",4,"['LIMON', 'MANGO', 'GUABO']","['crop', 'crop', 'crop']",3
ARADO Y GRADEADO,4,"['ARADO', 'GRADEO']","['land_prep', 'land_prep']",2
"MANGO, COCO Y PLATANO",4,"['MANGO', 'COCO', 'PLATANO']","['crop', 'crop', 'crop']",3
MANGOS Y PLATANOS,4,"['MANGO', 'PLATANO']","['crop', 'crop']",2
"ARROZ, MAIZ Y YUCA",4,"['ARROZ', 'MAIZ', 'YUCA']","['crop', 'crop', 'crop']",3
"FREJOL, YUCA",4,"['FRIJOL', 'YUCA']","['crop', 'crop']",2
VERDURAS,4,['VERDURAS'],['crop'],1
"YUCA, CAMOTE",4,"['YUCA', 'CAMOTE']","['crop', 'crop']",2
"MAIZ, TRIGO, ALVERJA",4,"['MAIZ', 'TRIGO', 'ARVEJA']","['crop', 'crop', 'crop']",3
"TRIGO, SAMBUMBA",4,"['TRIGO', 'SAMBUMBA']","['crop', 'crop']",2
"ALVERJA, MAIZ",4,"['ARVEJA', 'MAIZ']","['crop', 'crop']",2
"OLLUCO, TRIGO",4,"['OLLUCO', 'TRIGO']","['crop', 'crop']",2
"PLATANO,CAÑA DE AZUCAR",4,"['PLATANO', 'CAÑA DE AZUCAR']","['crop', 'crop']",2
TRIGO Y ALBERJA,4,"['TRIGO', 'ARVEJA']","['crop', 'crop']",2
"YUCA, CAÑA DE AZUCAR",4,"['YUCA', 'CAÑA DE AZUCAR']","['crop', 'crop']",2
ARBERJA,4,['ARBERJA'],['crop'],1
CAMOTE Y CAÑA DE AZUCAR,4,"['CAMOTE', 'CAÑA DE AZUCAR']","['crop', 'crop']",2
"CAÑA DE AZUCAR, CAFE Y PLATANO",4,"['CAÑA DE AZUCAR', 'CAFE', 'PLATANO']","['crop', 'crop', 'crop']",3
"FREJOL, MAIZ, TRIGO",4,"['FRIJOL', 'MAIZ', 'TRIGO']","['crop', 'crop', 'crop']",3
"MAIZ, FREJOL, TRIGO",4,"['MAIZ', 'FRIJOL', 'TRIGO']","['crop', 'crop', 'crop']",3
"PLATANO, CAFE Y CAÑA DE AZUCAR",4,"['PLATANO', 'CAFE', 'CAÑA DE AZUCAR']","['crop', 'crop', 'crop']",3
"TRIGO, MAIZ, FREJOL",4,"['TRIGO', 'MAIZ', 'FRIJOL']","['crop', 'crop', 'crop']",3
"CAFE, GRANADILLA Y PLATANO",4,"['CAFE', 'GRANADILLA', 'PLATANO']","['crop', 'crop', 'crop']",3
`PASTO,4,['`PASTO'],['pasture'],1
"CAÑA DE AZUCAR , PLATANO",4,"['CAÑA DE AZUCAR', 'PLATANO']","['crop', 'crop']",2
"PLATANO , CAFE Y NARANJA",4,"['PLATANO', 'CAFE', 'NARANJA']","['crop', 'crop', 'crop']",3
TRGO,4,['TRGO'],['crop'],1
CANA DE AZUCAR,4,['CAÑA DE AZUCAR'],['crop'],1
"PASTOS,PLATANO",4,"['PASTO', 'PLATANO']","['pasture', 'crop']",2
CAÑA Y PASTO,4,"['CAÑA DE AZUCAR', 'PASTO']","['crop', 'pasture']",2
"PAPA, OLLUCO",4,"['PAPA', 'OLLUCO']","['crop', 'crop']",2
YUCA Y CAMOTE,4,"['YUCA', 'CAMOTE']","['crop', 'crop']",2
"CAÑA DE AZUCAR,PLATANO",4,"['CAÑA DE AZUCAR', 'PLATANO']","['crop', 'crop']",2
"CAÑA, DE AZUCAR, PLATANO",4,"['CAÑA DE AZUCAR', 'AZUCAR', 'PLATANO']","['crop', 'crop', 'crop']",3
OLLUCO Y TRIGO,4,"['OLLUCO', 'TRIGO']","['crop', 'crop']",2
PASTO CAÑA,4,"['PASTO', 'CAÑA DE AZUCAR']","['pasture', 'crop']",2
OLLUCOS,4,['OLLUCO'],['crop'],1
"PAPA,TRIGO",4,"['PAPA', 'TRIGO']","['crop', 'crop']",2
"CAFE, PASTO",4,"['CAFE', 'PASTO']","['crop', 'pasture']",2
PAPA Y ALBERJA,4,"['PAPA', 'ARVEJA']","['crop', 'crop']",2
"PAPA, MAIZ Y CAMOTE",4,"['PAPA', 'MAIZ', 'CAMOTE']","['crop', 'crop', 'crop']",3
PASTO MAIZ,4,"['PASTO', 'MAIZ']","['pasture', 'crop']",2
"TRIGO, ALBERJA",4,"['TRIGO', 'ARVEJA']","['crop', 'crop']",2
"PASTOS , PLATANO",4,"['PASTO', 'PLATANO']","['pasture', 'crop']",2
"TRIGO, ARVERJA, MAIZ",4,"['TRIGO', 'ARVEJA', 'MAIZ']","['crop', 'crop', 'crop']",3
"PASTOS,CAFE",4,"['PASTO', 'CAFE']","['pasture', 'crop']",2
"CAÑA, CAFE",4,"['CAÑA DE AZUCAR', 'CAFE']","['crop', 'crop']",2
"PAPA, REPOLLO",4,"['PAPA', 'REPOLLO']","['crop', 'crop']",2
CAÑA Y TRIGO,4,"['CAÑA DE AZUCAR', 'TRIGO']","['crop', 'crop']",2
"PAPA, OCA",4,"['PAPA', 'OCA']","['crop', 'crop']",2
CAMOTE Y REPOLLO,4,"['CAMOTE', 'REPOLLO']","['crop', 'crop']",2
"CAFE, PLATANO NARANJA",4,"['CAFE', 'PLATANO', 'NARANJA']","['crop', 'crop', 'crop']",3
"ALGODON, CIRUELA",4,"['ALGODON', 'CIRUELA']","['crop', 'crop']",2
"CACAO 70%, MAMEY 30%",4,"['CACAO', 'MAMEY']","['crop', 'crop']",2
"TOMATE, LECHUGA",4,"['TOMATE', 'LECHUGA']","['crop', 'crop']",2
"LIMON, MANGO, FREJOL",4,"['LIMON', 'MANGO', 'FRIJOL']","['crop', 'crop', 'crop']",3
"MARIGOL, LIMON",4,"['MARIGOLD', 'LIMON']","['crop', 'crop']",2
"ALGODON, MANGO",4,"['ALGODON', 'MANGO']","['crop', 'crop']",2
FRUTALES Y ALGODON,4,"['FRUTALES', 'ALGODON']","['crop', 'crop']",2
"COCO, MANGO, LIMON",4,"['COCO', 'MANGO', 'LIMON']","['crop', 'crop', 'crop']",3
TRIGO Y FREJOL,4,"['TRIGO', 'FRIJOL']","['crop', 'crop']",2
"FRUTALES, FREJOL",4,"['FRUTALES', 'FRIJOL']","['crop', 'crop']",2
"LIMON, MANGO, MAIZ",4,"['LIMON', 'MANGO', 'MAIZ']","['crop', 'crop', 'crop']",3
"PLATANO, MAIZ, MANGO",4,"['PLATANO', 'MAIZ', 'MANGO']","['crop', 'crop', 'crop']",3
"HORATLIZAS, CIRUELAS",4,"['HORATLIZAS', 'CIRUELA']","['crop', 'crop']",2
"LIMON, ALGODON",4,"['LIMON', 'ALGODON']","['crop', 'crop']",2
"MAIZ, FREJOL Y TRIGO",4,"['MAIZ', 'FRIJOL', 'TRIGO']","['crop', 'crop', 'crop']",3
"LIMON, PLATANO, MAIZ, MANGO",4,"['LIMON', 'PLATANO', 'MAIZ', 'MANGO']","['crop', 'crop', 'crop', 'crop']",4
"MAIZ, LIMON, MANGO, PLATANO",4,"['MAIZ', 'LIMON', 'MANGO', 'PLATANO']","['crop', 'crop', 'crop', 'crop']",4
"PLATANO, CAFE Y PALTO",4,"['PLATANO', 'CAFE', 'PALTA']","['crop', 'crop', 'crop']",3
PLATANO - LIMON,4,"['PLATANO', 'LIMON']","['crop', 'crop']",2
FREJOL Y MENESTRA,4,"['FRIJOL', 'MENESTRAS']","['crop', 'crop']",2
"FREJOL, CAMOTE",4,"['FRIJOL', 'CAMOTE']","['crop', 'crop']",2
"MAIZ, MANGO, LIMON",4,"['MAIZ', 'MANGO', 'LIMON']","['crop', 'crop', 'crop']",3
NARANJO 30%-PLATANO 30%-CAFE 40%,4,"['NARANJA', 'PLATANO', 'CAFE']","['crop', 'crop', 'crop']",3
"LIMON , ALGODON",4,"['LIMON', 'ALGODON']","['crop', 'crop']",2
"FREJOL DE PALO , SARANDAJA",4,"['FRIJOL DE PALO', 'ZARANDAJA']","['crop', 'crop']",2
LIMON Y MAIZ,4,"['LIMON', 'MAIZ']","['crop', 'crop']",2
"LIMON, SARANDAJA",4,"['LIMON', 'ZARANDAJA']","['crop', 'crop']",2
MANGO 60%,4,['MANGO'],['crop'],1
MANGO 75% LIMON 25%,4,"['MANGO', 'LIMON']","['crop', 'crop']",2
"MARIGOL, MAIZ",4,"['MARIGOLD', 'MAIZ']","['crop', 'crop']",2
PAN LLEVAR (SARANDAJA),4,['PAN LLEVAR'],['crop'],1
"FREJOL DE PALO ,ZARANDAJA",4,"['FRIJOL DE PALO', 'ZARANDAJA']","['crop', 'crop']",2
"MANGO, FREJOL",4,"['MANGO', 'FRIJOL']","['crop', 'crop']",2
"YUCA, MAIZ, FREJOL",4,"['YUCA', 'MAIZ', 'FRIJOL']","['crop', 'crop', 'crop']",3
"MAIZ, MANGO, LIMON, FREJOL",4,"['MAIZ', 'MANGO', 'LIMON', 'FRIJOL']","['crop', 'crop', 'crop', 'crop']",4
QUEMA DE RASTROJOS,4,['QUEMA DE RASTROJOS'],['land_prep'],1
"MANGO, PLATANO Y LIMON",4,"['MANGO', 'PLATANO', 'LIMON']","['crop', 'crop', 'crop']",3
ZARANDAJA Y ALGODON,4,"['ZARANDAJA', 'ALGODON']","['crop', 'crop']",2
"LIMON 10, MANGO 5",4,"['LIMON', 'MANGO']","['crop', 'crop']",2
COBERTURA ARBOREA (APICULTURA),4,['COBERTURA ARBOREA'],['crop'],1
"COCO, MANGO",4,"['COCO', 'MANGO']","['crop', 'crop']",2
"MANGO, COCOTERO",4,"['MANGO', 'COCO']","['crop', 'crop']",2
MANGO Y PAPAYO,4,"['MANGO', 'PAPAYA']","['crop', 'crop']",2
MAIZ ARROZ,4,"['MAIZ', 'ARROZ']","['crop', 'crop']",2
"PLATANO, CAFE Y GUANABANA",4,"['PLATANO', 'CAFE', 'GUANABANA']","['crop', 'crop', 'crop']",3
ARROZ Y MANGO,4,"['ARROZ', 'MANGO']","['crop', 'crop']",2
ARROXZ,4,['ARROXZ'],['crop'],1
CACAO Y CAFE,4,"['CACAO', 'CAFE']","['crop', 'crop']",2
"CACAO, FRUTALES",4,"['CACAO', 'FRUTALES']","['crop', 'crop']",2
"CAÑA, PLATANO, MANGO",4,"['CAÑA DE AZUCAR', 'PLATANO', 'MANGO']","['crop', 'crop', 'crop']",3
"YUCA, MAIZ, FREJOL, PLATANO",4,"['YUCA', 'MAIZ', 'FRIJOL', 'PLATANO']","['crop', 'crop', 'crop', 'crop']",4
"MANGO, CACAO Y PLATANO",4,"['MANGO', 'CACAO', 'PLATANO']","['crop', 'crop', 'crop']",3
"CAFE, MAIZ",4,"['CAFE', 'MAIZ']","['crop', 'crop']",2
"PLATANO, COCO Y MANGO",4,"['PLATANO', 'COCO', 'MANGO']","['crop', 'crop', 'crop']",3
"PLATANO, CAFE, NARANJO",4,"['PLATANO', 'CAFE', 'NARANJA']","['crop', 'crop', 'crop']",3
"CAFE, NARANJA, PLATANO",4,"['CAFE', 'NARANJA', 'PLATANO']","['crop', 'crop', 'crop']",3
"CACAO, NARANJA, CAFE",4,"['CACAO', 'NARANJA', 'CAFE']","['crop', 'crop', 'crop']",3
"PLATANO, CAFE, CACAO, NARANJA",4,"['PLATANO', 'CAFE', 'CACAO', 'NARANJA']","['crop', 'crop', 'crop', 'crop']",4
ZUDAN,4,['ZUDAN'],['crop'],1
"CAFE,PLATANOS",4,"['CAFE', 'PLATANO']","['crop', 'crop']",2
"PLATANO, CAFE, HUABAS",4,"['PLATANO', 'CAFE', 'GUABO']","['crop', 'crop', 'crop']",3
"PLATANO, NARANJA",4,"['PLATANO', 'NARANJA']","['crop', 'crop']",2
"MAIZ, CAFE",4,"['MAIZ', 'CAFE']","['crop', 'crop']",2
"CAFE, HUABAS, PLATANO",4,"['CAFE', 'GUABO', 'PLATANO']","['crop', 'crop', 'crop']",3
"CAFE, HUABAS",4,"['CAFE', 'GUABO']","['crop', 'crop']",2
ALGARROBO - FAIQUE,4,"['ALGARROBO', 'FAIQUE']","['crop', 'crop']",2
ARROZ 60%-MAIZ 40%,4,"['ARROZ', 'MAIZ']","['crop', 'crop']",2
"ARROZ,  MAIZ",4,"['ARROZ', 'MAIZ']","['crop', 'crop']",2
"ARVEJA, TRIGO",4,"['ARVEJA', 'TRIGO']","['crop', 'crop']",2
CACAO Y PLATANO,4,"['CACAO', 'PLATANO']","['crop', 'crop']",2
CAFE PLATANO NARANJAN,4,['CAFE PLATANO NARANJAN'],['crop'],1
CAMPAÑA ANTERIOR FREJOL,4,['CAMPAÑA ANTERIOR FREJOL'],['crop'],1
CAÑA: 20%,4,['CAÑA DE AZUCAR'],['crop'],1
FRIJOL 100%,4,['FRIJOL'],['crop'],1
"FRIJOL CASTILLA 90%, MAIZ 10%",4,"['FRIJOL CASTILLA', 'MAIZ']","['crop', 'crop']",2
FRIJOL CAUPI 25%,4,['FRIJOL CAUPI'],['crop'],1
FRIJOL CAUPI 50%,4,['FRIJOL CAUPI'],['crop'],1
FRIJOL DE PALO 50%,4,['FRIJOL DE PALO'],['crop'],1
"FRIJOL DE PALO 50%, PLATANO 50%",4,"['FRIJOL DE PALO', 'PLATANO']","['crop', 'crop']",2
LIMON 20%,4,['LIMON'],['crop'],1
LIMON 25%,4,['LIMON'],['crop'],1
"LIMON 25, MANGO 25",4,"['LIMON', 'MANGO']","['crop', 'crop']",2
LIMON 70%,4,['LIMON'],['crop'],1
LIMON PLATANO,4,"['LIMON', 'PLATANO']","['crop', 'crop']",2
LIMON PLATANO NARANJA,4,"['LIMON', 'PLATANO', 'NARANJA']","['crop', 'crop', 'crop']",3
LIMONERO - MANGO,4,"['LIMON', 'MANGO']","['crop', 'crop']",2
"LIMONERO 20, MANGO 20",4,"['LIMON', 'MANGO']","['crop', 'crop']",2
"LIMONERO 50, MANGO 50",4,"['LIMON', 'MANGO']","['crop', 'crop']",2
"LIMONERO 80, MANGO 20",4,"['LIMON', 'MANGO']","['crop', 'crop']",2
M AIZ,4,['M AIZ'],['crop'],1
"MAIZ 50%, FREJOL 50%",4,"['MAIZ', 'FRIJOL']","['crop', 'crop']",2
MAIZ 90,4,['MAIZ'],['crop'],1
MAIZ FRIJOL DE PALO,4,['MAIZ FRIJOL DE PALO'],['crop'],1
MAIZ PLATANO,4,"['MAIZ', 'PLATANO']","['crop', 'crop']",2
MANGO - CACAO,4,"['MANGO', 'CACAO']","['crop', 'crop']",2
"MANGO 15, LIMON 15",4,"['MANGO', 'LIMON']","['crop', 'crop']",2
"MANGO 20, LIMONERO 10",4,"['MANGO', 'LIMON']","['crop', 'crop']",2
"MANGO 20, LIMONERO 30",4,"['MANGO', 'LIMON']","['crop', 'crop']",2
"MANGO 25 %, COCOTERO 25 %",4,"['MANGO', 'COCO']","['crop', 'crop']",2
MANGO 25% COCOTERO 25%,4,"['MANGO', 'COCO']","['crop', 'crop']",2
"MANGO 40, LIMON 30",4,"['MANGO', 'LIMON']","['crop', 'crop']",2
"MANGO 40, LIMON 40",4,"['MANGO', 'LIMON']","['crop', 'crop']",2
"MANGO 40, LIMONERO 40",4,"['MANGO', 'LIMON']","['crop', 'crop']",2
"MANGO 50, LIMON 30",4,"['MANGO', 'LIMON']","['crop', 'crop']",2
MANGO 60% LIMON 30%,4,"['MANGO', 'LIMON']","['crop', 'crop']",2
MANGO 80%,4,['MANGO'],['crop'],1
"MANGO, LIMON, TAMARINDO",4,"['MANGO', 'LIMON', 'TAMARINDO']","['crop', 'crop', 'crop']",3
MANGO-LIMON-TAMARINDO,4,"['MANGO', 'LIMON', 'TAMARINDO']","['crop', 'crop', 'crop']",3
NUDILLO Y PAJA BLANCA,4,"['NUDILLO', 'PAJA BLANCA']","['pasture', 'pasture']",2
PAJA BLANCA,4,['PAJA BLANCA'],['pasture'],1
RASTROJO ARROZ,4,['ARROZ'],['crop'],1
TAMARINDO - LIMON,4,"['TAMARINDO', 'LIMON']","['crop', 'crop']",2
CAFE 45%-PLATANO 45%-NARANJO 10%,4,"['CAFE', 'PLATANO', 'NARANJA']","['crop', 'crop', 'crop']",3
MAIZ AMARILLO,4,['MAIZ'],['crop'],1
"PLATANO, CACAO Y CAÑA DE AZUCAR",4,"['PLATANO', 'CACAO', 'CAÑA DE AZUCAR']","['crop', 'crop', 'crop']",3
ARROZ (50%),4,['ARROZ'],['crop'],1
PLATANO 10%,4,['PLATANO'],['crop'],1
MAIZ - CAMOTE,4,"['MAIZ', 'CAMOTE']","['crop', 'crop']",2
CAÑA (20%),4,['CAÑA DE AZUCAR'],['crop'],1
CEBADA (50%)     TRIGO(50%),4,"['CEBADA', 'TRIGO']","['crop', 'crop']",2
"TRIGO,  CEBADA",4,"['TRIGO', 'CEBADA']","['crop', 'crop']",2
"AJO, PAPA, MAIZ",4,"['AJO', 'PAPA', 'MAIZ']","['crop', 'crop', 'crop']",3
"OLLUCO, MAIZ, PAPA",4,"['OLLUCO', 'MAIZ', 'PAPA']","['crop', 'crop', 'crop']",3
CEBADA 50%     TRIGO 50%,4,"['CEBADA', 'TRIGO']","['crop', 'crop']",2
MAIZ 50%      TRIGO 50%,4,"['MAIZ', 'TRIGO']","['crop', 'crop']",2
TRIGO 70%    MAIZ 30%,4,"['TRIGO', 'MAIZ']","['crop', 'crop']",2
SOSO,4,['SOSO'],['crop'],1
MAIZ 50%    FRIJOL 50%,4,"['MAIZ', 'FRIJOL']","['crop', 'crop']",2
"MAIZ, TRIGO, ARVERJA",4,"['MAIZ', 'TRIGO', 'ARVEJA']","['crop', 'crop', 'crop']",3
"ARVERJA, CEBADA",4,"['ARVEJA', 'CEBADA']","['crop', 'crop']",2
CAMOTE - MAIZ HIBRIDO,4,"['CAMOTE', 'MAIZ HIBRIDO']","['crop', 'crop']",2
"TRIGO 80%, ALVERJA 20%",4,"['TRIGO', 'ARVEJA']","['crop', 'crop']",2
"FRIJOL, ALGODON",4,"['FRIJOL', 'ALGODON']","['crop', 'crop']",2
"ARVERJA, MAIZ",4,"['ARVEJA', 'MAIZ']","['crop', 'crop']",2
TRIGO 50%     MAIZ 30%      ARVEJA 20%,4,"['TRIGO', 'MAIZ', 'ARVEJA']","['crop', 'crop', 'crop']",3
"TRIGO 50%, CEBADA 50%",4,"['TRIGO', 'CEBADA']","['crop', 'crop']",2
PLATANO - CAÑA DE AZUCAR,4,"['PLATANO', 'CAÑA DE AZUCAR']","['crop', 'crop']",2
PLATANO - NARANJA,4,"['PLATANO', 'NARANJA']","['crop', 'crop']",2
MAIZ - PAPA,4,"['MAIZ', 'PAPA']","['crop', 'crop']",2
CAFE 50%,4,['CAFE'],['crop'],1
TRIGO 50% MAIZ 50%,4,"['TRIGO', 'MAIZ']","['crop', 'crop']",2
MAIZ - FRIJOL,4,"['MAIZ', 'FRIJOL']","['crop', 'crop']",2
CAFE CACAO,4,"['CAFE', 'CACAO']","['crop', 'crop']",2
"MANGO (80%), LIMONERO(20%)",4,"['MANGO', 'LIMON']","['crop', 'crop']",2
LIMON 80%  MANGO 10%,4,"['LIMON', 'MANGO']","['crop', 'crop']",2
ALGODON-MAIZ,4,"['ALGODON', 'MAIZ']","['crop', 'crop']",2
"LIMONERO (80%), MANGO (20%)",4,"['LIMON', 'MANGO']","['crop', 'crop']",2
"MANGO 70%, LIMON 30%",4,"['MANGO', 'LIMON']","['crop', 'crop']",2
"MANGO 40%, LIMON 20%",4,"['MANGO', 'LIMON']","['crop', 'crop']",2
"MANGO 30%, LIMON 70%",4,"['MANGO', 'LIMON']","['crop', 'crop']",2
LIMON 20,4,['LIMON'],['crop'],1
LIMON 50%  MANGO 50%,4,"['LIMON', 'MANGO']","['crop', 'crop']",2
MANGO 20%  LIMON 80%,4,"['MANGO', 'LIMON']","['crop', 'crop']",2
"MANGO 60, LIMONERO 20, PALTO 10",4,"['MANGO', 'LIMON', 'PALTA']","['crop', 'crop', 'crop']",3
CAFE 60 % - PLATANO 30 % - NARANJO 10 %,4,"['CAFE', 'PLATANO', 'NARANJA']","['crop', 'crop', 'crop']",3
PLATANO 20%-NARANJO 30%-CAFE 50%,4,"['PLATANO', 'NARANJA', 'CAFE']","['crop', 'crop', 'crop']",3
CAFE 60%- PLATANO 30%-NARANJO 10%,4,"['CAFE', 'PLATANO', 'NARANJA']","['crop', 'crop', 'crop']",3
CAFE 50 % - PLATANO 50 5,4,"['CAFE', 'PLATANO']","['crop', 'crop']",2
CAFE 50 %- PLATANO 50%,4,"['CAFE', 'PLATANO']","['crop', 'crop']",2
CAFE 60 %- PLATANO 40 %,4,"['CAFE', 'PLATANO']","['crop', 'crop']",2
CAFE 50% PLATANO50%,4,"['CAFE', 'PLATANO']","['crop', 'crop']",2
CAFE 40%- PLATANO 40%- NARANJO 20%,4,"['CAFE', 'PLATANO', 'NARANJA']","['crop', 'crop', 'crop']",3
ALGODONDERO,4,['ALGODONDERO'],['crop'],1
CAFE 60 % - PLATANO 35 % - NARANJO 5 %,4,"['CAFE', 'PLATANO', 'NARANJA']","['crop', 'crop', 'crop']",3
CAFE 30%- PLATANO 30%,4,"['CAFE', 'PLATANO']","['crop', 'crop']",2
CAFE 30%- PLATANO 20%,4,"['CAFE', 'PLATANO']","['crop', 'crop']",2
PLATANO 20%- CAFE 505- NARANJO 30%,4,"['PLATANO', 'CAFE', 'NARANJA']","['crop', 'crop', 'crop']",3
PLATANO 20%-CAFE 50%-NARANJO 30%,4,"['PLATANO', 'CAFE', 'NARANJA']","['crop', 'crop', 'crop']",3
CAFE50%-PLATANO 50%,4,"['CAFE', 'PLATANO']","['crop', 'crop']",2
CAFE 20%,4,['CAFE'],['crop'],1
CAFE 50%-PLATANO 40%-NARANJO 10%,4,"['CAFE', 'PLATANO', 'NARANJA']","['crop', 'crop', 'crop']",3
PLATANO 60%-CAFE 40%,4,"['PLATANO', 'CAFE']","['crop', 'crop']",2
CAFE 80% PLATANO 10% NARANJO 10%,4,"['CAFE', 'PLATANO', 'NARANJA']","['crop', 'crop', 'crop']",3
NARANJO 20% PLATANO 40% CAFE 40%,4,"['NARANJA', 'PLATANO', 'CAFE']","['crop', 'crop', 'crop']",3
PLATANO 30% CAFE 70%,4,"['PLATANO', 'CAFE']","['crop', 'crop']",2
CAFE 50%-PLATANO 30%-NARANJO 20%,4,"['CAFE', 'PLATANO', 'NARANJA']","['crop', 'crop', 'crop']",3
CACA0 80%-CAFE 10%-PLATANO 10%,4,"['CACA', 'CAFE', 'PLATANO']","['crop', 'crop', 'crop']",3
CAFE 30%-PASTO ELEFANTE 70%,4,"['CAFE', 'PASTO ELEFANTE']","['crop', 'pasture']",2
CAFE 60%-PLATANO 355-NARANJO 5%,4,"['CAFE', 'PLATANO', 'NARANJA']","['crop', 'crop', 'crop']",3
NARANJA 30%-PLATANO 30%-CAFE 40%,4,"['NARANJA', 'PLATANO', 'CAFE']","['crop', 'crop', 'crop']",3
CACAO 90%-MANGO 10%,4,"['CACAO', 'MANGO']","['crop', 'crop']",2
"MAIZ 50% , FRIJOL 50%",4,"['MAIZ', 'FRIJOL']","['crop', 'crop']",2
"MAIZ 60%, FRIJOL 40%",4,"['MAIZ', 'FRIJOL']","['crop', 'crop']",2
"CAFE 50%,PLATANO 50%",4,"['CAFE', 'PLATANO']","['crop', 'crop']",2
"PLATANO 30%,CAFE 70%",4,"['PLATANO', 'CAFE']","['crop', 'crop']",2
"PLATANO 30%, NARANJO 20%, CAFE 50%",4,"['PLATANO', 'NARANJA', 'CAFE']","['crop', 'crop', 'crop']",3
CAFE 40%-PLATANO 60%,4,"['CAFE', 'PLATANO']","['crop', 'crop']",2
CAFE 505-PLATANO 505,4,"['CAFE', 'PLATANO']","['crop', 'crop']",2
CAFE NARANJO,4,"['CAFE', 'NARANJA']","['crop', 'crop']",2
PLATANO 20%-CAFE 80%,4,"['PLATANO', 'CAFE']","['crop', 'crop']",2
NARANJA 20%-PLATANO 20%-CAFE 60%,4,"['NARANJA', 'PLATANO', 'CAFE']","['crop', 'crop', 'crop']",3
YUCA MAIZ,4,"['YUCA', 'MAIZ']","['crop', 'crop']",2
MANGO 40%,4,['MANGO'],['crop'],1
ARROZ 70%-MAIZ 155-FRIJOL 155,4,"['ARROZ', 'MAIZ', 'FRIJOL']","['crop', 'crop', 'crop']",3
MAIZ 80%-YUCA 20%,4,"['MAIZ', 'YUCA']","['crop', 'crop']",2
CAÑADE AZUCAR,4,['CAÑADE AZUCAR'],['crop'],1
MAIZ 50%-YUCA 50%,4,"['MAIZ', 'YUCA']","['crop', 'crop']",2
ARROZ 30%-MAIZ 20%,4,"['ARROZ', 'MAIZ']","['crop', 'crop']",2
MAIZ 40%,4,['MAIZ'],['crop'],1
YUCA 25%-MAIZ 25%,4,"['YUCA', 'MAIZ']","['crop', 'crop']",2
MAIZ 40%-YUCA 10%,4,"['MAIZ', 'YUCA']","['crop', 'crop']",2
PAJA DECORTE,4,['PAJA DECORTE'],['pasture'],1
FAJAS,4,['FAJAS'],['crop'],1
"MAIZ, YUCA Y FRIJOL",4,"['MAIZ', 'YUCA', 'FRIJOL']","['crop', 'crop', 'crop']",3
ARROZ 60%-MAIZ 20%,4,"['ARROZ', 'MAIZ']","['crop', 'crop']",2
CAFE 80 - PLATANO 20,4,"['CAFE', 'PLATANO']","['crop', 'crop']",2
CAFE 50%-PLATANO 50%.-,4,"['CAFE', 'PLATANO']","['crop', 'crop']",2
CAFE 70-PLATANO 20-NARANJO 10,4,"['CAFE', 'PLATANO', 'NARANJA']","['crop', 'crop', 'crop']",3
CAFE 40-PLATANO 40-CAÑA 20,4,"['CAFE', 'PLATANO', 'CAÑA DE AZUCAR']","['crop', 'crop', 'crop']",3
CAFE 40-PLATANO 40-NARANJA 20,4,"['CAFE', 'PLATANO', 'NARANJA']","['crop', 'crop', 'crop']",3
CAFE 50-PLATANO 30-NARANJA 20,4,"['CAFE', 'PLATANO', 'NARANJA']","['crop', 'crop', 'crop']",3
CAFE 80-PLATANO 10-NARANJO,4,"['CAFE', 'PLATANO', 'NARANJA']","['crop', 'crop', 'crop']",3
PERMANENTES,4,['PERMANENTES'],['crop'],1
CAFE 50%-PLATANO 45%-CAÑA 5,4,"['CAFE', 'PLATANO', 'CAÑA DE AZUCAR']","['crop', 'crop', 'crop']",3
"CAFE 60, PLATANO",4,"['CAFE', 'PLATANO']","['crop', 'crop']",2
"CAFE 50, PLATANO 30, CAÑA DE AZUCAR",4,"['CAFE', 'PLATANO', 'CAÑA DE AZUCAR']","['crop', 'crop', 'crop']",3
"CAFE 65, PLATANO 35",4,"['CAFE', 'PLATANO']","['crop', 'crop']",2
"CAFE 70,PLATANO 30",4,"['CAFE', 'PLATANO']","['crop', 'crop']",2
"CAFE 20, PLATANO 20",4,"['CAFE', 'PLATANO']","['crop', 'crop']",2
MAIZ 10%-PAPA 10%,4,"['MAIZ', 'PAPA']","['crop', 'crop']",2
PASTPS,4,['PASTPS'],['crop'],1
"CAFE 90, PLATANO 5, HUABO 5",4,"['CAFE', 'PLATANO', 'GUABO']","['crop', 'crop', 'crop']",3
"CAFE 70, PLATANO 20, HUABO",4,"['CAFE', 'PLATANO', 'GUABO']","['crop', 'crop', 'crop']",3
"CAFE 80, PLATANO 15, HUABO 5",4,"['CAFE', 'PLATANO', 'GUABO']","['crop', 'crop', 'crop']",3
"CAFE 70, PLATANO 20, CAÑA DE AZUCAR 10",4,"['CAFE', 'PLATANO', 'CAÑA DE AZUCAR']","['crop', 'crop', 'crop']",3
"CAFE 70, PLATANO 25, HUABO 5",4,"['CAFE', 'PLATANO', 'GUABO']","['crop', 'crop', 'crop']",3
MANGO 45% LIMON 55%,4,"['MANGO', 'LIMON']","['crop', 'crop']",2
10%,4,[],[],0
EN DESCANSO 10%,4,['DESCANSO'],['fallow'],1
LIMON 60% MANGO 40%,4,"['LIMON', 'MANGO']","['crop', 'crop']",2
MANGO (50 %) LIMON (50 %),4,"['MANGO', 'LIMON']","['crop', 'crop']",2
"MANGOS, LIMON",4,"['MANGO', 'LIMON']","['crop', 'crop']",2
LIMPIEZA DE TERRENO,4,['LIMPIEZA'],['land_prep'],1
CAFE 80% PLATANO 10% NARANJA 10%,4,"['CAFE', 'PLATANO', 'NARANJA']","['crop', 'crop', 'crop']",3
CAÑA 50% MAIZ 50%,4,"['CAÑA DE AZUCAR', 'MAIZ']","['crop', 'crop']",2
CAFE PLATANO HUABA NARANJO,4,"['CAFE', 'PLATANO', 'GUABO', 'NARANJA']","['crop', 'crop', 'crop', 'crop']",4
TAMARINDOS,4,['TAMARINDO'],['crop'],1
"80% GRAMALOTE, 20% PASTO ELEFANTE",4,"['GRAMALOTE', 'PASTO ELEFANTE']","['pasture', 'pasture']",2
"50% PLATANO, 50% CAFE",4,"['PLATANO', 'CAFE']","['crop', 'crop']",2
"10% MAIZ, 10% HABA",4,"['MAIZ', 'HABA']","['crop', 'crop']",2
GRANA GATEADORA,4,['GRANA GATEADORA'],['crop'],1
MAIZ (10%),4,['MAIZ'],['crop'],1
"CAFE 50%, PLATANO 45%, NARANJO 5%",4,"['CAFE', 'PLATANO', 'NARANJA']","['crop', 'crop', 'crop']",3
ROBLE (10%),4,['ROBLE'],['crop'],1
"CAFETO 60%, PLATANO 30%",4,"['CAFE', 'PLATANO']","['crop', 'crop']",2
PASTO ELEFANTE (50%) PAJA GATEADORA (30%),4,"['PASTO ELEFANTE', 'PAJA GATEADORA']","['pasture', 'pasture']",2
MAIZ FRIJOL,4,"['MAIZ', 'FRIJOL']","['crop', 'crop']",2
"YUCA 10%, MAIZ 10%",4,"['YUCA', 'MAIZ']","['crop', 'crop']",2
"PAJA GRANADINA 70%, CACAO 30%",4,"['PAJA GRANADINA', 'CACAO']","['pasture', 'crop']",2
"CACAO 50%, MAMEY 20%, PLATANO 30%",4,"['CACAO', 'MAMEY', 'PLATANO']","['crop', 'crop', 'crop']",3
PAJA BRECARIA,4,['PAJA BRECARIA'],['pasture'],1
"CAFETO 80%, PLATANO 20%",4,"['CAFE', 'PLATANO']","['crop', 'crop']",2
MAIZ HIBRIDO,4,['MAIZ HIBRIDO'],['crop'],1
"NUDILLO (50%), GRAMA (50%)",4,"['NUDILLO', 'GRAMA']","['pasture', 'pasture']",2
NOGAL EUCALIPTO,4,"['NOGAL', 'EUCALIPTO']","['crop', 'crop']",2
PASTO ELEFANTE P. CHILENO,4,['PASTO ELEFANTE P CHILENO'],['pasture'],1
"NUDILLO(50%), GRAMA(50%)",4,"['NUDILLO', 'GRAMA']","['pasture', 'pasture']",2
CAÑA PLATANO,4,"['CAÑA DE AZUCAR', 'PLATANO']","['crop', 'crop']",2
"ALGARROBO, FAIQUE",4,"['ALGARROBO', 'FAIQUE']","['crop', 'crop']",2
"MAIZ, ARBOLES FRUTALES",4,"['MAIZ', 'FRUTALES']","['crop', 'crop']",2
BANANO Y CAÑA DE AZUCAR,4,"['BANANO', 'CAÑA DE AZUCAR']","['crop', 'crop']",2
"MAIZ, CAFE, FREJOL",4,"['MAIZ', 'CAFE', 'FRIJOL']","['crop', 'crop', 'crop']",3
"REY GRAS, PAJA CHILENA",4,"['REY GRAS', 'PAJA CHILENA']","['crop', 'pasture']",2
PAJA CHILENA Y REY GRASS,4,"['PAJA CHILENA', 'REYGRAS']","['pasture', 'pasture']",2
                                MAIZ,4,['MAIZ'],['crop'],1
CHIRIMOYO,4,['CHIRIMOYA'],['crop'],1
PASTO OLOROSO,4,['PASTO OLOROSO'],['pasture'],1
"GRAMA,PAJA,PASTO DE ELEFANTE",4,"['GRAMA', 'PAJA', 'PASTO ELEFANTE']","['pasture', 'pasture', 'pasture']",3
"GRAMA,PAJA Y PASTO DE ELEFANTE",4,"['GRAMA', 'PAJA', 'PASTO ELEFANTE']","['pasture', 'pasture', 'pasture']",3
"CACAO,PLATANO",4,"['CACAO', 'PLATANO']","['crop', 'crop']",2
PAPA TRIGO,4,"['PAPA', 'TRIGO']","['crop', 'crop']",2
TRIGO MAIZ,4,"['TRIGO', 'MAIZ']","['crop', 'crop']",2
EUCALIPTO PINO,4,"['EUCALIPTO', 'PINO']","['crop', 'crop']",2
"EUCALIPTO, PINO",4,"['EUCALIPTO', 'PINO']","['crop', 'crop']",2
GRAMA CRIOLLA-NUDILLO,4,"['GRAMA CRIOLLA', 'NUDILLO']","['pasture', 'pasture']",2
"ALISO, NOGAL",4,"['ALISO', 'NOGAL']","['crop', 'crop']",2
GRAMA CRIIOLLA,4,['GRAMA CRIIOLLA'],['pasture'],1
"PUCHUGUERO, ALISO, NOGAL",4,"['PUCHUGUERO', 'ALISO', 'NOGAL']","['crop', 'crop', 'crop']",3
EUCALIPTO CIPRES,4,"['EUCALIPTO', 'CIPRES']","['crop', 'crop']",2
CIPRES,4,['CIPRES'],['crop'],1
AGRAMA CRIOLLA,4,['AGRAMA CRIOLLA'],['pasture'],1
GRAMA CRIOLLA Y NUDILLO,4,"['GRAMA CRIOLLA', 'NUDILLO']","['pasture', 'pasture']",2
CRAMA CRIOLLA,4,['CRAMA CRIOLLA'],['crop'],1
PARA SEMBRAR MAIZ Y FREJOL,4,"['PARA SEMBRAR MAIZ', 'FRIJOL']","['crop', 'crop']",2
"PARA PAPA, FREJOL",4,"['PARA PAPA', 'FRIJOL']","['crop', 'crop']",2
"PARA SEMBRAR PAPA, FREJOL",4,"['PARA SEMBRAR PAPA', 'FRIJOL']","['crop', 'crop']",2
"PAPA, TRIGO OCA",4,"['PAPA', 'TRIGO', 'OCA']","['crop', 'crop', 'crop']",3
               GRAMA CRIOLLA,4,['GRAMA CRIOLLA'],['pasture'],1
"PINO, EUCALIPTO",4,"['PINO', 'EUCALIPTO']","['crop', 'crop']",2
CACAO(50%) MANGO(50%),4,"['CACAO', 'MANGO']","['crop', 'crop']",2
PASTO DE ELEFANTES,4,['PASTO ELEFANTE'],['pasture'],1
CAÑA PLATANO CAFE,4,"['CAÑA DE AZUCAR', 'PLATANO', 'CAFE']","['crop', 'crop', 'crop']",3
       GRAMA CHILENA,4,['GRAMA CHILENA'],['pasture'],1
GRAMA CHILENA PASTO CASTILLA,4,['GRAMA CHILENA PASTO CASTILLA'],['pasture'],1
CAÑA DE HUAYAQUIL,4,['CAÑA DE HUAYAQUIL'],['crop'],1
"PLATANO, HUAYAQUIL",4,"['PLATANO', 'HUAYAQUIL']","['crop', 'crop']",2
GRAA CRIOLLA,4,['GRAA CRIOLLA'],['crop'],1
PLATANO - CAFE - GUAYAQUIL,4,"['PLATANO', 'CAFE', 'GUAYAQUIL']","['crop', 'crop', 'crop']",3
"FAIQUE,HIGUERON",4,"['FAIQUE', 'HIGUERON']","['crop', 'crop']",2
"CAFE,CAÑA,PLATANO",4,"['CAFE', 'CAÑA DE AZUCAR', 'PLATANO']","['crop', 'crop', 'crop']",3
MAIZ - HABAS,4,"['MAIZ', 'HABA']","['crop', 'crop']",2
GAMA CRIOLLA,4,['GAMA CRIOLLA'],['crop'],1
"ALGARROBO, SAPOTE",4,"['ALGARROBO', 'SAPOTE']","['crop', 'crop']",2
"PAJA CHILENA, PASTO DE ELEFANTE",4,"['PAJA CHILENA', 'PASTO ELEFANTE']","['pasture', 'pasture']",2
                                   MAIZ,4,['MAIZ'],['crop'],1
"CAÑA, PLATANO Y PAJA CHILENA",4,"['CAÑA DE AZUCAR', 'PLATANO', 'PAJA CHILENA']","['crop', 'crop', 'pasture']",3
"GRAMA CHILENA, PAJA DE CORTE",4,"['GRAMA CHILENA', 'PAJA DE CORTE']","['pasture', 'pasture']",2
PLATANO Y PAJA CHILENA,4,"['PLATANO', 'PAJA CHILENA']","['crop', 'pasture']",2
BANANO 50% CAÑA 50%,4,"['BANANO', 'CAÑA DE AZUCAR']","['crop', 'crop']",2
CAÑA 50% BANANO 50%,4,"['CAÑA DE AZUCAR', 'BANANO']","['crop', 'crop']",2
"BANANO,CAÑA DE AZUCAR",4,"['BANANO', 'CAÑA DE AZUCAR']","['crop', 'crop']",2
ALGARROBO Y ZAPOTE,4,"['ALGARROBO', 'ZAPOTE']","['crop', 'crop']",2
              PASTO ELEFANTE,4,['PASTO ELEFANTE'],['pasture'],1
"BANANO, PAJA DE CORTE",4,"['BANANO', 'PAJA DE CORTE']","['crop', 'pasture']",2
"CAÑA,BANANO",4,"['CAÑA DE AZUCAR', 'BANANO']","['crop', 'crop']",2
GRAMA CHILENA Y PASTO ELEFANTE,4,"['GRAMA CHILENA', 'PASTO ELEFANTE']","['pasture', 'pasture']",2
"GUAYAQUIL,CAFE,PLATANO",4,"['GUAYAQUIL', 'CAFE', 'PLATANO']","['crop', 'crop', 'crop']",3
"PAJA CHILENA,PLATANO",4,"['PAJA CHILENA', 'PLATANO']","['pasture', 'crop']",2
"PLATANO,GUAYAQUIL,PAJA CHILENA",4,"['PLATANO', 'GUAYAQUIL', 'PAJA CHILENA']","['crop', 'crop', 'pasture']",3
"PLATANO,PASTO ELEFANTE",4,"['PLATANO', 'PASTO ELEFANTE']","['crop', 'pasture']",2
"PLATANO,GRAMA CHILENA",4,"['PLATANO', 'GRAMA CHILENA']","['crop', 'pasture']",2
"CAÑA,PASTO CHILENO",4,"['CAÑA DE AZUCAR', 'PASTO CHILENO']","['crop', 'pasture']",2
PAJA  DE  CORTE,4,['PAJA DE CORTE'],['pasture'],1
"CAÑA,PASTO  CHILENO",4,"['CAÑA DE AZUCAR', 'PASTO CHILENO']","['crop', 'pasture']",2
"BANANO,PASTO",4,"['BANANO', 'PASTO']","['crop', 'pasture']",2
GRAMA SPP,4,['GRAMA SPP'],['pasture'],1
"GRAMA CHILENA, GUAYAQUIL",4,"['GRAMA CHILENA', 'GUAYAQUIL']","['pasture', 'crop']",2
ALGARROBO Y SAPOTE,4,"['ALGARROBO', 'SAPOTE']","['crop', 'crop']",2
ANGOCHA,4,['ANGOCHA'],['crop'],1
MAIZ 10% Y TRIGO 10%.,4,"['MAIZ', 'TRIGO']","['crop', 'crop']",2
MAIZ 60% Y ZAMBUMBA 40%.,4,"['MAIZ', 'ZAMBUMBA']","['crop', 'crop']",2
ZACATE  CHINO,4,['ZACATE CHINO'],['pasture'],1
BANANO- CAFE,4,"['BANANO', 'CAFE']","['crop', 'crop']",2
CAFE- BANANO - CAÑA,4,"['CAFE', 'BANANO', 'CAÑA DE AZUCAR']","['crop', 'crop', 'crop']",3
MAIZ- ARVEJA,4,"['MAIZ', 'ARVEJA']","['crop', 'crop']",2
"ARVEJA 25%, MAIZ 25%",4,"['ARVEJA', 'MAIZ']","['crop', 'crop']",2
CAÑA- BANANO,4,"['CAÑA DE AZUCAR', 'BANANO']","['crop', 'crop']",2
"YUCA 10%, BANANO 10%",4,"['YUCA', 'BANANO']","['crop', 'crop']",2
"YUCA 20%, FRIJOL 20%",4,"['YUCA', 'FRIJOL']","['crop', 'crop']",2
"BANANO 25%, CAFE 25%",4,"['BANANO', 'CAFE']","['crop', 'crop']",2
"MAIZ 15%, ALBERJA 15%, FREJOL 20%",4,"['MAIZ', 'ARVEJA', 'FRIJOL']","['crop', 'crop', 'crop']",3
"YUCA 10%, ALBERJA 10%",4,"['YUCA', 'ARVEJA']","['crop', 'crop']",2
"MAIZ 10%, ARBEJA 10%, YUCA 10%",4,"['MAIZ', 'ARVEJA', 'YUCA']","['crop', 'crop', 'crop']",3
"MAZ 50%, CAMOTE 50%",4,"['MAZ', 'CAMOTE']","['crop', 'crop']",2
"PLATANO, CAFE, CHIRIMOYO",4,"['PLATANO', 'CAFE', 'CHIRIMOYA']","['crop', 'crop', 'crop']",3
FREJOLILLO,4,['FREJOLILLO'],['crop'],1
CAÑA- CAFE - BANANO,4,"['CAÑA DE AZUCAR', 'CAFE', 'BANANO']","['crop', 'crop', 'crop']",3
PASTO MELQUERON 60%- GRAMA CRIOLLA 40%,4,"['MELQUERON', 'GRAMA CRIOLLA']","['pasture', 'pasture']",2
TRIGO- ARVEJA- MAIZ,4,"['TRIGO', 'ARVEJA', 'MAIZ']","['crop', 'crop', 'crop']",3
PICUY - YARAGUA,4,"['PICUY', 'YARAGUA']","['crop', 'pasture']",2
"ARVEJA 5%, MAIZ 5%, TRIGO 10%",4,"['ARVEJA', 'MAIZ', 'TRIGO']","['crop', 'crop', 'crop']",3
MAIZ- ZANAHORIA- TRIGO,4,"['MAIZ', 'ZANAHORIA', 'TRIGO']","['crop', 'crop', 'crop']",3
CULTIVO DE VID,4,['UVA'],['crop'],1
"MELQUERON, PICUY",4,"['MELQUERON', 'PICUY']","['pasture', 'crop']",2
PASTO YARAGUA - PICUY,4,"['YARAGUA', 'PICUY']","['pasture', 'crop']",2
"ARVEJA 10%, OLLUCO 10%",4,"['ARVEJA', 'OLLUCO']","['crop', 'crop']",2
MAIZ- SOYA - CAMOTE,4,"['MAIZ', 'SOYA', 'CAMOTE']","['crop', 'crop', 'crop']",3
LABOR DE GRADEO,4,['LABOR DE GRADEO'],['land_prep'],1
CAÑA DE AZUCAE,4,['CAÑA DE AZUCAE'],['crop'],1
TRIGO 50% ARVEJA 50%,4,"['TRIGO', 'ARVEJA']","['crop', 'crop']",2
YUCA 25%- CAMOTE 25%,4,"['YUCA', 'CAMOTE']","['crop', 'crop']",2
"CAFE 80%, PLATANO 20%",4,"['CAFE', 'PLATANO']","['crop', 'crop']",2
"CAFE 20%, BANANO 20%, CAÑA 60%",4,"['CAFE', 'BANANO', 'CAÑA DE AZUCAR']","['crop', 'crop', 'crop']",3
"MAIZ 30%, TRIGO 30%",4,"['MAIZ', 'TRIGO']","['crop', 'crop']",2
ALGARROBO-ZAPOTE,4,"['ALGARROBO', 'ZAPOTE']","['crop', 'crop']",2
MERKERON - YARAGUA,4,"['MELQUERON', 'YARAGUA']","['pasture', 'pasture']",2
MERQUERON,4,['MELQUERON'],['pasture'],1
LIMON- MARACUYA,4,"['LIMON', 'MARACUYA']","['crop', 'crop']",2
MAIZ - FREJOL- SARANDAJA,4,"['MAIZ', 'FRIJOL', 'ZARANDAJA']","['crop', 'crop', 'crop']",3
"ALGARROBO, ZAPOTE Y VICHAYO",4,"['ALGARROBO', 'ZAPOTE', 'VICHAYO']","['crop', 'crop', 'crop']",3
MAIZ- MARACUYA,4,"['MAIZ', 'MARACUYA']","['crop', 'crop']",2
PSATO CRIOLLO,4,['PSATO CRIOLLO'],['crop'],1
PSATO NATURAL,4,['PSATO NATURAL'],['crop'],1
"PAPA 10, ZANAHORIA 10",4,"['PAPA', 'ZANAHORIA']","['crop', 'crop']",2
PLATANO 60% - CAFE 40%,4,"['PLATANO', 'CAFE']","['crop', 'crop']",2
PLATANO 50 - CAFE 50,4,"['PLATANO', 'CAFE']","['crop', 'crop']",2
MORINGA,4,['MORINGA'],['crop'],1
"PLATANO 30%, CAÑA 60%",4,"['PLATANO', 'CAÑA DE AZUCAR']","['crop', 'crop']",2
"CAFE 30%, BANANO 70%",4,"['CAFE', 'BANANO']","['crop', 'crop']",2
"PLATANO 30%, PAJA CHILENA 40%",4,"['PLATANO', 'PAJA CHILENA']","['crop', 'pasture']",2
"ZANAHORIA 25%, NARANJA 25%",4,"['ZANAHORIA', 'NARANJA']","['crop', 'crop']",2
PACAE SILVESTRE,4,['PACAE SILVESTRE'],['crop'],1
"FAIQUE , GUAYAQUIL",4,"['FAIQUE', 'GUAYAQUIL']","['crop', 'crop']",2
"PASTO CHILENO 50, PASTO ELEFANTE 50",4,"['PASTO CHILENO', 'PASTO ELEFANTE']","['pasture', 'pasture']",2
"PASTO ELEFANTE 50, PASTO CHILENO 50",4,"['PASTO ELEFANTE', 'PASTO CHILENO']","['pasture', 'pasture']",2
NUDILLO - SORGO,4,"['NUDILLO', 'SORGO']","['pasture', 'crop']",2
"MAIZ 30%, ARVERJA 30%",4,"['MAIZ', 'ARVEJA']","['crop', 'crop']",2
GRAMA 80% - PAJA CHILENA 20%,4,"['GRAMA', 'PAJA CHILENA']","['pasture', 'pasture']",2
"MAIZ,GRAMA CHILENA",4,"['MAIZ', 'GRAMA CHILENA']","['crop', 'pasture']",2
GRANADILLO,4,['GRANADILLO'],['crop'],1
"ARVEJAS, Y OCAS",4,"['ARVEJA', 'OCA']","['crop', 'crop']",2
"ARVEJAS, HABAS",4,"['ARVEJA', 'HABA']","['crop', 'crop']",2
PERMANENTE,4,['PERMANENTE'],['crop'],1
"ARVEJA,FREJOL",4,"['ARVEJA', 'FRIJOL']","['crop', 'crop']",2
PASTURA PARA GANADERIA,3,['PASTURA PARA GANADERIA'],['crop'],1
MAIZ (CULTIVO TRANSITORIO),3,['MAIZ'],['crop'],1
TERRENO ENDESCANSO,3,['TERRENO ENDESCANSO'],['fallow'],1
TERRENIO EN DESCANSO,3,['TERRENIO EN DESCANSO'],['fallow'],1
PASTOS CULTIVABLES,3,['PASTOS CULTIVABLES'],['pasture'],1
PRIMER RIEGO,3,['PRIMER RIEGO'],['crop'],1
TERRENO EN DESCAMNSO,3,['TERRENO EN DESCAMNSO'],['crop'],1
NO LA CULTIVAN,3,['NO LA CULTIVAN'],['crop'],1
TERRENO ABANDONADO,3,['ABANDONO'],['fallow'],1
SIN INFORMACION,3,['SIN INFORMACION'],['crop'],1
ARROZ´,3,['ARROZ´'],['crop'],1
TERRENO EN DESCANDO,3,['TERRENO EN DESCANDO'],['fallow'],1
MAIZ 50% ARROZ 50%,3,"['MAIZ', 'ARROZ']","['crop', 'crop']",2
"MANGO , PLATANO Y MAIZ",3,"['MANGO', 'PLATANO', 'MAIZ']","['crop', 'crop', 'crop']",3
CAMPAÑA ANTERIOR CULTIVO DE ALGODON,3,['CAMPAÑA ANTERIOR CULTIVO DE ALGODON'],['crop'],1
"MAIZ, FRIJOL CHILENO",3,"['MAIZ', 'FRIJOL CAUPI']","['crop', 'crop']",2
TERRENO EN DEESCANSO,3,['TERRENO EN DEESCANSO'],['crop'],1
TERRENO ENN DESCANSO,3,['TERRENO ENN DESCANSO'],['fallow'],1
"MANGO, CIRUELA Y LIMON",3,"['MANGO', 'CIRUELA', 'LIMON']","['crop', 'crop', 'crop']",3
PREPARADA,3,['PREPARADA'],['land_prep'],1
DESANSO,3,['DESANSO'],['crop'],1
DESXANSO,3,['DESXANSO'],['crop'],1
"MANGO, COCO Y TAMARINDO",3,"['MANGO', 'COCO', 'TAMARINDO']","['crop', 'crop', 'crop']",3
NO INDICA,3,['SIN ESPECIFICAR'],['unspecified'],1
TAMARINDO Y MANGO,3,"['TAMARINDO', 'MANGO']","['crop', 'crop']",2
YUCA Y FREJOL DE PALO,3,"['YUCA', 'FRIJOL DE PALO']","['crop', 'crop']",2
"YUCA, MAIZ Y FREJOL",3,"['YUCA', 'MAIZ', 'FRIJOL']","['crop', 'crop', 'crop']",3
"PASTO ELEFANTE, GRAMA",3,"['PASTO ELEFANTE', 'GRAMA']","['pasture', 'pasture']",2
"ARROZ, MAIZ, YUCA",3,"['ARROZ', 'MAIZ', 'YUCA']","['crop', 'crop', 'crop']",3
ARBOL,3,['ARBOL'],['crop'],1
"ALBERJA, TRIGO",3,"['ARVEJA', 'TRIGO']","['crop', 'crop']",2
"ALBERJA,MAIZ",3,"['ARVEJA', 'MAIZ']","['crop', 'crop']",2
PAPA Y CAMOTE,3,"['PAPA', 'CAMOTE']","['crop', 'crop']",2
"PLATANO ,PASTO",3,"['PLATANO', 'PASTO']","['crop', 'pasture']",2
PLATANO NARANJO Y CAFE,3,"['PLATANO', 'NARANJA', 'CAFE']","['crop', 'crop', 'crop']",3
PLATANOS Y CAÑA,3,"['PLATANO', 'CAÑA DE AZUCAR']","['crop', 'crop']",2
PSTO,3,['PSTO'],['crop'],1
"ALVERJAS, MAIZ",3,"['ARVEJA', 'MAIZ']","['crop', 'crop']",2
"PASTO,CAÑA",3,"['PASTO', 'CAÑA DE AZUCAR']","['pasture', 'crop']",2
PLATANO Y MARACUYA,3,"['PLATANO', 'MARACUYA']","['crop', 'crop']",2
OCA Y MAIZ,3,"['OCA', 'MAIZ']","['crop', 'crop']",2
"TRIGO,MAIZ",3,"['TRIGO', 'MAIZ']","['crop', 'crop']",2
"ARVERJA, FREJOL",3,"['ARVEJA', 'FRIJOL']","['crop', 'crop']",2
TUNAS,3,['TUNA'],['crop'],1
YUCA Y PLATANO,3,"['YUCA', 'PLATANO']","['crop', 'crop']",2
PAPA Y AJO,3,"['PAPA', 'AJO']","['crop', 'crop']",2
"PAPA, FREJOL",3,"['PAPA', 'FRIJOL']","['crop', 'crop']",2
PASTO ELEFANTE Y MAIZ,3,"['PASTO ELEFANTE', 'MAIZ']","['pasture', 'crop']",2
CAÑA DE  AZUCAR,3,['CAÑA DE AZUCAR'],['crop'],1
"CAÑA, DE AZUCAR",3,"['CAÑA DE AZUCAR', 'AZUCAR']","['crop', 'crop']",2
"PASTO, ELEFANTE",3,"['PASTO', 'PASTO ELEFANTE']","['pasture', 'pasture']",2
"CAFE, PLATANOS Y NARANJOS",3,"['CAFE', 'PLATANO', 'NARANJA']","['crop', 'crop', 'crop']",3
"PLATANO,PASTOS",3,"['PLATANO', 'PASTO']","['crop', 'pasture']",2
PASTO Y CAÑA,3,"['PASTO', 'CAÑA DE AZUCAR']","['pasture', 'crop']",2
CAFE Y P`LATANO,3,"['CAFE', 'P`LATANO']","['crop', 'crop']",2
"CAFE, PLATANO , NARANJA Y MARACUYA",3,"['CAFE', 'PLATANO', 'NARANJA', 'MARACUYA']","['crop', 'crop', 'crop', 'crop']",4
OCAS,3,['OCA'],['crop'],1
CAÑA DE AZUCARº,3,['CAÑA DE AZUCARº'],['crop'],1
"ALBERJA, PAPA",3,"['ARVEJA', 'PAPA']","['crop', 'crop']",2
CAMOTE Y ARBEJA,3,"['CAMOTE', 'ARVEJA']","['crop', 'crop']",2
"MAIZ, ALBERJA Y TRIGO",3,"['MAIZ', 'ARVEJA', 'TRIGO']","['crop', 'crop', 'crop']",3
"MAIZ, TRIGO Y FREJOL",3,"['MAIZ', 'TRIGO', 'FRIJOL']","['crop', 'crop', 'crop']",3
PLATANO Y COCO,3,"['PLATANO', 'COCO']","['crop', 'crop']",2
PLATANO Y PASTO ELEFANTE,3,"['PLATANO', 'PASTO ELEFANTE']","['crop', 'pasture']",2
"MANGO, COCO, LIMON",3,"['MANGO', 'COCO', 'LIMON']","['crop', 'crop', 'crop']",3
"MANGO, LIMON, CIRUELA",3,"['MANGO', 'LIMON', 'CIRUELA']","['crop', 'crop', 'crop']",3
"LIMON, MANGO CIRUELO",3,"['LIMON', 'MANGO']","['crop', 'crop']",2
"TRIGO, MAIZ Y FREJOL",3,"['TRIGO', 'MAIZ', 'FRIJOL']","['crop', 'crop', 'crop']",3
"MAIZ, PLATANO, LIMON",3,"['MAIZ', 'PLATANO', 'LIMON']","['crop', 'crop', 'crop']",3
"LIMON, MANGO Y COCO",3,"['LIMON', 'MANGO', 'COCO']","['crop', 'crop', 'crop']",3
"MANGO, PALTO",3,"['MANGO', 'PALTA']","['crop', 'crop']",2
"TRIGO, FREJOL Y MAIZ",3,"['TRIGO', 'FRIJOL', 'MAIZ']","['crop', 'crop', 'crop']",3
PLATANO 20%-NARANJO 20%-CAFE 60%,3,"['PLATANO', 'NARANJA', 'CAFE']","['crop', 'crop', 'crop']",3
MAIZ CHILENO,3,['MAIZ CHILENO'],['crop'],1
LIMON 30% MANGO 20%,3,"['LIMON', 'MANGO']","['crop', 'crop']",2
MANGO 30% LIMON 40%,3,"['MANGO', 'LIMON']","['crop', 'crop']",2
MANGO 50% LIMON 30%,3,"['MANGO', 'LIMON']","['crop', 'crop']",2
MANGO 90% LIMONERO 10%,3,"['MANGO', 'LIMON']","['crop', 'crop']",2
MAIZ Y LIMON,3,"['MAIZ', 'LIMON']","['crop', 'crop']",2
FREJO DE PALO,3,['FREJO DE PALO'],['crop'],1
SARANDAJA Y FREJOL,3,"['ZARANDAJA', 'FRIJOL']","['crop', 'crop']",2
FREJOL DE  PALO,3,['FRIJOL DE PALO'],['crop'],1
"LIMON, FREJOL",3,"['LIMON', 'FRIJOL']","['crop', 'crop']",2
MANGO Y NARANJA,3,"['MANGO', 'NARANJA']","['crop', 'crop']",2
FREJOL Y ALGODON,3,"['FRIJOL', 'ALGODON']","['crop', 'crop']",2
"MANGO, LIMON Y COCO",3,"['MANGO', 'LIMON', 'COCO']","['crop', 'crop', 'crop']",3
"CACAO, CAÑA, PLATANO",3,"['CACAO', 'CAÑA DE AZUCAR', 'PLATANO']","['crop', 'crop', 'crop']",3
"PLATANO , MAIZ",3,"['PLATANO', 'MAIZ']","['crop', 'crop']",2
"CAÑA, MAMEY, CACAO Y LIMON",3,"['CAÑA DE AZUCAR', 'MAMEY', 'CACAO', 'LIMON']","['crop', 'crop', 'crop', 'crop']",4
MANGO Y MAMEY,3,"['MANGO', 'MAMEY']","['crop', 'crop']",2
"CACAO, ARROZ",3,"['CACAO', 'ARROZ']","['crop', 'crop']",2
"PLATANO, CACAO, CAÑA",3,"['PLATANO', 'CACAO', 'CAÑA DE AZUCAR']","['crop', 'crop', 'crop']",3
PLATANO CAFE CACAO,3,"['PLATANO', 'CAFE', 'CACAO']","['crop', 'crop', 'crop']",3
"CAFE, CACAO Y NARANJA",3,"['CAFE', 'CACAO', 'NARANJA']","['crop', 'crop', 'crop']",3
ARROZ Y CACAO,3,"['ARROZ', 'CACAO']","['crop', 'crop']",2
"PLATANO, CAÑA, YUCA",3,"['PLATANO', 'CAÑA DE AZUCAR', 'YUCA']","['crop', 'crop', 'crop']",3
"MANGO, PLATANO, CACAO",3,"['MANGO', 'PLATANO', 'CACAO']","['crop', 'crop', 'crop']",3
"YUCA, FREJOL",3,"['YUCA', 'FRIJOL']","['crop', 'crop']",2
"YUCA,PLATANO",3,"['YUCA', 'PLATANO']","['crop', 'crop']",2
CAFE Y PASTO ELEFANTE,3,"['CAFE', 'PASTO ELEFANTE']","['crop', 'pasture']",2
"CAFE, PLATANO, CACAO",3,"['CAFE', 'PLATANO', 'CACAO']","['crop', 'crop', 'crop']",3
"CAFE,NARANJA ,PLATANO",3,"['CAFE', 'NARANJA', 'PLATANO']","['crop', 'crop', 'crop']",3
CAFE - CACAO - PLATANO,3,"['CAFE', 'CACAO', 'PLATANO']","['crop', 'crop', 'crop']",3
"CAFE 80%,  HUABA 20%",3,"['CAFE', 'GUABO']","['crop', 'crop']",2
ALAGAODON,3,['ALAGAODON'],['crop'],1
                    GRAMA CRIOLLA,3,['GRAMA CRIOLLA'],['pasture'],1
ALGARROBO ZAUCE,3,['ALGARROBO ZAUCE'],['crop'],1
ALLGODON,3,['ALLGODON'],['crop'],1
ARROZ 50% PLATANO 30% YUCA 20%,3,"['ARROZ', 'PLATANO', 'YUCA']","['crop', 'crop', 'crop']",3
CAFE 60%- PLATANO 30%,3,"['CAFE', 'PLATANO']","['crop', 'crop']",2
CULTIVO DE LIMON,3,['LIMON'],['crop'],1
FRIJOL CAUPI 80%,3,['FRIJOL CAUPI'],['crop'],1
"FRUTALES (LIMON, MANGO, TAMARINDO)",3,['FRUTALES'],['crop'],1
"LIMON 40, MANGO 20",3,"['LIMON', 'MANGO']","['crop', 'crop']",2
"LIMONERO 80%, MANGO 20%",3,"['LIMON', 'MANGO']","['crop', 'crop']",2
"MAIZ , PAPA",3,"['MAIZ', 'PAPA']","['crop', 'crop']",2
MAIZ 50%     AJO 50%,3,"['MAIZ', 'AJO']","['crop', 'crop']",2
"MANGO 10, LIMON 10",3,"['MANGO', 'LIMON']","['crop', 'crop']",2
"MANGO 10, LIMONERO 10",3,"['MANGO', 'LIMON']","['crop', 'crop']",2
MANGO 50%   LIMONERO 50%,3,"['MANGO', 'LIMON']","['crop', 'crop']",2
"MANGO 50%, LIMONERO 50%",3,"['MANGO', 'LIMON']","['crop', 'crop']",2
MANGO- CACAO,3,"['MANGO', 'CACAO']","['crop', 'crop']",2
"PAPA 50%, MAIZ 50%",3,"['PAPA', 'MAIZ']","['crop', 'crop']",2
PLATANO 10,3,['PLATANO'],['crop'],1
"PLATANO 40%, CAFE 30%, NARANJA 30%",3,"['PLATANO', 'CAFE', 'NARANJA']","['crop', 'crop', 'crop']",3
"PLATANO, MANGO Y OTROS",3,"['PLATANO', 'MANGO', 'SIN ESPECIFICAR']","['crop', 'crop', 'unspecified']",3
"PLATANO,MANGO",3,"['PLATANO', 'MANGO']","['crop', 'crop']",2
"TAMARINDO, COCOTERO",3,"['TAMARINDO', 'COCO']","['crop', 'crop']",2
"TRIGO 80%, MAIZ 20%",3,"['TRIGO', 'MAIZ']","['crop', 'crop']",2
CACAO Y CAÑA DE AZUCAR,3,"['CACAO', 'CAÑA DE AZUCAR']","['crop', 'crop']",2
PLATANO-CAFE,3,"['PLATANO', 'CAFE']","['crop', 'crop']",2
CULTIVO DE FRIJOL,3,['FRIJOL'],['crop'],1
"MAIZ,  FREJOL,  YUCA",3,"['MAIZ', 'FRIJOL', 'YUCA']","['crop', 'crop', 'crop']",3
"MANGO,  LIMON",3,"['MANGO', 'LIMON']","['crop', 'crop']",2
PLATANO - MANGO,3,"['PLATANO', 'MANGO']","['crop', 'crop']",2
MAIZ - ALFALFA,3,"['MAIZ', 'ALFALFA']","['crop', 'pasture']",2
CRISPILLO,3,['CRISPILLO'],['crop'],1
ARADURA MECANIZADA,3,"['ARADO', 'MECANIZADO']","['land_prep', 'land_prep']",2
"NUDILLO, PAJA BLANCA",3,"['NUDILLO', 'PAJA BLANCA']","['pasture', 'pasture']",2
MAIZ 50%,3,['MAIZ'],['crop'],1
"ARVEJA 50%, MAIZ 50%",3,"['ARVEJA', 'MAIZ']","['crop', 'crop']",2
TRIGO 60%     MAIZ 40%,3,"['TRIGO', 'MAIZ']","['crop', 'crop']",2
GRAMA AMARILLA 10%,3,['GRAMA AMARILLA'],['pasture'],1
GRAS,3,['GRAS'],['crop'],1
"MAIZ, ARVERJA, TRIGO",3,"['MAIZ', 'ARVEJA', 'TRIGO']","['crop', 'crop', 'crop']",3
RASTROJO TRIGO,3,['TRIGO'],['crop'],1
MAIZ  Y FREJOL,3,"['MAIZ', 'FRIJOL']","['crop', 'crop']",2
"TRIGO 40%,   MAIZ 30%",3,"['TRIGO', 'MAIZ']","['crop', 'crop']",2
CAÑA DE AZUCAR - PLATANO,3,"['CAÑA DE AZUCAR', 'PLATANO']","['crop', 'crop']",2
MAIZ 70%,3,['MAIZ'],['crop'],1
MAIZ 70% ARVEJA 30%,3,"['MAIZ', 'ARVEJA']","['crop', 'crop']",2
"TRIGO 60%, MAIZ 40%",3,"['TRIGO', 'MAIZ']","['crop', 'crop']",2
MAIZ 40% TRIGO 30% ARVEJA 30%,3,"['MAIZ', 'TRIGO', 'ARVEJA']","['crop', 'crop', 'crop']",3
MAIZ 50% TRIGO 50%,3,"['MAIZ', 'TRIGO']","['crop', 'crop']",2
LIMONERO (60%) MANGO (40%),3,"['LIMON', 'MANGO']","['crop', 'crop']",2
"MANGO 80%, LIMON 20%",3,"['MANGO', 'LIMON']","['crop', 'crop']",2
LIMON 40% MANGO 40%,3,"['LIMON', 'MANGO']","['crop', 'crop']",2
"MANGO,LIMONERO Y PACAY",3,"['MANGO', 'LIMON', 'GUABO']","['crop', 'crop', 'crop']",3
PLATANO 40 % - CAFE 60 %,3,"['PLATANO', 'CAFE']","['crop', 'crop']",2
PLATANO 50 %-CAFE 50%,3,"['PLATANO', 'CAFE']","['crop', 'crop']",2
PLATANO 60 % - CAFE 40 %,3,"['PLATANO', 'CAFE']","['crop', 'crop']",2
CAFE 80%-PLATANO 10%-NARANJO 10%,3,"['CAFE', 'PLATANO', 'NARANJA']","['crop', 'crop', 'crop']",3
CAFE 40% PLATANO 40% NARANJA 20%,3,"['CAFE', 'PLATANO', 'NARANJA']","['crop', 'crop', 'crop']",3
CAFE 60%-PLATANO 30%-NARANJA 10%,3,"['CAFE', 'PLATANO', 'NARANJA']","['crop', 'crop', 'crop']",3
CAFE 70 %- PLATANO 30%,3,"['CAFE', 'PLATANO']","['crop', 'crop']",2
CAFE 60 & - PLATANO 40 %,3,"['CAFE', 'PLATANO']","['crop', 'crop']",2
CAFE 60 %- PLATANO 40%,3,"['CAFE', 'PLATANO']","['crop', 'crop']",2
CAFE 50%- PLATANO 40%-NARANJO 10%,3,"['CAFE', 'PLATANO', 'NARANJA']","['crop', 'crop', 'crop']",3
CAFE 60%- PLATANO 35%-NARANJO 5%,3,"['CAFE', 'PLATANO', 'NARANJA']","['crop', 'crop', 'crop']",3
CAFE 60%-PLATANO 20%-NARANJO 20%,3,"['CAFE', 'PLATANO', 'NARANJA']","['crop', 'crop', 'crop']",3
PLATANO 30%- NARANJO 20%-CAFE 50%,3,"['PLATANO', 'NARANJA', 'CAFE']","['crop', 'crop', 'crop']",3
CAFE 505- NARANJO 20%- PLATANO 30%,3,"['CAFE', 'NARANJA', 'PLATANO']","['crop', 'crop', 'crop']",3
CAFE 50%- PLATANO 505,3,"['CAFE', 'PLATANO']","['crop', 'crop']",2
PLATANO 70%- CAFE 30%,3,"['PLATANO', 'CAFE']","['crop', 'crop']",2
CAFE 40%- PLATANO 40%-NARANJO 20%,3,"['CAFE', 'PLATANO', 'NARANJA']","['crop', 'crop', 'crop']",3
NARANJO 20%- CAFE 50%-PLATANO 30%,3,"['NARANJA', 'CAFE', 'PLATANO']","['crop', 'crop', 'crop']",3
CAFE 70%- PLATANO 25%-NARANJO 5%,3,"['CAFE', 'PLATANO', 'NARANJA']","['crop', 'crop', 'crop']",3
CAFE 70%PLATANO 30%,3,"['CAFE', 'PLATANO']","['crop', 'crop']",2
CAFE 60%-PLATANO 30%-NARANJO 5%,3,"['CAFE', 'PLATANO', 'NARANJA']","['crop', 'crop', 'crop']",3
CAFE 50%.PLATANO 50%,3,"['CAFE', 'PLATANO']","['crop', 'crop']",2
MAIZ 20%-FRIJOL 10%,3,"['MAIZ', 'FRIJOL']","['crop', 'crop']",2
CACAO 50%-MAMEY 30%-GUANABANA 20%,3,"['CACAO', 'MAMEY', 'GUANABANA']","['crop', 'crop', 'crop']",3
CAFE 50%-PLATANO 20%-NARANJA 30%,3,"['CAFE', 'PLATANO', 'NARANJA']","['crop', 'crop', 'crop']",3
CAFE 50%-PLATANO 25%-NARANJA 25%,3,"['CAFE', 'PLATANO', 'NARANJA']","['crop', 'crop', 'crop']",3
CAFE 50%-NARANJA 25%-PLATANO 25%,3,"['CAFE', 'NARANJA', 'PLATANO']","['crop', 'crop', 'crop']",3
CAFE 505-PLATANO 30%-NARANJA 20%,3,"['CAFE', 'PLATANO', 'NARANJA']","['crop', 'crop', 'crop']",3
CAFE 405-PLATANO 40%-NARANJA 20%,3,"['CAFE', 'PLATANO', 'NARANJA']","['crop', 'crop', 'crop']",3
"PLATANO 40%, CAFE 60%",3,"['PLATANO', 'CAFE']","['crop', 'crop']",2
NARANJO 20%-PLATANO 205-CAFE 60%,3,"['NARANJA', 'PLATANO', 'CAFE']","['crop', 'crop', 'crop']",3
CEBOLLA-AJI,3,"['CEBOLLA', 'AJI']","['crop', 'crop']",2
MAIZ 50%-ARROZ50%,3,"['MAIZ', 'ARROZ']","['crop', 'crop']",2
FRAMINEAS,3,['FRAMINEAS'],['crop'],1
YUCA 50%-MAIZ 50%,3,"['YUCA', 'MAIZ']","['crop', 'crop']",2
GRAMINEAS Y LEGUMINOSAS,3,"['GRAMINEAS', 'MENESTRAS']","['pasture', 'crop']",2
MAIZ 10%-ARROZ 90%,3,"['MAIZ', 'ARROZ']","['crop', 'crop']",2
PAJA CHINA Y GRAMALOTE,3,"['PAJA CHINA', 'GRAMALOTE']","['pasture', 'pasture']",2
FRIJOL 50%-MAIZ 50%.-,3,"['FRIJOL', 'MAIZ']","['crop', 'crop']",2
CAÑA DE AZUCAR 10%,3,['CAÑA DE AZUCAR'],['crop'],1
ARROZ 60%,3,['ARROZ'],['crop'],1
ALGODONAL,3,['ALGODON'],['crop'],1
FRIJOL 50%-MAIZ 50%,3,"['FRIJOL', 'MAIZ']","['crop', 'crop']",2
ARROZ 70%-MAIZ 20%,3,"['ARROZ', 'MAIZ']","['crop', 'crop']",2
"CAÑA, PLATANO, PASTO ELEFANTE",3,"['CAÑA DE AZUCAR', 'PLATANO', 'PASTO ELEFANTE']","['crop', 'crop', 'pasture']",3
"ARROZ 50, FRIJOL 20",3,"['ARROZ', 'FRIJOL']","['crop', 'crop']",2
CAFE 40%-PLATANAO 40%-NARANJA 20%,3,"['CAFE', 'PLATANAO', 'NARANJA']","['crop', 'crop', 'crop']",3
CAFE 50-PLATANO 40-CAÑA 10,3,"['CAFE', 'PLATANO', 'CAÑA DE AZUCAR']","['crop', 'crop', 'crop']",3
CAFE 90-PLATANO 10,3,"['CAFE', 'PLATANO']","['crop', 'crop']",2
"CAFE 25, PLATANO 50",3,"['CAFE', 'PLATANO']","['crop', 'crop']",2
"CAFE 50, PLATANO 40, CAÑA DE AZUCAR 10",3,"['CAFE', 'PLATANO', 'CAÑA DE AZUCAR']","['crop', 'crop', 'crop']",3
"CAFE 60,PLATANO 40",3,"['CAFE', 'PLATANO']","['crop', 'crop']",2
"CAFE 50 ,  PLATANO 50",3,"['CAFE', 'PLATANO']","['crop', 'crop']",2
CAFE 405-PLATANO 40%-NARANJO 20%,3,"['CAFE', 'PLATANO', 'NARANJA']","['crop', 'crop', 'crop']",3
"CAFE 60 , PLATANO 40",3,"['CAFE', 'PLATANO']","['crop', 'crop']",2
"CAFE 70, PLATANO30",3,"['CAFE', 'PLATANO']","['crop', 'crop']",2
"CAFE 70, PLATANO 20, NARANJO 10",3,"['CAFE', 'PLATANO', 'NARANJA']","['crop', 'crop', 'crop']",3
MAIZ 15% YUCA 15%,3,"['MAIZ', 'YUCA']","['crop', 'crop']",2
"MANGO (90 %), LIMON (10 %)",3,"['MANGO', 'LIMON']","['crop', 'crop']",2
MANGO 60% LIMONERO 30% PLATANO 10%,3,"['MANGO', 'LIMON', 'PLATANO']","['crop', 'crop', 'crop']",3
CAFE 90% PLATANO 10%,3,"['CAFE', 'PLATANO']","['crop', 'crop']",2
CAÑA 50% CACAO 25% NARANJA 25%,3,"['CAÑA DE AZUCAR', 'CACAO', 'NARANJA']","['crop', 'crop', 'crop']",3
CAFE NARANJO HUABO,3,"['CAFE', 'NARANJA', 'GUABO']","['crop', 'crop', 'crop']",3
"60% PASTO ELEFANTE, 40% GRAMALOTE",3,"['PASTO ELEFANTE', 'GRAMALOTE']","['pasture', 'pasture']",2
"40% PASTO ELEFANTE, 60% GRAMALOTE",3,"['PASTO ELEFANTE', 'GRAMALOTE']","['pasture', 'pasture']",2
GRAMA DE INVERNA,3,['GRAMA DE INVERNA'],['pasture'],1
"CAFÉ 50%, PLATANO 50%",3,"['CAFE', 'PLATANO']","['crop', 'crop']",2
CAFE (60%) PLATANO (30%) NARANJA (10%),3,"['CAFE', 'PLATANO', 'NARANJA']","['crop', 'crop', 'crop']",3
ROBLE (25%),3,['ROBLE'],['crop'],1
CAFE (40%) NARANJA (40%) PLATANO (20%),3,"['CAFE', 'NARANJA', 'PLATANO']","['crop', 'crop', 'crop']",3
"70% CAFETO, 20% PLATANO, 10% PASTO ELEFANTE",3,"['CAFE', 'PLATANO', 'PASTO ELEFANTE']","['crop', 'crop', 'pasture']",3
"CAÑA DE AZUCAR 70%, CACAO 30%",3,"['CAÑA DE AZUCAR', 'CACAO']","['crop', 'crop']",2
"CACAO 50%, PLATANO 50%",3,"['CACAO', 'PLATANO']","['crop', 'crop']",2
"CACAO 80%, GUAYAQUIL 20%",3,"['CACAO', 'GUAYAQUIL']","['crop', 'crop']",2
"MAIZ 30%, YUCA 20%",3,"['MAIZ', 'YUCA']","['crop', 'crop']",2
FRIJOL BAYO,3,['FRIJOL BAYO'],['crop'],1
PAJA CHILENA 50% PLATANO 50%,3,"['PAJA CHILENA', 'PLATANO']","['pasture', 'crop']",2
AJI PAPRIKA,3,['AJI PAPRIKA'],['crop'],1
"PAJA GIGANTE, PASTO ELEFANTE",3,"['PAJA GIGANTE', 'PASTO ELEFANTE']","['pasture', 'pasture']",2
"NUDILLO(50%), GRAMA (50%)",3,"['NUDILLO', 'GRAMA']","['pasture', 'pasture']",2
PLATANO CAFE CAÑA,3,"['PLATANO', 'CAFE', 'CAÑA DE AZUCAR']","['crop', 'crop', 'crop']",3
"PASTO ELEFANTE, PASTO CHILENO",3,"['PASTO ELEFANTE', 'PASTO CHILENO']","['pasture', 'pasture']",2
"ROBLE, NOGAL",3,"['ROBLE', 'NOGAL']","['crop', 'crop']",2
FRIJOLES,3,['FRIJOL'],['crop'],1
LIMONES,3,['LIMON'],['crop'],1
"PLATANO, CAFE, PASTOS",3,"['PLATANO', 'CAFE', 'PASTO']","['crop', 'crop', 'pasture']",3
ALFALFILLA Y REY GRAS,3,"['ALFALFILLA', 'REY GRAS']","['pasture', 'crop']",2
"CAÑA, MAIZ, PLATANO",3,"['CAÑA DE AZUCAR', 'MAIZ', 'PLATANO']","['crop', 'crop', 'crop']",3
"FRUTALES, CAÑA, GRANADILLA",3,"['FRUTALES', 'CAÑA DE AZUCAR', 'GRANADILLA']","['crop', 'crop', 'crop']",3
"PLATANO, CAÑA Y CAFE",3,"['PLATANO', 'CAÑA DE AZUCAR', 'CAFE']","['crop', 'crop', 'crop']",3
CAFE Y BANANO,3,"['CAFE', 'BANANO']","['crop', 'crop']",2
"PAJA CHILENA,PASTO ELEFANTE",3,"['PAJA CHILENA', 'PASTO ELEFANTE']","['pasture', 'pasture']",2
REY GRASS,3,['REYGRAS'],['pasture'],1
"GRAMA, PAJA CHILENA",3,"['GRAMA', 'PAJA CHILENA']","['pasture', 'pasture']",2
PSATO ELEFANTE,3,['PSATO ELEFANTE'],['pasture'],1
"GRAMA, PAJA Y CORREDILLO",3,"['GRAMA', 'PAJA', 'CORREDILLO']","['pasture', 'pasture', 'crop']",3
LEGUMINOSAS GRAMINEAS,3,"['MENESTRAS', 'GRAMINEAS']","['crop', 'pasture']",2
"CACAO,GUAYAQUIL",3,"['CACAO', 'GUAYAQUIL']","['crop', 'crop']",2
GUAYAQUIL Y PLATANO,3,"['GUAYAQUIL', 'PLATANO']","['crop', 'crop']",2
MAIZ Y SOYA,3,"['MAIZ', 'SOYA']","['crop', 'crop']",2
"ALISO, PAJUL",3,"['ALISO', 'PAJUL']","['crop', 'crop']",2
GARAMA CRIOLLA,3,['GARAMA CRIOLLA'],['crop'],1
LUCUMO,3,['LUCUMO'],['crop'],1
MAIZ       ZAMBUMBA,3,['MAIZ ZAMBUMBA'],['crop'],1
GRAMA CRIOLLLA,3,['GRAMA CRIOLLLA'],['pasture'],1
"PLATANO, GRANADILLA",3,"['PLATANO', 'GRANADILLA']","['crop', 'crop']",2
"REPOLLO, PAPA",3,"['REPOLLO', 'PAPA']","['crop', 'crop']",2
"PAPA,MAIZ",3,"['PAPA', 'MAIZ']","['crop', 'crop']",2
GRAMA CRIOLLA NUDILLO,3,['GRAMA CRIOLLA NUDILLO'],['pasture'],1
MANZANA,3,['MANZANA'],['crop'],1
MAIZ ZAPALLO,3,"['MAIZ', 'ZAPALLO']","['crop', 'crop']",2
CANA,3,['CAÑA DE AZUCAR'],['crop'],1
"TRIGO, PAPA, MAIZ",3,"['TRIGO', 'PAPA', 'MAIZ']","['crop', 'crop', 'crop']",3
MAIZ 10% YUCA 10%,3,"['MAIZ', 'YUCA']","['crop', 'crop']",2
"PAPA, TRIGO, ALBERJA",3,"['PAPA', 'TRIGO', 'ARVEJA']","['crop', 'crop', 'crop']",3
                                  MAIZ,3,['MAIZ'],['crop'],1
GRAAMA CRIOLLA,3,['GRAAMA CRIOLLA'],['crop'],1
           MANGO,3,['MANGO'],['crop'],1
"GRAMA CRIOLLA,PAJA CHILENA",3,"['GRAMA CRIOLLA', 'PAJA CHILENA']","['pasture', 'pasture']",2
             MANGO,3,['MANGO'],['crop'],1
"MAIZ, LEGUMINOSA, TRIGO",3,"['MAIZ', 'MENESTRAS', 'TRIGO']","['crop', 'crop', 'crop']",3
MANGO 95% CACAO 5%,3,"['MANGO', 'CACAO']","['crop', 'crop']",2
MAIZ 50% YUCA 50%,3,"['MAIZ', 'YUCA']","['crop', 'crop']",2
 GRAMA,3,['GRAMA'],['pasture'],1
GRAMA CROLLA,3,['GRAMA CROLLA'],['pasture'],1
"PASTO ELEFANTE,PAJA CHILENA",3,"['PASTO ELEFANTE', 'PAJA CHILENA']","['pasture', 'pasture']",2
PLATANO  CAFE,3,"['PLATANO', 'CAFE']","['crop', 'crop']",2
MAIZ SARANDAJA,3,"['MAIZ', 'ZARANDAJA']","['crop', 'crop']",2
GRAMA CHILENO,3,['GRAMA CHILENO'],['pasture'],1
CAFE - PLATANO - CAÑA,3,"['CAFE', 'PLATANO', 'CAÑA DE AZUCAR']","['crop', 'crop', 'crop']",3
"CAFE,PLATANO,CAÑA",3,"['CAFE', 'PLATANO', 'CAÑA DE AZUCAR']","['crop', 'crop', 'crop']",3
                 MAIZ,3,['MAIZ'],['crop'],1
"CAFE, PLATANO, CAÑA DE AZUCAR",3,"['CAFE', 'PLATANO', 'CAÑA DE AZUCAR']","['crop', 'crop', 'crop']",3
"MAIZ, PAPA, LEGUMINOSAS",3,"['MAIZ', 'PAPA', 'MENESTRAS']","['crop', 'crop', 'crop']",3
"PAJA CHILENA, GRAMA",3,"['PAJA CHILENA', 'GRAMA']","['pasture', 'pasture']",2
"PIÑAN, HUABOS",3,"['PIÑAN', 'GUABO']","['crop', 'crop']",2
"CAÑA DE AZUCAR, CAFE, PLATANO",3,"['CAÑA DE AZUCAR', 'CAFE', 'PLATANO']","['crop', 'crop', 'crop']",3
"CAÑA DE AZUCAR, PLATANO, CAFE",3,"['CAÑA DE AZUCAR', 'PLATANO', 'CAFE']","['crop', 'crop', 'crop']",3
PLATANO Y GUAYAQUIL,3,"['PLATANO', 'GUAYAQUIL']","['crop', 'crop']",2
PAJA CHILENA Y PLATANO,3,"['PAJA CHILENA', 'PLATANO']","['pasture', 'crop']",2
"PASTO DE ELEFANTE, PAJA CHILENA",3,"['PASTO ELEFANTE', 'PAJA CHILENA']","['pasture', 'pasture']",2
"PUCHUGUERO,YUTO",3,"['PUCHUGUERO', 'YUTO']","['crop', 'crop']",2
"CEDRO, EUCALIPTO",3,"['CEDRO', 'EUCALIPTO']","['crop', 'crop']",2
LIMPIEZA CAMPO,3,['LIMPIEZA CAMPO'],['land_prep'],1
BAMBU,3,['GUAYAQUIL'],['crop'],1
"PASTO ELEFANTE,GUAYAQUIL",3,"['PASTO ELEFANTE', 'GUAYAQUIL']","['pasture', 'crop']",2
"PLATANO,CAFE,NARANJO",3,"['PLATANO', 'CAFE', 'NARANJA']","['crop', 'crop', 'crop']",3
"CAÑA DE AZUCAR,PASTO",3,"['CAÑA DE AZUCAR', 'PASTO']","['crop', 'pasture']",2
"PASTO  CHILENO,PASTO  ELEFANTE",3,"['PASTO CHILENO', 'PASTO ELEFANTE']","['pasture', 'pasture']",2
"PASTO  CHILENO,PASTO ELEFANTE",3,"['PASTO CHILENO', 'PASTO ELEFANTE']","['pasture', 'pasture']",2
HIERBA,3,['HIERBA'],['crop'],1
VESTIGIOS DE ALGARROBO,3,['VESTIGIOS DE ALGARROBO'],['crop'],1
"ALGARROBO, ZAPOTE, VICHAYO",3,"['ALGARROBO', 'ZAPOTE', 'VICHAYO']","['crop', 'crop', 'crop']",3
CAÑA- PLATANO,3,"['CAÑA DE AZUCAR', 'PLATANO']","['crop', 'crop']",2
VITUCA,3,['VITUCA'],['crop'],1
PINO Y CIPRES,3,"['PINO', 'CIPRES']","['crop', 'crop']",2
"PINOS, ALISOS Y CIPRES",3,"['PINO', 'ALISO', 'CIPRES']","['crop', 'crop', 'crop']",3
"BANANO, CAÑA, CAFE",3,"['BANANO', 'CAÑA DE AZUCAR', 'CAFE']","['crop', 'crop', 'crop']",3
"CAFE 30%, PLATANO 30%",3,"['CAFE', 'PLATANO']","['crop', 'crop']",2
ALISOS,3,['ALISO'],['crop'],1
CAFE- BANANO- CAÑA,3,"['CAFE', 'BANANO', 'CAÑA DE AZUCAR']","['crop', 'crop', 'crop']",3
"CAÑA 10%, BANANO 10%",3,"['CAÑA DE AZUCAR', 'BANANO']","['crop', 'crop']",2
MAIZ - ARVEJA,3,"['MAIZ', 'ARVEJA']","['crop', 'crop']",2
PASTO NEQUERON,3,['PASTO NEQUERON'],['pasture'],1
"MAIZ 10%, ARVEJA 10%",3,"['MAIZ', 'ARVEJA']","['crop', 'crop']",2
PASTO PIKUYA,3,['PASTO PIKUYA'],['pasture'],1
GRANA CRIOLLA,3,['GRANA CRIOLLA'],['crop'],1
"MAIZ , ARVEJA",3,"['MAIZ', 'ARVEJA']","['crop', 'crop']",2
"CAÑA 25%, MELQUERON 25%",3,"['CAÑA DE AZUCAR', 'MELQUERON']","['crop', 'pasture']",2
PALTO MELKERON,3,"['PALTA', 'MELQUERON']","['crop', 'pasture']",2
MAIZ - SOYA,3,"['MAIZ', 'SOYA']","['crop', 'crop']",2
MAIZ- SOYA,3,"['MAIZ', 'SOYA']","['crop', 'crop']",2
"MAIZ,SOYA",3,"['MAIZ', 'SOYA']","['crop', 'crop']",2
ETAPA DE GRADEO,3,['ETAPA DE GRADEO'],['land_prep'],1
"GRAMA,PAJA CHILENA",3,"['GRAMA', 'PAJA CHILENA']","['pasture', 'pasture']",2
GRAMA CHILENA(70%)CAÑA DE AZUCAR(30%),3,"['GRAMA CHILENA', 'CAÑA DE AZUCAR']","['pasture', 'crop']",2
ALFALFILLA Y GRAMA,3,"['ALFALFILLA', 'GRAMA']","['pasture', 'pasture']",2
"ALFALFILLA, GRAMA",3,"['ALFALFILLA', 'GRAMA']","['pasture', 'pasture']",2
"ALGARROBO, ZAPOTE Y PALO VERDE",3,"['ALGARROBO', 'ZAPOTE', 'PALO VERDE']","['crop', 'crop', 'crop']",3
"GRAMALOTE, PAJA CRIOLLA",3,"['GRAMALOTE', 'PAJA CRIOLLA']","['pasture', 'pasture']",2
"GRAMALOTE , PAJA CHILENA",3,"['GRAMALOTE', 'PAJA CHILENA']","['pasture', 'pasture']",2
"GRAMA, ALFALFILLA",3,"['GRAMA', 'ALFALFILLA']","['pasture', 'pasture']",2
GRMA CRIOLLA,3,['GRMA CRIOLLA'],['crop'],1
GRAMA DULCE Y ALFALFILLA,3,"['GRAMA DULCE', 'ALFALFILLA']","['pasture', 'pasture']",2
"BANANO 50%, CAÑA 50%",3,"['BANANO', 'CAÑA DE AZUCAR']","['crop', 'crop']",2
MELQUERON - PASTO CRIOLLO,3,"['MELQUERON', 'PASTO CRIOLLO']","['pasture', 'pasture']",2
GRAMALOTE- YARAGUA,3,"['GRAMALOTE', 'YARAGUA']","['pasture', 'pasture']",2
CACAO - LIMON,3,"['CACAO', 'LIMON']","['crop', 'crop']",2
GRAMA CRIOLLA - BANANO,3,"['GRAMA CRIOLLA', 'BANANO']","['pasture', 'crop']",2
PASTO CASTILLA - ELEFANTE,3,"['PASTO CASTILLA', 'PASTO ELEFANTE']","['pasture', 'pasture']",2
"PLATANO 20, NARANJO 10",3,"['PLATANO', 'NARANJA']","['crop', 'crop']",2
PIÑA,3,['PIÑA'],['crop'],1
BANANO 50% CAFE 50%,3,"['BANANO', 'CAFE']","['crop', 'crop']",2
"PASTO ELEFANTE, MAIZ",3,"['PASTO ELEFANTE', 'MAIZ']","['pasture', 'crop']",2
"PLATANO 40%, CAFE 40%",3,"['PLATANO', 'CAFE']","['crop', 'crop']",2
"MAIZ 10%, MANI 10%",3,"['MAIZ', 'MANI']","['crop', 'crop']",2
PAJA  CHILENA,3,['PAJA CHILENA'],['pasture'],1
"ALGARROBO, ZAPOTE DE CRECIMIENTO NATURAL",3,"['ALGARROBO', 'ZAPOTE DE CRECIMIENTO NATURAL']","['crop', 'crop']",2
UVA DE MESA,3,['UVA DE MESA'],['crop'],1
"BANANO 20, CAFE 10",3,"['BANANO', 'CAFE']","['crop', 'crop']",2
"BANANO 70, CAFE 30",3,"['BANANO', 'CAFE']","['crop', 'crop']",2
"PASTO CASTILLA 50%, BANANO 50%",3,"['PASTO CASTILLA', 'BANANO']","['pasture', 'crop']",2
"PASTO CHILENO 50%, BANANO 50%",3,"['PASTO CHILENO', 'BANANO']","['pasture', 'crop']",2
"PASTO CHILENO 80, PASTO ELEFANTE 20",3,"['PASTO CHILENO', 'PASTO ELEFANTE']","['pasture', 'pasture']",2
PASTO GIGANTE 60% - PCHILENA 40%,3,"['PASTO GIGANTE', 'PCHILENA']","['pasture', 'crop']",2
PINO - ALCANFOR,3,"['PINO', 'ALCANFOR']","['crop', 'crop']",2
GRAMA CHILENA Ç,3,['GRAMA CHILENA Ç'],['pasture'],1
HUALTACO,3,['HUALTACO'],['crop'],1
"MAIZ, PASTO DE ELEFANTE",3,"['MAIZ', 'PASTO ELEFANTE']","['crop', 'pasture']",2
"PASTO CHILENO, PASTO ELEFANTE",3,"['PASTO CHILENO', 'PASTO ELEFANTE']","['pasture', 'pasture']",2
PAJA CASTILLO,3,['PAJA CASTILLO'],['pasture'],1
EUCALIPTO GALILEA,3,['EUCALIPTO GALILEA'],['crop'],1
"PASTO ELEFANTE,MAIZ",3,"['PASTO ELEFANTE', 'MAIZ']","['pasture', 'crop']",2
"PUCHUGUERO,GALILEAS",3,"['PUCHUGUERO', 'GALILEAS']","['crop', 'crop']",2
"GRAMA CHILENA , PASTO ELEFANTE",3,"['GRAMA CHILENA', 'PASTO ELEFANTE']","['pasture', 'pasture']",2
"PLATANO,NARANJO",3,"['PLATANO', 'NARANJA']","['crop', 'crop']",2
"PASTO ELEFANTE,GRAMA",3,"['PASTO ELEFANTE', 'GRAMA']","['pasture', 'pasture']",2
"PASTO ELEFANTE,NUDILLO",3,"['PASTO ELEFANTE', 'NUDILLO']","['pasture', 'pasture']",2
ALGODOJN,2,['ALGODOJN'],['crop'],1
ARROZ(ALMACIGO),2,['ARROZ'],['crop'],1
PLATANO - PAN LLEVAR,2,"['PLATANO', 'PAN LLEVAR']","['crop', 'crop']",2
ARROZ (ALMACIGO),2,['ARROZ'],['crop'],1
TERRENO CON SALITRE,2,"['TERRENO', 'SALITRE']","['crop', 'fallow']",2
MECANIZA.,2,['MECANIZA'],['land_prep'],1
MECAN.,2,['MECAN'],['crop'],1
MECNIZADO,2,['MECNIZADO'],['crop'],1
EN DESCANZO EXISTEN RASTROJOS DE ARROZ,2,['DESCANZO EXISTEN RASTROJOS DE ARROZ'],['fallow'],1
"EN DESCANSO EXISTEN, RASTROJOS DE ARROZ",2,"['DESCANSO EXISTEN', 'ARROZ']","['fallow', 'crop']",2
"EN DESCANSO, EXISTEN RASTROJOS DE AXRRXOZ",2,"['DESCANSO', 'AXRRXOZ']","['fallow', 'crop']",2
"MAIZ , ARROZ",2,"['MAIZ', 'ARROZ']","['crop', 'crop']",2
"TERRENO EN DESCANSO, EISTEN RASTRIJOS DE ARROZ",2,"['DESCANSO', 'EISTEN RASTRIJOS DE ARROZ']","['fallow', 'crop']",2
"TERRENO EN DESCANSO, EISTEN RASTROJOS DE ARROZ",2,"['DESCANSO', 'EISTEN RASTROJOS DE ARROZ']","['fallow', 'crop']",2
"TERRENO EN DESCANSO, EXISTENX XXRASTROJOS DE ARROZ",2,"['DESCANSO', 'EXISTENX XXRASTROJOS DE ARROZ']","['fallow', 'crop']",2
"TERRENO EN DESCANSO, RASTROJOS ARROZ",2,"['DESCANSO', 'ARROZ']","['fallow', 'crop']",2
"TERRRENO EN DESCANSO, EXISTEN RASTROJOS DE ARROZ",2,"['TERRRENO EN DESCANSO', 'ARROZ']","['fallow', 'crop']",2
"MAIZ 25%, CAMOTE 25%",2,"['MAIZ', 'CAMOTE']","['crop', 'crop']",2
"CAMOTE , MAIZ",2,"['CAMOTE', 'MAIZ']","['crop', 'crop']",2
TERRENO INUNDADO Y CON SALITRE POR EFECTO DE LA LLUVIA,2,"['TERRENO INUNDADO', 'SALITRE POR EFECTO DE LA LLUVIA']","['crop', 'fallow']",2
"CAMOTE 50%, MAIZ 34%",2,"['CAMOTE', 'MAIZ']","['crop', 'crop']",2
RASTROJOS DE CULTIVO DE ARROZ,2,['ARROZ'],['crop'],1
EN DESCANSO EZISTEN RASTROJOS DE ARROZ,2,['DESCANSO EZISTEN RASTROJOS DE ARROZ'],['fallow'],1
"MAIZ 40%, CAMOTE 40%",2,"['MAIZ', 'CAMOTE']","['crop', 'crop']",2
ALMACIGOS DE ARROZ,2,['ALMACIGOS DE ARROZ'],['crop'],1
DESHIRBO Y QUEMA,2,"['DESHIRBO', 'QUEMA']","['crop', 'land_prep']",2
CASA HACIENDA,2,['CASA HACIENDA'],['crop'],1
HORNO LADRILLERA,2,['HORNO LADRILLERA'],['crop'],1
LIMPIEZA Y ARADURA,2,"['LIMPIEZA', 'ARADO']","['land_prep', 'land_prep']",2
"TERRENOS EN DESCANSOS TEMPORALES, VESTIGIOS DE CULTIVOS DE ARROZ",2,"['TERRENOS EN DESCANSOS TEMPORALES', 'VESTIGIOS DE CULTIVOS DE ARROZ']","['fallow', 'crop']",2
HORNO - LADRILLERA,2,"['HORNO', 'LADRILLERA']","['crop', 'crop']",2
HUERTA,2,['HUERTA'],['crop'],1
TERRENOI EN DESCANZO,2,['TERRENOI EN DESCANZO'],['fallow'],1
"EN DESCANSO, EISTEN RASTROJOS DE ARROZ",2,"['DESCANSO', 'EISTEN RASTROJOS DE ARROZ']","['fallow', 'crop']",2
POZO,2,['POZO'],['crop'],1
ARROS (CULTIVO TRANSITORIO),2,['ARROZ'],['crop'],1
EN DESCANSO EXISTEN RASTROJO DE ARROZ,2,['DESCANSO EXISTEN RASTROJO DE ARROZ'],['fallow'],1
"EN DESCANSO, EXIXSTEN RASTROJOS DE ARROZ",2,"['DESCANSO', 'EXIXSTEN RASTROJOS DE ARROZ']","['fallow', 'crop']",2
MAIZ (CULTIVO TRANSITORI),2,['MAIZ'],['crop'],1
"MAIZ,FRIJOL",2,"['MAIZ', 'FRIJOL']","['crop', 'crop']",2
CORTE Y ROSO,2,"['CORTE', 'ROZO']","['crop', 'land_prep']",2
MECANIZADAS,2,['MECANIZADO'],['land_prep'],1
",MECANIZADA",2,['MECANIZADO'],['land_prep'],1
"EN DESCANSO, EXISTEN RASTROJO DE ARROZ",2,"['DESCANSO', 'ARROZ']","['fallow', 'crop']",2
LIMON  Y ARROZ,2,"['LIMON', 'ARROZ']","['crop', 'crop']",2
RASTRA MECANIZADA,2,['RASTRA MECANIZADA'],['land_prep'],1
COCOTEROS,2,['COCO'],['crop'],1
LIMPIA Y ARADURA,2,"['LIMPIEZA', 'ARADO']","['land_prep', 'land_prep']",2
TERRRENO EN DESCANSO,2,['TERRRENO EN DESCANSO'],['fallow'],1
ALGARROBO Y AREA CULTIVABLE,2,"['ALGARROBO', 'AREA CULTIVABLE']","['crop', 'crop']",2
AQRROZ,2,['AQRROZ'],['crop'],1
PLANTACION DE PASTOS,2,['PLANTACION DE PASTOS'],['pasture'],1
"TERRENO EN DESCANSO, RASTROJOS DE ARROZ",2,"['DESCANSO', 'ARROZ']","['fallow', 'crop']",2
"TERRENO EN DESCANSO, SALITROSO",2,"['DESCANSO', 'TERRENO SALINO']","['fallow', 'fallow']",2
"ALGARROBO, PASTOS",2,"['ALGARROBO', 'PASTO']","['crop', 'pasture']",2
MAIZ Y  FREJOL,2,"['MAIZ', 'FRIJOL']","['crop', 'crop']",2
MECANIZAD,2,['MECANIZAD'],['land_prep'],1
PASTO Y ALGARROBOS,2,"['PASTO', 'ALGARROBO']","['pasture', 'crop']",2
"ARROZ ,FREJOL",2,"['ARROZ', 'FRIJOL']","['crop', 'crop']",2
FRIJ0L,2,['FRIJ'],['crop'],1
MXAIZ,2,['MXAIZ'],['crop'],1
TERRNO EN DESCANSO,2,['TERRNO EN DESCANSO'],['fallow'],1
"MAIZ CHOCLO, MAIZ, FREJOL",2,"['MAIZ CHOCLO', 'MAIZ', 'FRIJOL']","['crop', 'crop', 'crop']",3
"MAIZ CHOCLO, MAIZ,FREJOL",2,"['MAIZ CHOCLO', 'MAIZ', 'FRIJOL']","['crop', 'crop', 'crop']",3
SIN CULTIVAR,2,['SIN CULTIVAR'],['crop'],1
AMAIZ,2,['AMAIZ'],['crop'],1
MAIZ Y MENESTRAS,2,"['MAIZ', 'MENESTRAS']","['crop', 'crop']",2
MAIZ.,2,['MAIZ'],['crop'],1
PARA MAIZZ,2,['PARA MAIZZ'],['crop'],1
CIRUELOS MANGOS,2,"['CIRUELA', 'MANGO']","['crop', 'crop']",2
LIMON  Y PAPAYA,2,"['LIMON', 'PAPAYA']","['crop', 'crop']",2
"MAIZ, CHOCLO, FREJOL",2,"['MAIZ', 'CHOCLO', 'FRIJOL']","['crop', 'crop', 'crop']",3
MECANIZDA,2,['MECANIZDA'],['land_prep'],1
DESHIRBO QUEMA,2,['DESHIRBO QUEMA'],['land_prep'],1
EN PREPARCION,2,['PREPARCION'],['crop'],1
PLATANO. MANGOS,2,"['PLATANO', 'MANGO']","['crop', 'crop']",2
PREPARACIOIN,2,['PREPARACIOIN'],['land_prep'],1
TOMATE AJI,2,['TOMATE AJI'],['crop'],1
TOMATES Y PIMIEMTOS,2,"['TOMATE', 'PIMIEMTOS']","['crop', 'crop']",2
DE SUELOS,2,['SUELOS'],['crop'],1
"ROZO, TUMBA Y QUEMA PARA ALGODON",2,"['ROZO', 'TUMBA', 'QUEMA PARA ALGODON']","['land_prep', 'crop', 'land_prep']",3
ARRPZ,2,['ARRPZ'],['crop'],1
DESHIERBO DE MALEZAS,2,['DESHIERBO DE MALEZAS'],['land_prep'],1
EN DESCANSO (RAST. DE MAIZ),2,['DESCANSO'],['fallow'],1
EN PREPARRACION,2,['PREPARRACION'],['crop'],1
EXISTENCIA DE ALGARROBOS Y AREA CULTIBABLE,2,"['EXISTENCIA DE ALGARROBOS', 'AREA CULTIBABLE']","['crop', 'crop']",2
"FRUTALES, GUABAS, MAIZ",2,"['FRUTALES', 'GUABO', 'MAIZ']","['crop', 'crop', 'crop']",3
MAIZ CAMOTE,2,"['MAIZ', 'CAMOTE']","['crop', 'crop']",2
PREDIO EN LIMPIEZA PARA LA SIEMBRA DE MAIZ,2,['PREDIO EN LIMPIEZA PARA LA SIEMBRA DE MAIZ'],['land_prep'],1
PREDO EN LIMPIEZA PARA LA SIEMBRA DE FREJOL,2,['PREDO EN LIMPIEZA PARA LA SIEMBRA DE FREJOL'],['land_prep'],1
AROZ Y PLATANO,2,"['ARROZ', 'PLATANO']","['crop', 'crop']",2
"ARROZ, TAMARINDO",2,"['ARROZ', 'TAMARINDO']","['crop', 'crop']",2
PAPAYA (0.25 HA) TOMATE (0.5 HA),2,"['PAPAYA', 'TOMATE']","['crop', 'crop']",2
"PASTOS ELEFANTE, ALFALFA",2,"['PASTO', 'PASTO ELEFANTE', 'ALFALFA']","['pasture', 'pasture', 'pasture']",3
"PLATANO, MANDARINA, ARROZ",2,"['PLATANO', 'MANDARINA', 'ARROZ']","['crop', 'crop', 'crop']",3
"PLATANOS, TAMARINDO",2,"['PLATANO', 'TAMARINDO']","['crop', 'crop']",2
PREDIO EN LIMPIEZA PARA SEMBRAR FREJOL,2,['PREDIO EN LIMPIEZA PARA SEMBRAR FREJOL'],['land_prep'],1
PREDIO EN LIMPIEZA PARA SIEMBRA EN FREJOL,2,['PREDIO EN LIMPIEZA PARA SIEMBRA EN FREJOL'],['land_prep'],1
TRERRENOI EN DESCANSO,2,['TRERRENOI EN DESCANSO'],['fallow'],1
LIMPIEZA DEL TERRENO,2,['LIMPIEZA DEL TERRENO'],['land_prep'],1
EN LIMPIEZA PARA SIEMBRA EN FREJOL,2,['LIMPIEZA PARA SIEMBRA EN FREJOL'],['land_prep'],1
MANGOS Y PAPAYAS,2,"['MANGO', 'PAPAYA']","['crop', 'crop']",2
TERRENO EN DESCAN,2,['TERRENO EN DESCAN'],['fallow'],1
TERRENO EN DESCCANSO,2,['TERRENO EN DESCCANSO'],['crop'],1
DESHIERBO QUEMA                                                                                    D,2,['DESHIERBO QUEMA D'],['land_prep'],1
"ROZO, TUMBA Y QUEMA DE ALGODON",2,"['ROZO', 'TUMBA', 'QUEMA DE ALGODON']","['land_prep', 'crop', 'land_prep']",3
MANGO CIRUELA Y COCO,2,"['MANGO', 'CIRUELA', 'COCO']","['crop', 'crop', 'crop']",3
MIZ,2,['MIZ'],['crop'],1
TRANSPLANTE DE ARROZ,2,['TRANSPLANTE DE ARROZ'],['crop'],1
CULTIVO LIMONERO,2,['LIMON'],['crop'],1
"LIMON,MAIZ",2,"['LIMON', 'MAIZ']","['crop', 'crop']",2
"MAIZ,ZAPALLO,YUCA",2,"['MAIZ', 'ZAPALLO', 'YUCA']","['crop', 'crop', 'crop']",3
PASTO ELEFANTES,2,['PASTO ELEFANTE'],['pasture'],1
TERRENO DE DESCANSO,2,['TERRENO DE DESCANSO'],['fallow'],1
"ARROZ ,  MAIZ",2,"['ARROZ', 'MAIZ']","['crop', 'crop']",2
FERJOL,2,['FERJOL'],['crop'],1
PARA  ARROZ,2,['PARA ARROZ'],['crop'],1
"PARA MAIZ, ALGODON Y CAÑA",2,"['PARA MAIZ', 'ALGODON', 'CAÑA DE AZUCAR']","['crop', 'crop', 'crop']",3
"LIMPIEZA DE MALEZAS, ARADURA",2,"['LIMPIEZA DE MALEZAS', 'ARADO']","['land_prep', 'land_prep']",2
"OLGODON,MIAZ",2,"['OLGODON', 'MIAZ']","['crop', 'crop']",2
MAIZ Y LIMONES,2,"['MAIZ', 'LIMON']","['crop', 'crop']",2
PARA INSTALACION DE MAIZ,2,['PARA INSTALACION DE MAIZ'],['crop'],1
FREJOL  CASTILLA,2,['FRIJOL CASTILLA'],['crop'],1
PARA INSTALAR MAIZ AMARILLO DURO,2,['PARA INSTALAR MAIZ AMARILLO DURO'],['crop'],1
MAIZY FRUTALES,2,['MAIZY FRUTALES'],['crop'],1
TERRENO EN DESCANO,2,['TERRENO EN DESCANO'],['fallow'],1
"MAIZ,PASTO,FRUTALES",2,"['MAIZ', 'PASTO', 'FRUTALES']","['crop', 'pasture', 'crop']",3
PARA CAMPAÑA DE MAIZ AMARILLO DURO,2,['PARA CAMPAÑA DE MAIZ AMARILLO DURO'],['crop'],1
"MONGO,PLATANO,LIMON ETC.",2,"['MONGO', 'PLATANO', 'LIMON ETC']","['crop', 'crop', 'crop']",3
PAST,2,['PAST'],['crop'],1
ARROZ/MAIZ,2,"['ARROZ', 'MAIZ']","['crop', 'crop']",2
ARROZX,2,['ARROZX'],['crop'],1
"ARROZ, MAIZ Y MANGO",2,"['ARROZ', 'MAIZ', 'MANGO']","['crop', 'crop', 'crop']",3
TERRENO EN DESCANSIO,2,['TERRENO EN DESCANSIO'],['fallow'],1
"ARBOLES FRUTALES  MANGO, TAMARINDO",2,"['ARBOLES FRUTALES MANGO', 'TAMARINDO']","['crop', 'crop']",2
"MARIGOL , ALGODON",2,"['MARIGOLD', 'ALGODON']","['crop', 'crop']",2
PARA SIEMBRA DE MAIZ AMARILLO DURO,2,['MAIZ AMARILLO DURO'],['crop'],1
TERRENO EN D ESCANSO,2,['TERRENO EN D ESCANSO'],['crop'],1
MAIZ Y PAN LLEVAR,2,"['MAIZ', 'PAN LLEVAR']","['crop', 'crop']",2
",AIZ, FREJOLES",2,"['AIZ', 'FRIJOL']","['crop', 'crop']",2
MAIZ (TRANSITORIO),2,['MAIZ'],['crop'],1
"MAIZ, PAN LLEVAR",2,"['MAIZ', 'PAN LLEVAR']","['crop', 'crop']",2
"FREJOL, ARROZ",2,"['FRIJOL', 'ARROZ']","['crop', 'crop']",2
"MAIZ, FRIJOL DE PALO",2,"['MAIZ', 'FRIJOL DE PALO']","['crop', 'crop']",2
"MAIZ, PLATANO , ARROZ",2,"['MAIZ', 'PLATANO', 'ARROZ']","['crop', 'crop', 'crop']",3
"MANGO , PLATANO Y PAPAYA",2,"['MANGO', 'PLATANO', 'PAPAYA']","['crop', 'crop', 'crop']",3
MAIUZ,2,['MAIUZ'],['crop'],1
MAIZ. FRIJOL,2,"['MAIZ', 'FRIJOL']","['crop', 'crop']",2
ALG0ODON,2,"['ALG', 'ODON']","['crop', 'crop']",2
"ARROZ 15, MAIZ 45",2,"['ARROZ', 'MAIZ']","['crop', 'crop']",2
"CAMOTE, MAIZ, FREJOL",2,"['CAMOTE', 'MAIZ', 'FRIJOL']","['crop', 'crop', 'crop']",3
PARA SIEMBRA DE ARROZ O MAIZ,2,['ARROZ O MAIZ'],['crop'],1
ALGODON Y ESPARRAGOS,2,"['ALGODON', 'ESPARRAGOS']","['crop', 'crop']",2
ALGODON (75%) Y MAIZ (25%),2,"['ALGODON', 'MAIZ']","['crop', 'crop']",2
PLATANOS Y MANGO,2,"['PLATANO', 'MANGO']","['crop', 'crop']",2
FREJOL CASTILLO,2,['FREJOL CASTILLO'],['crop'],1
MAIZ Y ALGODOD,2,"['MAIZ', 'ALGODOD']","['crop', 'crop']",2
"0.75 PLATANO, 0.25 ARROZ",2,"['PLATANO', 'ARROZ']","['crop', 'crop']",2
"CAMOTE,MAIZ",2,"['CAMOTE', 'MAIZ']","['crop', 'crop']",2
"MAIZ ,FREJOL",2,"['MAIZ', 'FRIJOL']","['crop', 'crop']",2
"MANGO, PLATANO, FURTALES",2,"['MANGO', 'PLATANO', 'FURTALES']","['crop', 'crop', 'crop']",3
ESPARRAGOS Y FREJOL,2,"['ESPARRAGOS', 'FRIJOL']","['crop', 'crop']",2
FREJOL SARANDAJ,2,['FREJOL SARANDAJ'],['crop'],1
MAIZ Y FRUTALES,2,"['MAIZ', 'FRUTALES']","['crop', 'crop']",2
",TOMATE,YUCA",2,"['TOMATE', 'YUCA']","['crop', 'crop']",2
"CAMOTE , MAIZ Y FREJOL",2,"['CAMOTE', 'MAIZ', 'FRIJOL']","['crop', 'crop', 'crop']",3
ESPAREAGOS,2,['ESPAREAGOS'],['crop'],1
MANGO Y TUNA,2,"['MANGO', 'TUNA']","['crop', 'crop']",2
MAIZ. ALGODON,2,"['MAIZ', 'ALGODON']","['crop', 'crop']",2
TIERRA SALITROSA,2,['TIERRA SALITROSA'],['fallow'],1
"FREJOL, SARANDAJA Y HABAS",2,"['FRIJOL', 'ZARANDAJA', 'HABA']","['crop', 'crop', 'crop']",3
FRIJOL  Y SARANDAJA,2,"['FRIJOL', 'ZARANDAJA']","['crop', 'crop']",2
"MAIZ AMARILLO, YUCA",2,"['MAIZ', 'YUCA']","['crop', 'crop']",2
MANGO (4 PLANTAS),2,['MANGO'],['crop'],1
TOMANTE Y PIMIENTO,2,"['TOMANTE', 'PIMIENTO']","['crop', 'crop']",2
"ALGODON , MAIZ",2,"['ALGODON', 'MAIZ']","['crop', 'crop']",2
FREJOL Y HABAS,2,"['FRIJOL', 'HABA']","['crop', 'crop']",2
"MAIZ , ALGODON",2,"['MAIZ', 'ALGODON']","['crop', 'crop']",2
MAIZ Y CAÑA BRAVA,2,"['MAIZ', 'CAÑA BRAVA']","['crop', 'crop']",2
"MAIZ, MANGO Y PLATANO",2,"['MAIZ', 'MANGO', 'PLATANO']","['crop', 'crop', 'crop']",3
"MANGO, PLATANO Y TAMARINDO",2,"['MANGO', 'PLATANO', 'TAMARINDO']","['crop', 'crop', 'crop']",3
"PLATANO, MANGO,CIRUELO,FREJOL",2,"['PLATANO', 'MANGO', 'CIRUELA', 'FRIJOL']","['crop', 'crop', 'crop', 'crop']",4
"TAMARINDO , MANGO Y PLATANO",2,"['TAMARINDO', 'MANGO', 'PLATANO']","['crop', 'crop', 'crop']",3
ZRROZ,2,['ZRROZ'],['crop'],1
"SARANDAJA, FREJOL",2,"['ZARANDAJA', 'FRIJOL']","['crop', 'crop']",2
ARROZº,2,['ARROZº'],['crop'],1
ALGODN Y ARROZ,2,"['ALGODN', 'ARROZ']","['crop', 'crop']",2
ESPARRAGO Y FREJOL,2,"['ESPARRAGO', 'FRIJOL']","['crop', 'crop']",2
ALFALFA  50% Y MAIZ 50%,2,"['ALFALFA', 'MAIZ']","['pasture', 'crop']",2
"ARROZ, LIMON",2,"['ARROZ', 'LIMON']","['crop', 'crop']",2
"MAIZ, FRIJOL, HABAS",2,"['MAIZ', 'FRIJOL', 'HABA']","['crop', 'crop', 'crop']",3
"AROZ, MAIZ",2,"['ARROZ', 'MAIZ']","['crop', 'crop']",2
MANUAL,2,['MANUAL'],['crop'],1
"FREJOL , MAIZ Y  MANGO",2,"['FRIJOL', 'MAIZ', 'MANGO']","['crop', 'crop', 'crop']",3
PLATANO 30% PASTO SUDAN 70%,2,"['PLATANO', 'PASTO SUDAN']","['crop', 'pasture']",2
"AJI, ACELGA, CULANTRO",2,"['AJI', 'ACELGA', 'CULANTRO']","['crop', 'crop', 'crop']",3
MAIZ: 70% ;  ZARANDAJA: 30%,2,"['MAIZ', 'ZARANDAJA']","['crop', 'crop']",2
",FREJOL,MAIZ",2,"['FRIJOL', 'MAIZ']","['crop', 'crop']",2
ALTO DE ARROZ,2,['ALTO DE ARROZ'],['crop'],1
EN DESCANSIO,2,['DESCANSIO'],['fallow'],1
"FREJOL , MAIZ",2,"['FRIJOL', 'MAIZ']","['crop', 'crop']",2
PLATANO  Y NARANJA,2,"['PLATANO', 'NARANJA']","['crop', 'crop']",2
"MAIZ AMARILLO DURO, ARROZ",2,"['MAIZ AMARILLO DURO', 'ARROZ']","['crop', 'crop']",2
FRIJOLSARANDAJA,2,['FRIJOLSARANDAJA'],['crop'],1
GIRASOLES,2,['GIRASOL'],['crop'],1
"MAIZ AMARILLO DURO, MAIZ",2,"['MAIZ AMARILLO DURO', 'MAIZ']","['crop', 'crop']",2
"FRUTALES (GUABO,LIMON,PLATANO)",2,['FRUTALES'],['crop'],1
"MANGO , PLATANO",2,"['MANGO', 'PLATANO']","['crop', 'crop']",2
RESIDUOS EN COSECHA,2,['RESIDUOS EN COSECHA'],['crop'],1
"M,AIZ",2,['AIZ'],['crop'],1
MANGOS Y TAMARINDO,2,"['MANGO', 'TAMARINDO']","['crop', 'crop']",2
PTRREPARADOS,2,['PTRREPARADOS'],['land_prep'],1
CAMOTE Y NAIZ,2,"['CAMOTE', 'NAIZ']","['crop', 'crop']",2
AARROZ,2,['AARROZ'],['crop'],1
DESVANSO,2,['DESVANSO'],['crop'],1
AEEOZ,2,['AEEOZ'],['crop'],1
EDSCANSO,2,['EDSCANSO'],['crop'],1
MAIZ Y MAOGO,2,"['MAIZ', 'MAOGO']","['crop', 'crop']",2
PAN LLEVAR Y MAIZ,2,"['PAN LLEVAR', 'MAIZ']","['crop', 'crop']",2
PARA SIEMBRA SDE ALGODON,2,['SDE ALGODON'],['crop'],1
EN BERBECHO,2,['BERBECHO'],['crop'],1
DESCAANSO,2,['DESCAANSO'],['crop'],1
SIEMBRA DE ALGODDON,2,['ALGODDON'],['crop'],1
CAMOTE - FREJOL,2,"['CAMOTE', 'FRIJOL']","['crop', 'crop']",2
"HUABAS, LIMON, LIMA, MANGO Y MAIZ",2,"['GUABO', 'LIMON', 'LIMA', 'MANGO', 'MAIZ']","['crop', 'crop', 'crop', 'crop', 'crop']",5
SIMBRA DE ALGODON,2,['SIMBRA DE ALGODON'],['crop'],1
CULTIVO DE PLATANO,2,['PLATANO'],['crop'],1
ARAADO,2,['ARAADO'],['crop'],1
"PLATANO, NARANJO, LIMON",2,"['PLATANO', 'NARANJA', 'LIMON']","['crop', 'crop', 'crop']",3
EN DECANSO,2,['DECANSO'],['crop'],1
TERRENOO EN DESCANSO,2,['TERRENOO EN DESCANSO'],['fallow'],1
LABORES DE PREPARACION,2,['LABORES DE PREPARACION'],['land_prep'],1
"ALGODON, LIMON, GUANABANA",2,"['ALGODON', 'LIMON', 'GUANABANA']","['crop', 'crop', 'crop']",3
"MANGO, LIOMON Y TAMARINDO",2,"['MANGO', 'LIOMON', 'TAMARINDO']","['crop', 'crop', 'crop']",3
PARA SIMBRA,2,['PARA SIMBRA'],['crop'],1
PASTO ELEFANTE Y MANGO,2,"['PASTO ELEFANTE', 'MANGO']","['pasture', 'crop']",2
CAMOTE FREJOL,2,"['CAMOTE', 'FRIJOL']","['crop', 'crop']",2
PREPARACION PARA CULTIVO DE ALGODON,2,['PREPARACION PARA CULTIVO DE ALGODON'],['land_prep'],1
CAMMOTE,2,['CAMMOTE'],['crop'],1
CULTIVO DE ALGOODON,2,['ALGOODON'],['crop'],1
DXESCANSO,2,['DXESCANSO'],['crop'],1
ALMACIGO ARROZ,2,['ALMACIGO ARROZ'],['crop'],1
DEWSCANSO,2,['DEWSCANSO'],['crop'],1
"MANGO, LIMONES Y CIRUELOS",2,"['MANGO', 'LIMON', 'CIRUELA']","['crop', 'crop', 'crop']",3
"MANGO,LIMON Y CIRUELOS",2,"['MANGO', 'LIMON', 'CIRUELA']","['crop', 'crop', 'crop']",3
DESCANSO4,2,['DESCANSO'],['fallow'],1
TERRENE EN DESCANSO,2,['TERRENE EN DESCANSO'],['fallow'],1
"CAM,OTE",2,"['CAM', 'OTE']","['crop', 'crop']",2
"FREJOL, MAIZ Y CAMOTE",2,"['FRIJOL', 'MAIZ', 'CAMOTE']","['crop', 'crop', 'crop']",3
"FRIJOL, CAMOTE, MAIZ Y ARROZ",2,"['FRIJOL', 'CAMOTE', 'MAIZ', 'ARROZ']","['crop', 'crop', 'crop', 'crop']",4
MANGO Y CIRUELA,2,"['MANGO', 'CIRUELA']","['crop', 'crop']",2
ESCANSO,2,['ESCANSO'],['crop'],1
MANGO  Y CIRUELA,2,"['MANGO', 'CIRUELA']","['crop', 'crop']",2
"MANGO, CIRUELO Y LIMON",2,"['MANGO', 'CIRUELA', 'LIMON']","['crop', 'crop', 'crop']",3
MONGO Y CIRUELA,2,"['MONGO', 'CIRUELA']","['crop', 'crop']",2
ALGODON 20 DIAS,2,"['ALGODON', 'DIAS']","['crop', 'crop']",2
ALGODOSN,2,['ALGODOSN'],['crop'],1
"MANGO, GUABO Y OTROS",2,"['MANGO', 'GUABO', 'SIN ESPECIFICAR']","['crop', 'crop', 'unspecified']",3
CAMOTE Y FRIJOL,2,"['CAMOTE', 'FRIJOL']","['crop', 'crop']",2
NIO ESPECIFICA,2,['NIO ESPECIFICA'],['crop'],1
CAFE PLATANO Y NARANJA,2,"['CAFE', 'PLATANO', 'NARANJA']","['crop', 'crop', 'crop']",3
AÑGODON,2,['AÑGODON'],['crop'],1
ZONA ARBOREA,2,['ZONA ARBOREA'],['crop'],1
DESCUENTO,2,['DESCUENTO'],['crop'],1
DESDCAANSO,2,['DESDCAANSO'],['crop'],1
EN PREPERACION,2,['PREPERACION'],['crop'],1
DESCANSOO,2,['DESCANSOO'],['fallow'],1
PARA LA CAMPAÑA,2,['PARA LA CAMPAÑA'],['crop'],1
PLATANOS Y LIMONES,2,"['PLATANO', 'LIMON']","['crop', 'crop']",2
ALGODON (80%)  DESCANSO (20%),2,"['ALGODON', 'DESCANSO']","['crop', 'fallow']",2
DESCANSO100,2,['DESCANSO'],['fallow'],1
PARA SEMBRAR ALGODON,2,['PARA SEMBRAR ALGODON'],['crop'],1
ARRTOZ,2,['ARRTOZ'],['crop'],1
DECSCAANSO,2,['DECSCAANSO'],['crop'],1
SRROZ,2,['SRROZ'],['crop'],1
GRADEO  ARROZ,2,"['GRADEO', 'ARROZ']","['land_prep', 'crop']",2
ALGODON (80%)  DESCANSO(20%),2,"['ALGODON', 'DESCANSO']","['crop', 'fallow']",2
FREJIOL Y MAIZ,2,"['FREJIOL', 'MAIZ']","['crop', 'crop']",2
DESCANSO 100,2,['DESCANSO'],['fallow'],1
FREJOL SARADANGO,2,['FREJOL SARADANGO'],['land_prep'],1
"ALGODON ,FREJOL Y CAMOTE",2,"['ALGODON', 'FRIJOL', 'CAMOTE']","['crop', 'crop', 'crop']",3
AQRADO,2,['AQRADO'],['crop'],1
ARRO Z,2,['ARRO Z'],['crop'],1
ARROZ Y COCOS,2,"['ARROZ', 'COCO']","['crop', 'crop']",2
MAIZ  50%   CAMOTE 50%,2,"['MAIZ', 'CAMOTE']","['crop', 'crop']",2
FRUTALES  CIRUELA,2,"['FRUTALES', 'CIRUELA']","['crop', 'crop']",2
MANGO TAMARINDO Y LIMON,2,"['MANGO', 'TAMARINDO', 'LIMON']","['crop', 'crop', 'crop']",3
MANGO Y GUAMABANA,2,"['MANGO', 'GUAMABANA']","['crop', 'crop']",2
"MANGO,GUABA Y TAMARINDO",2,"['MANGO', 'GUABO', 'TAMARINDO']","['crop', 'crop', 'crop']",3
"PLATANO , MANGO COCO ETC",2,"['PLATANO', 'MANGO COCO ETC']","['crop', 'crop']",2
AWRROZ,2,['AWRROZ'],['crop'],1
DESC ANSO,2,['DESC ANSO'],['crop'],1
ALBERJAS,2,['ARVEJA'],['crop'],1
EM PREPARACION,2,['EM PREPARACION'],['land_prep'],1
PLATANO Y TAMARINDO,2,"['PLATANO', 'TAMARINDO']","['crop', 'crop']",2
ASLGODON,2,['ASLGODON'],['crop'],1
DENCANSO,2,['DENCANSO'],['crop'],1
DSECANSO,2,['DSECANSO'],['crop'],1
FREJOLES Y MANGO,2,"['FRIJOL', 'MANGO']","['crop', 'crop']",2
"FRUTALES (MANGO, HUALLABAS, TAMARINDO)",2,['FRUTALES'],['crop'],1
TAMARINDO Y GUABA,2,"['TAMARINDO', 'GUABO']","['crop', 'crop']",2
SLGODON,2,['SLGODON'],['crop'],1
"ARROZ, CEBOLLA",2,"['ARROZ', 'CEBOLLA']","['crop', 'crop']",2
CEBOLLA Y ARROZ,2,"['CEBOLLA', 'ARROZ']","['crop', 'crop']",2
ARADURA CON CABALLO PARA ARROZ,2,"['ARADO', 'CABALLO PARA ARROZ']","['land_prep', 'crop']",2
"TUMA, MAIZ",2,"['TUMA', 'MAIZ']","['crop', 'crop']",2
"ARROZ, MAIZ YUCA",2,"['ARROZ', 'MAIZ', 'YUCA']","['crop', 'crop', 'crop']",3
ARROZ-MAIZ,2,"['ARROZ', 'MAIZ']","['crop', 'crop']",2
"ARROZ, YUCA Y MAIZ",2,"['ARROZ', 'YUCA', 'MAIZ']","['crop', 'crop', 'crop']",3
"CAMOTE, PLATANO",2,"['CAMOTE', 'PLATANO']","['crop', 'crop']",2
PASTOS CULTIVADOS,2,['PASTOS CULTIVADOS'],['pasture'],1
"MAIZ, TUNA",2,"['MAIZ', 'TUNA']","['crop', 'crop']",2
"MAIZ, YUCA, MANGO",2,"['MAIZ', 'YUCA', 'MANGO']","['crop', 'crop', 'crop']",3
"MENESTRAS, PLATANO",2,"['MENESTRAS', 'PLATANO']","['crop', 'crop']",2
"TOMATE, CULANTRO, REPOLLO, AJI, CEBOLLA",2,"['TOMATE', 'CULANTRO', 'REPOLLO', 'AJI', 'CEBOLLA']","['crop', 'crop', 'crop', 'crop', 'crop']",5
"PAPA , ABA Y OLLUCO",2,"['PAPA', 'ABA', 'OLLUCO']","['crop', 'crop', 'crop']",3
"CAFE, PLATANO, CAÑA DE AZUCAR, NARANJA Y GARNADILLA",2,"['CAFE', 'PLATANO', 'CAÑA DE AZUCAR', 'NARANJA', 'GARNADILLA']","['crop', 'crop', 'crop', 'crop', 'crop']",5
"CAFE, PLATANO , GRANADILLA Y NARANJA",2,"['CAFE', 'PLATANO', 'GRANADILLA', 'NARANJA']","['crop', 'crop', 'crop', 'crop']",4
"PLATANO, CAFE ,  NARANJO Y GRANADILLA",2,"['PLATANO', 'CAFE', 'NARANJA', 'GRANADILLA']","['crop', 'crop', 'crop', 'crop']",4
"PLATANO, CAFE, GRANADILLA Y NARANJA",2,"['PLATANO', 'CAFE', 'GRANADILLA', 'NARANJA']","['crop', 'crop', 'crop', 'crop']",4
"PLATANO, GRANADILLA, CAFE Y NARANJA",2,"['PLATANO', 'GRANADILLA', 'CAFE', 'NARANJA']","['crop', 'crop', 'crop', 'crop']",4
"PLATANO, NARANJA, GRANADILLA Y CAFE",2,"['PLATANO', 'NARANJA', 'GRANADILLA', 'CAFE']","['crop', 'crop', 'crop', 'crop']",4
"ARVERJA ,SAMBUMBA OLLUCO",2,"['ARVEJA', 'SAMBUMBA OLLUCO']","['crop', 'crop']",2
"MAIZ, TRIGO CEBADA",2,"['MAIZ', 'TRIGO', 'CEBADA']","['crop', 'crop', 'crop']",3
PLATANO CAFE Y NARANJA,2,"['PLATANO', 'CAFE', 'NARANJA']","['crop', 'crop', 'crop']",3
HABAS Y ALBERJA,2,"['HABA', 'ARVEJA']","['crop', 'crop']",2
"OLLUCO, SANBUMBA",2,"['OLLUCO', 'SANBUMBA']","['crop', 'crop']",2
"SABUMBA, TRIGO",2,"['SABUMBA', 'TRIGO']","['crop', 'crop']",2
"TRIGO, CERBADA, PAPA",2,"['TRIGO', 'CERBADA', 'PAPA']","['crop', 'crop', 'crop']",3
ALBERJA MAIZ,2,"['ARVEJA', 'MAIZ']","['crop', 'crop']",2
"ALBERJA, CEBADA",2,"['ARVEJA', 'CEBADA']","['crop', 'crop']",2
"ALBERJA, HABAS",2,"['ARVEJA', 'HABA']","['crop', 'crop']",2
"ARVEJA, MAIZ Y HABAS",2,"['ARVEJA', 'MAIZ', 'HABA']","['crop', 'crop', 'crop']",3
"ARVERJA, HABAS Y OCA",2,"['ARVEJA', 'HABA', 'OCA']","['crop', 'crop', 'crop']",3
"CAFE, PLATANO NARANJA Y MARACUYA",2,"['CAFE', 'PLATANO', 'NARANJA', 'MARACUYA']","['crop', 'crop', 'crop', 'crop']",4
CAÑA DE ZAUCAR,2,['CAÑA DE ZAUCAR'],['crop'],1
"CAÑA, MAIZ Y YUCA",2,"['CAÑA DE AZUCAR', 'MAIZ', 'YUCA']","['crop', 'crop', 'crop']",3
"CEBOLLA, CAÑA DE AZUCAR",2,"['CEBOLLA', 'CAÑA DE AZUCAR']","['crop', 'crop']",2
"FRIJOL,PASTOS ELEFANTES",2,"['FRIJOL', 'PASTO', 'PASTO ELEFANTE']","['crop', 'pasture', 'pasture']",3
MAIZ Y ALAVERJA,2,"['MAIZ', 'ALAVERJA']","['crop', 'crop']",2
"PASTO ELEFANTE, PLATANO Y CAFE",2,"['PASTO ELEFANTE', 'PLATANO', 'CAFE']","['pasture', 'crop', 'crop']",3
"TRIGO, MAIZ Y HABAS",2,"['TRIGO', 'MAIZ', 'HABA']","['crop', 'crop', 'crop']",3
ARVEJA Y CEBADA,2,"['ARVEJA', 'CEBADA']","['crop', 'crop']",2
"CAFE, PLATANO GRANADILLA Y NARANJA",2,"['CAFE', 'PLATANO', 'GRANADILLA', 'NARANJA']","['crop', 'crop', 'crop', 'crop']",4
"CAFE, PLATANO MANGO Y CAÑA DE AZUCAR",2,"['CAFE', 'PLATANO', 'MANGO', 'CAÑA DE AZUCAR']","['crop', 'crop', 'crop', 'crop']",4
"CAFE, PLATANO, MARACUYA,CAÑA DE AZUCAR Y NARANJA",2,"['CAFE', 'PLATANO', 'MARACUYA', 'CAÑA DE AZUCAR', 'NARANJA']","['crop', 'crop', 'crop', 'crop', 'crop']",5
"CAFE, PLATANO, NARANJO U GRANADILLA",2,"['CAFE', 'PLATANO', 'NARANJO U GRANADILLA']","['crop', 'crop', 'crop']",3
CAÑA DE AZUCAR Y SARANDAJA,2,"['CAÑA DE AZUCAR', 'ZARANDAJA']","['crop', 'crop']",2
"CAÑA DE AZUCAR, SARANDAJA",2,"['CAÑA DE AZUCAR', 'ZARANDAJA']","['crop', 'crop']",2
GUAYAQUIL Y GUABA,2,"['GUAYAQUIL', 'GUABO']","['crop', 'crop']",2
"MAIZ, ALBERJA, TRIGO",2,"['MAIZ', 'ARVEJA', 'TRIGO']","['crop', 'crop', 'crop']",3
"OCA , OLLUCO Y PAPA",2,"['OCA', 'OLLUCO', 'PAPA']","['crop', 'crop', 'crop']",3
OYUCO,2,['OYUCO'],['crop'],1
PASTO PLATANO,2,"['PASTO', 'PLATANO']","['pasture', 'crop']",2
PLATANO PASTO,2,"['PLATANO', 'PASTO']","['crop', 'pasture']",2
PLATANOY PASTO,2,['PLATANOY PASTO'],['pasture'],1
RASTREJO DE TRIGO,2,['RASTREJO DE TRIGO'],['crop'],1
"TRIGO, ARVEJA Y MAIZ",2,"['TRIGO', 'ARVEJA', 'MAIZ']","['crop', 'crop', 'crop']",3
"TRIGO, MAIZ,FREJOL",2,"['TRIGO', 'MAIZ', 'FRIJOL']","['crop', 'crop', 'crop']",3
"TRIGO, PASTO",2,"['TRIGO', 'PASTO']","['crop', 'pasture']",2
"ALBERJA ALBERJA, MAIZ",2,"['ARVEJA', 'MAIZ']","['crop', 'crop']",2
ALBERJATRIGO,2,['ALBERJATRIGO'],['crop'],1
"CAÑA DE AZUCAR, PAPA Y REPOLLO",2,"['CAÑA DE AZUCAR', 'PAPA', 'REPOLLO']","['crop', 'crop', 'crop']",3
"MAIZ , TRIGO, PASTO",2,"['MAIZ', 'TRIGO', 'PASTO']","['crop', 'crop', 'pasture']",3
MAIZ Y ALFALFA,2,"['MAIZ', 'ALFALFA']","['crop', 'pasture']",2
"MAIZ, TRIGO FREJOL",2,"['MAIZ', 'TRIGO', 'FRIJOL']","['crop', 'crop', 'crop']",3
"MAIZ, TRIGO, MAIZ",2,"['MAIZ', 'TRIGO']","['crop', 'crop']",2
"MAIZ,TRIGO, FREJOL",2,"['MAIZ', 'TRIGO', 'FRIJOL']","['crop', 'crop', 'crop']",3
PAPA Y EUCALIPTO,2,"['PAPA', 'EUCALIPTO']","['crop', 'crop']",2
TRIGO Y HABA,2,"['TRIGO', 'HABA']","['crop', 'crop']",2
"CEBADA , PAPA Y OTROS",2,"['CEBADA', 'PAPA', 'SIN ESPECIFICAR']","['crop', 'crop', 'unspecified']",3
"MAIZ 40%,   FREJOL 30%,   PALLARES 30%",2,"['MAIZ', 'FRIJOL', 'PALLAR']","['crop', 'crop', 'crop']",3
MAIZ.TRIGO,2,"['MAIZ', 'TRIGO']","['crop', 'crop']",2
OCA Y PAPA,2,"['OCA', 'PAPA']","['crop', 'crop']",2
PAPA Y OTROS,2,"['PAPA', 'SIN ESPECIFICAR']","['crop', 'unspecified']",2
"PAPA., ARVERJA",2,"['PAPA', 'ARVEJA']","['crop', 'crop']",2
"PASTO , ARVERJA",2,"['PASTO', 'ARVEJA']","['pasture', 'crop']",2
"YTRIGO, PAPA",2,"['YTRIGO', 'PAPA']","['crop', 'crop']",2
"ALBERTO, AIZ,TRIGO",2,"['ALBERTO', 'AIZ', 'TRIGO']","['crop', 'crop', 'crop']",3
TRIGO Y HABAS,2,"['TRIGO', 'HABA']","['crop', 'crop']",2
"AÑLBERJA, MAIZ, AVA",2,"['AÑLBERJA', 'MAIZ', 'AVA']","['crop', 'crop', 'crop']",3
CAÑA DE CAÑA,2,['CAÑA DE CAÑA'],['crop'],1
"CAÑA,DE AZUCAR",2,"['CAÑA DE AZUCAR', 'AZUCAR']","['crop', 'crop']",2
LAVERJA,2,['LAVERJA'],['crop'],1
"MAIZ,CAÑA DE AZUCAR",2,"['MAIZ', 'CAÑA DE AZUCAR']","['crop', 'crop']",2
"PLATANO, GRANADILLA Y CAFE",2,"['PLATANO', 'GRANADILLA', 'CAFE']","['crop', 'crop', 'crop']",3
"CAFE, PLATANO,UCA Y NARANJA",2,"['CAFE', 'PLATANO', 'UCA', 'NARANJA']","['crop', 'crop', 'crop', 'crop']",4
"CAÑA , TRIGO",2,"['CAÑA DE AZUCAR', 'TRIGO']","['crop', 'crop']",2
"CAÑA DE AZUCAR , PLATANO Y CAFE",2,"['CAÑA DE AZUCAR', 'PLATANO', 'CAFE']","['crop', 'crop', 'crop']",3
"CAÑA DE AZUCAR, PLATANO, YUCA Y MAIZ",2,"['CAÑA DE AZUCAR', 'PLATANO', 'YUCA', 'MAIZ']","['crop', 'crop', 'crop', 'crop']",4
OLUCO,2,['OLUCO'],['crop'],1
PALLAR,2,['PALLAR'],['crop'],1
"PASTO, NATURA",2,"['PASTO', 'NATURA']","['pasture', 'crop']",2
PASTOE ELEFANTE Y NATURAL,2,"['PASTOE ELEFANTE', 'NATURAL']","['pasture', 'crop']",2
ARBVERJA,2,['ARBVERJA'],['crop'],1
ARVERJITA,2,['ARVERJITA'],['crop'],1
CAÑA DE AXUCAR,2,['CAÑA DE AXUCAR'],['crop'],1
CAÑA DE AZUCAR  Y PLATANO,2,"['CAÑA DE AZUCAR', 'PLATANO']","['crop', 'crop']",2
"MAI,FREJOL",2,"['MAI', 'FRIJOL']","['crop', 'crop']",2
NATURAL Y ELEFANTE,2,"['NATURAL', 'PASTO ELEFANTE']","['crop', 'pasture']",2
PASTO ELEFAMTE,2,['PASTO ELEFAMTE'],['pasture'],1
"CAFE, PLATANO MARACUYA Y NARANJA",2,"['CAFE', 'PLATANO', 'MARACUYA', 'NARANJA']","['crop', 'crop', 'crop', 'crop']",4
CAÑA DE AZUCAR Y PAPA,2,"['CAÑA DE AZUCAR', 'PAPA']","['crop', 'crop']",2
"PLATANO, CAFE NARANJA",2,"['PLATANO', 'CAFE', 'NARANJA']","['crop', 'crop', 'crop']",3
"TRIGO ,FREJOL",2,"['TRIGO', 'FRIJOL']","['crop', 'crop']",2
CAFE Y YUCA,2,"['CAFE', 'YUCA']","['crop', 'crop']",2
CEBADA Y PAPA,2,"['CEBADA', 'PAPA']","['crop', 'crop']",2
SARANDAJA Y PASTO ELEFANTE,2,"['ZARANDAJA', 'PASTO ELEFANTE']","['crop', 'pasture']",2
TRIGO 70%    OLLUCO 30%,2,"['TRIGO', 'OLLUCO']","['crop', 'crop']",2
"CAFE, PLATANO Y CAÑA DE AUCAR",2,"['CAFE', 'PLATANO', 'CAÑA DE AUCAR']","['crop', 'crop', 'crop']",3
"MAIZ, CAÑA DE AZUCAR, PASTO ELEFANTE",2,"['MAIZ', 'CAÑA DE AZUCAR', 'PASTO ELEFANTE']","['crop', 'crop', 'pasture']",3
NARANJA Y PLATANO,2,"['NARANJA', 'PLATANO']","['crop', 'crop']",2
"YUCA Y CAMOTE, PAST ELEFANTE",2,"['YUCA', 'CAMOTE', 'PAST ELEFANTE']","['crop', 'crop', 'pasture']",3
PASTO  Y CAÑA DE AZUCAR,2,"['PASTO', 'CAÑA DE AZUCAR']","['pasture', 'crop']",2
"PASTO, MAIZ Y SARANDAJA",2,"['PASTO', 'MAIZ', 'ZARANDAJA']","['pasture', 'crop', 'crop']",3
"PLATANOS, CAFE",2,"['PLATANO', 'CAFE']","['crop', 'crop']",2
"CAFE , NARANJO Y MARACUYA",2,"['CAFE', 'NARANJA', 'MARACUYA']","['crop', 'crop', 'crop']",3
"CAFE, PLATANO, NARANJA Y PASTO",2,"['CAFE', 'PLATANO', 'NARANJA', 'PASTO']","['crop', 'crop', 'crop', 'pasture']",4
"CAÑA, DEAZUCAR, PLATANO",2,"['CAÑA DE AZUCAR', 'DEAZUCAR', 'PLATANO']","['crop', 'crop', 'crop']",3
GARNADILLA,2,['GARNADILLA'],['crop'],1
PAPA Y PASTO,2,"['PAPA', 'PASTO']","['crop', 'pasture']",2
PASTO DE FORRAJE,2,['PASTO DE FORRAJE'],['pasture'],1
"PASTO, CAFE CAÑA",2,"['PASTO', 'CAFE', 'CAÑA DE AZUCAR']","['pasture', 'crop', 'crop']",3
PLATANOSY CAÑA DE AZUCAR,2,['PLATANOSY CAÑA DE AZUCAR'],['crop'],1
"SARANDAJA, MAIZ Y PASTO",2,"['ZARANDAJA', 'MAIZ', 'PASTO']","['crop', 'crop', 'pasture']",3
ALFVERJAS,2,['ALFVERJAS'],['crop'],1
CAMOTE Y PAPA,2,"['CAMOTE', 'PAPA']","['crop', 'crop']",2
"CAÑA DE AZUCAR,PASTO PLATANO",2,"['CAÑA DE AZUCAR', 'PASTO', 'PLATANO']","['crop', 'pasture', 'crop']",3
"PAPA, OLLUCO Y TRIGO",2,"['PAPA', 'OLLUCO', 'TRIGO']","['crop', 'crop', 'crop']",3
"PAPA,ALVERJA",2,"['PAPA', 'ARVEJA']","['crop', 'crop']",2
"PASTPO, CAÑA DE AZUCAR",2,"['PASTPO', 'CAÑA DE AZUCAR']","['crop', 'crop']",2
"PLATANO,CAÑA DEAZUCAR",2,"['PLATANO', 'CAÑA DEAZUCAR']","['crop', 'crop']",2
"ALBERJA, CEBADA, TRIGO",2,"['ARVEJA', 'CEBADA', 'TRIGO']","['crop', 'crop', 'crop']",3
"ARVERJA, MAIZ, TRIGO",2,"['ARVEJA', 'MAIZ', 'TRIGO']","['crop', 'crop', 'crop']",3
"CAFE, PLATANO  Y NARANJO",2,"['CAFE', 'PLATANO', 'NARANJA']","['crop', 'crop', 'crop']",3
CAÑA DE,2,['CAÑA DE'],['crop'],1
"PASTO, PLATINO",2,"['PASTO', 'PLATINO']","['pasture', 'crop']",2
PASTOS. CAÑA DE AZUCAR,2,['PASTOS CAÑA DE AZUCAR'],['pasture'],1
RASTROIJOS DE TRIGO,2,['RASTROIJOS DE TRIGO'],['crop'],1
XCAFE Y PLATANO,2,"['XCAFE', 'PLATANO']","['crop', 'crop']",2
"CAFE , MNARANJO Y PLATANO",2,"['CAFE', 'MNARANJO', 'PLATANO']","['crop', 'crop', 'crop']",3
"MAIZ,,PAPA",2,"['MAIZ', 'PAPA']","['crop', 'crop']",2
"TRIJO, ARVEJA",2,"['TRIJO', 'ARVEJA']","['crop', 'crop']",2
PLATANO CAÁ DE AZUCAR,2,['PLATANO CAA DE AZUCAR'],['crop'],1
HABA Y FREJOL,2,"['HABA', 'FRIJOL']","['crop', 'crop']",2
"PASTO, PLATANBO",2,"['PASTO', 'PLATANBO']","['pasture', 'crop']",2
"PASTOS , FRUTALES",2,"['PASTO', 'FRUTALES']","['pasture', 'crop']",2
"PASTOS, FRUTALES",2,"['PASTO', 'FRUTALES']","['pasture', 'crop']",2
"PASTOS, PLATANOS CAFE",2,"['PASTO', 'PLATANO', 'CAFE']","['pasture', 'crop', 'crop']",3
"PLATANO, FRUTALES",2,"['PLATANO', 'FRUTALES']","['crop', 'crop']",2
"PLATANOS, PASTO",2,"['PLATANO', 'PASTO']","['crop', 'pasture']",2
PLATANOS PASTOS,2,"['PLATANO', 'PASTO']","['crop', 'pasture']",2
TASTROJOS DE MAIZ,2,['TASTROJOS DE MAIZ'],['crop'],1
"OLLUCO, HABA",2,"['OLLUCO', 'HABA']","['crop', 'crop']",2
TRIGOS,2,['TRIGO'],['crop'],1
"CAFE , PLATANO Y PASTO",2,"['CAFE', 'PLATANO', 'PASTO']","['crop', 'crop', 'pasture']",3
"CAFE, PLATANO, CAÑA DE AZUCAR Y NARANJA",2,"['CAFE', 'PLATANO', 'CAÑA DE AZUCAR', 'NARANJA']","['crop', 'crop', 'crop', 'crop']",4
"CAMOTE, MAIZ, TRIGO",2,"['CAMOTE', 'MAIZ', 'TRIGO']","['crop', 'crop', 'crop']",3
"CAÑA DE AZUCAR, GUAYAQUIL",2,"['CAÑA DE AZUCAR', 'GUAYAQUIL']","['crop', 'crop']",2
"MAIZ, SARANDANGA  Y CAÑA DE AZUCAR",2,"['MAIZ', 'SARANDANGA', 'CAÑA DE AZUCAR']","['crop', 'crop', 'crop']",3
PALTANO Y NARANJO,2,"['PALTANO', 'NARANJA']","['crop', 'crop']",2
"PAPA ,MAIZ Y ALVERJA",2,"['PAPA', 'MAIZ', 'ARVEJA']","['crop', 'crop', 'crop']",3
"PASTO, CAÑA DE AZUCAR SARANDAJA Y MAIZ",2,"['PASTO', 'CAÑA DE AZUCAR SARANDAJA', 'MAIZ']","['pasture', 'crop', 'crop']",3
VERDURAS Y PASTO FORRAJE,2,"['VERDURAS', 'PASTO FORRAJE']","['crop', 'pasture']",2
"YUCA, MAIZ Y SARANDAJA",2,"['YUCA', 'MAIZ', 'ZARANDAJA']","['crop', 'crop', 'crop']",3
CAFE  Y PLATANO,2,"['CAFE', 'PLATANO']","['crop', 'crop']",2
"MAIZ, PASTO",2,"['MAIZ', 'PASTO']","['crop', 'pasture']",2
"MANGO, GUABA  Y CAÑA DE AZUCAR",2,"['MANGO', 'GUABO', 'CAÑA DE AZUCAR']","['crop', 'crop', 'crop']",3
PASTO FORRAJERO,2,['PASTO FORRAJERO'],['pasture'],1
"PLATANO, MARACUYA Y CAFE",2,"['PLATANO', 'MARACUYA', 'CAFE']","['crop', 'crop', 'crop']",3
"TRIGO, CEBADO",2,"['TRIGO', 'CEBADO']","['crop', 'crop']",2
"TRIGO, OCA",2,"['TRIGO', 'OCA']","['crop', 'crop']",2
"TRIGO, YUCA",2,"['TRIGO', 'YUCA']","['crop', 'crop']",2
VERDURAS Y PASTO,2,"['VERDURAS', 'PASTO']","['crop', 'pasture']",2
"YUCA, CAMOTE Y MAIZ",2,"['YUCA', 'CAMOTE', 'MAIZ']","['crop', 'crop', 'crop']",3
"MAIZ, HABA Y ARBERJA",2,"['MAIZ', 'HABA', 'ARBERJA']","['crop', 'crop', 'crop']",3
TRIGO ARBERJA Y CEBADA,2,"['TRIGO ARBERJA', 'CEBADA']","['crop', 'crop']",2
"TRIGO, MAIZ, ALBERJA",2,"['TRIGO', 'MAIZ', 'ARVEJA']","['crop', 'crop', 'crop']",3
"ARROZ, MAIZ Y CAÑA DE AZUCAR",2,"['ARROZ', 'MAIZ', 'CAÑA DE AZUCAR']","['crop', 'crop', 'crop']",3
"FRUTALES, PASTOS",2,"['FRUTALES', 'PASTO']","['crop', 'pasture']",2
"OCA, PAPA",2,"['OCA', 'PAPA']","['crop', 'crop']",2
"PAPA, ARVEJA, MAIZ Y REPOLLO",2,"['PAPA', 'ARVEJA', 'MAIZ', 'REPOLLO']","['crop', 'crop', 'crop', 'crop']",4
"PASTO, CAFE, PLATANO",2,"['PASTO', 'CAFE', 'PLATANO']","['pasture', 'crop', 'crop']",3
"PASTO, PASTO",2,['PASTO'],['pasture'],1
"PASTOD, PLATANOS",2,"['PASTOD', 'PLATANO']","['pasture', 'crop']",2
PASTOS CAÑA DE AZUCAR,2,['PASTOS CAÑA DE AZUCAR'],['pasture'],1
"PASTOS, CAFE FRUTALES",2,"['PASTO', 'CAFE', 'FRUTALES']","['pasture', 'crop', 'crop']",3
"TRIGO, ARBEJA Y CEBADA",2,"['TRIGO', 'ARVEJA', 'CEBADA']","['crop', 'crop', 'crop']",3
"TRIGO, MAIZ Y ARBERJA",2,"['TRIGO', 'MAIZ', 'ARBERJA']","['crop', 'crop', 'crop']",3
YUCA Y FREJOL DE PALO Y PLATANO,2,"['YUCA', 'FRIJOL DE PALO', 'PLATANO']","['crop', 'crop', 'crop']",3
CAFE Y PLATA NO,2,"['CAFE', 'PLATA NO']","['crop', 'crop']",2
PLATANO  Y CAFE,2,"['PLATANO', 'CAFE']","['crop', 'crop']",2
ALVERJA Y PAPA,2,"['ARVEJA', 'PAPA']","['crop', 'crop']",2
CAÑA DE AZUCAR SARANDAJA Y MAIZ,2,"['CAÑA DE AZUCAR SARANDAJA', 'MAIZ']","['crop', 'crop']",2
"CAÑA DE AZUCAR, TRIGO",2,"['CAÑA DE AZUCAR', 'TRIGO']","['crop', 'crop']",2
"CAÑA DE AZUCAR,CAFE,MAIZ Y SARANDAJA",2,"['CAÑA DE AZUCAR', 'CAFE', 'MAIZ', 'ZARANDAJA']","['crop', 'crop', 'crop', 'crop']",4
"MAIZ,ALVERJAS",2,"['MAIZ', 'ARVEJA']","['crop', 'crop']",2
"OCA,",2,['OCA'],['crop'],1
PAPA AJO Y ARVEJA,2,"['PAPA', 'AJO', 'ARVEJA']","['crop', 'crop', 'crop']",3
"PAPA, ALVERJA Y AJO",2,"['PAPA', 'ARVEJA', 'AJO']","['crop', 'crop', 'crop']",3
"PASTOS, CAFE, CAÑA DE AZUCAR",2,"['PASTO', 'CAFE', 'CAÑA DE AZUCAR']","['pasture', 'crop', 'crop']",3
"PAPA, MAIZ,TRIGO",2,"['PAPA', 'MAIZ', 'TRIGO']","['crop', 'crop', 'crop']",3
"PAPA, SAMBUMBA",2,"['PAPA', 'SAMBUMBA']","['crop', 'crop']",2
PASTO NATERAL,2,['PASTO NATERAL'],['pasture'],1
TROG,2,['TROG'],['crop'],1
"CAFE, PLATNO Y MANGO",2,"['CAFE', 'PLATNO', 'MANGO']","['crop', 'crop', 'crop']",3
"HUABAS, CAÑA DE AZUCAR Y MARACUYA",2,"['GUABO', 'CAÑA DE AZUCAR', 'MARACUYA']","['crop', 'crop', 'crop']",3
"MAIZ, ZAPALLO Y ZANAHORIA",2,"['MAIZ', 'ZAPALLO', 'ZANAHORIA']","['crop', 'crop', 'crop']",3
OCA Y TRIGO,2,"['OCA', 'TRIGO']","['crop', 'crop']",2
PASTO Y CAÑA DE AZUCAR,2,"['PASTO', 'CAÑA DE AZUCAR']","['pasture', 'crop']",2
PASTOS PLATANO,2,"['PASTO', 'PLATANO']","['pasture', 'crop']",2
PLATANO 40%   CAFE 30%     NARANJA 30%,2,"['PLATANO', 'CAFE', 'NARANJA']","['crop', 'crop', 'crop']",3
"PLATANO, YUCA , FREJOL",2,"['PLATANO', 'YUCA', 'FRIJOL']","['crop', 'crop', 'crop']",3
"PLATANO, YUCA, CAFE ,NARANJA, CAÑA DE AZUCAR Y MARACUYA",2,"['PLATANO', 'YUCA', 'CAFE', 'NARANJA', 'CAÑA DE AZUCAR', 'MARACUYA']","['crop', 'crop', 'crop', 'crop', 'crop', 'crop']",6
TRIGO ALVERJA,2,"['TRIGO', 'ARVEJA']","['crop', 'crop']",2
"YUCA, CAÑA Y MAIZ",2,"['YUCA', 'CAÑA DE AZUCAR', 'MAIZ']","['crop', 'crop', 'crop']",3
"YUCA, ZANAHORIA, CEBOLLA Y MAIZ",2,"['YUCA', 'ZANAHORIA', 'CEBOLLA', 'MAIZ']","['crop', 'crop', 'crop', 'crop']",4
CAFE PLATA NO Y NARANJO,2,"['CAFE PLATA NO', 'NARANJA']","['crop', 'crop']",2
"CAFE, PLATANO ,NARANJO Y YUCA",2,"['CAFE', 'PLATANO', 'NARANJA', 'YUCA']","['crop', 'crop', 'crop', 'crop']",4
"MAIZ, ALBERJA  HABA Y TRIGO",2,"['MAIZ', 'ARVEJA', 'HABA', 'TRIGO']","['crop', 'crop', 'crop', 'crop']",4
"MANGO, CAÑA DE AZUCAR NARANJA",2,"['MANGO', 'CAÑA DE AZUCAR NARANJA']","['crop', 'crop']",2
PASTO ELEFAMNTE,2,['PASTO ELEFAMNTE'],['pasture'],1
"XCAFE, PLATANO Y NARANJA",2,"['XCAFE', 'PLATANO', 'NARANJA']","['crop', 'crop', 'crop']",3
"YUCA, CAÑA DE AZUCAR Y CAMOTE",2,"['YUCA', 'CAÑA DE AZUCAR', 'CAMOTE']","['crop', 'crop', 'crop']",3
ALBERJA Y CANA DE AZUCAR,2,"['ARVEJA', 'CAÑA DE AZUCAR']","['crop', 'crop']",2
"ALVERJA, CAMOTE Y PAPA",2,"['ARVEJA', 'CAMOTE', 'PAPA']","['crop', 'crop', 'crop']",3
"CAMOTE, ZANAHORIA  Y REPOLLO",2,"['CAMOTE', 'ZANAHORIA', 'REPOLLO']","['crop', 'crop', 'crop']",3
"CAMOTE, ZANAHORIA , ALBERJA Y REPOLLO",2,"['CAMOTE', 'ZANAHORIA', 'ARVEJA', 'REPOLLO']","['crop', 'crop', 'crop', 'crop']",4
CAÑA DE AZUCAR Y REPOLLOO,2,"['CAÑA DE AZUCAR', 'REPOLLOO']","['crop', 'crop']",2
GUAYAQUIL Y CAÑA DE AZUCAR,2,"['GUAYAQUIL', 'CAÑA DE AZUCAR']","['crop', 'crop']",2
"MANGO, CACAO Y CAÑA DE AZUCAR",2,"['MANGO', 'CACAO', 'CAÑA DE AZUCAR']","['crop', 'crop', 'crop']",3
"MANGO, PLATANO Y GUAYAQUIL",2,"['MANGO', 'PLATANO', 'GUAYAQUIL']","['crop', 'crop', 'crop']",3
"PLATANO , YUCA Y ARROZ",2,"['PLATANO', 'YUCA', 'ARROZ']","['crop', 'crop', 'crop']",3
"PLATANO, CAÑA Y PASTO",2,"['PLATANO', 'CAÑA DE AZUCAR', 'PASTO']","['crop', 'crop', 'pasture']",3
"YUCA, CAMOTE Y MANGO",2,"['YUCA', 'CAMOTE', 'MANGO']","['crop', 'crop', 'crop']",3
"CAÑA DE AZUCAR, GUANABANA, PLATANO, MANGO",2,"['CAÑA DE AZUCAR', 'GUANABANA', 'PLATANO', 'MANGO']","['crop', 'crop', 'crop', 'crop']",4
"CAÑA DE AZUCAR, PLATANO Y CAFE",2,"['CAÑA DE AZUCAR', 'PLATANO', 'CAFE']","['crop', 'crop', 'crop']",3
REPOLLO ALBERJA Y  ZANAHORIA,2,"['REPOLLO', 'ARVEJA', 'ZANAHORIA']","['crop', 'crop', 'crop']",3
"FRUATELS, HORTALIZAS",2,"['FRUATELS', 'HORTALIZAS']","['crop', 'crop']",2
"ALGODON, LIMON ,MANGO, PLATANO",2,"['ALGODON', 'LIMON', 'MANGO', 'PLATANO']","['crop', 'crop', 'crop', 'crop']",4
"CACAO ,MANGO Y MAMEY",2,"['CACAO', 'MANGO', 'MAMEY']","['crop', 'crop', 'crop']",3
CACAO Y MAMAY,2,"['CACAO', 'MAMAY']","['crop', 'crop']",2
PASTO Y CAFE,2,"['PASTO', 'CAFE']","['pasture', 'crop']",2
PASTO Y PLATANO,2,"['PASTO', 'PLATANO']","['pasture', 'crop']",2
PLATANO 30% CAÑA 70%,2,"['PLATANO', 'CAÑA DE AZUCAR']","['crop', 'crop']",2
"ARVERJA, TRIGO",2,"['ARVEJA', 'TRIGO']","['crop', 'crop']",2
CAÑA DE AZUCAR  Y CAMOTE,2,"['CAÑA DE AZUCAR', 'CAMOTE']","['crop', 'crop']",2
CAÑA DE AZUCAR Y TUNA,2,"['CAÑA DE AZUCAR', 'TUNA']","['crop', 'crop']",2
"GUABA, MANGO",2,"['GUABO', 'MANGO']","['crop', 'crop']",2
"HUABAS, CAFE, PLATANO, NARANJA Y MARACUYA",2,"['GUABO', 'CAFE', 'PLATANO', 'NARANJA', 'MARACUYA']","['crop', 'crop', 'crop', 'crop', 'crop']",5
MAIZ Y CAÑA DE AZUCAR,2,"['MAIZ', 'CAÑA DE AZUCAR']","['crop', 'crop']",2
"PASTO, CAFE , PLATANO",2,"['PASTO', 'CAFE', 'PLATANO']","['pasture', 'crop', 'crop']",3
"CAFE, PLATANO Y PALTO",2,"['CAFE', 'PLATANO', 'PALTA']","['crop', 'crop', 'crop']",3
TRABAJO,2,['TRABAJO'],['crop'],1
COBERTURA AEREA,2,['COBERTURA AEREA'],['crop'],1
PLATANO 30%  NARANJA 30%    CAÑA 10%,2,"['PLATANO', 'NARANJA', 'CAÑA DE AZUCAR']","['crop', 'crop', 'crop']",3
PLATANO Y GRANADILLA,2,"['PLATANO', 'GRANADILLA']","['crop', 'crop']",2
AJI,2,['AJI'],['crop'],1
FREJOL CHILENO Y CULANTRO,2,"['FRIJOL CAUPI', 'CULANTRO']","['crop', 'crop']",2
FREJOL CHILENO Y LIMON,2,"['FRIJOL CAUPI', 'LIMON']","['crop', 'crop']",2
MAZ,2,['MAZ'],['crop'],1
"PIMIENTO, Y AJI ESCABECHE",2,"['PIMIENTO', 'AJI ESCABECHE']","['crop', 'crop']",2
PIMIENTO CHILENO,2,['PIMIENTO CHILENO'],['crop'],1
"PLATANO, CAÑA Y CAMOTE",2,"['PLATANO', 'CAÑA DE AZUCAR', 'CAMOTE']","['crop', 'crop', 'crop']",3
REPOLLO CAMOTE,2,"['REPOLLO', 'CAMOTE']","['crop', 'crop']",2
REPOLLO Y ALBERJA,2,"['REPOLLO', 'ARVEJA']","['crop', 'crop']",2
"SARANDAJA, FREJOL POPOLO",2,"['ZARANDAJA', 'FREJOL POPOLO']","['crop', 'crop']",2
CAFE 60%   PLATANO 40%,2,"['CAFE', 'PLATANO']","['crop', 'crop']",2
"CAFE, PASTO ELEFANTE",2,"['CAFE', 'PASTO ELEFANTE']","['crop', 'pasture']",2
CULTIVO DE CAFE,2,['CAFE'],['crop'],1
PASTO ELEFANTE 70%    PLATANO 30%,2,"['PASTO ELEFANTE', 'PLATANO']","['pasture', 'crop']",2
"PLATANO , CACAO Y MANGO",2,"['PLATANO', 'CACAO', 'MANGO']","['crop', 'crop', 'crop']",3
RASTROJOS DE ARVEJA,2,['ARVEJA'],['crop'],1
"CAFE, PLATANO ,  NARANJA Y MARACUYA",2,"['CAFE', 'PLATANO', 'NARANJA', 'MARACUYA']","['crop', 'crop', 'crop', 'crop']",4
LIMON (20 %),2,['LIMON'],['crop'],1
MANGO (20 %),2,['MANGO'],['crop'],1
MANGO (70 %),2,['MANGO'],['crop'],1
YUCA Y RASTROJOS DE MAIZ,2,"['YUCA', 'MAIZ']","['crop', 'crop']",2
"CAÑA DE AZUCAR, CAFE, NARANJA Y PLATANO",2,"['CAÑA DE AZUCAR', 'CAFE', 'NARANJA', 'PLATANO']","['crop', 'crop', 'crop', 'crop']",4
"MAIZ,. YUCA",2,"['MAIZ', 'YUCA']","['crop', 'crop']",2
"MANGO, PALTA, LIMON, NARANJA",2,"['MANGO', 'PALTA', 'LIMON', 'NARANJA']","['crop', 'crop', 'crop', 'crop']",4
"PLATANO, CAÑA DEAZUCAR",2,"['PLATANO', 'CAÑA DEAZUCAR']","['crop', 'crop']",2
PLATO Y CAFE,2,"['PLATO', 'CAFE']","['crop', 'crop']",2
SEBADA,2,['SEBADA'],['crop'],1
"YUCA, CAMOTE ,REPOLLO",2,"['YUCA', 'CAMOTE', 'REPOLLO']","['crop', 'crop', 'crop']",3
"ZAPALLO, SARANDAJA",2,"['ZAPALLO', 'ZARANDAJA']","['crop', 'crop']",2
"LIMON, MANGO Y PALTA",2,"['LIMON', 'MANGO', 'PALTA']","['crop', 'crop', 'crop']",3
"LIMON, MANGO Y TAMARINDO",2,"['LIMON', 'MANGO', 'TAMARINDO']","['crop', 'crop', 'crop']",3
"LIMON, MANGO, COCALES",2,"['LIMON', 'MANGO', 'COCALES']","['crop', 'crop', 'crop']",3
"LIMON, PLATANO, MANGO",2,"['LIMON', 'PLATANO', 'MANGO']","['crop', 'crop', 'crop']",3
MANGO Y PASTO ELEFANTE,2,"['MANGO', 'PASTO ELEFANTE']","['crop', 'pasture']",2
"NARANJA , GRANADILLA, PLATANO",2,"['NARANJA', 'GRANADILLA', 'PLATANO']","['crop', 'crop', 'crop']",3
"CAFE, PLATANO Y CAMOTE",2,"['CAFE', 'PLATANO', 'CAMOTE']","['crop', 'crop', 'crop']",3
"FREJOL, LIMON, ALGODON",2,"['FRIJOL', 'LIMON', 'ALGODON']","['crop', 'crop', 'crop']",3
"LIMON, FRUTALES",2,"['LIMON', 'FRUTALES']","['crop', 'crop']",2
"PLATANO,  CAFE , GRANADILLA Y NARANJO",2,"['PLATANO', 'CAFE', 'GRANADILLA', 'NARANJA']","['crop', 'crop', 'crop', 'crop']",4
RATROJOS DE ALGODON,2,['RATROJOS DE ALGODON'],['crop'],1
ALGODON Y TOMATE,2,"['ALGODON', 'TOMATE']","['crop', 'crop']",2
CAFE Y  CAÑA,2,"['CAFE', 'CAÑA DE AZUCAR']","['crop', 'crop']",2
"FREJOL, MAIZ,LIMON",2,"['FRIJOL', 'MAIZ', 'LIMON']","['crop', 'crop', 'crop']",3
"LIMON , MANGO Y ALGODON",2,"['LIMON', 'MANGO', 'ALGODON']","['crop', 'crop', 'crop']",3
"MAIZ, LIMON, FREJOL",2,"['MAIZ', 'LIMON', 'FRIJOL']","['crop', 'crop', 'crop']",3
"MANGO, LIMON, MARIGOL",2,"['MANGO', 'LIMON', 'MARIGOLD']","['crop', 'crop', 'crop']",3
"MANGO, MAIZ, LIMON",2,"['MANGO', 'MAIZ', 'LIMON']","['crop', 'crop', 'crop']",3
"MARIGOL, MANGO, LIMON",2,"['MARIGOLD', 'MANGO', 'LIMON']","['crop', 'crop', 'crop']",3
PASTO ELEFANTE (INVERNA),2,['PASTO ELEFANTE'],['pasture'],1
"LIMON, ,MANGO, MAIZ",2,"['LIMON', 'MANGO', 'MAIZ']","['crop', 'crop', 'crop']",3
MANGO. LIMON,2,"['MANGO', 'LIMON']","['crop', 'crop']",2
"MARIGIL, LIMON, MAIZ",2,"['MARIGIL', 'LIMON', 'MAIZ']","['crop', 'crop', 'crop']",3
"PLATANO, MANGO, MAIZ",2,"['PLATANO', 'MANGO', 'MAIZ']","['crop', 'crop', 'crop']",3
"PLATANO, YUCA Y CAÑA DE AZUCAR",2,"['PLATANO', 'YUCA', 'CAÑA DE AZUCAR']","['crop', 'crop', 'crop']",3
YUCA. MAIZ,2,"['YUCA', 'MAIZ']","['crop', 'crop']",2
ALGODON - ARROZ,2,"['ALGODON', 'ARROZ']","['crop', 'crop']",2
"CIRUELOS, MANGOS",2,"['CIRUELA', 'MANGO']","['crop', 'crop']",2
"MANGO, MARACUYA",2,"['MANGO', 'MARACUYA']","['crop', 'crop']",2
"MANGO, NARANJA",2,"['MANGO', 'NARANJA']","['crop', 'crop']",2
"MELON, AJI Y PIMIENTO",2,"['MELON', 'AJI', 'PIMIENTO']","['crop', 'crop', 'crop']",3
PASTO ELEFANTE 50%-CAFE 30%-PLATANO 10%-NARANJO 20%,2,"['PASTO ELEFANTE', 'CAFE', 'PLATANO', 'NARANJA']","['pasture', 'crop', 'crop', 'crop']",4
"LIMON, MAIZ, PLATANO, MANGO",2,"['LIMON', 'MAIZ', 'PLATANO', 'MANGO']","['crop', 'crop', 'crop', 'crop']",4
"LIMON, MANGO, MAIZ, PLATANO",2,"['LIMON', 'MANGO', 'MAIZ', 'PLATANO']","['crop', 'crop', 'crop', 'crop']",4
"MARIGOL, MANGO",2,"['MARIGOLD', 'MANGO']","['crop', 'crop']",2
"NARANJA, CAFE Y PLATANO",2,"['NARANJA', 'CAFE', 'PLATANO']","['crop', 'crop', 'crop']",3
PASTOI ELEFANTE,2,['PASTOI ELEFANTE'],['pasture'],1
"PLATANO, CAFE, GRANADILLA Y NARANJO",2,"['PLATANO', 'CAFE', 'GRANADILLA', 'NARANJA']","['crop', 'crop', 'crop', 'crop']",4
"LIMON, MANGO, PAPAYA",2,"['LIMON', 'MANGO', 'PAPAYA']","['crop', 'crop', 'crop']",3
"MANGO , LIMON Y ALGODON",2,"['MANGO', 'LIMON', 'ALGODON']","['crop', 'crop', 'crop']",3
"PASTO, CAFE Y PLATANO",2,"['PASTO', 'CAFE', 'PLATANO']","['pasture', 'crop', 'crop']",3
CIRUELO Y MANGO,2,"['CIRUELA', 'MANGO']","['crop', 'crop']",2
"CAFE, CAÑA.",2,"['CAFE', 'CAÑA DE AZUCAR']","['crop', 'crop']",2
"NARANJA, PLATANO Y PALTO",2,"['NARANJA', 'PLATANO', 'PALTA']","['crop', 'crop', 'crop']",3
RASTROJOS DE YUVCA,2,['YUVCA'],['crop'],1
"CAFE , PLATANOP Y NARANJA",2,"['CAFE', 'PLATANOP', 'NARANJA']","['crop', 'crop', 'crop']",3
"CAFE, NARANJA, PLATANO Y GRANADILLA",2,"['CAFE', 'NARANJA', 'PLATANO', 'GRANADILLA']","['crop', 'crop', 'crop', 'crop']",4
"CIRUELA, MANGO",2,"['CIRUELA', 'MANGO']","['crop', 'crop']",2
FREJO,2,['FREJO'],['crop'],1
FREJO Y MENESTRAS,2,"['FREJO', 'MENESTRAS']","['crop', 'crop']",2
FREJOL  Y MENESTRAS,2,"['FRIJOL', 'MENESTRAS']","['crop', 'crop']",2
"LIMON, MANGO, ALGODON",2,"['LIMON', 'MANGO', 'ALGODON']","['crop', 'crop', 'crop']",3
"PASTO DE ELEFANTE 80%, PLATANO 20%",2,"['PASTO ELEFANTE', 'PLATANO']","['pasture', 'crop']",2
PÀSTO ELEFANTE,2,['PASTO ELEFANTE'],['pasture'],1
"PLATANO , NARANJA Y CAFE",2,"['PLATANO', 'NARANJA', 'CAFE']","['crop', 'crop', 'crop']",3
"ALGODON, MAIZ, NARANJA, LIMON",2,"['ALGODON', 'MAIZ', 'NARANJA', 'LIMON']","['crop', 'crop', 'crop', 'crop']",4
EN DESSCANSO,2,['DESSCANSO'],['crop'],1
EXPLOTACION GANADERA,2,['EXPLOTACION GANADERA'],['crop'],1
"FREJOL, CIRUELA",2,"['FRIJOL', 'CIRUELA']","['crop', 'crop']",2
"MNAGO, LIMON",2,"['MNAGO', 'LIMON']","['crop', 'crop']",2
"PASTOS, NATURALES",2,"['PASTO', 'PASTO NATURAL']","['pasture', 'pasture']",2
"PASTOS,NATURALES",2,"['PASTO', 'PASTO NATURAL']","['pasture', 'pasture']",2
CAFE - PLATANO - NARANJA,2,"['CAFE', 'PLATANO', 'NARANJA']","['crop', 'crop', 'crop']",3
GUAYAQUIL 20%,2,['GUAYAQUIL'],['crop'],1
HUABAS,2,['GUABO'],['crop'],1
PASTO ELEFANTE 50%   CAFE - PLATANO 50%,2,"['PASTO ELEFANTE', 'CAFE', 'PLATANO']","['pasture', 'crop', 'crop']",3
PASTO ELEFANTE 80%  CAFE - PLATANO 20%,2,"['PASTO ELEFANTE', 'CAFE', 'PLATANO']","['pasture', 'crop', 'crop']",3
LIMON Y ALGODON,2,"['LIMON', 'ALGODON']","['crop', 'crop']",2
"LIMON, MANGO, PALTA",2,"['LIMON', 'MANGO', 'PALTA']","['crop', 'crop', 'crop']",3
PAPA 50%     OCA 50%,2,"['PAPA', 'OCA']","['crop', 'crop']",2
LIMION,2,['LIMION'],['crop'],1
"LIMON , CIRUELA , ALGODON",2,"['LIMON', 'CIRUELA', 'ALGODON']","['crop', 'crop', 'crop']",3
"MAIZ, MENESTRAS",2,"['MAIZ', 'MENESTRAS']","['crop', 'crop']",2
TERRENO EN FUMIGACION,2,['TERRENO EN FUMIGACION'],['crop'],1
"ALGODON , LIMON",2,"['ALGODON', 'LIMON']","['crop', 'crop']",2
CIRUELO-PAPAYO,2,"['CIRUELA', 'PAPAYA']","['crop', 'crop']",2
COBERTURA FORESTAL,2,['COBERTURA FORESTAL'],['crop'],1
FREJOL PALO,2,['FRIJOL DE PALO'],['crop'],1
MANGO 50 %  CACAO 20% PLATANO 10%,2,"['MANGO', 'CACAO', 'PLATANO']","['crop', 'crop', 'crop']",3
MANGO 50% LIMON 25% TAMARINDO 15%,2,"['MANGO', 'LIMON', 'TAMARINDO']","['crop', 'crop', 'crop']",3
MANGO-CIRUELO,2,"['MANGO', 'CIRUELA']","['crop', 'crop']",2
ALGODON-LIMON,2,"['ALGODON', 'LIMON']","['crop', 'crop']",2
FREJOL  CHILENO,2,['FRIJOL CAUPI'],['crop'],1
"LIMON , MANGO",2,"['LIMON', 'MANGO']","['crop', 'crop']",2
"LIMON,ALGODON",2,"['LIMON', 'ALGODON']","['crop', 'crop']",2
"MAIZ, FREJOL, ZAPALLO, YUCA, CAMOTE",2,"['MAIZ', 'FRIJOL', 'ZAPALLO', 'YUCA', 'CAMOTE']","['crop', 'crop', 'crop', 'crop', 'crop']",5
"MANGO 60% , LIMON 30%, NARANJA 10%",2,"['MANGO', 'LIMON', 'NARANJA']","['crop', 'crop', 'crop']",3
MANGO LIMON SUTIL,2,['MANGO LIMON SUTIL'],['crop'],1
"MANGO,50% LIMON 50%",2,"['MANGO', 'LIMON']","['crop', 'crop']",2
"PAPAYA, FREJOL, LIMON",2,"['PAPAYA', 'FRIJOL', 'LIMON']","['crop', 'crop', 'crop']",3
"TAMARINDO, SARANDAJA",2,"['TAMARINDO', 'ZARANDAJA']","['crop', 'crop']",2
FREJOL DE PALO Y SARANDAJA,2,"['FRIJOL DE PALO', 'ZARANDAJA']","['crop', 'crop']",2
"LIMON, MANGO, TOMATE",2,"['LIMON', 'MANGO', 'TOMATE']","['crop', 'crop', 'crop']",3
"MAIZ, YUCA, FREJOL, CACAO",2,"['MAIZ', 'YUCA', 'FRIJOL', 'CACAO']","['crop', 'crop', 'crop', 'crop']",4
MANGO 50%  CACAO 50 %,2,"['MANGO', 'CACAO']","['crop', 'crop']",2
OLIVOS (80),2,['OLIVOS'],['crop'],1
"FREJO DE PALO, ALGODON, SARANDAJA",2,"['FREJO DE PALO', 'ALGODON', 'ZARANDAJA']","['crop', 'crop', 'crop']",3
LIMON 50%-MANGO 30%-PAPAYA 20%,2,"['LIMON', 'MANGO', 'PAPAYA']","['crop', 'crop', 'crop']",3
"LIMON,  PLATANO Y MANGO",2,"['LIMON', 'PLATANO', 'MANGO']","['crop', 'crop', 'crop']",3
ZARANDA Y FREJOL DE PALO,2,"['ZARANDA', 'FRIJOL DE PALO']","['crop', 'crop']",2
"CAFE, HUABO Y PLATANO",2,"['CAFE', 'GUABO', 'PLATANO']","['crop', 'crop', 'crop']",3
"FREJOL , SARANDAJA",2,"['FRIJOL', 'ZARANDAJA']","['crop', 'crop']",2
"FREJOL, MAIZ, PLATANO",2,"['FRIJOL', 'MAIZ', 'PLATANO']","['crop', 'crop', 'crop']",3
"LIMON, 50%  MANGO50%",2,"['LIMON', 'MANGO']","['crop', 'crop']",2
"MAIZ,FREJOL DE PALO",2,"['MAIZ', 'FRIJOL DE PALO']","['crop', 'crop']",2
COBERTURA ARBOREA ALGARROBO,2,['COBERTURA ARBOREA ALGARROBO'],['crop'],1
MANGO 50%  CACA0 50%,2,"['MANGO', 'CACA']","['crop', 'crop']",2
PLATANO 25% MANGO50% CACAO 25%,2,"['PLATANO', 'MANGO', 'CACAO']","['crop', 'crop', 'crop']",3
"SARANDAJA , FREJOL DE PALO",2,"['ZARANDAJA', 'FRIJOL DE PALO']","['crop', 'crop']",2
"FREJOL CHILENO ,MAIZ",2,"['FRIJOL CAUPI', 'MAIZ']","['crop', 'crop']",2
"FREJOL,",2,['FRIJOL'],['crop'],1
"LIMON, FREJOL DE PALO",2,"['LIMON', 'FRIJOL DE PALO']","['crop', 'crop']",2
MANGO 50% CACAO 25 PLATANO 25%,2,"['MANGO', 'CACAO', 'PLATANO']","['crop', 'crop', 'crop']",3
"COBERTURA ARBOREA, DESARROLLO APICOLA",2,"['COBERTURA ARBOREA', 'DESARROLLO APICOLA']","['crop', 'crop']",2
LIMON Y MANGOS,2,"['LIMON', 'MANGO']","['crop', 'crop']",2
"LIMON, MANGOS",2,"['LIMON', 'MANGO']","['crop', 'crop']",2
"MAIZ, ZARANDAJA",2,"['MAIZ', 'ZARANDAJA']","['crop', 'crop']",2
"MANGO, YUCA",2,"['MANGO', 'YUCA']","['crop', 'crop']",2
RASTROJOS DE FREJOL Y MAIZ,2,"['FRIJOL', 'MAIZ']","['crop', 'crop']",2
15 COLMENAS (APICULTURA),2,['COLMENAS'],['crop'],1
"FREJOL DE PALO, MAIZ",2,"['FRIJOL DE PALO', 'MAIZ']","['crop', 'crop']",2
"MAIZ, FREJOL, LIMON",2,"['MAIZ', 'FRIJOL', 'LIMON']","['crop', 'crop', 'crop']",3
PLATANO 30% MANGO 45%,2,"['PLATANO', 'MANGO']","['crop', 'crop']",2
"SARANDAJA, MAIZ",2,"['ZARANDAJA', 'MAIZ']","['crop', 'crop']",2
EXPLOTACION APICOLA,2,['EXPLOTACION APICOLA'],['crop'],1
"MAIZ, FREJOL DE PALO, MANGO",2,"['MAIZ', 'FRIJOL DE PALO', 'MANGO']","['crop', 'crop', 'crop']",3
"MAIZ,. FREJOL",2,"['MAIZ', 'FRIJOL']","['crop', 'crop']",2
MANGO 70 % LIMON 30%,2,"['MANGO', 'LIMON']","['crop', 'crop']",2
"MANGO, LIMON, FREJOL CASTILLA",2,"['MANGO', 'LIMON', 'FRIJOL CASTILLA']","['crop', 'crop', 'crop']",3
"YUCA, MAIZ, FREJOL, ARBOLES FRUTALES",2,"['YUCA', 'MAIZ', 'FRIJOL', 'FRUTALES']","['crop', 'crop', 'crop', 'crop']",4
"YUCA, MAIZ, FREJOL, MANGO",2,"['YUCA', 'MAIZ', 'FRIJOL', 'MANGO']","['crop', 'crop', 'crop', 'crop']",4
"FREJOL DE PALO, LIMON",2,"['FRIJOL DE PALO', 'LIMON']","['crop', 'crop']",2
"LIMON 50,  MANGO 50",2,"['LIMON', 'MANGO']","['crop', 'crop']",2
MANGO - COCO,2,"['MANGO', 'COCO']","['crop', 'crop']",2
"MANGO, LIMON, FREJOL DE PALO",2,"['MANGO', 'LIMON', 'FRIJOL DE PALO']","['crop', 'crop', 'crop']",3
"MAIZ, PLATANO, COCO",2,"['MAIZ', 'PLATANO', 'COCO']","['crop', 'crop', 'crop']",3
"ZARANDAJA , FREJOL",2,"['ZARANDAJA', 'FRIJOL']","['crop', 'crop']",2
ALGARROBINA,2,['ALGARROBINA'],['crop'],1
DESARROLLO APICOLA,2,['DESARROLLO APICOLA'],['crop'],1
"MANGO, LIMON, MAIZ, YUCA, FREJOL",2,"['MANGO', 'LIMON', 'MAIZ', 'YUCA', 'FRIJOL']","['crop', 'crop', 'crop', 'crop', 'crop']",5
ALGODON Y MANGO,2,"['ALGODON', 'MANGO']","['crop', 'crop']",2
"LIMON , MANGO Y COCO",2,"['LIMON', 'MANGO', 'COCO']","['crop', 'crop', 'crop']",3
"LIMON, MANGO Y ACHOTE",2,"['LIMON', 'MANGO', 'ACHOTE']","['crop', 'crop', 'crop']",3
"ALGODON 10, MAIZ 10",2,"['ALGODON', 'MAIZ']","['crop', 'crop']",2
"ALGODON 20, MAIZ 70",2,"['ALGODON', 'MAIZ']","['crop', 'crop']",2
"ALGODON 25, MAIZ 10",2,"['ALGODON', 'MAIZ']","['crop', 'crop']",2
"ALGODON 30, MAIZ 20",2,"['ALGODON', 'MAIZ']","['crop', 'crop']",2
"MAIZ 40, ALGODON 30",2,"['MAIZ', 'ALGODON']","['crop', 'crop']",2
"MAIZ 40, FRIJOL 30",2,"['MAIZ', 'FRIJOL']","['crop', 'crop']",2
"MAIZ 90, ARTEMISA 10",2,"['MAIZ', 'ARTEMISA']","['crop', 'crop']",2
"MANGO 10, TAMARINDO 5",2,"['MANGO', 'TAMARINDO']","['crop', 'crop']",2
"MANGO 20,    LIMONERO 20",2,"['MANGO', 'LIMON']","['crop', 'crop']",2
"MANGO, ALGODON",2,"['MANGO', 'ALGODON']","['crop', 'crop']",2
"MANGO 20, TAMARINDO 30",2,"['MANGO', 'TAMARINDO']","['crop', 'crop']",2
"MANGO, LIMON, COCO, CACAO Y PLATANO",2,"['MANGO', 'LIMON', 'COCO', 'CACAO', 'PLATANO']","['crop', 'crop', 'crop', 'crop', 'crop']",5
FREJOL CHILENO CUARENTA,2,['FREJOL CHILENO CUARENTA'],['crop'],1
"MANGO, COCO Y LIMONERO",2,"['MANGO', 'COCO', 'LIMON']","['crop', 'crop', 'crop']",3
COCOTERO Y LIMON,2,"['COCO', 'LIMON']","['crop', 'crop']",2
COCOTERO Y MANGO,2,"['COCO', 'MANGO']","['crop', 'crop']",2
"MANGO, PAPAYA, COCO",2,"['MANGO', 'PAPAYA', 'COCO']","['crop', 'crop', 'crop']",3
"LIMON, MANGO Y CIRUELA",2,"['LIMON', 'MANGO', 'CIRUELA']","['crop', 'crop', 'crop']",3
FREJOL CHILENO Y MAIZ,2,"['FRIJOL CAUPI', 'MAIZ']","['crop', 'crop']",2
LEGUMBRES,2,['LEGUMBRES'],['crop'],1
MENESTRAS Y YUCA,2,"['MENESTRAS', 'YUCA']","['crop', 'crop']",2
MAIZ.ARROZ,2,"['MAIZ', 'ARROZ']","['crop', 'crop']",2
"ARROZ,MONGO",2,"['ARROZ', 'MONGO']","['crop', 'crop']",2
MAONGO Y CACAO,2,"['MAONGO', 'CACAO']","['crop', 'crop']",2
CAFE Y MANGO,2,"['CAFE', 'MANGO']","['crop', 'crop']",2
"MAIZ, ARROZ Y YUCA",2,"['MAIZ', 'ARROZ', 'YUCA']","['crop', 'crop', 'crop']",3
"PLATO ,FREJOL",2,"['PLATO', 'FRIJOL']","['crop', 'crop']",2
LIM0N Y MANGO,2,"['LIM', 'MANGO']","['crop', 'crop']",2
"PLATANO, MANGO, CACAO Y COCO",2,"['PLATANO', 'MANGO', 'CACAO', 'COCO']","['crop', 'crop', 'crop', 'crop']",4
"PLATANO, NARANJA, MANDARINA, MANGO Y COCO",2,"['PLATANO', 'NARANJA', 'MANDARINA', 'MANGO', 'COCO']","['crop', 'crop', 'crop', 'crop', 'crop']",5
"MANGO,MAIZ",2,"['MANGO', 'MAIZ']","['crop', 'crop']",2
AXRROZX,2,['AXRROZX'],['crop'],1
"MANGO, LIMON Y COCOTERO",2,"['MANGO', 'LIMON', 'COCO']","['crop', 'crop', 'crop']",3
LIMON (50 %) MANGO (50 %),2,"['LIMON', 'MANGO']","['crop', 'crop']",2
ARRIOZ Y MAIZ,2,"['ARRIOZ', 'MAIZ']","['crop', 'crop']",2
ARROAZ Y MAIZ,2,"['ARROAZ', 'MAIZ']","['crop', 'crop']",2
"FRUTALES, CACAO, MAIZ, ARROZ",2,"['FRUTALES', 'CACAO', 'MAIZ', 'ARROZ']","['crop', 'crop', 'crop', 'crop']",4
"FRUTALES, MAIZ, CACAO, ARROZ",2,"['FRUTALES', 'MAIZ', 'CACAO', 'ARROZ']","['crop', 'crop', 'crop', 'crop']",4
"PLATANO, LIMON, MANGO Y COCO",2,"['PLATANO', 'LIMON', 'MANGO', 'COCO']","['crop', 'crop', 'crop', 'crop']",4
"ARROZ, MANGO, PLATANO Y COCO",2,"['ARROZ', 'MANGO', 'PLATANO', 'COCO']","['crop', 'crop', 'crop', 'crop']",4
"COCO, MANGO Y CACAO",2,"['COCO', 'MANGO', 'CACAO']","['crop', 'crop', 'crop']",3
FRIJOL Y MANGO,2,"['FRIJOL', 'MANGO']","['crop', 'crop']",2
PLATANO Y FRIJOL,2,"['PLATANO', 'FRIJOL']","['crop', 'crop']",2
"PLATANO, CACAO, MAMEY",2,"['PLATANO', 'CACAO', 'MAMEY']","['crop', 'crop', 'crop']",3
"PLATANO, COCO Y CACAO",2,"['PLATANO', 'COCO', 'CACAO']","['crop', 'crop', 'crop']",3
"CACAO, MANGO Y ARROZ",2,"['CACAO', 'MANGO', 'ARROZ']","['crop', 'crop', 'crop']",3
"PLATANO, MANGO Y GUANABANA",2,"['PLATANO', 'MANGO', 'GUANABANA']","['crop', 'crop', 'crop']",3
"MANGO, NARANJA, HUABA Y MAIZ",2,"['MANGO', 'NARANJA', 'GUABO', 'MAIZ']","['crop', 'crop', 'crop', 'crop']",4
"NARANJA, MANGO Y COCO",2,"['NARANJA', 'MANGO', 'COCO']","['crop', 'crop', 'crop']",3
"PLATANO, COCO, MANGO Y CACAO",2,"['PLATANO', 'COCO', 'MANGO', 'CACAO']","['crop', 'crop', 'crop', 'crop']",4
"PLATANO, MAMEY Y CAÑA DE AZUCAR",2,"['PLATANO', 'MAMEY', 'CAÑA DE AZUCAR']","['crop', 'crop', 'crop']",3
"PLATANO, MANGO Y MAMEY",2,"['PLATANO', 'MANGO', 'MAMEY']","['crop', 'crop', 'crop']",3
"ARROZ, CACAO, CAÑA, FRUTALES",2,"['ARROZ', 'CACAO', 'CAÑA DE AZUCAR', 'FRUTALES']","['crop', 'crop', 'crop', 'crop']",4
"ARROZ, CAÑA, CACAO, FRUTALES",2,"['ARROZ', 'CAÑA DE AZUCAR', 'CACAO', 'FRUTALES']","['crop', 'crop', 'crop', 'crop']",4
"CAÑA, CACAO, FRUTALES",2,"['CAÑA DE AZUCAR', 'CACAO', 'FRUTALES']","['crop', 'crop', 'crop']",3
"CAÑA, CACAO, PLATANOS",2,"['CAÑA DE AZUCAR', 'CACAO', 'PLATANO']","['crop', 'crop', 'crop']",3
"FRUTALES, CACAO, CAÑA",2,"['FRUTALES', 'CACAO', 'CAÑA DE AZUCAR']","['crop', 'crop', 'crop']",3
MANGO PASTOS,2,"['MANGO', 'PASTO']","['crop', 'pasture']",2
"PLATANO, CACAO, YUCA, MANGO, MAMEY, CAÑA",2,"['PLATANO', 'CACAO', 'YUCA', 'MANGO', 'MAMEY', 'CAÑA DE AZUCAR']","['crop', 'crop', 'crop', 'crop', 'crop', 'crop']",6
PLTANO,2,['PLTANO'],['crop'],1
"CACAO, PASTO",2,"['CACAO', 'PASTO']","['crop', 'pasture']",2
CAÑA DE GUAYAQUIL,2,['CAÑA DE GUAYAQUIL'],['crop'],1
MAIZ Y AXRROZ,2,"['MAIZ', 'AXRROZ']","['crop', 'crop']",2
PLATANO Y TUMBO,2,"['PLATANO', 'TUMBO']","['crop', 'crop']",2
ARROZ Y HIORTALIZAS,2,"['ARROZ', 'HIORTALIZAS']","['crop', 'crop']",2
CACAO Y ARROZ,2,"['CACAO', 'ARROZ']","['crop', 'crop']",2
PLATANOS CAFE,2,"['PLATANO', 'CAFE']","['crop', 'crop']",2
MAMEY Y MARACUYA,2,"['MAMEY', 'MARACUYA']","['crop', 'crop']",2
"PLATANO, CACAO Y CAÑA GUAYAQUIL",2,"['PLATANO', 'CACAO', 'GUAYAQUIL']","['crop', 'crop', 'crop']",3
"CACAO, ANGO Y COCO",2,"['CACAO', 'ANGO', 'COCO']","['crop', 'crop', 'crop']",3
"COCO, MAIZ Y MANGO",2,"['COCO', 'MAIZ', 'MANGO']","['crop', 'crop', 'crop']",3
CULTIVO DE YUCA,2,['YUCA'],['crop'],1
"MAIZ 60%, PLATANO 40%",2,"['MAIZ', 'PLATANO']","['crop', 'crop']",2
"MAIZ 80%, PLATANO 20%",2,"['MAIZ', 'PLATANO']","['crop', 'crop']",2
"MAIZ, GUAYAQUIL",2,"['MAIZ', 'GUAYAQUIL']","['crop', 'crop']",2
"MAIZ, PLATANO Y MANGO",2,"['MAIZ', 'PLATANO', 'MANGO']","['crop', 'crop', 'crop']",3
"MANGO, LIMON , MAIZ Y PLATANO",2,"['MANGO', 'LIMON', 'MAIZ', 'PLATANO']","['crop', 'crop', 'crop', 'crop']",4
"MANGO, PALTA, LIMON",2,"['MANGO', 'PALTA', 'LIMON']","['crop', 'crop', 'crop']",3
"NARANJO, CAFE, PLATANO",2,"['NARANJA', 'CAFE', 'PLATANO']","['crop', 'crop', 'crop']",3
"PLATANO 40%, CAFE 30%, HUABA 30%",2,"['PLATANO', 'CAFE', 'GUABO']","['crop', 'crop', 'crop']",3
"MANGO, CACAO Y LIMON",2,"['MANGO', 'CACAO', 'LIMON']","['crop', 'crop', 'crop']",3
"NARANJA, GUANABANA",2,"['NARANJA', 'GUANABANA']","['crop', 'crop']",2
"PLATANO, MANGO Y COC",2,"['PLATANO', 'MANGO', 'COC']","['crop', 'crop', 'crop']",3
"PLATANO, NARANJA Y CACAO",2,"['PLATANO', 'NARANJA', 'CACAO']","['crop', 'crop', 'crop']",3
"PLATANO, CACAO Y MARACUYA",2,"['PLATANO', 'CACAO', 'MARACUYA']","['crop', 'crop', 'crop']",3
XCAÑA DE AZUXCAR,2,['XCAÑA DE AZUXCAR'],['crop'],1
AXRROZ,2,['AXRROZ'],['crop'],1
"PLATANO, LIMON Y CACAO",2,"['PLATANO', 'LIMON', 'CACAO']","['crop', 'crop', 'crop']",3
"CACAO, MAMEY, CAÑA",2,"['CACAO', 'MAMEY', 'CAÑA DE AZUCAR']","['crop', 'crop', 'crop']",3
ARROZ YUCA,2,"['ARROZ', 'YUCA']","['crop', 'crop']",2
"CACAO, MANGO",2,"['CACAO', 'MANGO']","['crop', 'crop']",2
"CACAO, MANGO, COCO",2,"['CACAO', 'MANGO', 'COCO']","['crop', 'crop', 'crop']",3
"MAIZ, CAFE, PLATANO, GUABA",2,"['MAIZ', 'CAFE', 'PLATANO', 'GUABO']","['crop', 'crop', 'crop', 'crop']",4
"PLATANO, CAFE Y GUAYABA",2,"['PLATANO', 'CAFE', 'GUAYABA']","['crop', 'crop', 'crop']",3
"ARROZ, CACAO",2,"['ARROZ', 'CACAO']","['crop', 'crop']",2
"FRUTALES, CACAO",2,"['FRUTALES', 'CACAO']","['crop', 'crop']",2
"FRUTALES, PLATANO, CACAO",2,"['FRUTALES', 'PLATANO', 'CACAO']","['crop', 'crop', 'crop']",3
"PLATANO, PALTA Y CACAO",2,"['PLATANO', 'PALTA', 'CACAO']","['crop', 'crop', 'crop']",3
PASTO Y CACAO,2,"['PASTO', 'CACAO']","['pasture', 'crop']",2
YUCA Y ARROZ,2,"['YUCA', 'ARROZ']","['crop', 'crop']",2
"CAFE, PLATANO, NARANJA, LIMON",2,"['CAFE', 'PLATANO', 'NARANJA', 'LIMON']","['crop', 'crop', 'crop', 'crop']",4
"PLATANO,YUCA",2,"['PLATANO', 'YUCA']","['crop', 'crop']",2
"CAFE, PLATANO, PALTA, CAÑA Y NARANJA",2,"['CAFE', 'PLATANO', 'PALTA', 'CAÑA DE AZUCAR', 'NARANJA']","['crop', 'crop', 'crop', 'crop', 'crop']",5
"CAMOTE , MAIZ Y PLATANO",2,"['CAMOTE', 'MAIZ', 'PLATANO']","['crop', 'crop', 'crop']",3
"PLATANO, CAFE, NARANJA Y CAÑA",2,"['PLATANO', 'CAFE', 'NARANJA', 'CAÑA DE AZUCAR']","['crop', 'crop', 'crop', 'crop']",4
"YUCA ,PLATOS",2,"['YUCA', 'PLATOS']","['crop', 'crop']",2
"CAFE, PLATANO, NARANJA Y GUABA",2,"['CAFE', 'PLATANO', 'NARANJA', 'GUABO']","['crop', 'crop', 'crop', 'crop']",4
"CAFE, PLATANO, NARANJO Y GRANADILLA",2,"['CAFE', 'PLATANO', 'NARANJA', 'GRANADILLA']","['crop', 'crop', 'crop', 'crop']",4
"MANGO,PLATANO",2,"['MANGO', 'PLATANO']","['crop', 'crop']",2
PLATANO Y PALTO,2,"['PLATANO', 'PALTA']","['crop', 'crop']",2
CAFE Y FRUTALES,2,"['CAFE', 'FRUTALES']","['crop', 'crop']",2
"CAFE , PLATANOS Y YUCA",2,"['CAFE', 'PLATANO', 'YUCA']","['crop', 'crop', 'crop']",3
"CAFE, PLATANO, NARANJA Y MAIZ",2,"['CAFE', 'PLATANO', 'NARANJA', 'MAIZ']","['crop', 'crop', 'crop', 'crop']",4
MAIZ Y PSTO NATURAL,2,"['MAIZ', 'PSTO NATURAL']","['crop', 'crop']",2
"CAFE , PLATANO Y TUNA",2,"['CAFE', 'PLATANO', 'TUNA']","['crop', 'crop', 'crop']",3
CAFE Y HUABAS,2,"['CAFE', 'GUABO']","['crop', 'crop']",2
"CAFE, NARANJA Y GRANADILLA",2,"['CAFE', 'NARANJA', 'GRANADILLA']","['crop', 'crop', 'crop']",3
"PASTO NATURAL, MAIZ",2,"['PASTO NATURAL', 'MAIZ']","['pasture', 'crop']",2
"PASTO NATURALES, MAIZ",2,"['PASTO NATURAL', 'MAIZ']","['pasture', 'crop']",2
PASYO NATURAL,2,['PASYO NATURAL'],['crop'],1
"CACAO, CAFE, PLATANO, NARANJA",2,"['CACAO', 'CAFE', 'PLATANO', 'NARANJA']","['crop', 'crop', 'crop', 'crop']",4
"CAFE , PLATANOS Y PALTAS",2,"['CAFE', 'PLATANO', 'PALTA']","['crop', 'crop', 'crop']",3
"CAFE, CACAO",2,"['CAFE', 'CACAO']","['crop', 'crop']",2
"CAFE, PLATA Y NARANJA",2,"['CAFE', 'PLATA', 'NARANJA']","['crop', 'crop', 'crop']",3
"CAFE, PLATANO Y CACAO",2,"['CAFE', 'PLATANO', 'CACAO']","['crop', 'crop', 'crop']",3
"CAFE,CACAO, PLATANO",2,"['CAFE', 'CACAO', 'PLATANO']","['crop', 'crop', 'crop']",3
"FREJOL , CAÑA DE AZUCAR Y PLATANOS",2,"['FRIJOL', 'CAÑA DE AZUCAR', 'PLATANO']","['crop', 'crop', 'crop']",3
"MAIZ, NARANJA, CAFE",2,"['MAIZ', 'NARANJA', 'CAFE']","['crop', 'crop', 'crop']",3
"NARANJA, CAFE, CACAO, PLATANO",2,"['NARANJA', 'CAFE', 'CACAO', 'PLATANO']","['crop', 'crop', 'crop', 'crop']",4
PASTO NATURAL Y MAIZ,2,"['PASTO NATURAL', 'MAIZ']","['pasture', 'crop']",2
"PLATANO, CAFE, COCOA",2,"['PLATANO', 'CAFE', 'COCOA']","['crop', 'crop', 'crop']",3
"TRIGO, MAIZ Y PASTO",2,"['TRIGO', 'MAIZ', 'PASTO']","['crop', 'crop', 'pasture']",3
"YUCA, ZANAHORIA Y CAÑA",2,"['YUCA', 'ZANAHORIA', 'CAÑA DE AZUCAR']","['crop', 'crop', 'crop']",3
"MAIZ , SARANDAJA Y FREJOL",2,"['MAIZ', 'ZARANDAJA', 'FRIJOL']","['crop', 'crop', 'crop']",3
MAIZ YUCA Y PLATANO,2,"['MAIZ', 'YUCA', 'PLATANO']","['crop', 'crop', 'crop']",3
"MARACUYA, CAFE, PLATANO",2,"['MARACUYA', 'CAFE', 'PLATANO']","['crop', 'crop', 'crop']",3
"PLATANOS , CAÑA Y YUCA",2,"['PLATANO', 'CAÑA DE AZUCAR', 'YUCA']","['crop', 'crop', 'crop']",3
"PLATANOS ,CAFE",2,"['PLATANO', 'CAFE']","['crop', 'crop']",2
"TUNAZ, PASTOELEFANTE Y MAIZ",2,"['TUNAZ', 'PASTOELEFANTE', 'MAIZ']","['crop', 'pasture', 'crop']",3
"MAIZ, PASTO NATURAL",2,"['MAIZ', 'PASTO NATURAL']","['crop', 'pasture']",2
NARANJA Y CACAO,2,"['NARANJA', 'CACAO']","['crop', 'crop']",2
"PLATANO, CAFE Y CHIRIMOYA",2,"['PLATANO', 'CAFE', 'CHIRIMOYA']","['crop', 'crop', 'crop']",3
"YUCA , PLATANO Y MAIZ",2,"['YUCA', 'PLATANO', 'MAIZ']","['crop', 'crop', 'crop']",3
"COCO, MANGO Y PASTO",2,"['COCO', 'MANGO', 'PASTO']","['crop', 'crop', 'pasture']",3
"CACAO , MANGO Y MAIZ",2,"['CACAO', 'MANGO', 'MAIZ']","['crop', 'crop', 'crop']",3
"PLATANOS , MAIZ Y PASTOS NATURALES",2,"['PLATANO', 'MAIZ', 'PASTO NATURAL']","['crop', 'crop', 'pasture']",3
"MAIZ , SARANDAJA HUABAS Y CAFE",2,"['MAIZ', 'ZARANDAJA', 'GUABO', 'CAFE']","['crop', 'crop', 'crop', 'crop']",4
MAIZ CAFE Y PLATANO,2,"['MAIZ', 'CAFE', 'PLATANO']","['crop', 'crop', 'crop']",3
"PASTO ELEFANTE, PASTOS NATURALES",2,"['PASTO ELEFANTE', 'PASTO NATURAL']","['pasture', 'pasture']",2
PASTO ELEFANTES Y MAIZ,2,"['PASTO ELEFANTE', 'MAIZ']","['pasture', 'crop']",2
"PLATANO , CAFE Y NARANJO",2,"['PLATANO', 'CAFE', 'NARANJA']","['crop', 'crop', 'crop']",3
PLATANO Y CAFE-,2,"['PLATANO', 'CAFE']","['crop', 'crop']",2
PASTO NATURAL Y PSTO ELEFANTE,2,"['PASTO NATURAL', 'PSTO ELEFANTE']","['pasture', 'pasture']",2
PLATANOO Y CAFE,2,"['PLATANOO', 'CAFE']","['crop', 'crop']",2
PSATO,2,['PSATO'],['crop'],1
`PASTOS ELEFANTES Y PASTOS NATURALES,2,"['`PASTOS ELEFANTES', 'PASTO NATURAL']","['pasture', 'pasture']",2
CAFE - PALTA - PLATANO,2,"['CAFE', 'PALTA', 'PLATANO']","['crop', 'crop', 'crop']",3
"MAIZ , PASTO ELEFANTE Y PASTO NATURAL",2,"['MAIZ', 'PASTO ELEFANTE', 'PASTO NATURAL']","['crop', 'pasture', 'pasture']",3
"NAIZ,SARANDAJA",2,"['NAIZ', 'ZARANDAJA']","['crop', 'crop']",2
PASTO NATURA Y PASTOS NATURALES,2,"['PASTO NATURA', 'PASTO NATURAL']","['pasture', 'pasture']",2
"TUNAS , MAIZ",2,"['TUNA', 'MAIZ']","['crop', 'crop']",2
"YUCA, MAIZ, PLATANO",2,"['YUCA', 'MAIZ', 'PLATANO']","['crop', 'crop', 'crop']",3
"CAFE, MAIZ, HUABAS Y PLATANOS",2,"['CAFE', 'MAIZ', 'GUABO', 'PLATANO']","['crop', 'crop', 'crop', 'crop']",4
"PLATANO ,PAPAYO",2,"['PLATANO', 'PAPAYA']","['crop', 'crop']",2
"CAFE 70%, NARANJO 30%",2,"['CAFE', 'NARANJA']","['crop', 'crop']",2
"MAIZ , PASTO , CACAO , CAÑA DE AZUCAR Y PASTO ELEFANTE",2,"['MAIZ', 'PASTO', 'CACAO', 'CAÑA DE AZUCAR', 'PASTO ELEFANTE']","['crop', 'pasture', 'crop', 'crop', 'pasture']",5
PASTO CULTIVABLE,2,['PASTO CULTIVABLE'],['pasture'],1
PLATANO Y CAFE´,2,"['PLATANO', 'CAFE´']","['crop', 'crop']",2
"PLATANO, CAFE, HUABA, PASTO ELEFANTE",2,"['PLATANO', 'CAFE', 'GUABO', 'PASTO ELEFANTE']","['crop', 'crop', 'crop', 'pasture']",4
"PLATANO, CAÑA DE AZUCAR , CACAO , PALTAS Y MANGOS",2,"['PLATANO', 'CAÑA DE AZUCAR', 'CACAO', 'PALTA', 'MANGO']","['crop', 'crop', 'crop', 'crop', 'crop']",5
"CAFE, HUABAS Y PASTO NATURAL",2,"['CAFE', 'GUABO', 'PASTO NATURAL']","['crop', 'crop', 'pasture']",3
"PLATANO ,CAFE",2,"['PLATANO', 'CAFE']","['crop', 'crop']",2
"CAFE , PLTANO",2,"['CAFE', 'PLTANO']","['crop', 'crop']",2
"MAIZ, SARANDAJA Y PASTO NATURAL",2,"['MAIZ', 'ZARANDAJA', 'PASTO NATURAL']","['crop', 'crop', 'pasture']",3
MAIZ CAÑA DE AZUCAR PASTO,2,['MAIZ CAÑA DE AZUCAR PASTO'],['pasture'],1
PASTO NATURAAL,2,['PASTO NATURAAL'],['pasture'],1
PLATANOS Y MANGOS,2,"['PLATANO', 'MANGO']","['crop', 'crop']",2
"CAFE , PLATANOS Y HUABAS",2,"['CAFE', 'PLATANO', 'GUABO']","['crop', 'crop', 'crop']",3
"MAIZ 70%, PAPA 30%",2,"['MAIZ', 'PAPA']","['crop', 'crop']",2
"MAIZ,CHILENO,PLATANOS",2,"['MAIZ', 'CHILENO', 'PLATANO']","['crop', 'crop', 'crop']",3
PASTOP NATURAL,2,['PASTOP NATURAL'],['pasture'],1
"MAIZ, TUNAS Y PLATANOS",2,"['MAIZ', 'TUNA', 'PLATANO']","['crop', 'crop', 'crop']",3
"CAFE, YUCA",2,"['CAFE', 'YUCA']","['crop', 'crop']",2
PASTO CULTIVADO Y NATURAL,2,"['PASTO', 'NATURAL']","['pasture', 'crop']",2
PASTOS NATUTALES,2,['PASTOS NATUTALES'],['pasture'],1
HOTALIZAS,2,['HOTALIZAS'],['crop'],1
"NARANJA, TUNA, CAFE",2,"['NARANJA', 'TUNA', 'CAFE']","['crop', 'crop', 'crop']",3
"PASTO ELEFANTE, PASTO NATURAL",2,"['PASTO ELEFANTE', 'PASTO NATURAL']","['pasture', 'pasture']",2
PASTO ELEFANTEY PASTO NATURAL,2,['PASTO ELEFANTEY PASTO NATURAL'],['pasture'],1
PLATANO Y PASTO NATURAL,2,"['PLATANO', 'PASTO NATURAL']","['crop', 'pasture']",2
"PLATANO, CAFE, CAÑA HUABAS",2,"['PLATANO', 'CAFE', 'CAÑA DE AZUCAR', 'GUABO']","['crop', 'crop', 'crop', 'crop']",4
"PLATANO, NARANJA Y CAÑA",2,"['PLATANO', 'NARANJA', 'CAÑA DE AZUCAR']","['crop', 'crop', 'crop']",3
"PLATANO, SARANDAJA, MAIZ",2,"['PLATANO', 'ZARANDAJA', 'MAIZ']","['crop', 'crop', 'crop']",3
"CAFE,MANGOS",2,"['CAFE', 'MANGO']","['crop', 'crop']",2
"CAFE , PLATANO Y NARANJAS",2,"['CAFE', 'PLATANO', 'NARANJA']","['crop', 'crop', 'crop']",3
INVERNADERO,2,['INVERNADERO'],['pasture'],1
LIMON SUTIL (80%),2,['LIMON'],['crop'],1
"MAIZ, PASTOS",2,"['MAIZ', 'PASTO']","['crop', 'pasture']",2
MANGO (65 %) LIMON (35 %),2,"['MANGO', 'LIMON']","['crop', 'crop']",2
PASTOE ELEFANTE,2,['PASTOE ELEFANTE'],['pasture'],1
CAFE Y PASTO NATURAL,2,"['CAFE', 'PASTO NATURAL']","['crop', 'pasture']",2
"CAFE,NARANJA,PLATANO",2,"['CAFE', 'NARANJA', 'PLATANO']","['crop', 'crop', 'crop']",3
"MAIZ , NARANJO Y MANGO",2,"['MAIZ', 'NARANJA', 'MANGO']","['crop', 'crop', 'crop']",3
CAFE  -  PLATANO - NARANJA,2,"['CAFE', 'PLATANO', 'NARANJA']","['crop', 'crop', 'crop']",3
CAFE (80%)    HUABA (20%),2,"['CAFE', 'GUABO']","['crop', 'crop']",2
"CAFE (80%),   HUABA (20%)",2,"['CAFE', 'GUABO']","['crop', 'crop']",2
"CAFE 70%,   CACAO 20%,   HUABA 10%",2,"['CAFE', 'CACAO', 'GUABO']","['crop', 'crop', 'crop']",3
"CAFE 70%,  HUABA 20%,  CACAO 10%",2,"['CAFE', 'GUABO', 'CACAO']","['crop', 'crop', 'crop']",3
"CAFE 70%,  HUABA 30%",2,"['CAFE', 'GUABO']","['crop', 'crop']",2
"CAFE 80%,  NARANJO 10%,  PLATANO 10%",2,"['CAFE', 'NARANJA', 'PLATANO']","['crop', 'crop', 'crop']",3
"NARANJA (30%), PLATANO (30%), HUABA (40%)",2,"['NARANJA', 'PLATANO', 'GUABO']","['crop', 'crop', 'crop']",3
"CAFE 70%, PALTO 30%",2,"['CAFE', 'PALTA']","['crop', 'crop']",2
"PLATANO , CAFE , YUCA",2,"['PLATANO', 'CAFE', 'YUCA']","['crop', 'crop', 'crop']",3
FREJOL Y ZAPALLO,2,"['FRIJOL', 'ZAPALLO']","['crop', 'crop']",2
DESCABSO,2,['DESCABSO'],['crop'],1
"MAIZ, FREJOL Y CAMOTE",2,"['MAIZ', 'FRIJOL', 'CAMOTE']","['crop', 'crop', 'crop']",3
"FREJOL, ALGODON",2,"['FRIJOL', 'ALGODON']","['crop', 'crop']",2
FRUTAS,2,['FRUTALES'],['crop'],1
ALGDON,2,['ALGDON'],['crop'],1
MANGO 20% LIMON (25%) GUABA(5%),2,"['MANGO', 'LIMON', 'GUABO']","['crop', 'crop', 'crop']",3
TOMATE Y CEBOLLA,2,"['TOMATE', 'CEBOLLA']","['crop', 'crop']",2
GUABOS Y GUANABANOS,2,"['GUABO', 'GUANABANA']","['crop', 'crop']",2
LIMON SUTIZ,2,['LIMON SUTIZ'],['crop'],1
"LIMON 20%, MANGO 80%",2,"['LIMON', 'MANGO']","['crop', 'crop']",2
LIMON Y ANGO,2,"['LIMON', 'ANGO']","['crop', 'crop']",2
                                          MAIZ,2,['MAIZ'],['crop'],1
                                        MAIZ,2,['MAIZ'],['crop'],1
           MELON,2,['MELON'],['crop'],1
",ANGO, LIMON, TAMARINDO",2,"['ANGO', 'LIMON', 'TAMARINDO']","['crop', 'crop', 'crop']",3
100.00,2,[],[],0
30%,2,[],[],0
40%,2,[],[],0
"ALFALFA, MAIZ, TRIGO",2,"['ALFALFA', 'MAIZ', 'TRIGO']","['pasture', 'crop', 'crop']",3
ALGARROBO 20%,2,['ALGARROBO'],['crop'],1
ALGARROBO 40%,2,['ALGARROBO'],['crop'],1
"ALGODON  80 %,  FREJOL DE PALO 20 %",2,"['ALGODON', 'FRIJOL DE PALO']","['crop', 'crop']",2
ALGODON 40 FRIJOL CASTILLA 60,2,"['ALGODON', 'FRIJOL CASTILLA']","['crop', 'crop']",2
ALGODON 80% MAIZ 10%,2,"['ALGODON', 'MAIZ']","['crop', 'crop']",2
ALGODON FRIJOL DE PALO,2,['ALGODON FRIJOL DE PALO'],['crop'],1
ALGODONORE,2,['ALGODONORE'],['crop'],1
ALGONONERO,2,['ALGONONERO'],['crop'],1
ANTERIOR CULTIVIO MAIZ,2,['ANTERIOR CULTIVIO MAIZ'],['crop'],1
ARADO PARA CITRICO Y MANGO,2,"['ARADO PARA CITRICO', 'MANGO']","['land_prep', 'crop']",2
AROOZ,2,['AROOZ'],['crop'],1
"ARROZ   20,  MAIZ  10",2,"['ARROZ', 'MAIZ']","['crop', 'crop']",2
ARROZ - MAIZ,2,"['ARROZ', 'MAIZ']","['crop', 'crop']",2
"ARROZ 30,  FRIJOL  10",2,"['ARROZ', 'FRIJOL']","['crop', 'crop']",2
"ARROZ 30, FRIJOL 20.00",2,"['ARROZ', 'FRIJOL']","['crop', 'crop']",2
"ARROZ 30, MAIZ 30",2,"['ARROZ', 'MAIZ']","['crop', 'crop']",2
ARROZ 40%- FRIJOL 35%,2,"['ARROZ', 'FRIJOL']","['crop', 'crop']",2
"ARROZ 50%,   MAIZ 50%",2,"['ARROZ', 'MAIZ']","['crop', 'crop']",2
"ARROZ 50,  MAIZ 20",2,"['ARROZ', 'MAIZ']","['crop', 'crop']",2
"ARROZ 60 , MAIZ 20",2,"['ARROZ', 'MAIZ']","['crop', 'crop']",2
"ARROZ 65  ,  MARACUYA  5",2,"['ARROZ', 'MARACUYA']","['crop', 'crop']",2
"ARROZ 70,  MAIZ  30",2,"['ARROZ', 'MAIZ']","['crop', 'crop']",2
"ARROZ 70, YUCA 10",2,"['ARROZ', 'YUCA']","['crop', 'crop']",2
"ARROZ 80, MAIZ",2,"['ARROZ', 'MAIZ']","['crop', 'crop']",2
"ARROZ 90, YUCA 10",2,"['ARROZ', 'YUCA']","['crop', 'crop']",2
"ARROZ, FRIJOL CHILENO",2,"['ARROZ', 'FRIJOL CAUPI']","['crop', 'crop']",2
ARROZ|,2,['ARROZ|'],['crop'],1
"ARVEJA, CEBADA MAIZ",2,"['ARVEJA', 'CEBADA', 'MAIZ']","['crop', 'crop', 'crop']",3
ARVEJA-MAIZ,2,"['ARVEJA', 'MAIZ']","['crop', 'crop']",2
"BANANO, CACAO",2,"['BANANO', 'CACAO']","['crop', 'crop']",2
"CACAO, MANGO Y LIMON",2,"['CACAO', 'MANGO', 'LIMON']","['crop', 'crop', 'crop']",3
"CACAO, MANGO, BANANERO",2,"['CACAO', 'MANGO', 'BANANERO']","['crop', 'crop', 'crop']",3
CACO,2,['CACO'],['crop'],1
"CAFE 20%, PLATANO 40%,  NARANJA 20%,  CACAO 20%",2,"['CAFE', 'PLATANO', 'NARANJA', 'CACAO']","['crop', 'crop', 'crop', 'crop']",4
CAFE 30%    PLATANO 40%     NARANJA 30%,2,"['CAFE', 'PLATANO', 'NARANJA']","['crop', 'crop', 'crop']",3
"CAFE 40%,   PLATANO 30%",2,"['CAFE', 'PLATANO']","['crop', 'crop']",2
"CAFE 50%, CACAO 30%, HUABA 20%",2,"['CAFE', 'CACAO', 'GUABO']","['crop', 'crop', 'crop']",3
"CAFE 60 %, PLATANO 40%",2,"['CAFE', 'PLATANO']","['crop', 'crop']",2
CAFE 70%,2,['CAFE'],['crop'],1
CAFE -NARANJA-PLATANO,2,"['CAFE', 'NARANJA', 'PLATANO']","['crop', 'crop', 'crop']",3
CAFE PLATANAO NARANJA,2,['CAFE PLATANAO NARANJA'],['crop'],1
CAFE -PLATANO.NARANJA,2,"['CAFE', 'PLATANO', 'NARANJA']","['crop', 'crop', 'crop']",3
"CAFE, PASTOS",2,"['CAFE', 'PASTO']","['crop', 'pasture']",2
CAFE-PLATANO-NARANJO,2,"['CAFE', 'PLATANO', 'NARANJA']","['crop', 'crop', 'crop']",3
"CIRUELA 10, LIMON 20, MANGO 30",2,"['CIRUELA', 'LIMON', 'MANGO']","['crop', 'crop', 'crop']",3
"COCOTERO 10%, MANGO 25 %",2,"['COCO', 'MANGO']","['crop', 'crop']",2
EN DESACANSO,2,['DESACANSO'],['crop'],1
"EUCALIPTO, TAMARIS, ALGARROBO",2,"['EUCALIPTO', 'TAMARIS', 'ALGARROBO']","['crop', 'crop', 'crop']",3
FREJOL 20%  -  MAIZ 30%,2,"['FRIJOL', 'MAIZ']","['crop', 'crop']",2
"FREJOL 60%, MAIZ 20%",2,"['FRIJOL', 'MAIZ']","['crop', 'crop']",2
FREJOL CASTILA,2,['FREJOL CASTILA'],['crop'],1
"FREJOL DE PALO 25 %, MAÍZ 75 %",2,"['FRIJOL DE PALO', 'MAIZ']","['crop', 'crop']",2
FREJOL DE PALO 25% - MAIZ 25%,2,"['FRIJOL DE PALO', 'MAIZ']","['crop', 'crop']",2
"FREJOL DE PALO 50%, PLATANO 5%, MANGO 5%",2,"['FRIJOL DE PALO', 'PLATANO', 'MANGO']","['crop', 'crop', 'crop']",3
FRIJOL  CHILENO,2,['FRIJOL CAUPI'],['crop'],1
FRIJOL % 100,2,['FRIJOL'],['crop'],1
FRIJOL (50%)    MAIZ (25%),2,"['FRIJOL', 'MAIZ']","['crop', 'crop']",2
FRIJOL 10%  MAIZ 20%,2,"['FRIJOL', 'MAIZ']","['crop', 'crop']",2
"FRIJOL 25, MAIZ 70",2,"['FRIJOL', 'MAIZ']","['crop', 'crop']",2
FRIJOL 45%,2,['FRIJOL'],['crop'],1
FRIJOL 50,2,['FRIJOL'],['crop'],1
"FRIJOL 50, MAIZ",2,"['FRIJOL', 'MAIZ']","['crop', 'crop']",2
"FRIJOL 50, MAIZ 50",2,"['FRIJOL', 'MAIZ']","['crop', 'crop']",2
"FRIJOL 60 %,  MAIZ  40%",2,"['FRIJOL', 'MAIZ']","['crop', 'crop']",2
"FRIJOL 60%, ZANAHORIA 10%",2,"['FRIJOL', 'ZANAHORIA']","['crop', 'crop']",2
FRIJOL 70%-MAIZ 30%,2,"['FRIJOL', 'MAIZ']","['crop', 'crop']",2
FRIJOL CASTILLA 20%,2,['FRIJOL CASTILLA'],['crop'],1
"FRIJOL CASTILLA 50, MAIZ 25% ,FRIJOL DE PALO 25%",2,"['FRIJOL CASTILLA', 'MAIZ', 'FRIJOL DE PALO']","['crop', 'crop', 'crop']",3
FRIJOL CASTILLA 75% LIMON 25%,2,"['FRIJOL CASTILLA', 'LIMON']","['crop', 'crop']",2
FRIJOL CASTILLO,2,['FRIJOL CASTILLO'],['crop'],1
FRIJOL CAUPI 20%,2,['FRIJOL CAUPI'],['crop'],1
FRIJOL CAUPI 20% FRIJOL DE PALO 30%,2,"['FRIJOL CAUPI', 'FRIJOL DE PALO']","['crop', 'crop']",2
FRIJOL CAUPI 30%,2,['FRIJOL CAUPI'],['crop'],1
"FRIJOL CAUPI, MAIZ",2,"['FRIJOL CAUPI', 'MAIZ']","['crop', 'crop']",2
"FRIJOL CAUPI20%,FRIJOL PALO 30%",2,"['FRIJOL CAUPI', 'FRIJOL DE PALO']","['crop', 'crop']",2
FRIJOL CHILENO 50%-MAIZ 455,2,"['FRIJOL CAUPI', 'MAIZ']","['crop', 'crop']",2
FRIJOL DE PALO  MAIZ,2,['FRIJOL DE PALO MAIZ'],['crop'],1
FRIJOL DE PALO 20%,2,['FRIJOL DE PALO'],['crop'],1
FRIJOL DE PALO 20% MAIZ 20%,2,"['FRIJOL DE PALO', 'MAIZ']","['crop', 'crop']",2
FRIJOL DE PALO 20% MAIZ 50%,2,"['FRIJOL DE PALO', 'MAIZ']","['crop', 'crop']",2
FRIJOL DE PALO 30%,2,['FRIJOL DE PALO'],['crop'],1
FRIJOL DE PALO CASTILLA MAIZ,2,['FRIJOL DE PALO CASTILLA MAIZ'],['crop'],1
FRIJOL DE PALO MAIZ,2,['FRIJOL DE PALO MAIZ'],['crop'],1
FRIJOL PALO,2,['FRIJOL DE PALO'],['crop'],1
FRIJOL- YUCA,2,"['FRIJOL', 'YUCA']","['crop', 'crop']",2
"FRUTALES (TAMARINDO, MANGO, LIMON)",2,['FRUTALES'],['crop'],1
FRUTALES LIMON,2,"['FRUTALES', 'LIMON']","['crop', 'crop']",2
"GUAYAQUIL 70%, LIMON 30%",2,"['GUAYAQUIL', 'LIMON']","['crop', 'crop']",2
"GUAYAQUIL, MANGO",2,"['GUAYAQUIL', 'MANGO']","['crop', 'crop']",2
HUEQUIADO PARA LIMON,2,['HUEQUIADO PARA LIMON'],['crop'],1
HUERTO FAMILIAR,2,['HUERTO FAMILIAR'],['crop'],1
LIMÓN,2,['LIMON'],['crop'],1
LIMON  70% NARANJA 20%,2,"['LIMON', 'NARANJA']","['crop', 'crop']",2
LIMON  SUTIL,2,['LIMON'],['crop'],1
"LIMON (40%), MANGO (20%)",2,"['LIMON', 'MANGO']","['crop', 'crop']",2
LIMON (80%)  MANGO (10%)  PAPAYA 10%,2,"['LIMON', 'MANGO', 'PAPAYA']","['crop', 'crop', 'crop']",3
"LIMON , COCO",2,"['LIMON', 'COCO']","['crop', 'crop']",2
LIMON 10%,2,['LIMON'],['crop'],1
"LIMON 10, MANGO 10",2,"['LIMON', 'MANGO']","['crop', 'crop']",2
"LIMON 10, MANGO 20",2,"['LIMON', 'MANGO']","['crop', 'crop']",2
"LIMON 20, MANGO 15",2,"['LIMON', 'MANGO']","['crop', 'crop']",2
"LIMON 20, MANGO 20",2,"['LIMON', 'MANGO']","['crop', 'crop']",2
"LIMON 20, MANGO 20, PAPAYA 10",2,"['LIMON', 'MANGO', 'PAPAYA']","['crop', 'crop', 'crop']",3
LIMON 25 %   MANGO 25 %,2,"['LIMON', 'MANGO']","['crop', 'crop']",2
"LIMON 30% ,MANGO 20%",2,"['LIMON', 'MANGO']","['crop', 'crop']",2
"LIMON 30% ,MANGO 5% NARANJA 5%",2,"['LIMON', 'MANGO', 'NARANJA']","['crop', 'crop', 'crop']",3
LIMON 35%,2,['LIMON'],['crop'],1
"LIMON 35, MANGO 40",2,"['LIMON', 'MANGO']","['crop', 'crop']",2
LIMON 40% MANGO 20%,2,"['LIMON', 'MANGO']","['crop', 'crop']",2
LIMON 40% NARANJA30%,2,"['LIMON', 'NARANJA']","['crop', 'crop']",2
"LIMON 5, MANGO 5",2,"['LIMON', 'MANGO']","['crop', 'crop']",2
LIMON 50%    MANGO 30%,2,"['LIMON', 'MANGO']","['crop', 'crop']",2
LIMON 50% - MANGO 25% - COCO 25%,2,"['LIMON', 'MANGO', 'COCO']","['crop', 'crop', 'crop']",3
LIMON 50% - PLATANO 50%,2,"['LIMON', 'PLATANO']","['crop', 'crop']",2
LIMON 50% MANGO1 10%,2,"['LIMON', 'MANGO']","['crop', 'crop']",2
LIMON 50% PLATANO 50%,2,"['LIMON', 'PLATANO']","['crop', 'crop']",2
"LIMON 50%, MAMEY 10%, NARANJA 20%",2,"['LIMON', 'MAMEY', 'NARANJA']","['crop', 'crop', 'crop']",3
LIMON 50%Y MANGO5%,2,"['LIMON', 'MANGO']","['crop', 'crop']",2
"LIMON 50, MANGO 20",2,"['LIMON', 'MANGO']","['crop', 'crop']",2
LIMON 60,2,['LIMON'],['crop'],1
"LIMON 60% ,MANGO 40%",2,"['LIMON', 'MANGO']","['crop', 'crop']",2
LIMON 60% MANGO 30%,2,"['LIMON', 'MANGO']","['crop', 'crop']",2
LIMON 60% PLATABNO 20%,2,"['LIMON', 'PLATABNO']","['crop', 'crop']",2
"LIMON 60%, NARANJA 20%",2,"['LIMON', 'NARANJA']","['crop', 'crop']",2
"LIMON 60, MANGO 20",2,"['LIMON', 'MANGO']","['crop', 'crop']",2
LIMON 65,2,['LIMON'],['crop'],1
LIMON 65% NARANJA 35%,2,"['LIMON', 'NARANJA']","['crop', 'crop']",2
"LIMON 70% , COCO10% TAMARINDO 20%",2,"['LIMON', 'COCO', 'TAMARINDO']","['crop', 'crop', 'crop']",3
LIMON 70% MANGO 20%,2,"['LIMON', 'MANGO']","['crop', 'crop']",2
"LIMON 70, MANGO 20, NARANJA 5",2,"['LIMON', 'MANGO', 'NARANJA']","['crop', 'crop', 'crop']",3
"LIMON 75%, PAPAYA 10%",2,"['LIMON', 'PAPAYA']","['crop', 'crop']",2
LIMON 80% MANGO 10% NARANJA 5%,2,"['LIMON', 'MANGO', 'NARANJA']","['crop', 'crop', 'crop']",3
LIMON 80% MANGO 20%,2,"['LIMON', 'MANGO']","['crop', 'crop']",2
LIMON COCOTERO PASTOS,2,"['LIMON', 'COCO', 'PASTO']","['crop', 'crop', 'pasture']",3
LIMON TAMARINDO,2,"['LIMON', 'TAMARINDO']","['crop', 'crop']",2
"LIMON,  PLATANO",2,"['LIMON', 'PLATANO']","['crop', 'crop']",2
"LIMON, ALGARROBO ( 50% Y 50%)",2,"['LIMON', 'ALGARROBO']","['crop', 'crop']",2
"LIMON, MAIZ, YUCA",2,"['LIMON', 'MAIZ', 'YUCA']","['crop', 'crop', 'crop']",3
"LIMON, MANGO COCOTERO",2,"['LIMON', 'MANGO', 'COCO']","['crop', 'crop', 'crop']",3
"LIMON, MANGO, RASTROJO MAIZ",2,"['LIMON', 'MANGO', 'MAIZ']","['crop', 'crop', 'crop']",3
LIMON.MANGO,2,"['LIMON', 'MANGO']","['crop', 'crop']",2
"LIMONERO 30, MANGO 20",2,"['LIMON', 'MANGO']","['crop', 'crop']",2
LIMONERO 40% MANGO 20%,2,"['LIMON', 'MANGO']","['crop', 'crop']",2
LIMONERO 40%-MANGO 40%,2,"['LIMON', 'MANGO']","['crop', 'crop']",2
"LIMONERO 40,  MANGO 40, PALTA 20",2,"['LIMON', 'MANGO', 'PALTA']","['crop', 'crop', 'crop']",3
"LIMONERO 40, MANGO 20, MAIZ, 20, FRIJOL 20",2,"['LIMON', 'MANGO', 'MAIZ', 'FRIJOL']","['crop', 'crop', 'crop', 'crop']",4
"LIMONERO 60,  MANGO 40",2,"['LIMON', 'MANGO']","['crop', 'crop']",2
LIMONERO 70%-MANGO 30%,2,"['LIMON', 'MANGO']","['crop', 'crop']",2
LIMONERO- MANGO,2,"['LIMON', 'MANGO']","['crop', 'crop']",2
LIMONRERO- MANGO,2,"['LIMONRERO', 'MANGO']","['crop', 'crop']",2
MAGO 50%  LIMONERO 30%,2,"['MAGO', 'LIMON']","['crop', 'crop']",2
"MAIZ (40%), FRIJOL (10%)",2,"['MAIZ', 'FRIJOL']","['crop', 'crop']",2
MAIZ (50%)     FRIJOL (30%),2,"['MAIZ', 'FRIJOL']","['crop', 'crop']",2
MAIZ (50%)     FRIJOL (50%),2,"['MAIZ', 'FRIJOL']","['crop', 'crop']",2
MAIZ (50%)   FRIJOL (30%),2,"['MAIZ', 'FRIJOL']","['crop', 'crop']",2
MAIZ (60%),2,['MAIZ'],['crop'],1
"MAIZ , PLATANO",2,"['MAIZ', 'PLATANO']","['crop', 'crop']",2
"MAIZ 10, ARROZ 65",2,"['MAIZ', 'ARROZ']","['crop', 'crop']",2
MAIZ 15%,2,['MAIZ'],['crop'],1
"MAIZ 15, ARROZ 75",2,"['MAIZ', 'ARROZ']","['crop', 'crop']",2
"MAIZ 20% ,",2,['MAIZ'],['crop'],1
"MAIZ 20% , YUCA10%",2,"['MAIZ', 'YUCA']","['crop', 'crop']",2
"MAIZ 20%,  FRIJOL 20%",2,"['MAIZ', 'FRIJOL']","['crop', 'crop']",2
"MAIZ 20%, FREJOL 20%",2,"['MAIZ', 'FRIJOL']","['crop', 'crop']",2
MAIZ 25,2,['MAIZ'],['crop'],1
MAIZ 25%    ARVERJA 25%,2,"['MAIZ', 'ARVEJA']","['crop', 'crop']",2
"MAIZ 25% , FRIJOL CAUPI 50%",2,"['MAIZ', 'FRIJOL CAUPI']","['crop', 'crop']",2
MAIZ 25% YUCA 20%FRIJOL 10%,2,"['MAIZ', 'YUCA', 'FRIJOL']","['crop', 'crop', 'crop']",3
MAIZ 30 Y FRIJOL 20,2,"['MAIZ', 'FRIJOL']","['crop', 'crop']",2
"MAIZ 30% , ALGODON 30 %",2,"['MAIZ', 'ALGODON']","['crop', 'crop']",2
"MAIZ 30% , FRIJOL DE PALO 30%",2,"['MAIZ', 'FRIJOL DE PALO']","['crop', 'crop']",2
"MAIZ 30% FRIJOL CAUPI 20%, FRIJOL DE PALO 20%",2,"['MAIZ', 'FRIJOL CAUPI', 'FRIJOL DE PALO']","['crop', 'crop', 'crop']",3
MAIZ 30% FRIJOL DE PALO 30%,2,"['MAIZ', 'FRIJOL DE PALO']","['crop', 'crop']",2
"MAIZ 30%, FRIJOLDE PALO20%",2,"['MAIZ', 'FRIJOLDE PALO']","['crop', 'crop']",2
"MAIZ 30%FRIJOL CAUPI 30%, FRIJOL DE PALO 20%",2,"['MAIZ', 'FRIJOL CAUPI', 'FRIJOL DE PALO']","['crop', 'crop', 'crop']",3
"MAIZ 30,  ARROZ",2,"['MAIZ', 'ARROZ']","['crop', 'crop']",2
MAIZ 40% FREJOL 35%,2,"['MAIZ', 'FRIJOL']","['crop', 'crop']",2
"MAIZ 40%, TRIGO 20%",2,"['MAIZ', 'TRIGO']","['crop', 'crop']",2
"MAIZ 40%, YUCA 60%",2,"['MAIZ', 'YUCA']","['crop', 'crop']",2
MAIZ 40%-FRIJOL DE PALO 30%,2,"['MAIZ', 'FRIJOL DE PALO']","['crop', 'crop']",2
"MAIZ 40, ARROZ 20",2,"['MAIZ', 'ARROZ']","['crop', 'crop']",2
"MAIZ 45, RROZ 20",2,"['MAIZ', 'RROZ']","['crop', 'crop']",2
MAIZ 50%      FRIJOL 25%,2,"['MAIZ', 'FRIJOL']","['crop', 'crop']",2
MAIZ 50%    ARVERJA 25%,2,"['MAIZ', 'ARVEJA']","['crop', 'crop']",2
MAIZ 50%    HABA 30%,2,"['MAIZ', 'HABA']","['crop', 'crop']",2
MAIZ 50% - FRIJOL 30%,2,"['MAIZ', 'FRIJOL']","['crop', 'crop']",2
MAIZ 50%  FRIJOL 45%,2,"['MAIZ', 'FRIJOL']","['crop', 'crop']",2
MAIZ 50% FRIJOL DE PALO 50%,2,"['MAIZ', 'FRIJOL DE PALO']","['crop', 'crop']",2
MAIZ 50% FRIJOPL CASTILLA50%,2,"['MAIZ', 'FRIJOPL CASTILLA']","['crop', 'crop']",2
"MAIZ 50%,  FRIJOL 50%",2,"['MAIZ', 'FRIJOL']","['crop', 'crop']",2
"MAIZ 50%, FRIJOL 50%",2,"['MAIZ', 'FRIJOL']","['crop', 'crop']",2
"MAIZ 60%, PAPA 10%, AJO 10%",2,"['MAIZ', 'PAPA', 'AJO']","['crop', 'crop', 'crop']",3
"MAIZ 70, FRIJOL 15",2,"['MAIZ', 'FRIJOL']","['crop', 'crop']",2
"MAIZ 80 %, FRIJOL 20%",2,"['MAIZ', 'FRIJOL']","['crop', 'crop']",2
MAIZ 80%       ARVEJA: 20%,2,"['MAIZ', 'ARVEJA']","['crop', 'crop']",2
MAIZ- FRIJOL- YUCA,2,"['MAIZ', 'FRIJOL', 'YUCA']","['crop', 'crop', 'crop']",3
MAIZ PAN LLEVAR,2,['MAIZ PAN LLEVAR'],['crop'],1
"MAIZ, ARROZ, PLATANO",2,"['MAIZ', 'ARROZ', 'PLATANO']","['crop', 'crop', 'crop']",3
"MAIZ, FREJOL, MANI",2,"['MAIZ', 'FRIJOL', 'MANI']","['crop', 'crop', 'crop']",3
"MAIZ, MANGO, FREJOL",2,"['MAIZ', 'MANGO', 'FRIJOL']","['crop', 'crop', 'crop']",3
"MAIZ, YUCA, CACAO",2,"['MAIZ', 'YUCA', 'CACAO']","['crop', 'crop', 'crop']",3
"MAIZ, YUCA, PLATANO",2,"['MAIZ', 'YUCA', 'PLATANO']","['crop', 'crop', 'crop']",3
"MAIZ, ZAPALLO",2,"['MAIZ', 'ZAPALLO']","['crop', 'crop']",2
"MAIZ,FRIJOL DE PALO Y FRIJOL DE CASTILLA",2,"['MAIZ', 'FRIJOL DE PALO', 'FRIJOL DE CASTILLA']","['crop', 'crop', 'crop']",3
MAIZ:  30%    PASTO SUDAN: 70%,2,"['MAIZ', 'PASTO SUDAN']","['crop', 'pasture']",2
MAIZ: 50%     AJO: 10%,2,"['MAIZ', 'AJO']","['crop', 'crop']",2
MAIZ: 60%   ALFALFA: 40%,2,"['MAIZ', 'ALFALFA']","['crop', 'pasture']",2
MAIZ: 70%     AJO: 10%,2,"['MAIZ', 'AJO']","['crop', 'crop']",2
MAIZ: 80%      ARVEJA. 20%,2,"['MAIZ', 'ARVEJA']","['crop', 'crop']",2
MAIZ: 80%    ARVEJA: 20%,2,"['MAIZ', 'ARVEJA']","['crop', 'crop']",2
MAIZ30% FREJOL 20%,2,"['MAIZ', 'FRIJOL']","['crop', 'crop']",2
"MAIZ30, ARROZ 30",2,"['MAIZ', 'ARROZ']","['crop', 'crop']",2
MANGO - TAMARINDO,2,"['MANGO', 'TAMARINDO']","['crop', 'crop']",2
MANGO (35%) LIMON (20%) PALTA(3%),2,"['MANGO', 'LIMON', 'PALTA']","['crop', 'crop', 'crop']",3
"MANGO (60%), LIMONERO (40%)",2,"['MANGO', 'LIMON']","['crop', 'crop']",2
"MANGO (60), LIMONERO (30) PALTO (10)",2,"['MANGO', 'LIMON', 'PALTA']","['crop', 'crop', 'crop']",3
MANGO 10,2,['MANGO'],['crop'],1
MANGO 10%-GUANABANA 10%-LIMON 10,2,"['MANGO', 'GUANABANA', 'LIMON']","['crop', 'crop', 'crop']",3
MANGO 10%-LIMON 10%,2,"['MANGO', 'LIMON']","['crop', 'crop']",2
"MANGO 15, LIMON 10",2,"['MANGO', 'LIMON']","['crop', 'crop']",2
"MANGO 15, LIMON 15, PLATANO 5",2,"['MANGO', 'LIMON', 'PLATANO']","['crop', 'crop', 'crop']",3
"MANGO 15, LIMONERO 15",2,"['MANGO', 'LIMON']","['crop', 'crop']",2
"MANGO 20 , L LIMON 10",2,"['MANGO', 'L LIMON']","['crop', 'crop']",2
MANGO 20 Y LIMON 30,2,"['MANGO', 'LIMON']","['crop', 'crop']",2
"MANGO 20% , BANANERO 20%",2,"['MANGO', 'BANANERO']","['crop', 'crop']",2
MANGO 20% LIMON 70%,2,"['MANGO', 'LIMON']","['crop', 'crop']",2
"MANGO 20%,  LIMONERO 20",2,"['MANGO', 'LIMON']","['crop', 'crop']",2
"MANGO 20%, PLATANO 10%",2,"['MANGO', 'PLATANO']","['crop', 'crop']",2
"MANGO 20, LIMON 15",2,"['MANGO', 'LIMON']","['crop', 'crop']",2
"MANGO 20, LIMON 20",2,"['MANGO', 'LIMON']","['crop', 'crop']",2
"MANGO 20, LIMON 40, TAMARINDO 10, PAPYA 5",2,"['MANGO', 'LIMON', 'TAMARINDO', 'PAPYA']","['crop', 'crop', 'crop', 'crop']",4
"MANGO 20, LIMONERO 20",2,"['MANGO', 'LIMON']","['crop', 'crop']",2
"MANGO 25 %,  COCOTERO 20 %",2,"['MANGO', 'COCO']","['crop', 'crop']",2
MANGO 25 COCTERO 30,2,"['MANGO', 'COCTERO']","['crop', 'crop']",2
MANGO 25% COCOTERO 20%,2,"['MANGO', 'COCO']","['crop', 'crop']",2
"MANGO 25, LIMONERO 50",2,"['MANGO', 'LIMON']","['crop', 'crop']",2
MANGO 30% COCOTERO 30%,2,"['MANGO', 'COCO']","['crop', 'crop']",2
MANGO 30% LIMON 70%,2,"['MANGO', 'LIMON']","['crop', 'crop']",2
"MANGO 30%, PLATANO 30%",2,"['MANGO', 'PLATANO']","['crop', 'crop']",2
"MANGO 30,  LIMONERO  40",2,"['MANGO', 'LIMON']","['crop', 'crop']",2
"MANGO 30, LIMON 15",2,"['MANGO', 'LIMON']","['crop', 'crop']",2
"MANGO 30, LIMON 20",2,"['MANGO', 'LIMON']","['crop', 'crop']",2
"MANGO 30, LIMON 30",2,"['MANGO', 'LIMON']","['crop', 'crop']",2
"MANGO 30, LIMON 50",2,"['MANGO', 'LIMON']","['crop', 'crop']",2
"MANGO 30, LIMONERO 20",2,"['MANGO', 'LIMON']","['crop', 'crop']",2
"MANGO 30, LIMONERO 50",2,"['MANGO', 'LIMON']","['crop', 'crop']",2
MANGO 35,2,['MANGO'],['crop'],1
"MANGO 35%, LIMON 25",2,"['MANGO', 'LIMON']","['crop', 'crop']",2
"MANGO 35, LIMON 35",2,"['MANGO', 'LIMON']","['crop', 'crop']",2
MANGO 40 %,2,['MANGO'],['crop'],1
MANGO 40% - LIMON 30% - CACAO 30%,2,"['MANGO', 'LIMON', 'CACAO']","['crop', 'crop', 'crop']",3
MANGO 40% - PASTO CASTILLA 60%,2,"['MANGO', 'PASTO CASTILLA']","['crop', 'pasture']",2
MANGO 40%-LIMON 35%-TAMARINDO 25%,2,"['MANGO', 'LIMON', 'TAMARINDO']","['crop', 'crop', 'crop']",3
"MANGO 40,  LIMON 15",2,"['MANGO', 'LIMON']","['crop', 'crop']",2
"MANGO 40,  LIMONERO  60",2,"['MANGO', 'LIMON']","['crop', 'crop']",2
"MANGO 40, LIMON 45",2,"['MANGO', 'LIMON']","['crop', 'crop']",2
"MANGO 40, LIMON 50",2,"['MANGO', 'LIMON']","['crop', 'crop']",2
"MANGO 40, LIMONERO 20",2,"['MANGO', 'LIMON']","['crop', 'crop']",2
"MANGO 45 , LIMON 15",2,"['MANGO', 'LIMON']","['crop', 'crop']",2
MANGO 45-LIMONERO 40-CACAO 5,2,"['MANGO', 'LIMON', 'CACAO']","['crop', 'crop', 'crop']",3
"MANGO 5 ,  LIMON 5",2,"['MANGO', 'LIMON']","['crop', 'crop']",2
MANGO 5% LIMON 80%,2,"['MANGO', 'LIMON']","['crop', 'crop']",2
"MANGO 5, LIMON 80",2,"['MANGO', 'LIMON']","['crop', 'crop']",2
MANGO 50% CACAO10% LIMON 40%,2,"['MANGO', 'CACAO', 'LIMON']","['crop', 'crop', 'crop']",3
MANGO 50% LIMON 40%,2,"['MANGO', 'LIMON']","['crop', 'crop']",2
MANGO 50% TAMARINDO 50%,2,"['MANGO', 'TAMARINDO']","['crop', 'crop']",2
"MANGO 50%,LIMON 50%",2,"['MANGO', 'LIMON']","['crop', 'crop']",2
"MANGO 50, LIMON 10",2,"['MANGO', 'LIMON']","['crop', 'crop']",2
"MANGO 50, LIMON 35",2,"['MANGO', 'LIMON']","['crop', 'crop']",2
"MANGO 50, LIMONERO 10",2,"['MANGO', 'LIMON']","['crop', 'crop']",2
"MANGO 50, LIMONERO 40",2,"['MANGO', 'LIMON']","['crop', 'crop']",2
MANGO 55% LIMON 40%,2,"['MANGO', 'LIMON']","['crop', 'crop']",2
MANGO 60% - LIMON 40%,2,"['MANGO', 'LIMON']","['crop', 'crop']",2
MANGO 60% LIMON 25%,2,"['MANGO', 'LIMON']","['crop', 'crop']",2
"MANGO 60%, LIMON 30",2,"['MANGO', 'LIMON']","['crop', 'crop']",2
"MANGO 60, LIMON 40",2,"['MANGO', 'LIMON']","['crop', 'crop']",2
MANGO 70% LIMON 15% PALTO 15 %,2,"['MANGO', 'LIMON', 'PALTA']","['crop', 'crop', 'crop']",3
MANGO 70%-CACAO 30,2,"['MANGO', 'CACAO']","['crop', 'crop']",2
"MANGO 70, LIMON 20, TAMARINDO 10",2,"['MANGO', 'LIMON', 'TAMARINDO']","['crop', 'crop', 'crop']",3
MANGO 80% - LIMONERO 20%,2,"['MANGO', 'LIMON']","['crop', 'crop']",2
"MANGO 80% ,LIMON  10% ,TAMARINDO 10%",2,"['MANGO', 'LIMON', 'TAMARINDO']","['crop', 'crop', 'crop']",3
MANGO 80% LIMON 10%,2,"['MANGO', 'LIMON']","['crop', 'crop']",2
"MANGO 80%, CIRUELA 20%",2,"['MANGO', 'CIRUELA']","['crop', 'crop']",2
"MANGO 80, COCO 10",2,"['MANGO', 'COCO']","['crop', 'crop']",2
"MANGO 80, LMON 20",2,"['MANGO', 'LMON']","['crop', 'crop']",2
MANGO 90 Y LIMON 5Y PLATANO 5,2,"['MANGO', 'LIMON', 'PLATANO']","['crop', 'crop', 'crop']",3
MANGO- BANANO,2,"['MANGO', 'BANANO']","['crop', 'crop']",2
MANGO- COCOTERO,2,"['MANGO', 'COCO']","['crop', 'crop']",2
"MANGO KENT, LIMON",2,"['MANGO KENT', 'LIMON']","['crop', 'crop']",2
MANGO- LIMON- NARANJA,2,"['MANGO', 'LIMON', 'NARANJA']","['crop', 'crop', 'crop']",3
MANGO- LIMON- PLATANO,2,"['MANGO', 'LIMON', 'PLATANO']","['crop', 'crop', 'crop']",3
MANGO- LIMON. NARANJO- PALTO,2,"['MANGO', 'LIMON', 'NARANJA', 'PALTA']","['crop', 'crop', 'crop', 'crop']",4
MANGO- MARACUYA,2,"['MANGO', 'MARACUYA']","['crop', 'crop']",2
MANGO PALTO,2,"['MANGO', 'PALTA']","['crop', 'crop']",2
MANGO- PLATANO,2,"['MANGO', 'PLATANO']","['crop', 'crop']",2
"MANGO, CACAO, PLATANO, PALTO",2,"['MANGO', 'CACAO', 'PLATANO', 'PALTA']","['crop', 'crop', 'crop', 'crop']",4
"MANGO, CIRUELA Y PLATANO",2,"['MANGO', 'CIRUELA', 'PLATANO']","['crop', 'crop', 'crop']",3
"MANGO, COCOTERO, LIMON",2,"['MANGO', 'COCO', 'LIMON']","['crop', 'crop', 'crop']",3
"MANGO, LIMON,",2,"['MANGO', 'LIMON']","['crop', 'crop']",2
"MANGO, LIMON, NARANJA, TAMARINDO",2,"['MANGO', 'LIMON', 'NARANJA', 'TAMARINDO']","['crop', 'crop', 'crop', 'crop']",4
"MANGO, LIMON, PALTO",2,"['MANGO', 'LIMON', 'PALTA']","['crop', 'crop', 'crop']",3
"MANGO, LIMON, RASTROJO MAIZ",2,"['MANGO', 'LIMON', 'MAIZ']","['crop', 'crop', 'crop']",3
"MANGO, NARANJA, LIMON",2,"['MANGO', 'NARANJA', 'LIMON']","['crop', 'crop', 'crop']",3
"MANGO, TAMARINDO, PALTA, LIMON",2,"['MANGO', 'TAMARINDO', 'PALTA', 'LIMON']","['crop', 'crop', 'crop', 'crop']",4
"MANGO,CIRUELO, LIMON,PALTO",2,"['MANGO', 'CIRUELA', 'LIMON', 'PALTA']","['crop', 'crop', 'crop', 'crop']",4
MANGO40%- LIMON 60%,2,"['MANGO', 'LIMON']","['crop', 'crop']",2
MANGO-TAMARINDO-LIMON,2,"['MANGO', 'TAMARINDO', 'LIMON']","['crop', 'crop', 'crop']",3
"MANI, FRIJOL CHILENO",2,"['MANI', 'FRIJOL CAUPI']","['crop', 'crop']",2
MARACUYA LIMON MANGO UVA,2,"['MARACUYA', 'LIMON', 'MANGO', 'UVA']","['crop', 'crop', 'crop', 'crop']",4
"MARACUYA, MANGO, LIMÓN",2,"['MARACUYA', 'MANGO', 'LIMON']","['crop', 'crop', 'crop']",3
MELOM,2,['MELOM'],['crop'],1
"MELON 35%, MAIZ 30%",2,"['MELON', 'MAIZ']","['crop', 'crop']",2
NARANJA 30%,2,['NARANJA'],['crop'],1
NARANJO 20 %-PLATANO 20%CAFE 60%,2,"['NARANJA', 'PLATANO', 'CAFE']","['crop', 'crop', 'crop']",3
"NARANJO 20%, PLATANO 20%",2,"['NARANJA', 'PLATANO']","['crop', 'crop']",2
OCA 25%   OLLUCO 25%     PAPA 50%,2,"['OCA', 'OLLUCO', 'PAPA']","['crop', 'crop', 'crop']",3
OCA 30%    OLLUCO 50%,2,"['OCA', 'OLLUCO']","['crop', 'crop']",2
OCA 30%    PAPA 70%,2,"['OCA', 'PAPA']","['crop', 'crop']",2
OCA PAPA,2,"['OCA', 'PAPA']","['crop', 'crop']",2
"PAJA DE CERRO 15%, GRAMA AMARILLA 65%",2,"['PAJA DE CERRO', 'GRAMA AMARILLA']","['pasture', 'pasture']",2
PAJA DEL CERRO,2,['PAJA DEL CERRO'],['pasture'],1
"PAPA, OCA, OLLUCO",2,"['PAPA', 'OCA', 'OLLUCO']","['crop', 'crop', 'crop']",3
"PAPA, OLLUCO, OCA",2,"['PAPA', 'OLLUCO', 'OCA']","['crop', 'crop', 'crop']",3
"PAPAYA 15,  LIMON 15",2,"['PAPAYA', 'LIMON']","['crop', 'crop']",2
"PAPAYA 30,  LIMON 30",2,"['PAPAYA', 'LIMON']","['crop', 'crop']",2
"PASTO ELEFANTE 20%, CAFE 20%, PLATANO 40%, NARANJA 20%",2,"['PASTO ELEFANTE', 'CAFE', 'PLATANO', 'NARANJA']","['pasture', 'crop', 'crop', 'crop']",4
"PASTO ELEFANTE 80%,  CAFE 10%,  PLATANO 10%",2,"['PASTO ELEFANTE', 'CAFE', 'PLATANO']","['pasture', 'crop', 'crop']",3
PLATANA CAFE,2,['PLATANA CAFE'],['crop'],1
PLATANIO Y CACAO,2,"['PLATANIO', 'CACAO']","['crop', 'crop']",2
PLATANO (20%),2,['PLATANO'],['crop'],1
"PLATANO (40%) COCO, LIMA (20%)",2,"['PLATANO', 'COCO', 'LIMA']","['crop', 'crop', 'crop']",3
"PLATANO , MANGO",2,"['PLATANO', 'MANGO']","['crop', 'crop']",2
"PLATANO 15%, NARANJO 35%",2,"['PLATANO', 'NARANJA']","['crop', 'crop']",2
"PLATANO 20%, NARANJO 20%",2,"['PLATANO', 'NARANJA']","['crop', 'crop']",2
PLATANO 40%   CAFE 30%   NARANJA 30%,2,"['PLATANO', 'CAFE', 'NARANJA']","['crop', 'crop', 'crop']",3
"PLATANO 40%,  CAFE 30%,  NARANJA 30%",2,"['PLATANO', 'CAFE', 'NARANJA']","['crop', 'crop', 'crop']",3
"PLATANO 40%, MANGO 15%",2,"['PLATANO', 'MANGO']","['crop', 'crop']",2
"PLATANO 50%,  CAFE 50%",2,"['PLATANO', 'CAFE']","['crop', 'crop']",2
PLATANO 70%,2,['PLATANO'],['crop'],1
"PLATANO 70%, MAIZ 30%",2,"['PLATANO', 'MAIZ']","['crop', 'crop']",2
PLATANO 75%-COCOTERO 5%-TAMARINDO 5%,2,"['PLATANO', 'COCO', 'TAMARINDO']","['crop', 'crop', 'crop']",3
PLATANO 80%   PASTO ELEFANTE 20%,2,"['PLATANO', 'PASTO ELEFANTE']","['crop', 'pasture']",2
PLATANO 80% FREJOL CASTILLA,2,"['PLATANO', 'FRIJOL CASTILLA']","['crop', 'crop']",2
"PLATANO 90%, FRIJOL DE PALO 10%",2,"['PLATANO', 'FRIJOL DE PALO']","['crop', 'crop']",2
PLATANO DE SEDA,2,['PLATANO DE SEDA'],['crop'],1
PLATANO NARANJA GRANADILLA,2,"['PLATANO', 'NARANJA', 'GRANADILLA']","['crop', 'crop', 'crop']",3
"PLATANO, MANGO Y OTRO",2,"['PLATANO', 'MANGO', 'OTRO']","['crop', 'crop', 'crop']",3
"PLATANO, MANGO Y OTROA",2,"['PLATANO', 'MANGO', 'OTROA']","['crop', 'crop', 'crop']",3
PREPARACION DE SUEKLO,2,['PREPARACION DE SUEKLO'],['land_prep'],1
PREPARACION EN DESCANSO,2,['PREPARACION EN DESCANSO'],['fallow'],1
RASTROJOS CULTIVO DE TRIGO 70%  MAIZ 30%,2,"['TRIGO', 'MAIZ']","['crop', 'crop']",2
RASTROJOS MAIZ,2,['MAIZ'],['crop'],1
SABILA,2,['SABILA'],['crop'],1
"SOYA 50%, MAIZ 15%",2,"['SOYA', 'MAIZ']","['crop', 'crop']",2
SURCADO,2,['SURCADO'],['crop'],1
TERRENO EN DESANSO,2,['TERRENO EN DESANSO'],['crop'],1
"TERRENO EN DESCANSO, LIMON",2,"['DESCANSO', 'LIMON']","['fallow', 'crop']",2
TRIGO : 60% - MAIZ : 30% - ARVEJA : 10%,2,"['TRIGO', 'MAIZ', 'ARVEJA']","['crop', 'crop', 'crop']",3
"TRIGO 40%, ARVEJA 20%, MAIZ 15%",2,"['TRIGO', 'ARVEJA', 'MAIZ']","['crop', 'crop', 'crop']",3
TRIGO 50%   MAIZ 20%,2,"['TRIGO', 'MAIZ']","['crop', 'crop']",2
TRIGO 70%     MAIZ 20%,2,"['TRIGO', 'MAIZ']","['crop', 'crop']",2
TRIGO 80%     ARVERJA 20%,2,"['TRIGO', 'ARVEJA']","['crop', 'crop']",2
"TUNA, TAMARAINDO, GUANABANA",2,"['TUNA', 'TAMARAINDO', 'GUANABANA']","['crop', 'crop', 'crop']",3
UVA 20% LIMONERO 20%,2,"['UVA', 'LIMON']","['crop', 'crop']",2
VEGETACION NATIVA,2,['VEGETACION NATIVA'],['crop'],1
"VERDURAS 60%, CAÑA 20%, PALTO 20%",2,"['VERDURAS', 'CAÑA DE AZUCAR', 'PALTA']","['crop', 'crop', 'crop']",3
YUCA (40%),2,['YUCA'],['crop'],1
YUCA 10% FRIJOL 30%,2,"['YUCA', 'FRIJOL']","['crop', 'crop']",2
"YUCA 20%, MAIZ 20%, FREJOL 20%",2,"['YUCA', 'MAIZ', 'FRIJOL']","['crop', 'crop', 'crop']",3
YUCA 40%   FRIJOL 60%,2,"['YUCA', 'FRIJOL']","['crop', 'crop']",2
"YUCA, FREJOL, MANGO, CACAO, LIMON",2,"['YUCA', 'FRIJOL', 'MANGO', 'CACAO', 'LIMON']","['crop', 'crop', 'crop', 'crop', 'crop']",5
"ZANAHORIA, FRIJOL DE PALO",2,"['ZANAHORIA', 'FRIJOL DE PALO']","['crop', 'crop']",2
"MANGO 30,  LIMONERO 50,   TAMARINDO 20",2,"['MANGO', 'LIMON', 'TAMARINDO']","['crop', 'crop', 'crop']",3
GRANADILLA (70%) PLATANO (30%),2,"['GRANADILLA', 'PLATANO']","['crop', 'crop']",2
"PLATANO, LIMON, MANGO",2,"['PLATANO', 'LIMON', 'MANGO']","['crop', 'crop', 'crop']",3
"YUCA , FREJOL DE PALO , MAIZ",2,"['YUCA', 'FRIJOL DE PALO', 'MAIZ']","['crop', 'crop', 'crop']",3
ALGODOIN,2,['ALGODOIN'],['crop'],1
FREJOL ALGODON,2,"['FRIJOL', 'ALGODON']","['crop', 'crop']",2
"PLATANO, CAÑA DE AZUCAR Y GUAYAQUIL",2,"['PLATANO', 'CAÑA DE AZUCAR', 'GUAYAQUIL']","['crop', 'crop', 'crop']",3
"ALGODONAL (25), MAIZ(40)",2,"['ALGODON', 'MAIZ']","['crop', 'crop']",2
"MAIZ (25%), FRIJOL (65 %)",2,"['MAIZ', 'FRIJOL']","['crop', 'crop']",2
"FRUTALES (HUABAS, MANGOS, PLATANOS)",2,['FRUTALES'],['crop'],1
"30% PAPA, 30% ARVERJA",2,"['PAPA', 'ARVEJA']","['crop', 'crop']",2
"FRUTALES (MANGOS, GUABAS, TAMARINDO)",2,['FRUTALES'],['crop'],1
EN GRADEO,2,['GRADEO'],['land_prep'],1
"PLATANO, MANGO, TAMARINDO",2,"['PLATANO', 'MANGO', 'TAMARINDO']","['crop', 'crop', 'crop']",3
"CULTIVO ALGODONERO 90%, CULTIVO DE MAIZ 10%",2,"['ALGODON', 'MAIZ']","['crop', 'crop']",2
"ALGODONERO, MAIZ",2,"['ALGODON', 'MAIZ']","['crop', 'crop']",2
"MAIZ: 50% ,  ALGODON: 50%",2,"['MAIZ', 'ALGODON']","['crop', 'crop']",2
"HUABO (40%), MANGO(30%), LIMON(30%)",2,"['GUABO', 'MANGO', 'LIMON']","['crop', 'crop', 'crop']",3
"MANGO 30%, PAPAYA 30%, CIRUELA 20%, PLATANO 20%",2,"['MANGO', 'PAPAYA', 'CIRUELA', 'PLATANO']","['crop', 'crop', 'crop', 'crop']",4
"PLATANO (40%),  LIMON(30%),  MANGO (30%)",2,"['PLATANO', 'LIMON', 'MANGO']","['crop', 'crop', 'crop']",3
PASTO ELEFANTE (50%) PASTO SUDAN (50%),2,"['PASTO ELEFANTE', 'PASTO SUDAN']","['pasture', 'pasture']",2
"PALTO, LIMON",2,"['PALTA', 'LIMON']","['crop', 'crop']",2
MAIZ (50%)  CEBOLLA (50%),2,"['MAIZ', 'CEBOLLA']","['crop', 'crop']",2
PLATANO - MANGO - GUABO,2,"['PLATANO', 'MANGO', 'GUABO']","['crop', 'crop', 'crop']",3
MAIZ: 50%  ARROZ: 50%,2,"['MAIZ', 'ARROZ']","['crop', 'crop']",2
"ALFALFA 50%,    MAIZ 40%",2,"['ALFALFA', 'MAIZ']","['pasture', 'crop']",2
"CAMOTE 70%,  MAIZ 30%",2,"['CAMOTE', 'MAIZ']","['crop', 'crop']",2
ALFALFA - MAIZ,2,"['ALFALFA', 'MAIZ']","['pasture', 'crop']",2
MAIZ 50%   ARROZ 50%,2,"['MAIZ', 'ARROZ']","['crop', 'crop']",2
ARROZ  50%      MAIZ 50%,2,"['ARROZ', 'MAIZ']","['crop', 'crop']",2
"ARROZ 30%,   MAIZ 70%",2,"['ARROZ', 'MAIZ']","['crop', 'crop']",2
PLATANO 60%  LIMON 15% GUABO15% MANGO 10% D,2,"['PLATANO', 'LIMON', 'GUABO', 'MANGO']","['crop', 'crop', 'crop', 'crop']",4
QUEMA DE RASTROJO,2,['QUEMA DE RASTROJO'],['land_prep'],1
"PLATANO 40% ,   PAPAYA 40%,    MANGO 10%,  GUABO 10%",2,"['PLATANO', 'PAPAYA', 'MANGO', 'GUABO']","['crop', 'crop', 'crop', 'crop']",4
"ARROZ 80%,   MAIZ 15%",2,"['ARROZ', 'MAIZ']","['crop', 'crop']",2
CAMOTE 10%;   MAIZ  90%,2,"['CAMOTE', 'MAIZ']","['crop', 'crop']",2
"PLATANO, MANGO, LIMON",2,"['PLATANO', 'MANGO', 'LIMON']","['crop', 'crop', 'crop']",3
ARROZ 80% MAIZ 15%,2,"['ARROZ', 'MAIZ']","['crop', 'crop']",2
PLATANO PAPAYA LIMON Y MANGO,2,"['PLATANO', 'PAPAYA', 'LIMON', 'MANGO']","['crop', 'crop', 'crop', 'crop']",4
MAIZ 50% ALFALFA 50%,2,"['MAIZ', 'ALFALFA']","['crop', 'pasture']",2
ALFALFA 35% MAIZ 35%,2,"['ALFALFA', 'MAIZ']","['pasture', 'crop']",2
"MAIZ (60%),    ALFALFA(40%)",2,"['MAIZ', 'ALFALFA']","['crop', 'pasture']",2
MAIZ  50% FREJOL 10%,2,"['MAIZ', 'FRIJOL']","['crop', 'crop']",2
PLATANO  40%,2,['PLATANO'],['crop'],1
ALGODONERO  75%  MAIZ 25%,2,"['ALGODON', 'MAIZ']","['crop', 'crop']",2
ALGODON (90%)   MAIZ (10%),2,"['ALGODON', 'MAIZ']","['crop', 'crop']",2
ARADORA,2,['ARADORA'],['land_prep'],1
FREJOL  50%  MAIZ 50%,2,"['FRIJOL', 'MAIZ']","['crop', 'crop']",2
ARROZ  20%  MAIZ 80%,2,"['ARROZ', 'MAIZ']","['crop', 'crop']",2
MAIZ 50%  PLATANO 50%,2,"['MAIZ', 'PLATANO']","['crop', 'crop']",2
"MANGO, PAPAYO, TAMARINDO",2,"['MANGO', 'PAPAYA', 'TAMARINDO']","['crop', 'crop', 'crop']",3
"LIMON, COCOTERO",2,"['LIMON', 'COCO']","['crop', 'crop']",2
LIMON (20%)     MANGO(80%),2,"['LIMON', 'MANGO']","['crop', 'crop']",2
"AJO,   PAPA,   OLLUCO",2,"['AJO', 'PAPA', 'OLLUCO']","['crop', 'crop', 'crop']",3
"AJO, PAPA",2,"['AJO', 'PAPA']","['crop', 'crop']",2
"AJO, RICACHA",2,"['AJO', 'RICACHA']","['crop', 'crop']",2
TRIGO 80%       MAIZ 20%,2,"['TRIGO', 'MAIZ']","['crop', 'crop']",2
"AJIO, PAPA",2,"['AJIO', 'PAPA']","['crop', 'crop']",2
AJO 10%        MAIZ 90%,2,"['AJO', 'MAIZ']","['crop', 'crop']",2
CAÑA 80%   PALTO 20%,2,"['CAÑA DE AZUCAR', 'PALTA']","['crop', 'crop']",2
CEBADA 50%     50% DESCANSO,2,"['CEBADA', 'DESCANSO']","['crop', 'fallow']",2
CHURUPA 10%    CRISPILLO 20%    VERBENA 10%,2,"['CHURUPA', 'CRISPILLO', 'VERBENA']","['crop', 'crop', 'crop']",3
"PAPA, OLLUCO, MAIZ",2,"['PAPA', 'OLLUCO', 'MAIZ']","['crop', 'crop', 'crop']",3
TRIGO 80%   DESCANSO 20%,2,"['TRIGO', 'DESCANSO']","['crop', 'fallow']",2
"AJO, PAPA, CAÑA DE AZUCAR",2,"['AJO', 'PAPA', 'CAÑA DE AZUCAR']","['crop', 'crop', 'crop']",3
MAIZ 60%  TRIGO 20%,2,"['MAIZ', 'TRIGO']","['crop', 'crop']",2
MAIZ. 50%   TRIGO: 20%,2,"['MAIZ', 'TRIGO']","['crop', 'crop']",2
MAIZ: 40%   ALVERJA: 20%    TRIGO: 10%,2,"['MAIZ', 'ARVEJA', 'TRIGO']","['crop', 'crop', 'crop']",3
NODILLO     BERBENA,2,['NODILLO BERBENA'],['crop'],1
"NUDILLO, CADILLO, MOSTAZA",2,"['NUDILLO', 'CADILLO', 'MOSTAZA']","['pasture', 'crop', 'crop']",3
"TRIGO, MAIZ, ALVERJA, CEBADA",2,"['TRIGO', 'MAIZ', 'ARVEJA', 'CEBADA']","['crop', 'crop', 'crop', 'crop']",4
TRIGO: 70%  MAIZ: 20%,2,"['TRIGO', 'MAIZ']","['crop', 'crop']",2
"MAIZ,  PAPA",2,"['MAIZ', 'PAPA']","['crop', 'crop']",2
TRIGO 30%      MAIZ 70%,2,"['TRIGO', 'MAIZ']","['crop', 'crop']",2
TRIGO(25)  MAIZ(25),2,"['TRIGO', 'MAIZ']","['crop', 'crop']",2
EUCALIPTO: 20%,2,['EUCALIPTO'],['crop'],1
"MAIZ (50%),  HORTALIZAS (10%),   TRIGO (30%)",2,"['MAIZ', 'HORTALIZAS', 'TRIGO']","['crop', 'crop', 'crop']",3
MAIZ: 60%,2,['MAIZ'],['crop'],1
MAIZ: 80%    ALVERJA: 20%,2,"['MAIZ', 'ARVEJA']","['crop', 'crop']",2
CAÑA(30%) PLATANO(10%),2,"['CAÑA DE AZUCAR', 'PLATANO']","['crop', 'crop']",2
EUCALIPO: 20%   TALLA: 20%,2,"['EUCALIPO', 'TALLA']","['crop', 'crop']",2
EUCALIPTO (30%),2,['EUCALIPTO'],['crop'],1
MAIZ 30%      TRIGO 70%,2,"['MAIZ', 'TRIGO']","['crop', 'crop']",2
MAIZ 30%  PAPA 30%,2,"['MAIZ', 'PAPA']","['crop', 'crop']",2
CASUARINA: 40%   EUCALIPTO: 60%,2,"['CASUARINA', 'EUCALIPTO']","['crop', 'crop']",2
FRIJOL (5%)    MAIZ (30%)   PASTO ELEFANTE (20%),2,"['FRIJOL', 'MAIZ', 'PASTO ELEFANTE']","['crop', 'crop', 'pasture']",3
FRIJOL (50%),2,['FRIJOL'],['crop'],1
MAIZ (10%)  TRIGO (90%),2,"['MAIZ', 'TRIGO']","['crop', 'crop']",2
MAIZ: 50%   TRIGO: 20%,2,"['MAIZ', 'TRIGO']","['crop', 'crop']",2
PALTO (5%),2,['PALTA'],['crop'],1
"PAPA,   MAIZ",2,"['PAPA', 'MAIZ']","['crop', 'crop']",2
TALLA  (10%)     EUCALIPTO (40%),2,"['TALLA', 'EUCALIPTO']","['crop', 'crop']",2
"TRIGO, MAIZ, PAPA",2,"['TRIGO', 'MAIZ', 'PAPA']","['crop', 'crop', 'crop']",3
TRIGO. 80%   MAIZ. 20%,2,"['TRIGO', 'MAIZ']","['crop', 'crop']",2
"AJO,    PEPINO",2,"['AJO', 'PEPINO']","['crop', 'crop']",2
MAIZ (50%)  TRIGO (40%)  ALVERJA (10%),2,"['MAIZ', 'TRIGO', 'ARVEJA']","['crop', 'crop', 'crop']",3
"MAIZ,  TRIGO,  PAPA,  AJO",2,"['MAIZ', 'TRIGO', 'PAPA', 'AJO']","['crop', 'crop', 'crop', 'crop']",4
MAIZ: 50%   ALVERJA:10%   TRIGO: 10%,2,"['MAIZ', 'ARVEJA', 'TRIGO']","['crop', 'crop', 'crop']",3
"TRIGO (70%),  MAIZ (10%)",2,"['TRIGO', 'MAIZ']","['crop', 'crop']",2
"TRIGO,  MAIZ, ARVEJA",2,"['TRIGO', 'MAIZ', 'ARVEJA']","['crop', 'crop', 'crop']",3
"ZANAHORIA, PAPA",2,"['ZANAHORIA', 'PAPA']","['crop', 'crop']",2
EUCALIPTO: 30%   CIPREZ: 10%,2,"['EUCALIPTO', 'CIPREZ']","['crop', 'crop']",2
ZANAHORIA: 10%   COL: 10%  CAMOTE: 10%,2,"['ZANAHORIA', 'REPOLLO', 'CAMOTE']","['crop', 'crop', 'crop']",3
AJO (50%)  ZANAHORIA(50%),2,"['AJO', 'ZANAHORIA']","['crop', 'crop']",2
ARVEJA (50%)   MAIZ (50%),2,"['ARVEJA', 'MAIZ']","['crop', 'crop']",2
CAÑA: 30%   PLATANO: 10%,2,"['CAÑA DE AZUCAR', 'PLATANO']","['crop', 'crop']",2
MAIZ (40%)  TRIGO (10%),2,"['MAIZ', 'TRIGO']","['crop', 'crop']",2
"MAIZ, TRIGO, CEBADA,  ARVERJA",2,"['MAIZ', 'TRIGO', 'CEBADA', 'ARVEJA']","['crop', 'crop', 'crop', 'crop']",4
"PAPA,  OCA,  TRIGO",2,"['PAPA', 'OCA', 'TRIGO']","['crop', 'crop', 'crop']",3
TALLA 20%      EUCALIPTO 20%,2,"['TALLA', 'EUCALIPTO']","['crop', 'crop']",2
"TRIGO,   CEBADA,    MAIZ",2,"['TRIGO', 'CEBADA', 'MAIZ']","['crop', 'crop', 'crop']",3
GRAMADULCE,2,['GRAMADULCE'],['pasture'],1
MAIZ (50%)   ARVEJA (50%),2,"['MAIZ', 'ARVEJA']","['crop', 'crop']",2
NUDILLO 20%     PATE 40%,2,"['NUDILLO', 'PATE']","['pasture', 'crop']",2
PAJA BLANCA Y NUDILLO,2,"['PAJA BLANCA', 'NUDILLO']","['pasture', 'pasture']",2
TRIGO  50%      CEBADA 50%,2,"['TRIGO', 'CEBADA']","['crop', 'crop']",2
CEBADA 50%   TRIGO 50%,2,"['CEBADA', 'TRIGO']","['crop', 'crop']",2
CEBADA 60%,2,['CEBADA'],['crop'],1
"MAIZ, ALVERJA, PAPA,  AJO",2,"['MAIZ', 'ARVEJA', 'PAPA', 'AJO']","['crop', 'crop', 'crop', 'crop']",4
PAJA DURA (20%)    GRAMA DULCE (20%),2,"['PAJA DURA', 'GRAMA DULCE']","['pasture', 'pasture']",2
PAJA DURA Y NUDILLO,2,"['PAJA DURA', 'NUDILLO']","['pasture', 'pasture']",2
TRIGO: 30%     ARVEJA: 30%,2,"['TRIGO', 'ARVEJA']","['crop', 'crop']",2
MAIZ (70%)   ARVEJA (30%),2,"['MAIZ', 'ARVEJA']","['crop', 'crop']",2
"MAIZ, PEPINO",2,"['MAIZ', 'PEPINO']","['crop', 'crop']",2
TRIGO 50%      OCA 50%,2,"['TRIGO', 'OCA']","['crop', 'crop']",2
CAÑA (80%)     LUCUMA (20%),2,"['CAÑA DE AZUCAR', 'LUCUMA']","['crop', 'crop']",2
"CEBADA,   TRIGO,   MAIZ",2,"['CEBADA', 'TRIGO', 'MAIZ']","['crop', 'crop', 'crop']",3
"MAIZ, OCA, OLLUCO",2,"['MAIZ', 'OCA', 'OLLUCO']","['crop', 'crop', 'crop']",3
"OCA,  OLLUCO,  MAIZ",2,"['OCA', 'OLLUCO', 'MAIZ']","['crop', 'crop', 'crop']",3
TRIGO (50%) - MAIZ (20%) - FRIJOL (20%),2,"['TRIGO', 'MAIZ', 'FRIJOL']","['crop', 'crop', 'crop']",3
TRIGO (50%) - PAPA (10%) - FRIJOL (10%),2,"['TRIGO', 'PAPA', 'FRIJOL']","['crop', 'crop', 'crop']",3
TRIGO 50% - MAIZ 50%,2,"['TRIGO', 'MAIZ']","['crop', 'crop']",2
"TRIGO,    MAIZ",2,"['TRIGO', 'MAIZ']","['crop', 'crop']",2
"TRIGO, FRIJOL, CEBADA",2,"['TRIGO', 'FRIJOL', 'CEBADA']","['crop', 'crop', 'crop']",3
"MAIZ 70%, TRIGO 30%",2,"['MAIZ', 'TRIGO']","['crop', 'crop']",2
NUDILLO Y TOTORITA,2,"['NUDILLO', 'TOTORITA']","['pasture', 'crop']",2
PAPA 30% - RECACHA 20%,2,"['PAPA', 'RECACHA']","['crop', 'crop']",2
PAPA 50%    TRIGO 50%,2,"['PAPA', 'TRIGO']","['crop', 'crop']",2
PLATANO (40%)      CAÑA (60%),2,"['PLATANO', 'CAÑA DE AZUCAR']","['crop', 'crop']",2
PLATANO 30% - CAÑA 20%,2,"['PLATANO', 'CAÑA DE AZUCAR']","['crop', 'crop']",2
PLATANO 50% - CAÑA 30% - CAFE 10%,2,"['PLATANO', 'CAÑA DE AZUCAR', 'CAFE']","['crop', 'crop', 'crop']",3
TRIGO 50%       PAPA 20%        ARVEJA 10%,2,"['TRIGO', 'PAPA', 'ARVEJA']","['crop', 'crop', 'crop']",3
"CEBADA 40%, TRIGO 60%",2,"['CEBADA', 'TRIGO']","['crop', 'crop']",2
MAIZ 50% - FRIJOL 50%,2,"['MAIZ', 'FRIJOL']","['crop', 'crop']",2
MAIZ 70%    AJO 30%,2,"['MAIZ', 'AJO']","['crop', 'crop']",2
TRIGO 80% - MAIZ 20%,2,"['TRIGO', 'MAIZ']","['crop', 'crop']",2
CAFE (70%)      NARANJA (10%),2,"['CAFE', 'NARANJA']","['crop', 'crop']",2
CAFE : 50% - PLATANO : 30% - CAÑA : 20%,2,"['CAFE', 'PLATANO', 'CAÑA DE AZUCAR']","['crop', 'crop', 'crop']",3
CAFE : 60% - PLATANO : 40%,2,"['CAFE', 'PLATANO']","['crop', 'crop']",2
"MAIZ,  FRIJOL",2,"['MAIZ', 'FRIJOL']","['crop', 'crop']",2
"TRIGO,  ARVEJA,   MAIZ",2,"['TRIGO', 'ARVEJA', 'MAIZ']","['crop', 'crop', 'crop']",3
"TRIGO, ARVEJA, MAIZ",2,"['TRIGO', 'ARVEJA', 'MAIZ']","['crop', 'crop', 'crop']",3
CAÑA (50%) - PLATANO (30%),2,"['CAÑA DE AZUCAR', 'PLATANO']","['crop', 'crop']",2
FRIJOL (40%) - MAIZ (60%),2,"['FRIJOL', 'MAIZ']","['crop', 'crop']",2
FRIJOL 60%     MAIZ 40%,2,"['FRIJOL', 'MAIZ']","['crop', 'crop']",2
MAIZ 50%      Y      CAÑA 50%,2,"['MAIZ', 'CAÑA DE AZUCAR']","['crop', 'crop']",2
PLATANO : 20% - CAÑA : 20%,2,"['PLATANO', 'CAÑA DE AZUCAR']","['crop', 'crop']",2
"TRIGO, ARVERJA, MAIZ, HABA",2,"['TRIGO', 'ARVEJA', 'MAIZ', 'HABA']","['crop', 'crop', 'crop', 'crop']",4
"TRIGO, CEBADA, HABA",2,"['TRIGO', 'CEBADA', 'HABA']","['crop', 'crop', 'crop']",3
"TRIGO, MAIZ, ARVEJA",2,"['TRIGO', 'MAIZ', 'ARVEJA']","['crop', 'crop', 'crop']",3
CAFE : 30% - PLATANO : 50% - CAÑA : 10%,2,"['CAFE', 'PLATANO', 'CAÑA DE AZUCAR']","['crop', 'crop', 'crop']",3
MAIZ : 60% - TRIGO : 30%,2,"['MAIZ', 'TRIGO']","['crop', 'crop']",2
MAIZ 40%       FRIJOL 40%,2,"['MAIZ', 'FRIJOL']","['crop', 'crop']",2
"OCA, OLLUCO, MAIZ, TRIGO",2,"['OCA', 'OLLUCO', 'MAIZ', 'TRIGO']","['crop', 'crop', 'crop', 'crop']",4
PASTO ELEFANTE 60%       GRAMA DULCE 40%,2,"['PASTO ELEFANTE', 'GRAMA DULCE']","['pasture', 'pasture']",2
MAIZ : 60% - ARVEJA : 40%,2,"['MAIZ', 'ARVEJA']","['crop', 'crop']",2
"MAIZ 30%, TRIGO 20%, OCA 50%",2,"['MAIZ', 'TRIGO', 'OCA']","['crop', 'crop', 'crop']",3
MAIZ 50%   ARVERJA 50%,2,"['MAIZ', 'ARVEJA']","['crop', 'crop']",2
"MAIZ, AJO, AJI, PAPA",2,"['MAIZ', 'AJO', 'AJI', 'PAPA']","['crop', 'crop', 'crop', 'crop']",4
"MAIZ, AJO, PAPA",2,"['MAIZ', 'AJO', 'PAPA']","['crop', 'crop', 'crop']",3
"MAIZ, PAPA, AJI, AJO",2,"['MAIZ', 'PAPA', 'AJI', 'AJO']","['crop', 'crop', 'crop', 'crop']",4
NUDILLO - PAJA BLANCA,2,"['NUDILLO', 'PAJA BLANCA']","['pasture', 'pasture']",2
PAJA DEL CERRO Y GRAMA AMARILLA,2,"['PAJA DEL CERRO', 'GRAMA AMARILLA']","['pasture', 'pasture']",2
"PAPA 50%, TRIGO 50%",2,"['PAPA', 'TRIGO']","['crop', 'crop']",2
TRIGO : 50% - MAIZ : 50%,2,"['TRIGO', 'MAIZ']","['crop', 'crop']",2
TRIGO: 50%      MAIZ: 20%      ARRACACHA: 20%,2,"['TRIGO', 'MAIZ', 'ARRACACHA']","['crop', 'crop', 'crop']",3
"ALVERJA 50%, MAIZ 30%, OCA 20%",2,"['ARVEJA', 'MAIZ', 'OCA']","['crop', 'crop', 'crop']",3
"CAMOTE, MAIZ HIBRIDO",2,"['CAMOTE', 'MAIZ HIBRIDO']","['crop', 'crop']",2
"HABA 50%, MAIZ 50%",2,"['HABA', 'MAIZ']","['crop', 'crop']",2
MAIZ - AJO,2,"['MAIZ', 'AJO']","['crop', 'crop']",2
MAIZ : 50% - CEBADA : 30%,2,"['MAIZ', 'CEBADA']","['crop', 'crop']",2
PAJA AMARILLA,2,['PAJA AMARILLA'],['pasture'],1
PAJA BLANCA : 10% - NUDILLO : 10%,2,"['PAJA BLANCA', 'NUDILLO']","['pasture', 'pasture']",2
PLATANO (80%)     CAÑA (20%),2,"['PLATANO', 'CAÑA DE AZUCAR']","['crop', 'crop']",2
PLATANO : 60% - CAÑA : 40%,2,"['PLATANO', 'CAÑA DE AZUCAR']","['crop', 'crop']",2
"TRIGO 10%, MAIZ 40%",2,"['TRIGO', 'MAIZ']","['crop', 'crop']",2
"TRIGO 30%, ARVEJA 20%",2,"['TRIGO', 'ARVEJA']","['crop', 'crop']",2
"TRIGO 40%, MAIZ 30%, ALVERJA 30%",2,"['TRIGO', 'MAIZ', 'ARVEJA']","['crop', 'crop', 'crop']",3
"TRIGO, CEBADA, MAIZ",2,"['TRIGO', 'CEBADA', 'MAIZ']","['crop', 'crop', 'crop']",3
GRAMA AMARILLA 15%,2,['GRAMA AMARILLA'],['pasture'],1
GRAMA AMARILLA 50%,2,['GRAMA AMARILLA'],['pasture'],1
GRAMA DURA 30%,2,['GRAMA DURA'],['pasture'],1
GRASS 15%,2,['GRASS'],['crop'],1
MAIZ 40%      PAPA 40%,2,"['MAIZ', 'PAPA']","['crop', 'crop']",2
MAIZ 50%     SARANDAJA 25%,2,"['MAIZ', 'ZARANDAJA']","['crop', 'crop']",2
MAIZ 505     TRIGO 50%,2,"['MAIZ', 'TRIGO']","['crop', 'crop']",2
MAIZ 70%  ARVEJA 20%,2,"['MAIZ', 'ARVEJA']","['crop', 'crop']",2
NODILLO - GRAMA AMARILLA,2,"['NODILLO', 'GRAMA AMARILLA']","['crop', 'pasture']",2
NODILLO 20%,2,['NODILLO'],['crop'],1
NUDILLO - GRASS,2,"['NUDILLO', 'GRASS']","['pasture', 'crop']",2
PAPA 30%      TRIGO 50%,2,"['PAPA', 'TRIGO']","['crop', 'crop']",2
PASTO NATURAL 10%,2,['PASTO NATURAL'],['pasture'],1
TRIGO 40%       MAIZ 35%     ARVEJA 10%,2,"['TRIGO', 'MAIZ', 'ARVEJA']","['crop', 'crop', 'crop']",3
TRIGO 40%    MAIZ 60%,2,"['TRIGO', 'MAIZ']","['crop', 'crop']",2
TRIGO 50%      MAIZ 50%,2,"['TRIGO', 'MAIZ']","['crop', 'crop']",2
TRIGO 50%      PAPA 50%,2,"['TRIGO', 'PAPA']","['crop', 'crop']",2
TRIGO 50%   PAPA 20%    MAIZ 30%,2,"['TRIGO', 'PAPA', 'MAIZ']","['crop', 'crop', 'crop']",3
TRIGO 60%    MAIZ 10%,2,"['TRIGO', 'MAIZ']","['crop', 'crop']",2
TRIGO 80%    MAIZ 10%    ARVEJA 10%,2,"['TRIGO', 'MAIZ', 'ARVEJA']","['crop', 'crop', 'crop']",3
TRIGO: 50%    ARVEJA: 20%    MAIZ: 30%,2,"['TRIGO', 'ARVEJA', 'MAIZ']","['crop', 'crop', 'crop']",3
"PALTA, CAFE",2,"['PALTA', 'CAFE']","['crop', 'crop']",2
PAPA 50%     ARVEJA 50%     OLLUCO 20%,2,"['PAPA', 'ARVEJA', 'OLLUCO']","['crop', 'crop', 'crop']",3
TRIGO  50%     MAIZ 30%,2,"['TRIGO', 'MAIZ']","['crop', 'crop']",2
ALGODON - ALFALFA,2,"['ALGODON', 'ALFALFA']","['crop', 'pasture']",2
"MAIZ, ALFALFA",2,"['MAIZ', 'ALFALFA']","['crop', 'pasture']",2
"ARVEJA,    MAIZ (10%)   TRIGO (30%)",2,"['ARVEJA', 'MAIZ', 'TRIGO']","['crop', 'crop', 'crop']",3
MAIZ 50%     TRIGO 30%,2,"['MAIZ', 'TRIGO']","['crop', 'crop']",2
MAIZ: 50%  TRIGO: 20%   ARVEJA: 10%,2,"['MAIZ', 'TRIGO', 'ARVEJA']","['crop', 'crop', 'crop']",3
TRIGO: 80%        FRIJOL: 10%         MAIZ: 10%,2,"['TRIGO', 'FRIJOL', 'MAIZ']","['crop', 'crop', 'crop']",3
"AJO,   CAÑA",2,"['AJO', 'CAÑA DE AZUCAR']","['crop', 'crop']",2
"AJO, CAÑA DE AZUCAR, MAIZ",2,"['AJO', 'CAÑA DE AZUCAR', 'MAIZ']","['crop', 'crop', 'crop']",3
"AJOS, PAPA",2,"['AJO', 'PAPA']","['crop', 'crop']",2
"CAFE, PALTA",2,"['CAFE', 'PALTA']","['crop', 'crop']",2
"MAIZ,  ARVEJA",2,"['MAIZ', 'ARVEJA']","['crop', 'crop']",2
MAIZ: 50%       TRIGO: 20%        AJO: 10%,2,"['MAIZ', 'TRIGO', 'AJO']","['crop', 'crop', 'crop']",3
PAPA - AJO,2,"['PAPA', 'AJO']","['crop', 'crop']",2
"TRIGO,  ARVEJA",2,"['TRIGO', 'ARVEJA']","['crop', 'crop']",2
ARVEJA 50%      PAPA 50%,2,"['ARVEJA', 'PAPA']","['crop', 'crop']",2
OCA 50%    OLLUCO 50%,2,"['OCA', 'OLLUCO']","['crop', 'crop']",2
OLLUCO 50%       PAPA 50%,2,"['OLLUCO', 'PAPA']","['crop', 'crop']",2
REPOLLO - AJO,2,"['REPOLLO', 'AJO']","['crop', 'crop']",2
TRIGO 30%       ARVEJA 30%        MAIZ 20%,2,"['TRIGO', 'ARVEJA', 'MAIZ']","['crop', 'crop', 'crop']",3
TRIGO 50%     MAIZ 30%      OLLUCO 10%,2,"['TRIGO', 'MAIZ', 'OLLUCO']","['crop', 'crop', 'crop']",3
TRIGO 50%     MAIZ 50%,2,"['TRIGO', 'MAIZ']","['crop', 'crop']",2
TRIGO 50%   MAIZ 30%    ARVEJA 20%,2,"['TRIGO', 'MAIZ', 'ARVEJA']","['crop', 'crop', 'crop']",3
TRIGO 50%   MAIZ 30%   ARVEJA 10%,2,"['TRIGO', 'MAIZ', 'ARVEJA']","['crop', 'crop', 'crop']",3
TRIGO 80%    MAIZ 10%,2,"['TRIGO', 'MAIZ']","['crop', 'crop']",2
TRIGO 80%     MAIZ 20%,2,"['TRIGO', 'MAIZ']","['crop', 'crop']",2
"TRIGO 80% , MAIZ 20%",2,"['TRIGO', 'MAIZ']","['crop', 'crop']",2
"MAIZ 50%,   TRIGO 30%,   ARVERJA 20%",2,"['MAIZ', 'TRIGO', 'ARVEJA']","['crop', 'crop', 'crop']",3
NUDILLO - PAJA CRIOLLA,2,"['NUDILLO', 'PAJA CRIOLLA']","['pasture', 'pasture']",2
MAIZ 40%    YUCA 20%,2,"['MAIZ', 'YUCA']","['crop', 'crop']",2
PLATANO 20%       CAFE 20%,2,"['PLATANO', 'CAFE']","['crop', 'crop']",2
"ARVERJA, OCA",2,"['ARVEJA', 'OCA']","['crop', 'crop']",2
MAIZ 30%    AJO 20%    ARRACACHA 20%,2,"['MAIZ', 'AJO', 'ARRACACHA']","['crop', 'crop', 'crop']",3
MAIZ 80%    AJO 20%,2,"['MAIZ', 'AJO']","['crop', 'crop']",2
"MAIZ, TRIGO, OCA",2,"['MAIZ', 'TRIGO', 'OCA']","['crop', 'crop', 'crop']",3
"OCA, OLLUCO, TRIGO",2,"['OCA', 'OLLUCO', 'TRIGO']","['crop', 'crop', 'crop']",3
CAÑA 40%    PLATANO 20%,2,"['CAÑA DE AZUCAR', 'PLATANO']","['crop', 'crop']",2
"CAÑA 50%,    PASTO ELEFANTE 20%",2,"['CAÑA DE AZUCAR', 'PASTO ELEFANTE']","['crop', 'pasture']",2
CEFE 50%,2,['CEFE'],['crop'],1
MAIZ 20%  FRIJOL 10%,2,"['MAIZ', 'FRIJOL']","['crop', 'crop']",2
"MAIZ 70%,    AJO 10%,   PAPA 10%",2,"['MAIZ', 'AJO', 'PAPA']","['crop', 'crop', 'crop']",3
TRIGO 50%-MAIZ 50%,2,"['TRIGO', 'MAIZ']","['crop', 'crop']",2
CAÑA 10%  CAFE 60% PLATANO 30%,2,"['CAÑA DE AZUCAR', 'CAFE', 'PLATANO']","['crop', 'crop', 'crop']",3
PAPA 30%    MAIZ 30%    AJO 10%,2,"['PAPA', 'MAIZ', 'AJO']","['crop', 'crop', 'crop']",3
"PASTO ELEFANTE 70%,   CAÑA 30%",2,"['PASTO ELEFANTE', 'CAÑA DE AZUCAR']","['pasture', 'crop']",2
"TRIGO, MAIZ, ARVERJA,",2,"['TRIGO', 'MAIZ', 'ARVEJA']","['crop', 'crop', 'crop']",3
PASTO ELEFANTE 50%    CAÑA 30%,2,"['PASTO ELEFANTE', 'CAÑA DE AZUCAR']","['pasture', 'crop']",2
PASTO ELEFANTE 50%  CAÑA 30%,2,"['PASTO ELEFANTE', 'CAÑA DE AZUCAR']","['pasture', 'crop']",2
PASTOS 70%,2,['PASTO'],['pasture'],1
PLATANO 30%.,2,['PLATANO'],['crop'],1
TRIGO 50%-PASTO 50%,2,"['TRIGO', 'PASTO']","['crop', 'pasture']",2
"CAFE 20%, PLATANO 10%",2,"['CAFE', 'PLATANO']","['crop', 'crop']",2
HABA 50%    MAIZ 50%,2,"['HABA', 'MAIZ']","['crop', 'crop']",2
MAIZ 30%    TRIGO 50%,2,"['MAIZ', 'TRIGO']","['crop', 'crop']",2
MAIZ 50%    FREJOL 50%,2,"['MAIZ', 'FRIJOL']","['crop', 'crop']",2
PAPA 70%   OCA 10%,2,"['PAPA', 'OCA']","['crop', 'crop']",2
"TRIGO 40%, MAIZ 15%, ARVEJA 15%",2,"['TRIGO', 'MAIZ', 'ARVEJA']","['crop', 'crop', 'crop']",3
"TRIGO 40%, MAIZ 30%, FRIJOL 10%",2,"['TRIGO', 'MAIZ', 'FRIJOL']","['crop', 'crop', 'crop']",3
TRIGO 50%     PAPA 50%,2,"['TRIGO', 'PAPA']","['crop', 'crop']",2
TRIGO 50%    ARVERJA 50%,2,"['TRIGO', 'ARVEJA']","['crop', 'crop']",2
TRIGO 50%    MAIZ 30%    OLLUCO 20%,2,"['TRIGO', 'MAIZ', 'OLLUCO']","['crop', 'crop', 'crop']",3
TRIGO 50%   MAIZ 20%   OCA 10%,2,"['TRIGO', 'MAIZ', 'OCA']","['crop', 'crop', 'crop']",3
TRIGO 80%   MAIZ 20%,2,"['TRIGO', 'MAIZ']","['crop', 'crop']",2
TRIGO 80%   PAPA 10%    MAIZ 10%,2,"['TRIGO', 'PAPA', 'MAIZ']","['crop', 'crop', 'crop']",3
"ALLUCO 50%, OCA 50%",2,"['ALLUCO', 'OCA']","['crop', 'crop']",2
"CAFE 30%,  PLATANO 40%,  NARANJA 30%",2,"['CAFE', 'PLATANO', 'NARANJA']","['crop', 'crop', 'crop']",3
"TRIGO 70%, MAIZ 30%",2,"['TRIGO', 'MAIZ']","['crop', 'crop']",2
"ARVERJA 20%, MAIZ 30%, TRIGO 50%",2,"['ARVEJA', 'MAIZ', 'TRIGO']","['crop', 'crop', 'crop']",3
CAFE 50%   PLATANO 50%,2,"['CAFE', 'PLATANO']","['crop', 'crop']",2
"PLATANO 40%,  CAFE 30%",2,"['PLATANO', 'CAFE']","['crop', 'crop']",2
"PLATANO 40%,  CAFE 40%",2,"['PLATANO', 'CAFE']","['crop', 'crop']",2
TALCO,2,['TALCO'],['crop'],1
"TRIGO 80%, ARVERJA20%",2,"['TRIGO', 'ARVEJA']","['crop', 'crop']",2
CAÑA DE AZUCAR 30%    PLATANO 20%,2,"['CAÑA DE AZUCAR', 'PLATANO']","['crop', 'crop']",2
TREIGO,2,['TREIGO'],['crop'],1
"MAIZ 30%, TRIGO 70%",2,"['MAIZ', 'TRIGO']","['crop', 'crop']",2
PASTO ELEFANTE 50%  CAÑA 20%  PLATANO 10%,2,"['PASTO ELEFANTE', 'CAÑA DE AZUCAR', 'PLATANO']","['pasture', 'crop', 'crop']",3
PLATANO 20%    CAÑA DE AZUCAR 20%,2,"['PLATANO', 'CAÑA DE AZUCAR']","['crop', 'crop']",2
"ARVERJA, MAIZ, FRIJOL",2,"['ARVEJA', 'MAIZ', 'FRIJOL']","['crop', 'crop', 'crop']",3
CAFE 10%    PLATANO 20%,2,"['CAFE', 'PLATANO']","['crop', 'crop']",2
CAFE 40%   PLATANO 40%  NARANJA 20%,2,"['CAFE', 'PLATANO', 'NARANJA']","['crop', 'crop', 'crop']",3
"FRIJOL 10%,   ARVERJA 10%,    TRIGO 40%",2,"['FRIJOL', 'ARVEJA', 'TRIGO']","['crop', 'crop', 'crop']",3
"MAIZ 20%, TRIGO 65%, ARVERJA 15%",2,"['MAIZ', 'TRIGO', 'ARVEJA']","['crop', 'crop', 'crop']",3
MAIZ 40%     ARVERJA 25%      TRIGO 35%,2,"['MAIZ', 'ARVEJA', 'TRIGO']","['crop', 'crop', 'crop']",3
MAIZ 45%      TRIGO 55%,2,"['MAIZ', 'TRIGO']","['crop', 'crop']",2
MAIZ 60% ARVERJA40%,2,"['MAIZ', 'ARVEJA']","['crop', 'crop']",2
PASTO ELEFANTE 70%    PLATANO - CAFE 30%,2,"['PASTO ELEFANTE', 'PLATANO', 'CAFE']","['pasture', 'crop', 'crop']",3
ARVERJA 30%    TRIGO 40%,2,"['ARVEJA', 'TRIGO']","['crop', 'crop']",2
CAÑA 70%   AJO 30%,2,"['CAÑA DE AZUCAR', 'AJO']","['crop', 'crop']",2
MAIZ (20%)  FRIJOL (20%)  ARVERJA (15%)   TRIGO (45%),2,"['MAIZ', 'FRIJOL', 'ARVEJA', 'TRIGO']","['crop', 'crop', 'crop', 'crop']",4
MAIZ (30%)   ARVERJA (30%)    FRIJOL (40%),2,"['MAIZ', 'ARVEJA', 'FRIJOL']","['crop', 'crop', 'crop']",3
MAIZ (85%)   ARVERJA (15%),2,"['MAIZ', 'ARVEJA']","['crop', 'crop']",2
MAIZ 30%     TRIGO 60%     FRIJOL 10%,2,"['MAIZ', 'TRIGO', 'FRIJOL']","['crop', 'crop', 'crop']",3
MAIZ 30%   ARVERJA 30%,2,"['MAIZ', 'ARVEJA']","['crop', 'crop']",2
MAIZ 30%   FRIJOL 20%   TRIGO 50%,2,"['MAIZ', 'FRIJOL', 'TRIGO']","['crop', 'crop', 'crop']",3
"MAIZ 40%,  FRIJOL 20%,  TRIGO 30%",2,"['MAIZ', 'FRIJOL', 'TRIGO']","['crop', 'crop', 'crop']",3
MAIZ 50%     FREJOL 50%,2,"['MAIZ', 'FRIJOL']","['crop', 'crop']",2
MAIZ 50%   OCA 50%,2,"['MAIZ', 'OCA']","['crop', 'crop']",2
MAIZ 50%   TRIGO 30%  ARVERJA 10%,2,"['MAIZ', 'TRIGO', 'ARVEJA']","['crop', 'crop', 'crop']",3
OCA 50%     OLLUCO 50%,2,"['OCA', 'OLLUCO']","['crop', 'crop']",2
OLLUCO 50%   PAPA 50%,2,"['OLLUCO', 'PAPA']","['crop', 'crop']",2
"PAPA 40%, ARVERJA 40%, CAMOTE 20%",2,"['PAPA', 'ARVEJA', 'CAMOTE']","['crop', 'crop', 'crop']",3
TRIGO 40%  PAPA 30%,2,"['TRIGO', 'PAPA']","['crop', 'crop']",2
TRIGO 50%   ARVERJA 50%,2,"['TRIGO', 'ARVEJA']","['crop', 'crop']",2
"TRIGO 50%,   FREJOL 20%",2,"['TRIGO', 'FRIJOL']","['crop', 'crop']",2
"TRIGO 50%,   MAIZ 50%",2,"['TRIGO', 'MAIZ']","['crop', 'crop']",2
"TRIGO 80%,   MAIZ 20%",2,"['TRIGO', 'MAIZ']","['crop', 'crop']",2
CAÑA 25%    PLATANO 5%,2,"['CAÑA DE AZUCAR', 'PLATANO']","['crop', 'crop']",2
"MAIZ (20%),    TRIGO (10%)",2,"['MAIZ', 'TRIGO']","['crop', 'crop']",2
MAIZ (50%)   FRIJOL (20%)   ARVERJA (30%),2,"['MAIZ', 'FRIJOL', 'ARVEJA']","['crop', 'crop', 'crop']",3
"TRIGO 10%,   MAIZ 20%",2,"['TRIGO', 'MAIZ']","['crop', 'crop']",2
"ARVERJA60%, MAIZ 40%",2,"['ARVEJA', 'MAIZ']","['crop', 'crop']",2
MAIZ 30%    AJO 20%    RACACHA 20%,2,"['MAIZ', 'AJO', 'RACACHA']","['crop', 'crop', 'crop']",3
MAIZ 40%   HABA 20%   AJO 10%,2,"['MAIZ', 'HABA', 'AJO']","['crop', 'crop', 'crop']",3
PAJA  DE CERRO,2,['PAJA DE CERRO'],['pasture'],1
PAPA 30%,2,['PAPA'],['crop'],1
"CAMOTE , YUCA ( PAN LLEVAR 30%)",2,"['CAMOTE', 'YUCA']","['crop', 'crop']",2
"MAIZ 10%, ARVERJA 10%, TRIGO 50%",2,"['MAIZ', 'ARVEJA', 'TRIGO']","['crop', 'crop', 'crop']",3
MAIZ 40%   AJO 20%,2,"['MAIZ', 'AJO']","['crop', 'crop']",2
"MAIZ 50%,   HABA 25%,    FRIJOL 25%",2,"['MAIZ', 'HABA', 'FRIJOL']","['crop', 'crop', 'crop']",3
PASTO ELEFANTE 70%  CAÑA 30%,2,"['PASTO ELEFANTE', 'CAÑA DE AZUCAR']","['pasture', 'crop']",2
TRIGO 50%    MAIZ 50%   (RASTROJOS),2,"['TRIGO', 'MAIZ']","['crop', 'crop']",2
PASTO ELEFANTE 80%   PLATANO 20%,2,"['PASTO ELEFANTE', 'PLATANO']","['pasture', 'crop']",2
"PLATANO 70%,   CAFE 30%",2,"['PLATANO', 'CAFE']","['crop', 'crop']",2
MAIZ  40%     ARVERJA 20%     TRIGO 10%,2,"['MAIZ', 'ARVEJA', 'TRIGO']","['crop', 'crop', 'crop']",3
MANGO (5%)    PALTO(5%),2,"['MANGO', 'PALTA']","['crop', 'crop']",2
PASTO ELEFANTE 40%   CAÑA 30%,2,"['PASTO ELEFANTE', 'CAÑA DE AZUCAR']","['pasture', 'crop']",2
ARVERJA 30%     MAIZ 50%,2,"['ARVEJA', 'MAIZ']","['crop', 'crop']",2
CAFE 40%     PLATANO 60%,2,"['CAFE', 'PLATANO']","['crop', 'crop']",2
CAMOTE 50%  YUCA 50%,2,"['CAMOTE', 'YUCA']","['crop', 'crop']",2
"CULTIVO DE PAPA 60%, OLLUCO 40%",2,"['PAPA', 'OLLUCO']","['crop', 'crop']",2
"CULTIVO OLLUCO 40%, ARVERJA 40%, HABA20%",2,"['OLLUCO', 'ARVEJA', 'HABA']","['crop', 'crop', 'crop']",3
GRAMA - PAJILLA,2,"['GRAMA', 'PAJILLA']","['pasture', 'crop']",2
MAIZ 30%   TRIGO 70%,2,"['MAIZ', 'TRIGO']","['crop', 'crop']",2
MAIZ 60%   FREJOL 40%,2,"['MAIZ', 'FRIJOL']","['crop', 'crop']",2
OCA 40%   PAPA 30%,2,"['OCA', 'PAPA']","['crop', 'crop']",2
OCA 50%   OLLUCO 50%,2,"['OCA', 'OLLUCO']","['crop', 'crop']",2
PAJA  -  GRAMA,2,"['PAJA', 'GRAMA']","['pasture', 'pasture']",2
PAPA 30%   OCA 20%   OLLUCO 10%,2,"['PAPA', 'OCA', 'OLLUCO']","['crop', 'crop', 'crop']",3
PAPA 30%  TRIGO 40%,2,"['PAPA', 'TRIGO']","['crop', 'crop']",2
PASTO ELEFANTE 80%  CAÑA 20%,2,"['PASTO ELEFANTE', 'CAÑA DE AZUCAR']","['pasture', 'crop']",2
PLATANO 40%   LUCUMA 10%   PALTA 10%    LIMON 10%    OTROS 30%,2,"['PLATANO', 'LUCUMA', 'PALTA', 'LIMON', 'SIN ESPECIFICAR']","['crop', 'crop', 'crop', 'crop', 'unspecified']",5
TRIGO 40%   MAIZ 20%    OCA 10%,2,"['TRIGO', 'MAIZ', 'OCA']","['crop', 'crop', 'crop']",3
"TRIGO 40% ,  PAPA 30%",2,"['TRIGO', 'PAPA']","['crop', 'crop']",2
TRIGO 50%    MAIZ 20%   ARVEJA 10%,2,"['TRIGO', 'MAIZ', 'ARVEJA']","['crop', 'crop', 'crop']",3
TRIGO 50%   MAIZ 20%   OLLUCO 10%,2,"['TRIGO', 'MAIZ', 'OLLUCO']","['crop', 'crop', 'crop']",3
TRIGO 50%   MAIZ 30%,2,"['TRIGO', 'MAIZ']","['crop', 'crop']",2
TRIGO 50%  MAIZ 30%,2,"['TRIGO', 'MAIZ']","['crop', 'crop']",2
"TRIGO 50%,    MAIZ 50%",2,"['TRIGO', 'MAIZ']","['crop', 'crop']",2
"TRIGO 50%,   MAIZ 20%,   ARVERJA 30%",2,"['TRIGO', 'MAIZ', 'ARVEJA']","['crop', 'crop', 'crop']",3
TRIGO 60%   MAIZ 40%,2,"['TRIGO', 'MAIZ']","['crop', 'crop']",2
TRIGO 70%    MAIZ 10%    OLLUCO 20%,2,"['TRIGO', 'MAIZ', 'OLLUCO']","['crop', 'crop', 'crop']",3
TRIGO 70%   ARVERJA 30%,2,"['TRIGO', 'ARVEJA']","['crop', 'crop']",2
ARVERJA 40%    MAIZ 20%    PAPA 10%,2,"['ARVEJA', 'MAIZ', 'PAPA']","['crop', 'crop', 'crop']",3
ARVERJA 50%    FRIJOL 50%,2,"['ARVEJA', 'FRIJOL']","['crop', 'crop']",2
CAÑA 20%,2,['CAÑA DE AZUCAR'],['crop'],1
MAIZ (30%)  TRIGO (30%)  PAPA (10%),2,"['MAIZ', 'TRIGO', 'PAPA']","['crop', 'crop', 'crop']",3
MAIZ 30%    AJO 10%   PAPA 10%,2,"['MAIZ', 'AJO', 'PAPA']","['crop', 'crop', 'crop']",3
MAIZ 70%    PAPA 30%,2,"['MAIZ', 'PAPA']","['crop', 'crop']",2
YUCA 20%    CAMOTE 60%,2,"['YUCA', 'CAMOTE']","['crop', 'crop']",2
CAÑA DE AZUCAR - CAFE,2,"['CAÑA DE AZUCAR', 'CAFE']","['crop', 'crop']",2
CULTIVO DE ARVERJA,2,['ARVEJA'],['crop'],1
MAIZ 60%   ARVERJA 20%,2,"['MAIZ', 'ARVEJA']","['crop', 'crop']",2
MAIZ 60%   FRIJOL 40%,2,"['MAIZ', 'FRIJOL']","['crop', 'crop']",2
"NARANJA 10%,  PACAE 10%   LIMON 10%   PLATANO 10%,  PASTO ELEFANTE 10%",2,"['NARANJA', 'GUABO', 'LIMON', 'PLATANO', 'PASTO ELEFANTE']","['crop', 'crop', 'crop', 'crop', 'pasture']",5
NUDILLO 30%    PAJA BLANCA 20%,2,"['NUDILLO', 'PAJA BLANCA']","['pasture', 'pasture']",2
"PALTA 40%, LIMON 10%, GUABO 10%, NARANJA 10%, LUCUMA 20%, PLATANO 10%",2,"['PALTA', 'LIMON', 'GUABO', 'NARANJA', 'LUCUMA', 'PLATANO']","['crop', 'crop', 'crop', 'crop', 'crop', 'crop']",6
CAÑA (25%),2,['CAÑA DE AZUCAR'],['crop'],1
CULTIVO DE ARVERJA Y HABA,2,"['ARVEJA', 'HABA']","['crop', 'crop']",2
CULTIVO DE OLLUCO,2,['OLLUCO'],['crop'],1
"MAIZ 50%,    TRIGO 50%",2,"['MAIZ', 'TRIGO']","['crop', 'crop']",2
NUDILLO (20%)   PAJA BLANCA (10%),2,"['NUDILLO', 'PAJA BLANCA']","['pasture', 'pasture']",2
PAPA (10%)  HABA (20%)  AJO (25%)   ARRACACHA (20%),2,"['PAPA', 'HABA', 'AJO', 'ARRACACHA']","['crop', 'crop', 'crop', 'crop']",4
"TRIGO 60%., PAPA 40%",2,"['TRIGO', 'PAPA']","['crop', 'crop']",2
MAIZ 50%    ARVEJA 50%,2,"['MAIZ', 'ARVEJA']","['crop', 'crop']",2
MAIZ 70%     ARVERJA 30%,2,"['MAIZ', 'ARVEJA']","['crop', 'crop']",2
"MAIZ, CEBOLLA, YUCA",2,"['MAIZ', 'CEBOLLA', 'YUCA']","['crop', 'crop', 'crop']",3
"PASTO ELEFANTE 50%, PLATANO 50%",2,"['PASTO ELEFANTE', 'PLATANO']","['pasture', 'crop']",2
CAÑA: 70% PASTO ELEFANTE: 30%,2,"['CAÑA DE AZUCAR', 'PASTO ELEFANTE']","['crop', 'pasture']",2
CAÑA70 %-PASTO ELEFANTE 30 %,2,"['CAÑA DE AZUCAR', 'PASTO ELEFANTE']","['crop', 'pasture']",2
PASTO ELEFANTE 40%-CAÑA 20% PLATANO 30%,2,"['PASTO ELEFANTE', 'CAÑA DE AZUCAR', 'PLATANO']","['pasture', 'crop', 'crop']",3
"CACAO 10%,  PLATANO 15%,   COCO 5%,    MANGO 10%",2,"['CACAO', 'PLATANO', 'COCO', 'MANGO']","['crop', 'crop', 'crop', 'crop']",4
CAFE 70% PLATANO 20% HUABA 10%,2,"['CAFE', 'PLATANO', 'GUABO']","['crop', 'crop', 'crop']",3
MAIZ 20% TRIGO 60% ARVEJA 20%,2,"['MAIZ', 'TRIGO', 'ARVEJA']","['crop', 'crop', 'crop']",3
MAIZ 50% ARVEJA 50%,2,"['MAIZ', 'ARVEJA']","['crop', 'crop']",2
MAIZ (30%) TRIGO 40% ARVEJA 30%,2,"['MAIZ', 'TRIGO', 'ARVEJA']","['crop', 'crop', 'crop']",3
"MAIZ 40%, TRIGO 40%, ARVEJA 20%",2,"['MAIZ', 'TRIGO', 'ARVEJA']","['crop', 'crop', 'crop']",3
"MAIZ 60% TRIGO 40%, MAIZ 60%",2,"['MAIZ', 'TRIGO']","['crop', 'crop']",2
CAFE-PLATANO,2,"['CAFE', 'PLATANO']","['crop', 'crop']",2
LIMON - MANGO - COCO,2,"['LIMON', 'MANGO', 'COCO']","['crop', 'crop', 'crop']",3
MAIZ (30%) TRIGO (70)%,2,"['MAIZ', 'TRIGO']","['crop', 'crop']",2
MAIZ 30% TRIGO 50%  ARVEJA 20%,2,"['MAIZ', 'TRIGO', 'ARVEJA']","['crop', 'crop', 'crop']",3
MAIZ 60%  TRIGO 40%,2,"['MAIZ', 'TRIGO']","['crop', 'crop']",2
LIMPIEZA Y NIVELACION,2,"['LIMPIEZA', 'NIVELACION']","['land_prep', 'land_prep']",2
"MAIZ (30%), TRIGO (40%) ARVEJA (30%)",2,"['MAIZ', 'TRIGO', 'ARVEJA']","['crop', 'crop', 'crop']",3
MAIZ 30%  TRIGO 40% ARVEJA 30%,2,"['MAIZ', 'TRIGO', 'ARVEJA']","['crop', 'crop', 'crop']",3
"RASTROJO DE MAIZ, FREJOL, MANGO",2,"['MAIZ', 'FRIJOL', 'MANGO']","['crop', 'crop', 'crop']",3
MAIZ 40% TRIGO 40% ARVEJA 20%,2,"['MAIZ', 'TRIGO', 'ARVEJA']","['crop', 'crop', 'crop']",3
PASTO DE ELEFANTE( 70),2,['PASTO ELEFANTE'],['pasture'],1
"SOYA 80%, MAIZ 20%",2,"['SOYA', 'MAIZ']","['crop', 'crop']",2
YUCA 10%,2,['YUCA'],['crop'],1
LIMON -  MANGO,2,"['LIMON', 'MANGO']","['crop', 'crop']",2
PREPARACION PARA SEMBRIO DE ALGODON,2,['PREPARACION PARA SEMBRIO DE ALGODON'],['land_prep'],1
YUCA 50%,2,['YUCA'],['crop'],1
"PAPA,  AJO,  OLLUCO",2,"['PAPA', 'AJO', 'OLLUCO']","['crop', 'crop', 'crop']",3
LIMON MANGO CAÑA DE AZUCAR,2,['LIMON MANGO CAÑA DE AZUCAR'],['crop'],1
CON IMPLEMANTACION RECIENTE DE PLANTAION DE LIMON,2,['IMPLEMANTACION RECIENTE DE PLANTAION DE LIMON'],['crop'],1
LIMON - COCO,2,"['LIMON', 'COCO']","['crop', 'crop']",2
ARROZ-CAÑA DE AZUCAR,2,"['ARROZ', 'CAÑA DE AZUCAR']","['crop', 'crop']",2
MANGO 70%-LIMON 155,2,"['MANGO', 'LIMON']","['crop', 'crop']",2
MANGO(40%)-LIMON30%-PAPAYA 10%,2,"['MANGO', 'LIMON', 'PAPAYA']","['crop', 'crop', 'crop']",3
"LIMON (50%), MANGO (50%)",2,"['LIMON', 'MANGO']","['crop', 'crop']",2
MEJORAMIENTO FORESTAL,2,['MEJORAMIENTO FORESTAL'],['crop'],1
MANGO 45%-LIMON 45%-PAPAYA 10%,2,"['MANGO', 'LIMON', 'PAPAYA']","['crop', 'crop', 'crop']",3
"MANGO (70%), LIMONERO (30%)",2,"['MANGO', 'LIMON']","['crop', 'crop']",2
"LIMONERO(50%), MANGO(50%)",2,"['LIMON', 'MANGO']","['crop', 'crop']",2
LIMONERO (70%)      MANGO (30%),2,"['LIMON', 'MANGO']","['crop', 'crop']",2
LIMONERO (70%) MANGO (30%),2,"['LIMON', 'MANGO']","['crop', 'crop']",2
"LIMONERO (60%),   MANGO (40%)",2,"['LIMON', 'MANGO']","['crop', 'crop']",2
"LIMONERO 30 % ,   MANGO 70%",2,"['LIMON', 'MANGO']","['crop', 'crop']",2
"MENGO (60%), LIMONERO (40%)",2,"['MENGO', 'LIMON']","['crop', 'crop']",2
LIMON-PLATANO,2,"['LIMON', 'PLATANO']","['crop', 'crop']",2
YUCA CAMOTE,2,"['YUCA', 'CAMOTE']","['crop', 'crop']",2
MANGO -LIMON,2,"['MANGO', 'LIMON']","['crop', 'crop']",2
MANGO PALTA,2,"['MANGO', 'PALTA']","['crop', 'crop']",2
LIMON (25%) MANGO (20%),2,"['LIMON', 'MANGO']","['crop', 'crop']",2
LIMONERO 50% Y MANGO 50%,2,"['LIMON', 'MANGO']","['crop', 'crop']",2
"MANGO 30%, CIRUELA  30%",2,"['MANGO', 'CIRUELA']","['crop', 'crop']",2
"MANGO 40%, LIMONERO 40%",2,"['MANGO', 'LIMON']","['crop', 'crop']",2
"LIMONERO 80%, TAMARINDO 20%",2,"['LIMON', 'TAMARINDO']","['crop', 'crop']",2
"MAIZ 20%, FRIJOL 20%",2,"['MAIZ', 'FRIJOL']","['crop', 'crop']",2
NARANJO 10%-PLATANO 30% - CAFE 60 %,2,"['NARANJA', 'PLATANO', 'CAFE']","['crop', 'crop', 'crop']",3
LIMONERO 90% MANGO 10%,2,"['LIMON', 'MANGO']","['crop', 'crop']",2
LMONERO,2,['LMONERO'],['crop'],1
"LIMON 60%, MANGO 40%",2,"['LIMON', 'MANGO']","['crop', 'crop']",2
"LIMON 50%, MANGO 25%",2,"['LIMON', 'MANGO']","['crop', 'crop']",2
LIMONERO (50%)   MANGO (50%),2,"['LIMON', 'MANGO']","['crop', 'crop']",2
LIMON 25%   MANGO 15%,2,"['LIMON', 'MANGO']","['crop', 'crop']",2
LIMON PALTA,2,"['LIMON', 'PALTA']","['crop', 'crop']",2
LIMON 80 %,2,['LIMON'],['crop'],1
"PAPAYA 90% , LIMONERO 10%",2,"['PAPAYA', 'LIMON']","['crop', 'crop']",2
MANGO 60% PAPAYA 20%,2,"['MANGO', 'PAPAYA']","['crop', 'crop']",2
"MANGO,",2,['MANGO'],['crop'],1
"MANGO 70%, PLATANO 10%, LIMONERO 20%",2,"['MANGO', 'PLATANO', 'LIMON']","['crop', 'crop', 'crop']",3
NIVELADO Y PASTADO,2,"['NIVELACION', 'PASTADO']","['land_prep', 'crop']",2
"TAMARINDO, MANGO, COCO",2,"['TAMARINDO', 'MANGO', 'COCO']","['crop', 'crop', 'crop']",3
"PAN LLEVAR, MAIZ",2,"['PAN LLEVAR', 'MAIZ']","['crop', 'crop']",2
"TAMARINDO, MANGO Y LIMON",2,"['TAMARINDO', 'MANGO', 'LIMON']","['crop', 'crop', 'crop']",3
"LIMONERO 20, MANGO 10",2,"['LIMON', 'MANGO']","['crop', 'crop']",2
LIMONERO 50% MANGO 50%,2,"['LIMON', 'MANGO']","['crop', 'crop']",2
"MANGO 70%, LIMON 25%",2,"['MANGO', 'LIMON']","['crop', 'crop']",2
LABORES DE DESHIERBO,2,['LABORES DE DESHIERBO'],['land_prep'],1
MANGO (20) LIMON 10,2,"['MANGO', 'LIMON']","['crop', 'crop']",2
"MANGO 20, LIMON 10, TAMARINDO 10",2,"['MANGO', 'LIMON', 'TAMARINDO']","['crop', 'crop', 'crop']",3
"MANGO 70 %, LIMONERO 30%",2,"['MANGO', 'LIMON']","['crop', 'crop']",2
"LIMON 70, MANGO 30",2,"['LIMON', 'MANGO']","['crop', 'crop']",2
"LIMON 80% , MANGO 5% , TAMARINDO  5%",2,"['LIMON', 'MANGO', 'TAMARINDO']","['crop', 'crop', 'crop']",3
LIMON 40% MANGO 45%,2,"['LIMON', 'MANGO']","['crop', 'crop']",2
"MANGO 50% , LIMON 50%",2,"['MANGO', 'LIMON']","['crop', 'crop']",2
"LIMONERO(20) NARANJO(5), PLATANO(5), PALTO(5)",2,"['LIMON', 'NARANJA', 'PLATANO', 'PALTA']","['crop', 'crop', 'crop', 'crop']",4
"MANGO 45% , LIMON 45%",2,"['MANGO', 'LIMON']","['crop', 'crop']",2
"MANGO 90%, LIMON 10%",2,"['MANGO', 'LIMON']","['crop', 'crop']",2
"LIMONERO 60%, PLATANO 10%",2,"['LIMON', 'PLATANO']","['crop', 'crop']",2
"LIMONERO50%, MANGO 10%",2,"['LIMON', 'MANGO']","['crop', 'crop']",2
"MAIZ 15%, FRIJOL 15%}",2,"['MAIZ', 'FRIJOL']","['crop', 'crop']",2
BANANERO,2,['BANANERO'],['crop'],1
MANGO 70% Y LIMON 30%,2,"['MANGO', 'LIMON']","['crop', 'crop']",2
LIMON 80% Y MANGO 20%,2,"['LIMON', 'MANGO']","['crop', 'crop']",2
"LIMON 80%, MANGO 20%",2,"['LIMON', 'MANGO']","['crop', 'crop']",2
"LIMON 90%, MANGO 10%",2,"['LIMON', 'MANGO']","['crop', 'crop']",2
LIMONERO 60 % Y MANGO 20%,2,"['LIMON', 'MANGO']","['crop', 'crop']",2
LIMONES 40% Y MANGO 20%,2,"['LIMON', 'MANGO']","['crop', 'crop']",2
MANGO (30%) Y LIMON (50%),2,"['MANGO', 'LIMON']","['crop', 'crop']",2
LIMON 50%    MANGO 50%,2,"['LIMON', 'MANGO']","['crop', 'crop']",2
30% LIMONERO    40% MANGO,2,"['LIMON', 'MANGO']","['crop', 'crop']",2
30% MANGO Y 30% LIMON,2,"['MANGO', 'LIMON']","['crop', 'crop']",2
MANGO 30% Y 20% LIMON,2,"['MANGO', 'LIMON']","['crop', 'crop']",2
"LIMON, MANGO, PALTO",2,"['LIMON', 'MANGO', 'PALTA']","['crop', 'crop', 'crop']",3
LIMONERO 20 %     MANGO  20%,2,"['LIMON', 'MANGO']","['crop', 'crop']",2
LIMON 20%  MANGO 20%,2,"['LIMON', 'MANGO']","['crop', 'crop']",2
"LIMON 30%, MANGO 20%",2,"['LIMON', 'MANGO']","['crop', 'crop']",2
LIMON 40%   MANGO  30%,2,"['LIMON', 'MANGO']","['crop', 'crop']",2
NARANJA 5% Y MANGO 80%,2,"['NARANJA', 'MANGO']","['crop', 'crop']",2
ARADURAS,2,['ARADO'],['land_prep'],1
MANGO-PAPAYA,2,"['MANGO', 'PAPAYA']","['crop', 'crop']",2
LIMON    30 %   CIRUELA 20%,2,"['LIMON', 'CIRUELA']","['crop', 'crop']",2
FRIJOL (30%) Y MAIZ (20%),2,"['FRIJOL', 'MAIZ']","['crop', 'crop']",2
MAIZ (20%)  FREJOL (30%),2,"['MAIZ', 'FRIJOL']","['crop', 'crop']",2
LIMON 25%  TAMARINDO 10%,2,"['LIMON', 'TAMARINDO']","['crop', 'crop']",2
3,2,[],[],0
LIMON 50%  MANGO 30%,2,"['LIMON', 'MANGO']","['crop', 'crop']",2
MANGO 80%  LIMONERO 20%,2,"['MANGO', 'LIMON']","['crop', 'crop']",2
MANGO 30%  LIMONERO 20%,2,"['MANGO', 'LIMON']","['crop', 'crop']",2
LIMON 50%  MANGO 40%,2,"['LIMON', 'MANGO']","['crop', 'crop']",2
LIMON 65%   MANGO 15%,2,"['LIMON', 'MANGO']","['crop', 'crop']",2
50% MANGO  LIMON 50%,2,"['MANGO', 'LIMON']","['crop', 'crop']",2
LIMON 50% MANGO 90%,2,"['LIMON', 'MANGO']","['crop', 'crop']",2
LIMON 60 % MANGO 20%,2,"['LIMON', 'MANGO']","['crop', 'crop']",2
"LIMON 60%, MANGO 30%",2,"['LIMON', 'MANGO']","['crop', 'crop']",2
"LIMON 75, MANGO 25",2,"['LIMON', 'MANGO']","['crop', 'crop']",2
MANGO 50%  LIMON 30%,2,"['MANGO', 'LIMON']","['crop', 'crop']",2
CAMOTE 30%   YUCA  30%,2,"['CAMOTE', 'YUCA']","['crop', 'crop']",2
LIMON  10%   MANGO  10%,2,"['LIMON', 'MANGO']","['crop', 'crop']",2
"LIMON 65, MANGO 25",2,"['LIMON', 'MANGO']","['crop', 'crop']",2
"MAIZ,FRIJOL,CAMOTE",2,"['MAIZ', 'FRIJOL', 'CAMOTE']","['crop', 'crop', 'crop']",3
"MANGO(70%), LIMON(20%), PALTO(10%)",2,"['MANGO', 'LIMON', 'PALTA']","['crop', 'crop', 'crop']",3
"FERJOL 20%, MAIZ 80%",2,"['FERJOL', 'MAIZ']","['crop', 'crop']",2
"ALFALFA 40%, FREJOL 30%",2,"['ALFALFA', 'FRIJOL']","['pasture', 'crop']",2
"ARADO 50% , CHALEO 50%",2,"['ARADO', 'CHALEO']","['land_prep', 'crop']",2
CHALEO,2,['CHALEO'],['crop'],1
FRIFOL,2,['FRIFOL'],['crop'],1
"CACAO 15%, MANGO 50%, PLATANO 15%",2,"['CACAO', 'MANGO', 'PLATANO']","['crop', 'crop', 'crop']",3
CACAO 50  % MANGO 50%,2,"['CACAO', 'MANGO']","['crop', 'crop']",2
"MANGO 80%, CACACO 50%",2,"['MANGO', 'CACACO']","['crop', 'crop']",2
MAIZ 100%,2,['MAIZ'],['crop'],1
"MAIZ 30%, PASTO DE ELEFANTE 10%",2,"['MAIZ', 'PASTO ELEFANTE']","['crop', 'pasture']",2
TERRENO ARADO Y GRADEO,2,"['ARADO', 'GRADEO']","['land_prep', 'land_prep']",2
"CIRUELA 10, LIMON 60, MANGO 30",2,"['CIRUELA', 'LIMON', 'MANGO']","['crop', 'crop', 'crop']",3
LIMON 25%  MANGO 25%,2,"['LIMON', 'MANGO']","['crop', 'crop']",2
LIMON (50%) MANGO (50%),2,"['LIMON', 'MANGO']","['crop', 'crop']",2
LIMON 10%    MANGO  90%,2,"['LIMON', 'MANGO']","['crop', 'crop']",2
LIMON 50%   MANGO 50%,2,"['LIMON', 'MANGO']","['crop', 'crop']",2
LIMON 50%  MANGO 30%  PLATANO 20%,2,"['LIMON', 'MANGO', 'PLATANO']","['crop', 'crop', 'crop']",3
MANGO 80%   TAMARINDO 20%,2,"['MANGO', 'TAMARINDO']","['crop', 'crop']",2
"MANGO 80, LIMONERO 20",2,"['MANGO', 'LIMON']","['crop', 'crop']",2
"LIMON 40, MANGO 10",2,"['LIMON', 'MANGO']","['crop', 'crop']",2
"LIMON 60, MANGO 10",2,"['LIMON', 'MANGO']","['crop', 'crop']",2
"LIMON 70, MANGO 5",2,"['LIMON', 'MANGO']","['crop', 'crop']",2
"MAIZ 10, FRIJOL 10, ARROZ 20",2,"['MAIZ', 'FRIJOL', 'ARROZ']","['crop', 'crop', 'crop']",3
"MAIZ 15, FRIJOL 10",2,"['MAIZ', 'FRIJOL']","['crop', 'crop']",2
FRIJOL 50%  YUCA 50%,2,"['FRIJOL', 'YUCA']","['crop', 'crop']",2
LIMON 50%  MANGO 10%,2,"['LIMON', 'MANGO']","['crop', 'crop']",2
LIMOENRO,2,['LIMOENRO'],['crop'],1
LIMON 90%-MANGO 10%,2,"['LIMON', 'MANGO']","['crop', 'crop']",2
FREJOL-YUCA,2,"['FRIJOL', 'YUCA']","['crop', 'crop']",2
"LIMON 20, MANGO 25",2,"['LIMON', 'MANGO']","['crop', 'crop']",2
"ARROZ 30, MAIZ 10",2,"['ARROZ', 'MAIZ']","['crop', 'crop']",2
"MANGO 80, LIMON 10, TAMARINDO 10",2,"['MANGO', 'LIMON', 'TAMARINDO']","['crop', 'crop', 'crop']",3
CACAO 30%,2,['CACAO'],['crop'],1
MANGO 35% CACAO 55%,2,"['MANGO', 'CACAO']","['crop', 'crop']",2
MANGO 40% CACAO 30% NARANJA 15% YUCA 15%,2,"['MANGO', 'CACAO', 'NARANJA', 'YUCA']","['crop', 'crop', 'crop', 'crop']",4
MANGO 45% CACAO 25%,2,"['MANGO', 'CACAO']","['crop', 'crop']",2
MANGO 60% CACAO 35%,2,"['MANGO', 'CACAO']","['crop', 'crop']",2
MANGO 100.00,2,['MANGO'],['crop'],1
MANGO 70% LIMONERO30%,2,"['MANGO', 'LIMON']","['crop', 'crop']",2
LIMON},2,['LIMON}'],['crop'],1
LIMONERO 100,2,['LIMON'],['crop'],1
"LIMONERO 50%, MANGO 50",2,"['LIMON', 'MANGO']","['crop', 'crop']",2
"LIMONERO 50,  MANGO 50",2,"['LIMON', 'MANGO']","['crop', 'crop']",2
"LIMONERO 60, MANGO 40",2,"['LIMON', 'MANGO']","['crop', 'crop']",2
"LIMONERO 70,  MANGO 30",2,"['LIMON', 'MANGO']","['crop', 'crop']",2
MANGO 75%- LIMONERO 25 %,2,"['MANGO', 'LIMON']","['crop', 'crop']",2
"MANGO 10, LIMON 40",2,"['MANGO', 'LIMON']","['crop', 'crop']",2
"MANGO 80,  PALTO  20",2,"['MANGO', 'PALTA']","['crop', 'crop']",2
"FRIJOL 20,  MAIZ 20",2,"['FRIJOL', 'MAIZ']","['crop', 'crop']",2
LIMON 70%- MANGO 30%,2,"['LIMON', 'MANGO']","['crop', 'crop']",2
"MANGO 55, LIMON 35",2,"['MANGO', 'LIMON']","['crop', 'crop']",2
"MANGO 70, PLATANO 10",2,"['MANGO', 'PLATANO']","['crop', 'crop']",2
"LIMON 15, MANGO 15",2,"['LIMON', 'MANGO']","['crop', 'crop']",2
MAIZ 20%- FRIJOL CHILENO 10%,2,"['MAIZ', 'FRIJOL CAUPI']","['crop', 'crop']",2
"MAIZ 50, ARROZ 50",2,"['MAIZ', 'ARROZ']","['crop', 'crop']",2
MANGO (65 %LIMON (35 %),2,['MANGO'],['crop'],1
LIMON-TAMARINDO,2,"['LIMON', 'TAMARINDO']","['crop', 'crop']",2
LIMON (50 %)  MANGO (50 %),2,"['LIMON', 'MANGO']","['crop', 'crop']",2
CAFE 60%- PLATANO 30 %- NARANJO 10%,2,"['CAFE', 'PLATANO', 'NARANJA']","['crop', 'crop', 'crop']",3
CAFE 70 %- PLATANO % 20 - NARANJO 10 %,2,"['CAFE', 'PLATANO', 'NARANJA']","['crop', 'crop', 'crop']",3
CAFE 30 % - PLATANO 30 % PASTO ELEFANTE 40 %,2,"['CAFE', 'PLATANO', 'PASTO ELEFANTE']","['crop', 'crop', 'pasture']",3
CAFE 70 % - PLATANO 20 % - NARANJO 10 %,2,"['CAFE', 'PLATANO', 'NARANJA']","['crop', 'crop', 'crop']",3
CAFE 70 %- PLATANO 20 %-NARANJO 10 %,2,"['CAFE', 'PLATANO', 'NARANJA']","['crop', 'crop', 'crop']",3
PLATANO 30 %- CAFE 50 %- NARANJO 20%,2,"['PLATANO', 'CAFE', 'NARANJA']","['crop', 'crop', 'crop']",3
AJO 40 % - FRIJOL 60 %,2,"['AJO', 'FRIJOL']","['crop', 'crop']",2
CAFE 50 %- PLATANO 50 % |,2,"['CAFE', 'PLATANO']","['crop', 'crop']",2
PLATANO 30%- NARANJO 10 %-CAFE 60 %,2,"['PLATANO', 'NARANJA', 'CAFE']","['crop', 'crop', 'crop']",3
PLATANO 50 % CAFE 50 %,2,"['PLATANO', 'CAFE']","['crop', 'crop']",2
CAFE 50 % - PASTO ELEFANTE 10 %,2,"['CAFE', 'PASTO ELEFANTE']","['crop', 'pasture']",2
CAFE 60 % - PLATANO 35 %- NARANJO 5%,2,"['CAFE', 'PLATANO', 'NARANJA']","['crop', 'crop', 'crop']",3
CAFE 65%- PLATANO 25%- NARANJO 10 %,2,"['CAFE', 'PLATANO', 'NARANJA']","['crop', 'crop', 'crop']",3
NARANJO 20 %- CAFE 60 % PLATANO 20%,2,"['NARANJA', 'CAFE', 'PLATANO']","['crop', 'crop', 'crop']",3
NARANJO 20 % PLATANO 20  % -CAFE 20 %,2,"['NARANJA', 'PLATANO', 'CAFE']","['crop', 'crop', 'crop']",3
CAFE 40%-PLATANO 50%-NARANJO 10%,2,"['CAFE', 'PLATANO', 'NARANJA']","['crop', 'crop', 'crop']",3
CAFE 80 % - PLATANO 20%,2,"['CAFE', 'PLATANO']","['crop', 'crop']",2
NARANJO 20 %- CAFE 40 % - PLATANO 40 %,2,"['NARANJA', 'CAFE', 'PLATANO']","['crop', 'crop', 'crop']",3
NARANJO30%- PLAATANO 20%- CAFE 50%,2,"['NARANJA', 'PLAATANO', 'CAFE']","['crop', 'crop', 'crop']",3
"CAFE 60%- PLATANO 35%, NARANJO 5%",2,"['CAFE', 'PLATANO', 'NARANJA']","['crop', 'crop', 'crop']",3
PLATANO 40%- CAFE 60%|,2,"['PLATANO', 'CAFE']","['crop', 'crop']",2
CAFE 50 %,2,['CAFE'],['crop'],1
CAFE 50 % - ´LATANO 50 %,2,"['CAFE', '´LATANO']","['crop', 'crop']",2
CAFE 50%- PLATANO 30%-NARANJO 20%,2,"['CAFE', 'PLATANO', 'NARANJA']","['crop', 'crop', 'crop']",3
PLATANO 205-NARANJO 20%-CAFE 60%,2,"['PLATANO', 'NARANJA', 'CAFE']","['crop', 'crop', 'crop']",3
PLATANO 50 % - CAFE 50%,2,"['PLATANO', 'CAFE']","['crop', 'crop']",2
PLATANO 505- CAFE 505,2,"['PLATANO', 'CAFE']","['crop', 'crop']",2
PLATNAO 50%- CAFE 50%,2,"['PLATNAO', 'CAFE']","['crop', 'crop']",2
CAFE 20%-PLATANO 20%-GUAYAQUIL 10%- PASTO ELEFANTE 10%,2,"['CAFE', 'PLATANO', 'GUAYAQUIL', 'PASTO ELEFANTE']","['crop', 'crop', 'crop', 'pasture']",4
CAFE 50 5 -PLATANO 50 %,2,"['CAFE', 'PLATANO']","['crop', 'crop']",2
PLATANO 405- CAFE 60%,2,"['PLATANO', 'CAFE']","['crop', 'crop']",2
CAFE 50% -PLATANO 50 %,2,"['CAFE', 'PLATANO']","['crop', 'crop']",2
CAFE 50%-PLATANO 30%-NARANJA 205,2,"['CAFE', 'PLATANO', 'NARANJA']","['crop', 'crop', 'crop']",3
CAFE 60%- PLATANO 30%-NARANJA 10%,2,"['CAFE', 'PLATANO', 'NARANJA']","['crop', 'crop', 'crop']",3
CAFE 65%-PLATANO 30%- NARANJO 5%,2,"['CAFE', 'PLATANO', 'NARANJA']","['crop', 'crop', 'crop']",3
CAFE 70%-PLATANO 20%-NARANJA10%,2,"['CAFE', 'PLATANO', 'NARANJA']","['crop', 'crop', 'crop']",3
NARANJO 20 %- PLATANO 20%- CAFE 20%,2,"['NARANJA', 'PLATANO', 'CAFE']","['crop', 'crop', 'crop']",3
PLATANO 505- CAFE 50%,2,"['PLATANO', 'CAFE']","['crop', 'crop']",2
CAFE  50%- PLATANOPO 50%,2,"['CAFE', 'PLATANOPO']","['crop', 'crop']",2
PLATANO 30%-CAFE 65%-NARANJA 5%,2,"['PLATANO', 'CAFE', 'NARANJA']","['crop', 'crop', 'crop']",3
PLATNO 60%- CAFE 40%,2,"['PLATNO', 'CAFE']","['crop', 'crop']",2
CAFE 65 %- PLATANO 30%-NARANJO 5%,2,"['CAFE', 'PLATANO', 'NARANJA']","['crop', 'crop', 'crop']",3
CAFE 70% -PLATANO 30%,2,"['CAFE', 'PLATANO']","['crop', 'crop']",2
NARANJO 10 5 - PLATANO 30%-CAFE 60%,2,"['NARANJA', 'PLATANO', 'CAFE']","['crop', 'crop', 'crop']",3
PLATANO 50 %- NARANJO 10%- CAFE40%,2,"['PLATANO', 'NARANJA', 'CAFE']","['crop', 'crop', 'crop']",3
CAFE 50 % - NARANJO 50 %,2,"['CAFE', 'NARANJA']","['crop', 'crop']",2
NARANJO 20 % PLATANO 30 %- CAFE 50 %,2,"['NARANJA', 'PLATANO', 'CAFE']","['crop', 'crop', 'crop']",3
NARANJO 30 %- CAFE 40%-PLATANO 30%,2,"['NARANJA', 'CAFE', 'PLATANO']","['crop', 'crop', 'crop']",3
CAFE 50 % - PLANTANO 50 %,2,"['CAFE', 'PLANTANO']","['crop', 'crop']",2
CAFE 50 % . PLATANO 50 %,2,"['CAFE', 'PLATANO']","['crop', 'crop']",2
CAFE 60%- PLATANO 40&,2,"['CAFE', 'PLATANO']","['crop', 'crop']",2
NARANJO 40%- PLATANO 20%- CAFE 40%,2,"['NARANJA', 'PLATANO', 'CAFE']","['crop', 'crop', 'crop']",3
CAFE 40%- PLATANO 25%- PASTO DE ELEFANTE 35%,2,"['CAFE', 'PLATANO', 'PASTO ELEFANTE']","['crop', 'crop', 'pasture']",3
NARANJO 20%- CAFE 40%- PLATANO 40%,2,"['NARANJA', 'CAFE', 'PLATANO']","['crop', 'crop', 'crop']",3
PLATANO 50 % - CAFE 40 %- NARANJO 10 %,2,"['PLATANO', 'CAFE', 'NARANJA']","['crop', 'crop', 'crop']",3
CAFE 40 % - PLATANO 40 % NARANJO 20 %,2,"['CAFE', 'PLATANO', 'NARANJA']","['crop', 'crop', 'crop']",3
CAFE 50%- PLATANO 30%- NARANJO 30%,2,"['CAFE', 'PLATANO', 'NARANJA']","['crop', 'crop', 'crop']",3
CAFE 60%- PLATANO 35%- NARANJA 5%,2,"['CAFE', 'PLATANO', 'NARANJA']","['crop', 'crop', 'crop']",3
NARANJO 20 %- PLATANO 40 %- CAFE 40 %,2,"['NARANJA', 'PLATANO', 'CAFE']","['crop', 'crop', 'crop']",3
CAFE 60%-PLATANO 30%- NARANJO 10%,2,"['CAFE', 'PLATANO', 'NARANJA']","['crop', 'crop', 'crop']",3
´PLATANO 20%- NARANJO 20%- CAFE 60%,2,"['´PLATANO', 'NARANJA', 'CAFE']","['crop', 'crop', 'crop']",3
CAFE 60 % - PLATANO 35 % - NARANJO 5%,2,"['CAFE', 'PLATANO', 'NARANJA']","['crop', 'crop', 'crop']",3
CAÑA DE AZUCAR 20%- PLATANO 20%- NARANJO 30%-CAFE 30%,2,"['CAÑA DE AZUCAR', 'PLATANO', 'NARANJA', 'CAFE']","['crop', 'crop', 'crop', 'crop']",4
NARANJO 20% CAFE 40%- PLATANO 40%,2,"['NARANJA', 'CAFE', 'PLATANO']","['crop', 'crop', 'crop']",3
CANA DE AZUCAR 20% PASTO ELEGFANTE 30%- PLATANO 20%- CAFE 30%,2,"['CAÑA DE AZUCAR', 'PASTO ELEGFANTE', 'PLATANO', 'CAFE']","['crop', 'pasture', 'crop', 'crop']",4
NARANJO 20%- PLATANO 20%-CAFE 60%,2,"['NARANJA', 'PLATANO', 'CAFE']","['crop', 'crop', 'crop']",3
CAFE 50 % - PLATANO 30 %- PASTOE ELEFANTE 10 % - NARANJO 10 %,2,"['CAFE', 'PLATANO', 'PASTOE ELEFANTE', 'NARANJA']","['crop', 'crop', 'pasture', 'crop']",4
CAFE 40%  PLATANO 50% NARANJA 20%,2,"['CAFE', 'PLATANO', 'NARANJA']","['crop', 'crop', 'crop']",3
CAFE 60 % PLATANO 40 %,2,"['CAFE', 'PLATANO']","['crop', 'crop']",2
CAFE 60%- PLATANO 20%- NARANJO 20%,2,"['CAFE', 'PLATANO', 'NARANJA']","['crop', 'crop', 'crop']",3
PASTO ELEFANTE 40%- CAÑA DE AZUVCAR 20 %- CAFE 40%,2,"['PASTO ELEFANTE', 'CAÑA DE AZUVCAR', 'CAFE']","['pasture', 'crop', 'crop']",3
PASTO ELEFANTE 50%- PLATANO 20%- CAFE 30%,2,"['PASTO ELEFANTE', 'PLATANO', 'CAFE']","['pasture', 'crop', 'crop']",3
CAFE 50%- PLATANO 30%- PASTO ELEFANTE  20%,2,"['CAFE', 'PLATANO', 'PASTO ELEFANTE']","['crop', 'crop', 'pasture']",3
CAFE 60 % PLATANO 35 % NARANJO 5 %,2,"['CAFE', 'PLATANO', 'NARANJA']","['crop', 'crop', 'crop']",3
PASTO ELEFANTE 50%- CAFE 30%- PLATANO 20%,2,"['PASTO ELEFANTE', 'CAFE', 'PLATANO']","['pasture', 'crop', 'crop']",3
PLSTSNO 20%- NARANJO 30%- CAFE 50%,2,"['PLSTSNO', 'NARANJA', 'CAFE']","['crop', 'crop', 'crop']",3
CAFE 50%  PLATANO 50%,2,"['CAFE', 'PLATANO']","['crop', 'crop']",2
NARANJO 20%- PLATANO 30% CAFE 50%,2,"['NARANJA', 'PLATANO', 'CAFE']","['crop', 'crop', 'crop']",3
CAFE 40%- PLATANO 40%-NARANJA 20%,2,"['CAFE', 'PLATANO', 'NARANJA']","['crop', 'crop', 'crop']",3
CAFE 50%- NARANJA 20%- PLATANO 30%,2,"['CAFE', 'NARANJA', 'PLATANO']","['crop', 'crop', 'crop']",3
CAFE 60%- PLATANO 35%- NARNJO5%,2,"['CAFE', 'PLATANO', 'NARNJO']","['crop', 'crop', 'crop']",3
PASTO ELEFANTE 70%- CAFE 20%- PLATANO 10%,2,"['PASTO ELEFANTE', 'CAFE', 'PLATANO']","['pasture', 'crop', 'crop']",3
PASTO ELEFANTE 30%- PLATANO 20%- CAFE 40%- NARANJO 10%,2,"['PASTO ELEFANTE', 'PLATANO', 'CAFE', 'NARANJA']","['pasture', 'crop', 'crop', 'crop']",4
CAFE 40%- PLATANO 40%- NARANJA 20%,2,"['CAFE', 'PLATANO', 'NARANJA']","['crop', 'crop', 'crop']",3
CAFE 50%- PLATANO 40%- NARANJO 10%,2,"['CAFE', 'PLATANO', 'NARANJA']","['crop', 'crop', 'crop']",3
CAFE 50%- PLATAO50&,2,"['CAFE', 'PLATAO']","['crop', 'crop']",2
CAGE 60%- PLATANO40%,2,"['CAGE', 'PLATANO']","['crop', 'crop']",2
PLATANO 20%- NARANJO 20%-CAFE 60%,2,"['PLATANO', 'NARANJA', 'CAFE']","['crop', 'crop', 'crop']",3
PLATANO 30%-NARANJO30%-CAFE 40%,2,"['PLATANO', 'NARANJA', 'CAFE']","['crop', 'crop', 'crop']",3
PLATAO 30%- CAFE 70%,2,"['PLATAO', 'CAFE']","['crop', 'crop']",2
CAFE 50%- PLATANO  50%,2,"['CAFE', 'PLATANO']","['crop', 'crop']",2
CAFE 60%- PLATANO 35% NARANJO 5%,2,"['CAFE', 'PLATANO', 'NARANJA']","['crop', 'crop', 'crop']",3
CAFE 60%-PLATANO 40&,2,"['CAFE', 'PLATANO']","['crop', 'crop']",2
CAFE 40%- PLATANO 20%- NARANJO 20%- PASTO ELEFANTE 20%,2,"['CAFE', 'PLATANO', 'NARANJA', 'PASTO ELEFANTE']","['crop', 'crop', 'crop', 'pasture']",4
NARANJO 20%-CAFE 50%-PLATANO 30%,2,"['NARANJA', 'CAFE', 'PLATANO']","['crop', 'crop', 'crop']",3
CAFE 50%- PLATANO 40%- NARANJO10%,2,"['CAFE', 'PLATANO', 'NARANJA']","['crop', 'crop', 'crop']",3
CANA DE AZUCAR 40%-PLATANO 30%-CAFE 15%-NARANJO 15%,2,"['CAÑA DE AZUCAR', 'PLATANO', 'CAFE', 'NARANJA']","['crop', 'crop', 'crop', 'crop']",4
NARANJO 20%-PLATNO 30%-CAFE 50%,2,"['NARANJA', 'PLATNO', 'CAFE']","['crop', 'crop', 'crop']",3
PASTO DE ELFANTE 20%-CAFE 50%-PLATANO 30%,2,"['PASTO DE ELFANTE', 'CAFE', 'PLATANO']","['pasture', 'crop', 'crop']",3
PASTOELEFANTE -CAFE,2,"['PASTOELEFANTE', 'CAFE']","['pasture', 'crop']",2
PLATANIO 40%- CAFE 60%,2,"['PLATANIO', 'CAFE']","['crop', 'crop']",2
ALGODONERA,2,['ALGODON'],['crop'],1
CAFE 45%- PLATANO 40%- CAÑA DE AZUCAR 10%-NATANJO 5%,2,"['CAFE', 'PLATANO', 'CAÑA DE AZUCAR', 'NATANJO']","['crop', 'crop', 'crop', 'crop']",4
CAFE 60%,2,['CAFE'],['crop'],1
PASTO DE ELEFANTE 70%- PLATANO 15%,2,"['PASTO ELEFANTE', 'PLATANO']","['pasture', 'crop']",2
PLATANO 20%-NARANJO 30%-CAFE 30%,2,"['PLATANO', 'NARANJA', 'CAFE']","['crop', 'crop', 'crop']",3
ARROX,2,['ARROX'],['crop'],1
CAFE 505- PLATANO 505,2,"['CAFE', 'PLATANO']","['crop', 'crop']",2
PLATANO 25%- CAFE 55%,2,"['PLATANO', 'CAFE']","['crop', 'crop']",2
PLATABNO 40%- CAFE 60%,2,"['PLATABNO', 'CAFE']","['crop', 'crop']",2
PLATANO 205- NARANJO 205- CAFE 60%,2,"['PLATANO', 'NARANJA', 'CAFE']","['crop', 'crop', 'crop']",3
CAFE 10%-PLATANO 10%,2,"['CAFE', 'PLATANO']","['crop', 'crop']",2
CAFE 70%-PLATANO 20%- PASTO ELEFANTE 5%-NARANJO 5%,2,"['CAFE', 'PLATANO', 'PASTO ELEFANTE', 'NARANJA']","['crop', 'crop', 'pasture', 'crop']",4
NARANJO 30%- PLATANO 20%- CAFE 50%,2,"['NARANJA', 'PLATANO', 'CAFE']","['crop', 'crop', 'crop']",3
PASTO ELEFANTE S,2,['PASTO ELEFANTE S'],['pasture'],1
CAFE 40%- PLATANO 60%,2,"['CAFE', 'PLATANO']","['crop', 'crop']",2
CAFE 50%- PLTANO 405- NARANJA 10%,2,"['CAFE', 'PLTANO', 'NARANJA']","['crop', 'crop', 'crop']",3
CAFE 60%-PLATANO 30%-PASTO ELEFANTE 10%,2,"['CAFE', 'PLATANO', 'PASTO ELEFANTE']","['crop', 'crop', 'pasture']",3
PLATAO 40%- CFE 60%,2,"['PLATAO', 'CFE']","['crop', 'crop']",2
CAFE  60%- PLATANO 40%,2,"['CAFE', 'PLATANO']","['crop', 'crop']",2
CAFE 40%- PLATANO 10%,2,"['CAFE', 'PLATANO']","['crop', 'crop']",2
CAFE 50%- PLATANO 20%- NARANJO 30%,2,"['CAFE', 'PLATANO', 'NARANJA']","['crop', 'crop', 'crop']",3
CAFE 50%- PLATANO 45%- NARANJO 5%,2,"['CAFE', 'PLATANO', 'NARANJA']","['crop', 'crop', 'crop']",3
PLATANO 50%- CAFE 505,2,"['PLATANO', 'CAFE']","['crop', 'crop']",2
CAFE 10%- PLATANO 10%-PASTO DE ELFANTE 40%,2,"['CAFE', 'PLATANO', 'PASTO DE ELFANTE']","['crop', 'crop', 'pasture']",3
CAFE 50%-PLATANO 30%- NARANJO 20%,2,"['CAFE', 'PLATANO', 'NARANJA']","['crop', 'crop', 'crop']",3
NARANJO 20%- PLATANO40%- CAFE 40%,2,"['NARANJA', 'PLATANO', 'CAFE']","['crop', 'crop', 'crop']",3
PALTANO 30%- CAFE 70%,2,"['PALTANO', 'CAFE']","['crop', 'crop']",2
CAFE 50%- NARANJO 20%- PLATANO 30%,2,"['CAFE', 'NARANJA', 'PLATANO']","['crop', 'crop', 'crop']",3
CAFE 50%- NARANJO 20%-PLATANO 30%,2,"['CAFE', 'NARANJA', 'PLATANO']","['crop', 'crop', 'crop']",3
NARANJO 20%- CAFE 60%- PLATANO 20%,2,"['NARANJA', 'CAFE', 'PLATANO']","['crop', 'crop', 'crop']",3
NARANJO 70%- CAFE 30%,2,"['NARANJA', 'CAFE']","['crop', 'crop']",2
PLATANO 20%- NARANJO 20%- CAFE 60&,2,"['PLATANO', 'NARANJA', 'CAFE']","['crop', 'crop', 'crop']",3
PLATANO 30% NARANJO 20%-CAFE 50%,2,"['PLATANO', 'NARANJA', 'CAFE']","['crop', 'crop', 'crop']",3
CAFE 50%-PASTO ELEFANTE 50%,2,"['CAFE', 'PASTO ELEFANTE']","['crop', 'pasture']",2
CAFE 60%-PALTANO 40%,2,"['CAFE', 'PALTANO']","['crop', 'crop']",2
CAFE 80%- PLATANO 15%- NARANJO 5%,2,"['CAFE', 'PLATANO', 'NARANJA']","['crop', 'crop', 'crop']",3
GRAMA DUCLE,2,['GRAMA DUCLE'],['pasture'],1
CAFE 50%-PLATANO 30%-PASTO ELEFANTE 20%,2,"['CAFE', 'PLATANO', 'PASTO ELEFANTE']","['crop', 'crop', 'pasture']",3
PLATNO,2,['PLATNO'],['crop'],1
CAFE 40%- PLATANO 30%- PASTO DE ELEFANTE 30%,2,"['CAFE', 'PLATANO', 'PASTO ELEFANTE']","['crop', 'crop', 'pasture']",3
CAFE 50%-NARANJO 20%-PLATANO 30%,2,"['CAFE', 'NARANJA', 'PLATANO']","['crop', 'crop', 'crop']",3
CAFE 50-PLATANO 50%,2,"['CAFE', 'PLATANO']","['crop', 'crop']",2
CAFE 60%- PLATANAO 40%,2,"['CAFE', 'PLATANAO']","['crop', 'crop']",2
NARANJO 20%- PLATANO 20%-CAFE 40%,2,"['NARANJA', 'PLATANO', 'CAFE']","['crop', 'crop', 'crop']",3
NARANJO 20%-PLATANO 30%- CAFE 50%,2,"['NARANJA', 'PLATANO', 'CAFE']","['crop', 'crop', 'crop']",3
PASTO ELEFANTE 40%-CAFE 40%-PLATANO 20%,2,"['PASTO ELEFANTE', 'CAFE', 'PLATANO']","['pasture', 'crop', 'crop']",3
NARANJO 20%- CAFE 20%-PASTO ELEFANTE 60%,2,"['NARANJA', 'CAFE', 'PASTO ELEFANTE']","['crop', 'crop', 'pasture']",3
NARANJO 20%-CAFE 50%- PLATANO 30%,2,"['NARANJA', 'CAFE', 'PLATANO']","['crop', 'crop', 'crop']",3
NARANJO 20%-PLATANO 30%-CAFE50%,2,"['NARANJA', 'PLATANO', 'CAFE']","['crop', 'crop', 'crop']",3
NIVELACION DE TERRENO,2,['NIVELACION DE TERRENO'],['land_prep'],1
PLATANO 40%-PLATANO 60%,2,['PLATANO'],['crop'],1
CAFE 50%-PLATANO 20%-NARANJO 10%,2,"['CAFE', 'PLATANO', 'NARANJA']","['crop', 'crop', 'crop']",3
CAFE 70%-PLATANO 10%-NARANJO 10%-GUAYAQUIL 10%,2,"['CAFE', 'PLATANO', 'NARANJA', 'GUAYAQUIL']","['crop', 'crop', 'crop', 'crop']",4
PLATANO 30% NARANJO 30% CAFE 40%,2,"['PLATANO', 'NARANJA', 'CAFE']","['crop', 'crop', 'crop']",3
PLATANO 60%-CAFE 30%,2,"['PLATANO', 'CAFE']","['crop', 'crop']",2
CAFE 50% PLATANO 30% NARANJO 20%,2,"['CAFE', 'PLATANO', 'NARANJA']","['crop', 'crop', 'crop']",3
CAFE 70%-PLATANO 20% NARANJO 10%,2,"['CAFE', 'PLATANO', 'NARANJA']","['crop', 'crop', 'crop']",3
PLATANO 50%-CAFE 505,2,"['PLATANO', 'CAFE']","['crop', 'crop']",2
CAFE 30%-PLATANO 30%,2,"['CAFE', 'PLATANO']","['crop', 'crop']",2
FRIJOL-YUCA,2,"['FRIJOL', 'YUCA']","['crop', 'crop']",2
PASO ELEFANTE,2,['PASO ELEFANTE'],['pasture'],1
PASTO ELEFANTE|,2,['PASTO ELEFANTE|'],['pasture'],1
CAFE 605-PLATANO 30%-NARANJO 10%,2,"['CAFE', 'PLATANO', 'NARANJA']","['crop', 'crop', 'crop']",3
NARANJO 10%-PLATANO 10%-CAFE 30%-PASTO ELEFANTE 50%,2,"['NARANJA', 'PLATANO', 'CAFE', 'PASTO ELEFANTE']","['crop', 'crop', 'crop', 'pasture']",4
NARANJO 20%-CAFE 50%-PLTANO 30%,2,"['NARANJA', 'CAFE', 'PLTANO']","['crop', 'crop', 'crop']",3
PASTO ELEFANTE 40%-CAFE 40%-NARANJO 10%-PLATANO 10%,2,"['PASTO ELEFANTE', 'CAFE', 'NARANJA', 'PLATANO']","['pasture', 'crop', 'crop', 'crop']",4
PLATANO 30%- CAFE70%,2,"['PLATANO', 'CAFE']","['crop', 'crop']",2
CAFE 50%-PLATANO 10%-PASTO ELEFANTE 40%,2,"['CAFE', 'PLATANO', 'PASTO ELEFANTE']","['crop', 'crop', 'pasture']",3
CAFE 50%-PLATANO 40%-NARANJA 10%,2,"['CAFE', 'PLATANO', 'NARANJA']","['crop', 'crop', 'crop']",3
FRIJOL 40%-MAIZ 60%,2,"['FRIJOL', 'MAIZ']","['crop', 'crop']",2
MAMEY 20%GUANABANA 30%CACAO 50%,2,"['MAMEY', 'GUANABANA', 'CACAO']","['crop', 'crop', 'crop']",3
NARANJO 10%-PLATANO 30%-CAFE 60%,2,"['NARANJA', 'PLATANO', 'CAFE']","['crop', 'crop', 'crop']",3
MAIZ 25%-ARVEJA 25%,2,"['MAIZ', 'ARVEJA']","['crop', 'crop']",2
NIVELACION A YARADURA,2,['NIVELACION A YARADURA'],['land_prep'],1
NIVELACION Y ARADURIA,2,"['NIVELACION', 'ARADURIA']","['land_prep', 'land_prep']",2
CACAO 50%-PASTO ELEFANTE 50%,2,"['CACAO', 'PASTO ELEFANTE']","['crop', 'pasture']",2
CAFE 30% PLATANO 30%- PASTO ELEFANTE 40%,2,"['CAFE', 'PLATANO', 'PASTO ELEFANTE']","['crop', 'crop', 'pasture']",3
CAFE 40%-NARANJA 40%-CAFE 20%,2,"['CAFE', 'NARANJA']","['crop', 'crop']",2
CAFE 40%-NARANJA 40%-PLATANO 20%,2,"['CAFE', 'NARANJA', 'PLATANO']","['crop', 'crop', 'crop']",3
CAFE 50%- PLATANO 30%- NARANJO 5%-,2,"['CAFE', 'PLATANO', 'NARANJA']","['crop', 'crop', 'crop']",3
CAFE 50%-NARANJO30%-PLATANO 20%,2,"['CAFE', 'NARANJA', 'PLATANO']","['crop', 'crop', 'crop']",3
CAFE 50%-PLATANO 30%-NARANJA ´20%,2,"['CAFE', 'PLATANO', 'NARANJA ´']","['crop', 'crop', 'crop']",3
CAFE 60%-PLATANO 30%-NARANJO 5%-HUABA 5%,2,"['CAFE', 'PLATANO', 'NARANJA', 'GUABO']","['crop', 'crop', 'crop', 'crop']",4
"FRUTALES LIMON, GUANABANA Y OTROS",2,"['FRUTALES', 'LIMON', 'GUANABANA', 'SIN ESPECIFICAR']","['crop', 'crop', 'crop', 'unspecified']",4
GRADEO Y NIVELACION,2,"['GRADEO', 'NIVELACION']","['land_prep', 'land_prep']",2
NARANJA 40%-PLATANO 40%-CAFE 20%,2,"['NARANJA', 'PLATANO', 'CAFE']","['crop', 'crop', 'crop']",3
NARANJA 50%- PLATANO 50%,2,"['NARANJA', 'PLATANO']","['crop', 'crop']",2
PASRO ELEFANTE 20%-PLATANO 20%-NARANJO 20%-CAFE 40%,2,"['PASRO ELEFANTE', 'PLATANO', 'NARANJA', 'CAFE']","['pasture', 'crop', 'crop', 'crop']",4
PLATAO 40%-NARANJA 40%-CAFE 20%,2,"['PLATAO', 'NARANJA', 'CAFE']","['crop', 'crop', 'crop']",3
PLTANO 50%-CAFE 50%,2,"['PLTANO', 'CAFE']","['crop', 'crop']",2
ROBEL,2,['ROBEL'],['crop'],1
TERRENO EN DESCANCO,2,['TERRENO EN DESCANCO'],['fallow'],1
TERRENO EN DESCASNO,2,['TERRENO EN DESCASNO'],['crop'],1
TERRENO NE DESCANSO,2,['TERRENO NE DESCANSO'],['fallow'],1
CAFE 15%-PLATANO 15%-PASTP ELEFANTE 70%,2,"['CAFE', 'PLATANO', 'PASTP ELEFANTE']","['crop', 'crop', 'pasture']",3
CAFE 20%-PLATANO 20%-PASTO ELEFANTE 6'0%,2,"['CAFE', 'PLATANO', 'PASTO ELEFANTE']","['crop', 'crop', 'pasture']",3
CAFE 50%A-PLATANO 50%,2,"['CAFE', 'PLATANO']","['crop', 'crop']",2
II CAMAPAÑ AGRICOLA,2,['II CAMAPAÑ AGRICOLA'],['crop'],1
II CAMAPAÑA AGRICOLA,2,['II CAMAPAÑA AGRICOLA'],['crop'],1
II CAMPAÑ AGRICOLA,2,['II CAMPAÑ AGRICOLA'],['crop'],1
II CAMPIÑA AGRICOLA,2,['II CAMPIÑA AGRICOLA'],['crop'],1
NARANJO 20%-PLATANO 30%--CAFE 50%,2,"['NARANJA', 'PLATANO', 'CAFE']","['crop', 'crop', 'crop']",3
PASTO ELEFANTE 60%-CAÑA DE AZUCAR 40%,2,"['PASTO ELEFANTE', 'CAÑA DE AZUCAR']","['pasture', 'crop']",2
CACAO 10%-MAMEY 10%-GUANABANA 10%,2,"['CACAO', 'MAMEY', 'GUANABANA']","['crop', 'crop', 'crop']",3
CACAO 100%,2,['CACAO'],['crop'],1
CACAO 60%-CAFE 20%-PLATANO 20%,2,"['CACAO', 'CAFE', 'PLATANO']","['crop', 'crop', 'crop']",3
CACAO 60%-PASTO ELEFANTE 40%,2,"['CACAO', 'PASTO ELEFANTE']","['crop', 'pasture']",2
CACAO 60%-PLATANO 40%,2,"['CACAO', 'PLATANO']","['crop', 'crop']",2
CACAO 80%-GUANABANA 20%,2,"['CACAO', 'GUANABANA']","['crop', 'crop']",2
NARANJA 50%- CAFE 50%,2,"['NARANJA', 'CAFE']","['crop', 'crop']",2
NARANJA 50%-CAFE 30%-PLATANO 20%,2,"['NARANJA', 'CAFE', 'PLATANO']","['crop', 'crop', 'crop']",3
NIVELACION U GRADEO,2,['NIVELACION U GRADEO'],['land_prep'],1
NIVELACION Y GRADIO,2,"['NIVELACION', 'GRADIO']","['land_prep', 'crop']",2
PLATANO 50%-NARANJA 30%-CAFE 20%,2,"['PLATANO', 'NARANJA', 'CAFE']","['crop', 'crop', 'crop']",3
PLATANO 50%-NARANJO 30%-CAFE 20%,2,"['PLATANO', 'NARANJA', 'CAFE']","['crop', 'crop', 'crop']",3
CACAO 50%-MAMEY 20%-GUANABANA 30%,2,"['CACAO', 'MAMEY', 'GUANABANA']","['crop', 'crop', 'crop']",3
CACAO 80%-MARACUYA 10%-GUANABANA 10%,2,"['CACAO', 'MARACUYA', 'GUANABANA']","['crop', 'crop', 'crop']",3
GUANABANA 20%-MAMEY 30%-CACAO 50%,2,"['GUANABANA', 'MAMEY', 'CACAO']","['crop', 'crop', 'crop']",3
GUAYAQUIL 20%-PASTO ELEFANTE 30%-CAFE 50%,2,"['GUAYAQUIL', 'PASTO ELEFANTE', 'CAFE']","['crop', 'pasture', 'crop']",3
MAIZ 30% FRIJOL 20%,2,"['MAIZ', 'FRIJOL']","['crop', 'crop']",2
NARANJA 20%-PLATANO 30%-CAFE 50%,2,"['NARANJA', 'PLATANO', 'CAFE']","['crop', 'crop', 'crop']",3
CAFE 40%-PLATANO 30%-NARANJO 30%,2,"['CAFE', 'PLATANO', 'NARANJA']","['crop', 'crop', 'crop']",3
GUANABANA 10%-MANGO 10%,2,"['GUANABANA', 'MANGO']","['crop', 'crop']",2
PLATANO 30%-NARANJA 20%-CAFE 50%,2,"['PLATANO', 'NARANJA', 'CAFE']","['crop', 'crop', 'crop']",3
CACAO 20%-PASTO ELFANTE,2,"['CACAO', 'PASTO ELEFANTE']","['crop', 'pasture']",2
CACAO 50%-MAMEY 20%-GUANABANA 20%-GUAYAQUIL 10%,2,"['CACAO', 'MAMEY', 'GUANABANA', 'GUAYAQUIL']","['crop', 'crop', 'crop', 'crop']",4
GUANABANA 20% MAMEY 20%,2,"['GUANABANA', 'MAMEY']","['crop', 'crop']",2
MAIZ10%FRIJOL 10%,2,"['MAIZ', 'FRIJOL']","['crop', 'crop']",2
PLATANO 30%-PASTO ELFANTE,2,"['PLATANO', 'PASTO ELEFANTE']","['crop', 'pasture']",2
PLATANO 90%-MANGO 10%,2,"['PLATANO', 'MANGO']","['crop', 'crop']",2
CAFE 50%-PLATANO 50<%,2,"['CAFE', 'PLATANO']","['crop', 'crop']",2
CANA DE AZUCAR 40%-MANGO 20%-PLATANO 15%-HUANABANA 25%,2,"['CAÑA DE AZUCAR', 'MANGO', 'PLATANO', 'HUANABANA']","['crop', 'crop', 'crop', 'crop']",4
LIMA 20%-GUANABANA 20%,2,"['LIMA', 'GUANABANA']","['crop', 'crop']",2
NARANJA 80%-PLATANO 20%,2,"['NARANJA', 'PLATANO']","['crop', 'crop']",2
PASTO ELEFANTE 50%-CAFE 25%-PLATANO 25%,2,"['PASTO ELEFANTE', 'CAFE', 'PLATANO']","['pasture', 'crop', 'crop']",3
PLATANO 10%-NARANJA 90%,2,"['PLATANO', 'NARANJA']","['crop', 'crop']",2
PLATANO 80%-CACAO 20%,2,"['PLATANO', 'CACAO']","['crop', 'crop']",2
CACA0 50%-PASTO ELEFANTE 30%-MANGO 5%-,2,"['CACA', 'PASTO ELEFANTE', 'MANGO']","['crop', 'pasture', 'crop']",3
CACAO 50%-PASTO ELEFANTE 10%-MANGO 10%,2,"['CACAO', 'PASTO ELEFANTE', 'MANGO']","['crop', 'pasture', 'crop']",3
CAFE 1,2,['CAFE'],['crop'],1
CAFE 25%-CACAO 25%-NARANJA 25%-CACAO 25%,2,"['CAFE', 'CACAO', 'NARANJA']","['crop', 'crop', 'crop']",3
CAFE 30%-NARANJA 30%-PLATANO 30%-GUANABANA 10%,2,"['CAFE', 'NARANJA', 'PLATANO', 'GUANABANA']","['crop', 'crop', 'crop', 'crop']",4
CAFE 50%-PLATANOP 50%,2,"['CAFE', 'PLATANOP']","['crop', 'crop']",2
CAFE 60%-PLATANO 30%NARANJA 10%,2,"['CAFE', 'PLATANO', 'NARANJA']","['crop', 'crop', 'crop']",3
GUANABANA 20%-MAMEY 20%,2,"['GUANABANA', 'MAMEY']","['crop', 'crop']",2
NARANJA 30 % CAFE 30% PLATANO 40%,2,"['NARANJA', 'CAFE', 'PLATANO']","['crop', 'crop', 'crop']",3
CACAO 10%-PLATANO 30%-CAFE 20%-PASTO ELFANTE,2,"['CACAO', 'PLATANO', 'CAFE', 'PASTO ELEFANTE']","['crop', 'crop', 'crop', 'pasture']",4
CACAO 20%-MANGO 40%-HUANABANA 40%,2,"['CACAO', 'MANGO', 'HUANABANA']","['crop', 'crop', 'crop']",3
CACAO 40%-MANGO 40%,2,"['CACAO', 'MANGO']","['crop', 'crop']",2
CAFE 20%-PASTO ELFANTE 80%,2,"['CAFE', 'PASTO ELEFANTE']","['crop', 'pasture']",2
CAFE 40%-PLATANO 10%-PASTP ELEFANTE 50%,2,"['CAFE', 'PLATANO', 'PASTP ELEFANTE']","['crop', 'crop', 'pasture']",3
PLATANO 80%-GUAYAQUIL 20%,2,"['PLATANO', 'GUAYAQUIL']","['crop', 'crop']",2
CAFE 50%-PLZATANO 50%,2,"['CAFE', 'PLZATANO']","['crop', 'crop']",2
SOYA 80%-ARROZ 20%,2,"['SOYA', 'ARROZ']","['crop', 'crop']",2
"CACAO 20%, MAMEY 20%, GUANABANA 20%, PASTO ELEFANTE 40%",2,"['CACAO', 'MAMEY', 'GUANABANA', 'PASTO ELEFANTE']","['crop', 'crop', 'crop', 'pasture']",4
CAFE 10%-NARANJA 60%-GUAYAQUIL 30%,2,"['CAFE', 'NARANJA', 'GUAYAQUIL']","['crop', 'crop', 'crop']",3
CAFE 10%-PLATANO 10%-PASTOEELEFANTE 80%,2,"['CAFE', 'PLATANO', 'PASTOEELEFANTE']","['crop', 'crop', 'pasture']",3
CAFE 65%-PLATANO 25%-PASTO ELEFANTE 5%-NARANJO 5%,2,"['CAFE', 'PLATANO', 'PASTO ELEFANTE', 'NARANJA']","['crop', 'crop', 'pasture', 'crop']",4
"CAFE(40%), PLATANO(40%), NARANJA(20%)",2,"['CAFE', 'PLATANO', 'NARANJA']","['crop', 'crop', 'crop']",3
"CAFE(50%), PLATANO(30%), NARANJA(20%)",2,"['CAFE', 'PLATANO', 'NARANJA']","['crop', 'crop', 'crop']",3
NARANJA 80%-VCAFE 20%,2,"['NARANJA', 'VCAFE']","['crop', 'crop']",2
NIEVALCION,2,['NIEVALCION'],['crop'],1
CAFE 40%-PLATANO 40%-GUAYAQUIL 20%,2,"['CAFE', 'PLATANO', 'GUAYAQUIL']","['crop', 'crop', 'crop']",3
CAFE 50%-PLATANO 35%-NARANJO 5%,2,"['CAFE', 'PLATANO', 'NARANJA']","['crop', 'crop', 'crop']",3
CAFE 59%-PLATANO 305-NARANJA 20%,2,"['CAFE', 'PLATANO', 'NARANJA']","['crop', 'crop', 'crop']",3
"CAFE(20%), PLATANO(30%), NARANJA(20%)",2,"['CAFE', 'PLATANO', 'NARANJA']","['crop', 'crop', 'crop']",3
"MAMEY 30%, GUANABANA 30%, CACAO 40%",2,"['MAMEY', 'GUANABANA', 'CACAO']","['crop', 'crop', 'crop']",3
CAFE 30%-PLATANO 30%-PASTOEELEFANTE 4=%,2,"['CAFE', 'PLATANO', 'PASTOEELEFANTE']","['crop', 'crop', 'pasture']",3
"CAFE(25%), PLATANO(25%), PASTO ELEFANTE(50%)",2,"['CAFE', 'PLATANO', 'PASTO ELEFANTE']","['crop', 'crop', 'pasture']",3
GUAYAQUIIL 60%-PASTO ELEFANTE 40%,2,"['GUAYAQUIIL', 'PASTO ELEFANTE']","['crop', 'pasture']",2
"MAIZ (30%), FRIJOL (30%)",2,"['MAIZ', 'FRIJOL']","['crop', 'crop']",2
"MAIZ (60%), FRIJOL (40%)",2,"['MAIZ', 'FRIJOL']","['crop', 'crop']",2
"MAIZ 60% , FRIJOL 40%",2,"['MAIZ', 'FRIJOL']","['crop', 'crop']",2
"MAIZ 60% ,FRIJOL 40%",2,"['MAIZ', 'FRIJOL']","['crop', 'crop']",2
"MAIZ 60%,FRIJOL40%",2,"['MAIZ', 'FRIJOL']","['crop', 'crop']",2
"MAIZ 70% ,FRIJOL 30%",2,"['MAIZ', 'FRIJOL']","['crop', 'crop']",2
CAFE 30%-PLATANO 40%-,2,"['CAFE', 'PLATANO']","['crop', 'crop']",2
CAFE 30%-PLATANO 405-GUAYAQUIL 30%,2,"['CAFE', 'PLATANO', 'GUAYAQUIL']","['crop', 'crop', 'crop']",3
"CAFE 50% ,PLATANO 30%,NARANJA 20%",2,"['CAFE', 'PLATANO', 'NARANJA']","['crop', 'crop', 'crop']",3
"CAFE 50%,PLATANOS 50%",2,"['CAFE', 'PLATANO']","['crop', 'crop']",2
CAFE 505-PLATANO 305-NARANJA 20%,2,"['CAFE', 'PLATANO', 'NARANJA']","['crop', 'crop', 'crop']",3
CAFE 505-PLATANO 405-NARANJA 10%,2,"['CAFE', 'PLATANO', 'NARANJA']","['crop', 'crop', 'crop']",3
CAFE 60%-NARANJA 20%-PLATANO 20%,2,"['CAFE', 'NARANJA', 'PLATANO']","['crop', 'crop', 'crop']",3
CAFE 40%-PLATANO 30%-PASTO ELEFANTE 20%,2,"['CAFE', 'PLATANO', 'PASTO ELEFANTE']","['crop', 'crop', 'pasture']",3
"CAFE 50% , PLATANO 40%",2,"['CAFE', 'PLATANO']","['crop', 'crop']",2
"CAFE 60%,PLATANO 40%",2,"['CAFE', 'PLATANO']","['crop', 'crop']",2
CAFE 65%-PLATANO 30%,2,"['CAFE', 'PLATANO']","['crop', 'crop']",2
"NARANJA 20%,PLATANO 20%,CAFE 60%",2,"['NARANJA', 'PLATANO', 'CAFE']","['crop', 'crop', 'crop']",3
PLATANO 1005,2,['PLATANO'],['crop'],1
CAFE 30%-PLATANO 30%-PASTO ELEFANTE 40%,2,"['CAFE', 'PLATANO', 'PASTO ELEFANTE']","['crop', 'crop', 'pasture']",3
PLATANO 45%-CAFE 50%,2,"['PLATANO', 'CAFE']","['crop', 'crop']",2
PLATANO 50%-CAFE 30%-NARANJA 10%,2,"['PLATANO', 'CAFE', 'NARANJA']","['crop', 'crop', 'crop']",3
PLATANO 50-CAFE 30%-PLATANO 10%,2,"['PLATANO', 'CAFE']","['crop', 'crop']",2
CAFE 50%-PLATANAO 30%-NARANAJA 20%,2,"['CAFE', 'PLATANAO', 'NARANAJA']","['crop', 'crop', 'crop']",3
CAFE 50%-PLATANO 30%-NARANAJ 20%,2,"['CAFE', 'PLATANO', 'NARANAJ']","['crop', 'crop', 'crop']",3
CAFE 65%-PLATANO 30%-NARANJO 5%,2,"['CAFE', 'PLATANO', 'NARANJA']","['crop', 'crop', 'crop']",3
PLATANO 20%-NARANAJ 20%-CAFE 60%,2,"['PLATANO', 'NARANAJ', 'CAFE']","['crop', 'crop', 'crop']",3
CAE 70%-PLATANO 30%,2,"['CAE', 'PLATANO']","['crop', 'crop']",2
CAFE 50&%-PLATANOP 50%,2,"['CAFE', 'PLATANOP']","['crop', 'crop']",2
CAFE 60%-PLATANO 35%-NARANJAO 5%,2,"['CAFE', 'PLATANO', 'NARANJAO']","['crop', 'crop', 'crop']",3
"PASTO ELEFANTE 60%, CAFE 20%, PLATANO 205",2,"['PASTO ELEFANTE', 'CAFE', 'PLATANO']","['pasture', 'crop', 'crop']",3
CAFE 20%-PLATANO 10%-NARANJO 10%-PASTO ELEFANTE,2,"['CAFE', 'PLATANO', 'NARANJA', 'PASTO ELEFANTE']","['crop', 'crop', 'crop', 'pasture']",4
CAFE 40%-PLATANO 10%-NARANJA 10%-PASTOE LEFANTE 40%,2,"['CAFE', 'PLATANO', 'NARANJA', 'PASTOE LEFANTE']","['crop', 'crop', 'crop', 'pasture']",4
CAFE 40%-PLATANO 30%-NARANJA 10%,2,"['CAFE', 'PLATANO', 'NARANJA']","['crop', 'crop', 'crop']",3
CAFE 40-PLATANO 40-GUAYAQUIL 20%,2,"['CAFE', 'PLATANO', 'GUAYAQUIL']","['crop', 'crop', 'crop']",3
CAFE 70%-PLATANO 20%-PASTO ELEFANTE 10%,2,"['CAFE', 'PLATANO', 'PASTO ELEFANTE']","['crop', 'crop', 'pasture']",3
NARANJO 20%-PLATANO 305-CAFE 50%,2,"['NARANJA', 'PLATANO', 'CAFE']","['crop', 'crop', 'crop']",3
PLATANO 305-CAFE 70%,2,"['PLATANO', 'CAFE']","['crop', 'crop']",2
CAFE 405-CAÑA 405-PLATANO 10%-NARANJA 10%,2,"['CAFE', 'CAÑA DE AZUCAR', 'PLATANO', 'NARANJA']","['crop', 'crop', 'crop', 'crop']",4
CAFE 45%-PLATANO 40%,2,"['CAFE', 'PLATANO']","['crop', 'crop']",2
CAFE 50%-NARANJA 305-PLATANO 20%,2,"['CAFE', 'NARANJA', 'PLATANO']","['crop', 'crop', 'crop']",3
CAFE 505-PLATANO 45%-NARANJO 5%,2,"['CAFE', 'PLATANO', 'NARANJA']","['crop', 'crop', 'crop']",3
CAFE 55%-PLATANO 405-NARANJO 5%,2,"['CAFE', 'PLATANO', 'NARANJA']","['crop', 'crop', 'crop']",3
CAFE 60%-NARANJA 20%-PLATANO 10%,2,"['CAFE', 'NARANJA', 'PLATANO']","['crop', 'crop', 'crop']",3
CAFE 60%-PLATANO 10%-NARANJA 30%,2,"['CAFE', 'PLATANO', 'NARANJA']","['crop', 'crop', 'crop']",3
CAFE 60%-PLATANO 20%,2,"['CAFE', 'PLATANO']","['crop', 'crop']",2
CAFE 60%-PLATANO 355-NARANJA 5%,2,"['CAFE', 'PLATANO', 'NARANJA']","['crop', 'crop', 'crop']",3
CAFE 605-PLATANO 405,2,"['CAFE', 'PLATANO']","['crop', 'crop']",2
CAFE 80%-NARANJO 20%,2,"['CAFE', 'NARANJA']","['crop', 'crop']",2
CAÑA 70%-GUAYAQUIL 30%,2,"['CAÑA DE AZUCAR', 'GUAYAQUIL']","['crop', 'crop']",2
NARANJO 20% PLATANO 205 CAFE 60%,2,"['NARANJA', 'PLATANO', 'CAFE']","['crop', 'crop', 'crop']",3
"NARANJO 20%, CAFE 50%, PLATANO 30%",2,"['NARANJA', 'CAFE', 'PLATANO']","['crop', 'crop', 'crop']",3
NARANJO 20%CAFE 60%-PLATANO 20%,2,"['NARANJA', 'CAFE', 'PLATANO']","['crop', 'crop', 'crop']",3
PLATANO 405-CAFE 60%,2,"['PLATANO', 'CAFE']","['crop', 'crop']",2
COCOTERO 80%-PALTA 20%,2,"['COCO', 'PALTA']","['crop', 'crop']",2
CIRUELO.COCOTERO,2,"['CIRUELA', 'COCO']","['crop', 'crop']",2
COCOTERO 10% LIMON 40%-MANGO CIRUELO 30%-PALTO 20%,2,"['COCO', 'LIMON', 'MANGO', 'PALTA']","['crop', 'crop', 'crop', 'crop']",4
LIMONERO 60%-MANGO CIERUELOA 30%-COCOTERO 10%,2,"['LIMON', 'MANGO CIERUELOA', 'COCO']","['crop', 'crop', 'crop']",3
FREJOL 10%-CAMOTE 10%,2,"['FRIJOL', 'CAMOTE']","['crop', 'crop']",2
FRIJOL 70%MAIZ 30%,2,"['FRIJOL', 'MAIZ']","['crop', 'crop']",2
MAIZ 5%- FRIJOL 5 %,2,"['MAIZ', 'FRIJOL']","['crop', 'crop']",2
LIMON 70%-MANGO 30%,2,"['LIMON', 'MANGO']","['crop', 'crop']",2
MAIZ-YUCA,2,"['MAIZ', 'YUCA']","['crop', 'crop']",2
MANGO 70%-LIMON 20%,2,"['MANGO', 'LIMON']","['crop', 'crop']",2
MANGO 80%-LIMON 20%,2,"['MANGO', 'LIMON']","['crop', 'crop']",2
PLATANO 60%-MANGO 20%,2,"['PLATANO', 'MANGO']","['crop', 'crop']",2
MANGO 30%-LIMON 70%,2,"['MANGO', 'LIMON']","['crop', 'crop']",2
MANGO 50%- LIMON 30%-PLATANO 20%,2,"['MANGO', 'LIMON', 'PLATANO']","['crop', 'crop', 'crop']",3
MANGO 70%- LIMON 30%,2,"['MANGO', 'LIMON']","['crop', 'crop']",2
LIMON 80%- MANGO 20%,2,"['LIMON', 'MANGO']","['crop', 'crop']",2
LIMON 15% MANGO 10%-MANGO CIERUELO 5%,2,"['LIMON', 'MANGO', 'MANGO CIERUELO']","['crop', 'crop', 'crop']",3
LIMON 20%-MANGO 10%,2,"['LIMON', 'MANGO']","['crop', 'crop']",2
LIMON 25%-MANGO 5%-TAMARINDO 5%,2,"['LIMON', 'MANGO', 'TAMARINDO']","['crop', 'crop', 'crop']",3
FRIJIOL,2,['FRIJIOL'],['crop'],1
ARROZ   MAIZ,2,"['ARROZ', 'MAIZ']","['crop', 'crop']",2
TERRENO EN DESCANSO -BOSQUES,2,"['DESCANSO', 'COBERTURA ARBOREA']","['fallow', 'crop']",2
MANGO 20%-LIMON 80%,2,"['MANGO', 'LIMON']","['crop', 'crop']",2
FRIJOL 50%-ARROZ 50%,2,"['FRIJOL', 'ARROZ']","['crop', 'crop']",2
FRIJOL CHILENO 60%-MAIZ 40%,2,"['FRIJOL CAUPI', 'MAIZ']","['crop', 'crop']",2
FRIJOL CHILENO 80%-MAIZ 20%,2,"['FRIJOL CAUPI', 'MAIZ']","['crop', 'crop']",2
FRIJOL CHILENO 80%- MAIZ 20%,2,"['FRIJOL CAUPI', 'MAIZ']","['crop', 'crop']",2
TERRENO EN DESCASNSO,2,['TERRENO EN DESCASNSO'],['crop'],1
LIMONERO 70%-MANGO 30%.-,2,"['LIMON', 'MANGO']","['crop', 'crop']",2
MANGO 30%-LIMONERO 30%-CIRUELA 10%,2,"['MANGO', 'LIMON', 'CIRUELA']","['crop', 'crop', 'crop']",3
FRIJOL 20%-MAIZ 10%,2,"['FRIJOL', 'MAIZ']","['crop', 'crop']",2
MANGO 40%-LIMONERO 305,2,"['MANGO', 'LIMON']","['crop', 'crop']",2
FRIJOL 10,2,['FRIJOL'],['crop'],1
FRIJOL 40%-MAIZ 40%,2,"['FRIJOL', 'MAIZ']","['crop', 'crop']",2
FRIJOL 80,2,['FRIJOL'],['crop'],1
MANGO 20,2,['MANGO'],['crop'],1
MANGO 25% TAMARINDO 255-LIMONERO 25%,2,"['MANGO', 'TAMARINDO', 'LIMON']","['crop', 'crop', 'crop']",3
MANGO 70 %-LIMON 10%-PLATANO 10%,2,"['MANGO', 'LIMON', 'PLATANO']","['crop', 'crop', 'crop']",3
MANGO 90 -LIMONERO 10,2,"['MANGO', 'LIMON']","['crop', 'crop']",2
MAZI 40%-FRIJOL 40%,2,"['MAZI', 'FRIJOL']","['crop', 'crop']",2
MANGO 30%-LIMON 60,2,"['MANGO', 'LIMON']","['crop', 'crop']",2
ARROZ 755-MAIZ 155-FRIJOL DE PALO 5%.YUCA 55,2,"['ARROZ', 'MAIZ', 'FRIJOL DE PALO', 'YUCA']","['crop', 'crop', 'crop', 'crop']",4
ARROZ-90%-MAIZ 5%,2,"['ARROZ', 'MAIZ']","['crop', 'crop']",2
ARROZ90% MAIZ10%,2,"['ARROZ', 'MAIZ']","['crop', 'crop']",2
MAIZ 80%-ARROZ 20%,2,"['MAIZ', 'ARROZ']","['crop', 'crop']",2
ARROZ70%-MAIZ 15%,2,"['ARROZ', 'MAIZ']","['crop', 'crop']",2
CAÑA DE AZUCAR 105,2,['CAÑA DE AZUCAR'],['crop'],1
"FRUTALES (LIMON, GUAYABO, HUABO, TAMARINDO)",2,['FRUTALES'],['crop'],1
MAIZ 90%-YUCA5%,2,"['MAIZ', 'YUCA']","['crop', 'crop']",2
PLAYANO 5%,2,['PLAYANO'],['crop'],1
ARROZ 50%-MAIZ 20%,2,"['ARROZ', 'MAIZ']","['crop', 'crop']",2
MAIZ 50%-FRIJOL 50,2,"['MAIZ', 'FRIJOL']","['crop', 'crop']",2
ALGARROBO-FAIQUE-,2,"['ALGARROBO', 'FAIQUE']","['crop', 'crop']",2
ARARDURA,2,['ARARDURA'],['crop'],1
MAIZ 50%- YUCA 10%,2,"['MAIZ', 'YUCA']","['crop', 'crop']",2
YUCA 50%-MAIZ 30%,2,"['YUCA', 'MAIZ']","['crop', 'crop']",2
ARROZ 50%-MAIZ 30%-YUCA 205,2,"['ARROZ', 'MAIZ', 'YUCA']","['crop', 'crop', 'crop']",3
ARROZ 60%-MAIZ 10%,2,"['ARROZ', 'MAIZ']","['crop', 'crop']",2
FAIQUE Y OTROS,2,"['FAIQUE', 'SIN ESPECIFICAR']","['crop', 'unspecified']",2
ARROZ 40%-MAIZ 50%-FRIJOL DE PALO 105,2,"['ARROZ', 'MAIZ', 'FRIJOL DE PALO']","['crop', 'crop', 'crop']",3
ALGODON (15 DIAS),2,['ALGODON'],['crop'],1
ALGODON 15 DIAS,2,"['ALGODON', 'DIAS']","['crop', 'crop']",2
ARROZ 50%-MAIZ 505,2,"['ARROZ', 'MAIZ']","['crop', 'crop']",2
ARROZ 505-MAIZ 505,2,"['ARROZ', 'MAIZ']","['crop', 'crop']",2
FAIQUE MANGOS,2,"['FAIQUE', 'MANGO']","['crop', 'crop']",2
FAIQUE Y MANGOS,2,"['FAIQUE', 'MANGO']","['crop', 'crop']",2
MAIZ 20%-ARROZ 30%,2,"['MAIZ', 'ARROZ']","['crop', 'crop']",2
YUCA 80%- FRIJOL DE PALO 10%-SARANDAJA 105,2,"['YUCA', 'FRIJOL DE PALO', 'ZARANDAJA']","['crop', 'crop', 'crop']",3
FRIJOL 20%-MAIZ 40%-YUCA 40%,2,"['FRIJOL', 'MAIZ', 'YUCA']","['crop', 'crop', 'crop']",3
MAIZ 20%-YUCA 30%-FRIJOL DE PALO 30%,2,"['MAIZ', 'YUCA', 'FRIJOL DE PALO']","['crop', 'crop', 'crop']",3
PASTO ELEFANTE 30%,2,['PASTO ELEFANTE'],['pasture'],1
ARROZ 20%-YUCA 20%.MAIZ 60%-FRIJOL 20%,2,"['ARROZ', 'YUCA', 'MAIZ', 'FRIJOL']","['crop', 'crop', 'crop', 'crop']",4
ARROZ 20%-YUCA 20%-MAIZ 60%-FRIJOL 20%,2,"['ARROZ', 'YUCA', 'MAIZ', 'FRIJOL']","['crop', 'crop', 'crop', 'crop']",4
ARROZ 40%-YUCA 20%-FRIJOL 20%,2,"['ARROZ', 'YUCA', 'FRIJOL']","['crop', 'crop', 'crop']",3
CAÑA DE AZUCAR 10%-PLATANO 5%,2,"['CAÑA DE AZUCAR', 'PLATANO']","['crop', 'crop']",2
MANGOS 5%-PLATANO 10%-CAÑA DE AZUCAR,2,"['MANGO', 'PLATANO', 'CAÑA DE AZUCAR']","['crop', 'crop', 'crop']",3
MIAZ Y YU CA,2,"['MIAZ', 'YU CA']","['crop', 'crop']",2
YUCA 40%-MAIZ 60,2,"['YUCA', 'MAIZ']","['crop', 'crop']",2
ARROZ 60%-YUCA MAIZ 20%,2,"['ARROZ', 'YUCA', 'MAIZ']","['crop', 'crop', 'crop']",3
CAÑA DE AZUCAR 90%-MAIZ 10%,2,"['CAÑA DE AZUCAR', 'MAIZ']","['crop', 'crop']",2
PLATANO 20%-PASTO ELEFANTE 25%-GRAMA HCILENA 25%,2,"['PLATANO', 'PASTO ELEFANTE', 'GRAMA HCILENA']","['crop', 'pasture', 'pasture']",3
YUCA 505-MAIZ 505,2,"['YUCA', 'MAIZ']","['crop', 'crop']",2
YUCA 50-MAIZ 50,2,"['YUCA', 'MAIZ']","['crop', 'crop']",2
YUCA 60%-MAIZ 405,2,"['YUCA', 'MAIZ']","['crop', 'crop']",2
CAÑA DE AZUCAR 30%-,2,['CAÑA DE AZUCAR'],['crop'],1
FRIJOL CHILENO 30%-YUCA 10%-MAIZ 15%-CAMOTE 5,2,"['FRIJOL CAUPI', 'YUCA', 'MAIZ', 'CAMOTE']","['crop', 'crop', 'crop', 'crop']",4
PLATANO 20%-CAÑA DE AZUCAR,2,"['PLATANO', 'CAÑA DE AZUCAR']","['crop', 'crop']",2
YUCA 70%,2,['YUCA'],['crop'],1
ARROZ 80%-FRIJOL 20%,2,"['ARROZ', 'FRIJOL']","['crop', 'crop']",2
"FRIJOL 20, MAIZ 40, ARROZ 20",2,"['FRIJOL', 'MAIZ', 'ARROZ']","['crop', 'crop', 'crop']",3
MAIZ 40%-YUCA 25%,2,"['MAIZ', 'YUCA']","['crop', 'crop']",2
ARROZ 75%-FRIJOL DEPALO 10%,2,"['ARROZ', 'FRIJOL DEPALO']","['crop', 'crop']",2
MANGO 20%-FRIJOL 10%,2,"['MANGO', 'FRIJOL']","['crop', 'crop']",2
PASTO DE ELEFANTE 10%-CAÑA DE AZUCAR 5%,2,"['PASTO ELEFANTE', 'CAÑA DE AZUCAR']","['pasture', 'crop']",2
ARROZ 15%-MAIZ 10%-FRIJOLDEPALO 10%,2,"['ARROZ', 'MAIZ', 'FRIJOLDEPALO']","['crop', 'crop', 'crop']",3
ARROZ40%-MAIZ20%,2,"['ARROZ', 'MAIZ']","['crop', 'crop']",2
"MAIZ 80, YUCA 20",2,"['MAIZ', 'YUCA']","['crop', 'crop']",2
ANUALES,2,['ANUALES'],['crop'],1
ARROZ 40%-MAIZ 60%,2,"['ARROZ', 'MAIZ']","['crop', 'crop']",2
MAIZ 60%-CAÑADEAZUCAR 40%,2,"['MAIZ', 'CAÑADEAZUCAR']","['crop', 'crop']",2
PASOTDELEGUMINOSAS Y GRAMINEAS,2,"['PASOTDELEGUMINOSAS', 'GRAMINEAS']","['crop', 'pasture']",2
CAÑA 10%-PASTO ELAFNET15%-PLATANO 10%,2,"['CAÑA DE AZUCAR', 'PASTO ELAFNET', 'PLATANO']","['crop', 'pasture', 'crop']",3
YUCA30%-MAIZ 20%,2,"['YUCA', 'MAIZ']","['crop', 'crop']",2
ARROZ 30%-YUCA 70%,2,"['ARROZ', 'YUCA']","['crop', 'crop']",2
ARROZ 40%-YUCA 40%,2,"['ARROZ', 'YUCA']","['crop', 'crop']",2
ARROZ 80%-CAÑA DE AZUCAR 10%,2,"['ARROZ', 'CAÑA DE AZUCAR']","['crop', 'crop']",2
ARROZ 40%-FRIJOL 30%-YUCA 30%,2,"['ARROZ', 'FRIJOL', 'YUCA']","['crop', 'crop', 'crop']",3
ARROZ 40%-MAIZ 5%-YUCA 5%-FRIJOL 10%,2,"['ARROZ', 'MAIZ', 'YUCA', 'FRIJOL']","['crop', 'crop', 'crop', 'crop']",4
ARROZ 65%-YUCA 5%-MAIZ 5%-FRIJOL 5%,2,"['ARROZ', 'YUCA', 'MAIZ', 'FRIJOL']","['crop', 'crop', 'crop', 'crop']",4
ARROZ 70%-MAIZ 5%,2,"['ARROZ', 'MAIZ']","['crop', 'crop']",2
MANGO 30%-HUABO 105,2,"['MANGO', 'GUABO']","['crop', 'crop']",2
PASTO DE ELAFANTE 25%-CAÑA DE AZUCAR 10%,2,"['PASTO DE ELAFANTE', 'CAÑA DE AZUCAR']","['pasture', 'crop']",2
YUCA 70%-CAÑA DE AZUCAR 15%,2,"['YUCA', 'CAÑA DE AZUCAR']","['crop', 'crop']",2
CAMOTE 50%-YUCA 50%,2,"['CAMOTE', 'YUCA']","['crop', 'crop']",2
FAIQUE  ALGARROBO ZAPOTE,2,"['FAIQUE', 'ALGARROBO', 'ZAPOTE']","['crop', 'crop', 'crop']",3
FRIJOL 50% MAIZ 50%,2,"['FRIJOL', 'MAIZ']","['crop', 'crop']",2
ARROZ 30%-MAIZ 35%-YUCA 15%,2,"['ARROZ', 'MAIZ', 'YUCA']","['crop', 'crop', 'crop']",3
ARROZ 60%-MAIZ 15%,2,"['ARROZ', 'MAIZ']","['crop', 'crop']",2
ARROZ 65%-MAIZ 25%,2,"['ARROZ', 'MAIZ']","['crop', 'crop']",2
FRIJOL 30%,2,['FRIJOL'],['crop'],1
LIMON 30-PLATANO 10,2,"['LIMON', 'PLATANO']","['crop', 'crop']",2
YUCA 40%-PLATANO 20%-FREJOL 405,2,"['YUCA', 'PLATANO', 'FRIJOL']","['crop', 'crop', 'crop']",3
ARROZ 40%-YUCA 20%-MAIZ 30%,2,"['ARROZ', 'YUCA', 'MAIZ']","['crop', 'crop', 'crop']",3
ARROZ 50%-MAIZ 30%,2,"['ARROZ', 'MAIZ']","['crop', 'crop']",2
ARROZ 85%-FRIJOL DE PALO 5%,2,"['ARROZ', 'FRIJOL DE PALO']","['crop', 'crop']",2
CAÑA DE AZUCAR 15%-PASTO ELEFANTE 15%,2,"['CAÑA DE AZUCAR', 'PASTO ELEFANTE']","['crop', 'pasture']",2
MAIX 10%-ARROZZ 90%,2,"['MAIX', 'ARROZZ']","['crop', 'crop']",2
MAIZ 15%-YUCA 15%,2,"['MAIZ', 'YUCA']","['crop', 'crop']",2
MAIZ 30%- FRIJOL 205,2,"['MAIZ', 'FRIJOL']","['crop', 'crop']",2
MAIZ 40%-FRIJOL 50%,2,"['MAIZ', 'FRIJOL']","['crop', 'crop']",2
MAIZ 55-CAMOTA 55,2,"['MAIZ', 'CAMOTA']","['crop', 'crop']",2
MANGO NARANJA CIRUELA,2,"['MANGO', 'NARANJA', 'CIRUELA']","['crop', 'crop', 'crop']",3
FRIJOL 40%-MAIZ 205,2,"['FRIJOL', 'MAIZ']","['crop', 'crop']",2
FRIJOL 50%-MAIZ 505,2,"['FRIJOL', 'MAIZ']","['crop', 'crop']",2
MAIZ 20%-YUCA 20%,2,"['MAIZ', 'YUCA']","['crop', 'crop']",2
ARROZ 40%-FRIJOL DE PALO10%,2,"['ARROZ', 'FRIJOL DE PALO']","['crop', 'crop']",2
GUAYAQUIL10%- GUABOS 5%,2,"['GUAYAQUIL', 'GUABO']","['crop', 'crop']",2
MAIZ 20%-YUCA 205-FRIJOL 205-ARROZ 20%,2,"['MAIZ', 'YUCA', 'FRIJOL', 'ARROZ']","['crop', 'crop', 'crop', 'crop']",4
MAIZ 50%-FRIJOL 505,2,"['MAIZ', 'FRIJOL']","['crop', 'crop']",2
PASTO DE ELAFNET,2,['PASTO DE ELAFNET'],['pasture'],1
ARROZ 20%- FRIJOL 10%,2,"['ARROZ', 'FRIJOL']","['crop', 'crop']",2
ARROZ 55%-MAIZ 10%-YUCA 10%,2,"['ARROZ', 'MAIZ', 'YUCA']","['crop', 'crop', 'crop']",3
ARROZ 60%-MAIZ 30%-YUCA 10%,2,"['ARROZ', 'MAIZ', 'YUCA']","['crop', 'crop', 'crop']",3
ARROZ 60%-YUCA 10%-CAÑA DE AZUCAR 10%-MAIZ 20%,2,"['ARROZ', 'YUCA', 'CAÑA DE AZUCAR', 'MAIZ']","['crop', 'crop', 'crop', 'crop']",4
CAÑA DE AZUCAR 10%-PASTO DE ELEFANTE 20%,2,"['CAÑA DE AZUCAR', 'PASTO ELEFANTE']","['crop', 'pasture']",2
GUAYAQUIL 5%-PASTO DE ELEFANTE 20%,2,"['GUAYAQUIL', 'PASTO ELEFANTE']","['crop', 'pasture']",2
ARROZ 40%-MAIZ 10%-CAÑA DE AZUCAR 105,2,"['ARROZ', 'MAIZ', 'CAÑA DE AZUCAR']","['crop', 'crop', 'crop']",3
ARROZ 50%-FRIJOL 20%-MAIZ 10%,2,"['ARROZ', 'FRIJOL', 'MAIZ']","['crop', 'crop', 'crop']",3
ARROZ 60%-MAIZ 30%-CAÑA DE AZUCAR 10%,2,"['ARROZ', 'MAIZ', 'CAÑA DE AZUCAR']","['crop', 'crop', 'crop']",3
ARROZ 70%-MAIZ 305,2,"['ARROZ', 'MAIZ']","['crop', 'crop']",2
ARROZ 80%- MAIZ 10%,2,"['ARROZ', 'MAIZ']","['crop', 'crop']",2
ARROZ 80%-MAIZ 10%,2,"['ARROZ', 'MAIZ']","['crop', 'crop']",2
CAÑA DE AZUCAR 10,2,['CAÑA DE AZUCAR'],['crop'],1
FRIJOL 20%-MAIZ 30%,2,"['FRIJOL', 'MAIZ']","['crop', 'crop']",2
FRIJOL 20%-MAIZ 30%.-,2,"['FRIJOL', 'MAIZ']","['crop', 'crop']",2
ARROZ 60%-PASTO ELEFANTE 40%,2,"['ARROZ', 'PASTO ELEFANTE']","['crop', 'pasture']",2
"GRAMINEAS 60%-LEGUMINOSAS , FORRAJERAS 40",2,"['GRAMINEAS', 'MENESTRAS', 'FORRAJERAS']","['pasture', 'crop', 'crop']",3
GRAMINEAS Y FORRAJERAS,2,"['GRAMINEAS', 'FORRAJERAS']","['pasture', 'crop']",2
GRAMINEAS Y LEGIMINOSAS,2,"['GRAMINEAS', 'LEGIMINOSAS']","['pasture', 'crop']",2
MAIZ 20 - FRIJOL 30,2,"['MAIZ', 'FRIJOL']","['crop', 'crop']",2
MAIZ 20%-CAMOTE 10%-YUCA 10%,2,"['MAIZ', 'CAMOTE', 'YUCA']","['crop', 'crop', 'crop']",3
OVERAL,2,['OVERAL'],['crop'],1
OVERAL 20%-AMOR SECO 40%PAJA CHIELNA 40%,2,"['OVERAL', 'AMOR SECO', 'PAJA CHIELNA']","['crop', 'crop', 'pasture']",3
PAJA CHILENA Y GRAMALOTE,2,"['PAJA CHILENA', 'GRAMALOTE']","['pasture', 'pasture']",2
GRAMA CHIELNA,2,['GRAMA CHIELNA'],['pasture'],1
MAIZ 20%-FRIJOL 30%,2,"['MAIZ', 'FRIJOL']","['crop', 'crop']",2
ARROZ 50%-MAIZ 10%,2,"['ARROZ', 'MAIZ']","['crop', 'crop']",2
"ARROZ 60, MAIZ 40",2,"['ARROZ', 'MAIZ']","['crop', 'crop']",2
ARROZ 60%-MAIZ 30%-FRIJOL 10%,2,"['ARROZ', 'MAIZ', 'FRIJOL']","['crop', 'crop', 'crop']",3
CAMOTE 20%-CAÑA DE AZUCAR 70%,2,"['CAMOTE', 'CAÑA DE AZUCAR']","['crop', 'crop']",2
MAIZ 60%-FRIJOL 30%-YUCA 10%,2,"['MAIZ', 'FRIJOL', 'YUCA']","['crop', 'crop', 'crop']",3
PASTO ELEFANTE20%-ARROZ80,2,"['PASTO ELEFANTE', 'ARROZ']","['pasture', 'crop']",2
ARROZ 70%-MAIZ 20%.-,2,"['ARROZ', 'MAIZ']","['crop', 'crop']",2
MAIZ 40%-FRIJOL 40%-YUCA 20%,2,"['MAIZ', 'FRIJOL', 'YUCA']","['crop', 'crop', 'crop']",3
MAIZ 5%-YUCA 10%,2,"['MAIZ', 'YUCA']","['crop', 'crop']",2
PASTO DE ELEFANTE 40%-GRAMA CHILENA,2,"['PASTO ELEFANTE', 'GRAMA CHILENA']","['pasture', 'pasture']",2
LIMON 40%-MANGO 15%-HUABO 20%,2,"['LIMON', 'MANGO', 'GUABO']","['crop', 'crop', 'crop']",3
LIMON 40%-MANGO 5%,2,"['LIMON', 'MANGO']","['crop', 'crop']",2
"ARROZ 30%-FRIJOL CHILENO 35%, MAIZ 10%",2,"['ARROZ', 'FRIJOL CAUPI', 'MAIZ']","['crop', 'crop', 'crop']",3
ARROZ 30%-MAIZ 50%-FRIJOL DE PALO 20%,2,"['ARROZ', 'MAIZ', 'FRIJOL DE PALO']","['crop', 'crop', 'crop']",3
ARROZ90%-FRIJOL 10%,2,"['ARROZ', 'FRIJOL']","['crop', 'crop']",2
LIMON 10%-PASTO DE ELEFANTE70%,2,"['LIMON', 'PASTO ELEFANTE']","['crop', 'pasture']",2
MANI 30%-YUCA 30%-MAIZ 20%-CAMOTE 20%,2,"['MANI', 'YUCA', 'MAIZ', 'CAMOTE']","['crop', 'crop', 'crop', 'crop']",4
PASTO ELEFANTE 70%-PAJA DE CORTE,2,"['PASTO ELEFANTE', 'PAJA DE CORTE']","['pasture', 'pasture']",2
PASTOELEFANTE 60%-PAJA DE CORTE 20%,2,"['PASTOELEFANTE', 'PAJA DE CORTE']","['pasture', 'pasture']",2
ARROZ 35%-MAIZ 15%,2,"['ARROZ', 'MAIZ']","['crop', 'crop']",2
ARROZ50%-MAIZ 30%-MANGO 10%,2,"['ARROZ', 'MAIZ', 'MANGO']","['crop', 'crop', 'crop']",3
ALGODOMN,2,['ALGODOMN'],['crop'],1
ARROZ 60%-YUCA10%-CAÑA DEAZUCAR 10%,2,"['ARROZ', 'YUCA', 'CAÑA DEAZUCAR']","['crop', 'crop', 'crop']",3
ARROZ60%-MAIZ 15%,2,"['ARROZ', 'MAIZ']","['crop', 'crop']",2
MAIZ 50-ALGODON 50,2,"['MAIZ', 'ALGODON']","['crop', 'crop']",2
PLATANO 20,2,['PLATANO'],['crop'],1
ARROZ 40%&-MAIZ 30%,2,"['ARROZ', 'MAIZ']","['crop', 'crop']",2
ARROZ 50%-MAIZ 20%-FRIJOL 20%,2,"['ARROZ', 'MAIZ', 'FRIJOL']","['crop', 'crop', 'crop']",3
ARROZ 80%-YUCA 10%-MAIZ 10%,2,"['ARROZ', 'YUCA', 'MAIZ']","['crop', 'crop', 'crop']",3
FRIJOL 20%-MAIZ 20%,2,"['FRIJOL', 'MAIZ']","['crop', 'crop']",2
MAIZ 20%-ARROZ 40%,2,"['MAIZ', 'ARROZ']","['crop', 'crop']",2
PAJA CHIELNA,2,['PAJA CHIELNA'],['pasture'],1
ARROZ 20%-FRIJOL 20%-MAIZ 20%,2,"['ARROZ', 'FRIJOL', 'MAIZ']","['crop', 'crop', 'crop']",3
ARROZ 80%-PASTO ELEFANTE 20%,2,"['ARROZ', 'PASTO ELEFANTE']","['crop', 'pasture']",2
ARROZ70%-MAIZ 10%-CAMOTE 10%-YUCA 10%,2,"['ARROZ', 'MAIZ', 'CAMOTE', 'YUCA']","['crop', 'crop', 'crop', 'crop']",4
CAÑA 10%-ARROZ 20%-MAIZ 30%,2,"['CAÑA DE AZUCAR', 'ARROZ', 'MAIZ']","['crop', 'crop', 'crop']",3
LIMON 15%-PALTA 5%,2,"['LIMON', 'PALTA']","['crop', 'crop']",2
MAIZ 20%-FRIJOL20%-YUCA 10,2,"['MAIZ', 'FRIJOL', 'YUCA']","['crop', 'crop', 'crop']",3
MAIZ 25%-FRIJOL 25%,2,"['MAIZ', 'FRIJOL']","['crop', 'crop']",2
MAIZ 40%-ARROZ 10%,2,"['MAIZ', 'ARROZ']","['crop', 'crop']",2
ARROZ 60%-MAIZ 10%-CAÑA DE AZUCAR 10%,2,"['ARROZ', 'MAIZ', 'CAÑA DE AZUCAR']","['crop', 'crop', 'crop']",3
ARROZ 60%-MAIZ 20%-YUCA 10%-FRIJOL 10%,2,"['ARROZ', 'MAIZ', 'YUCA', 'FRIJOL']","['crop', 'crop', 'crop', 'crop']",4
ARROZ60%-MAIZ 10%-CAÑAÑ DE AZUCAR 10,2,"['ARROZ', 'MAIZ', 'CAÑAÑ DE AZUCAR']","['crop', 'crop', 'crop']",3
BARBARA,2,['BARBARA'],['crop'],1
CAÑADE AZUCAR 10%-PLATANO 15%,2,"['CAÑADE AZUCAR', 'PLATANO']","['crop', 'crop']",2
LIMON 50%-CAÑA DE AZUCAR 50%,2,"['LIMON', 'CAÑA DE AZUCAR']","['crop', 'crop']",2
"LIMONES, TAMARINDO",2,"['LIMON', 'TAMARINDO']","['crop', 'crop']",2
ARROZ 20%-MAIZ 20%-FRIJOL 20%,2,"['ARROZ', 'MAIZ', 'FRIJOL']","['crop', 'crop', 'crop']",3
ARROZ50%-MAIZ 50%,2,"['ARROZ', 'MAIZ']","['crop', 'crop']",2
CAÑA DEAZUCAR 10-MANGO 5%,2,"['CAÑA DEAZUCAR', 'MANGO']","['crop', 'crop']",2
MAIZ 25%*-FRIJOL 255,2,"['MAIZ', 'FRIJOL']","['crop', 'crop']",2
MAIZ 30%--FRIJOL 10%,2,"['MAIZ', 'FRIJOL']","['crop', 'crop']",2
MAIZ 40%-CAMOTE 20%-YUCA 20%,2,"['MAIZ', 'CAMOTE', 'YUCA']","['crop', 'crop', 'crop']",3
MAIZ -FRIJOL,2,"['MAIZ', 'FRIJOL']","['crop', 'crop']",2
"MANGO 20, TAMARINDO 30, HUABO 10",2,"['MANGO', 'TAMARINDO', 'GUABO']","['crop', 'crop', 'crop']",3
PASTO DE ELEFANTE 40%-PAJA DE CORTE,2,"['PASTO ELEFANTE', 'PAJA DE CORTE']","['pasture', 'pasture']",2
PASTOELEFANTE 25%-PAJA DE CORTE,2,"['PASTOELEFANTE', 'PAJA DE CORTE']","['pasture', 'pasture']",2
PLATANO 40%-CAÑA DE AZUCAR 30%,2,"['PLATANO', 'CAÑA DE AZUCAR']","['crop', 'crop']",2
CAÑA DE AZUCAR 60%-PAJA DE CORTE 20,2,"['CAÑA DE AZUCAR', 'PAJA DE CORTE']","['crop', 'pasture']",2
GRAMALOTE 70%-PAJA DE CORTE 30,2,"['GRAMALOTE', 'PAJA DE CORTE']","['pasture', 'pasture']",2
LIMON 40%-GUAYAQUIL 15%-HUABO 10%,2,"['LIMON', 'GUAYAQUIL', 'GUABO']","['crop', 'crop', 'crop']",3
MANGO 40%-GUAYAQUIL 15%-HUABO 15%,2,"['MANGO', 'GUAYAQUIL', 'GUABO']","['crop', 'crop', 'crop']",3
MAIZ 15%-GIRASOL 10%-YUCA 15%,2,"['MAIZ', 'GIRASOL', 'YUCA']","['crop', 'crop', 'crop']",3
FRIJOL 60%-CAÑA DE AZUCAR,2,"['FRIJOL', 'CAÑA DE AZUCAR']","['crop', 'crop']",2
MAIZ 10%-FRIJOL 10%,2,"['MAIZ', 'FRIJOL']","['crop', 'crop']",2
ARROZ 15%-GIRASOL 30%,2,"['ARROZ', 'GIRASOL']","['crop', 'crop']",2
ARROZ 90%-FRIJOL 10%,2,"['ARROZ', 'FRIJOL']","['crop', 'crop']",2
CAÑA DE AZUCAR 5%-PAJA DE CORTE,2,"['CAÑA DE AZUCAR', 'PAJA DE CORTE']","['crop', 'pasture']",2
CAÑADE AZUCAR 15%-MANGO 5%-PAJA DE CORTE 10%-HUABO 5%,2,"['CAÑADE AZUCAR', 'MANGO', 'PAJA DE CORTE', 'GUABO']","['crop', 'crop', 'pasture', 'crop']",4
MANI 30%-MAIZ 40%-CAMOTE 10%,2,"['MANI', 'MAIZ', 'CAMOTE']","['crop', 'crop', 'crop']",3
YUCA 45%-FRIJOL DE PALO 5%-MANI 20%,2,"['YUCA', 'FRIJOL DE PALO', 'MANI']","['crop', 'crop', 'crop']",3
ARROZ 35%-FRIJOL DE PALO 5%,2,"['ARROZ', 'FRIJOL DE PALO']","['crop', 'crop']",2
ARROZ-60%-MAIZ 20%,2,"['ARROZ', 'MAIZ']","['crop', 'crop']",2
MAIZ 20%-FRIJOL 20%.-,2,"['MAIZ', 'FRIJOL']","['crop', 'crop']",2
PASTO DE ELEFANTE 10%,2,['PASTO ELEFANTE'],['pasture'],1
ARROZ 10%-YUCA 40%-FRIJOL DE PALAO 10%,2,"['ARROZ', 'YUCA', 'FRIJOL DE PALAO']","['crop', 'crop', 'crop']",3
ARROZ 20%-YUCA 20%-FRIJOL DE PALO 10%,2,"['ARROZ', 'YUCA', 'FRIJOL DE PALO']","['crop', 'crop', 'crop']",3
ARROZ 80%- MAIAZ 10%,2,"['ARROZ', 'MAIAZ']","['crop', 'crop']",2
ARROZ 80%-FRIJOL 10%.-,2,"['ARROZ', 'FRIJOL']","['crop', 'crop']",2
ARROZ80%-FRIJOL 10%,2,"['ARROZ', 'FRIJOL']","['crop', 'crop']",2
CAÑA DE AZUCAR 30%-PAJA DE CORTE 50,2,"['CAÑA DE AZUCAR', 'PAJA DE CORTE']","['crop', 'pasture']",2
CAÑA DEAZUCAR 40%-PLATANO 40%,2,"['CAÑA DEAZUCAR', 'PLATANO']","['crop', 'crop']",2
MANI 20%-YUCA 35%-FRIJOL DE PALO 10%,2,"['MANI', 'YUCA', 'FRIJOL DE PALO']","['crop', 'crop', 'crop']",3
YUCA 30%-FRIJOL DE PALO 30%,2,"['YUCA', 'FRIJOL DE PALO']","['crop', 'crop']",2
ARROZ 1,2,['ARROZ'],['crop'],1
ARROZ 60-MAIZ 20,2,"['ARROZ', 'MAIZ']","['crop', 'crop']",2
LIMON 20%-PLATANO 25%-MANGO 20%-CIRUELO 5%,2,"['LIMON', 'PLATANO', 'MANGO', 'CIRUELA']","['crop', 'crop', 'crop', 'crop']",4
MAIZ 20%-ARROZ 20%,2,"['MAIZ', 'ARROZ']","['crop', 'crop']",2
ARROZ 15%-MAIZS 15%,2,"['ARROZ', 'MAIZ']","['crop', 'crop']",2
ARROZ 50%-MAIZ 40%-FRIJOL 105,2,"['ARROZ', 'MAIZ', 'FRIJOL']","['crop', 'crop', 'crop']",3
ARROZ 70%-YUCA 5%,2,"['ARROZ', 'YUCA']","['crop', 'crop']",2
ARROZ50%-MAIZ 50%-100,2,"['ARROZ', 'MAIZ']","['crop', 'crop']",2
CAMOTE 5%-YUCA 10%-MAIZ 10%-GIRASOL 10%,2,"['CAMOTE', 'YUCA', 'MAIZ', 'GIRASOL']","['crop', 'crop', 'crop', 'crop']",4
MAIZ 50%-FRIJOL 20%-YUCA 10%,2,"['MAIZ', 'FRIJOL', 'YUCA']","['crop', 'crop', 'crop']",3
MANI 40%-FRIJOL 10%-MAIZ 20%,2,"['MANI', 'FRIJOL', 'MAIZ']","['crop', 'crop', 'crop']",3
PAJA DE CORTE 15%-PASTO DE ELEFANTE 5,2,"['PAJA DE CORTE', 'PASTO ELEFANTE']","['pasture', 'pasture']",2
FRIJOL 20%-MAIZ 20%-YUCA 105.-,2,"['FRIJOL', 'MAIZ', 'YUCA']","['crop', 'crop', 'crop']",3
MANGO 10%-CAÑA DE AZUCAR 10%,2,"['MANGO', 'CAÑA DE AZUCAR']","['crop', 'crop']",2
PALA DE CORTE 60%-PASTO DE ELAFANTE 20%,2,"['PALA DE CORTE', 'PASTO DE ELAFANTE']","['crop', 'pasture']",2
ARROZ 60%-MAIZ 20%-FRIJOL 10%,2,"['ARROZ', 'MAIZ', 'FRIJOL']","['crop', 'crop', 'crop']",3
ARROZ 80%-MAIZ 105.-,2,"['ARROZ', 'MAIZ']","['crop', 'crop']",2
CAÑA DE AZUCAR 20%-MAIZ 20%,2,"['CAÑA DE AZUCAR', 'MAIZ']","['crop', 'crop']",2
ZAPALLO 60%-FRIJOL CHILENO 10%,2,"['ZAPALLO', 'FRIJOL CAUPI']","['crop', 'crop']",2
MAIZ 40%-CAMOTE020%-CAÑA DE AZUCAR 20%,2,"['MAIZ', 'CAMOTE', 'CAÑA DE AZUCAR']","['crop', 'crop', 'crop']",3
ARROZ 15%-MAIZ 155,2,"['ARROZ', 'MAIZ']","['crop', 'crop']",2
ARROZ 80%-MAIZ 10%-,2,"['ARROZ', 'MAIZ']","['crop', 'crop']",2
CAÑA 30 - MAIZ 50,2,"['CAÑA DE AZUCAR', 'MAIZ']","['crop', 'crop']",2
YUCA 30 - FRIJOL 20 - CAÑA DE AZUCAR 50,2,"['YUCA', 'FRIJOL', 'CAÑA DE AZUCAR']","['crop', 'crop', 'crop']",3
ARROZ 60%-YUCA 5%-FRIJOL DE PALO 5%,2,"['ARROZ', 'YUCA', 'FRIJOL DE PALO']","['crop', 'crop', 'crop']",3
PASTO ELEFANTE 10%-CAÑA DE AZUCAR 5%,2,"['PASTO ELEFANTE', 'CAÑA DE AZUCAR']","['pasture', 'crop']",2
ARROZ 10%-YUCA 40%-FRIJOL 10%-CAÑA,2,"['ARROZ', 'YUCA', 'FRIJOL', 'CAÑA DE AZUCAR']","['crop', 'crop', 'crop', 'crop']",4
ARROZ 60%-PAN LLEVAR 10%,2,"['ARROZ', 'PAN LLEVAR']","['crop', 'crop']",2
ARROZ 70%-PAN LLEVAR 20%,2,"['ARROZ', 'PAN LLEVAR']","['crop', 'crop']",2
ARROZ 70%-YUCA 10%,2,"['ARROZ', 'YUCA']","['crop', 'crop']",2
FAIQUEZ,2,['FAIQUEZ'],['crop'],1
MAN,2,['MAN'],['crop'],1
ARROZ 30 - CAÑA 60 - MAIZ 10,2,"['ARROZ', 'CAÑA DE AZUCAR', 'MAIZ']","['crop', 'crop', 'crop']",3
ARROZ 40 - CAÑA DE AZUCAR 20%,2,"['ARROZ', 'CAÑA DE AZUCAR']","['crop', 'crop']",2
MAIZ 20 -  ARROZ 40 - CAÑA 20 - PLATANO 10,2,"['MAIZ', 'ARROZ', 'CAÑA DE AZUCAR', 'PLATANO']","['crop', 'crop', 'crop', 'crop']",4
"MAIZ 50 , YUCA 20 , FREJOL 30",2,"['MAIZ', 'YUCA', 'FRIJOL']","['crop', 'crop', 'crop']",3
"MANGO 20 , HUABO 10",2,"['MANGO', 'GUABO']","['crop', 'crop']",2
PAJA 30,2,['PAJA'],['pasture'],1
PLATANO 30%,2,['PLATANO'],['crop'],1
YUCA 20 - PLATANO 20 - CAÑA 30,2,"['YUCA', 'PLATANO', 'CAÑA DE AZUCAR']","['crop', 'crop', 'crop']",3
CAÑA 40%-ARROZ 40%-PLATANO 10%,2,"['CAÑA DE AZUCAR', 'ARROZ', 'PLATANO']","['crop', 'crop', 'crop']",3
MANGO 8%-LIMON 2%,2,"['MANGO', 'LIMON']","['crop', 'crop']",2
ARROZ 40%-MAIZ 20%-YUCA 20%,2,"['ARROZ', 'MAIZ', 'YUCA']","['crop', 'crop', 'crop']",3
ARROZ 80 - MAIZ 10,2,"['ARROZ', 'MAIZ']","['crop', 'crop']",2
DESCANSO CULTIVO LIMON,2,"['DESCANSO', 'SIN ESPECIFICAR', 'LIMON']","['fallow', 'unspecified', 'crop']",3
ALGARROBO OVERAL,2,['ALGARROBO OVERAL'],['crop'],1
ARROZ 80%-FREJOL 20%,2,"['ARROZ', 'FRIJOL']","['crop', 'crop']",2
ARROZ PAN LLEVAR,2,['ARROZ PAN LLEVAR'],['crop'],1
CAÑA DE AZUCAR 30%-PLATANO 20%,2,"['CAÑA DE AZUCAR', 'PLATANO']","['crop', 'crop']",2
CAÑA DE AZUCAR 40%-PLATANO 30%,2,"['CAÑA DE AZUCAR', 'PLATANO']","['crop', 'crop']",2
CAÑA DE AZUCAR 50  -  PLATANO 30  - PASTO ELEFANTE 20,2,"['CAÑA DE AZUCAR', 'PLATANO', 'PASTO ELEFANTE']","['crop', 'crop', 'pasture']",3
FREJOL YUCA,2,"['FRIJOL', 'YUCA']","['crop', 'crop']",2
HUABO 5 - MANGO 5,2,"['GUABO', 'MANGO']","['crop', 'crop']",2
MAIZ 40 - YUCA 15 - FREJOL 5,2,"['MAIZ', 'YUCA', 'FRIJOL']","['crop', 'crop', 'crop']",3
YUCA 10%-MAIZ 20%,2,"['YUCA', 'MAIZ']","['crop', 'crop']",2
"YUCA, PAN LLEVAR",2,"['YUCA', 'PAN LLEVAR']","['crop', 'crop']",2
ARROZ 80- MAIZ 20,2,"['ARROZ', 'MAIZ']","['crop', 'crop']",2
CAÑA DE AZUCAR 40 - PLATANO 20 - PASTO ELEFANTE,2,"['CAÑA DE AZUCAR', 'PLATANO', 'PASTO ELEFANTE']","['crop', 'crop', 'pasture']",3
MAIOZ 30%-ARRO< 50%-FRIJOL 10%,2,"['MAIOZ', 'ARRO<', 'FRIJOL']","['crop', 'crop', 'crop']",3
PAIMAS,2,['PAIMAS'],['crop'],1
PAJA DE CORTE 80  -  PASTO DE ELEFANTE 10,2,"['PAJA DE CORTE', 'PASTO ELEFANTE']","['pasture', 'pasture']",2
ARROZ 50%-YUCA 20%-CALA 10,2,"['ARROZ', 'YUCA', 'CALA']","['crop', 'crop', 'crop']",3
CAÑA DE AZUCAR 10%-PAJA DE CORTE 5%,2,"['CAÑA DE AZUCAR', 'PAJA DE CORTE']","['crop', 'pasture']",2
CAÑA DE AZUCAR 15%-PASTO ELEFANTE 10%,2,"['CAÑA DE AZUCAR', 'PASTO ELEFANTE']","['crop', 'pasture']",2
"CAÑA DE AZUCAR 40, PAJA DE CORTE 30",2,"['CAÑA DE AZUCAR', 'PAJA DE CORTE']","['crop', 'pasture']",2
FRIJOL 30%-YUCA 30%-CAMOTE 10%,2,"['FRIJOL', 'YUCA', 'CAMOTE']","['crop', 'crop', 'crop']",3
PLATANO 20%-CAÑA DE AZUCAR 20%-MANGO CIRUELO 10,2,"['PLATANO', 'CAÑA DE AZUCAR', 'MANGO']","['crop', 'crop', 'crop']",3
ARROZ 30  -  MAIZ 20,2,"['ARROZ', 'MAIZ']","['crop', 'crop']",2
ARROZ 30 - MAIZ 20,2,"['ARROZ', 'MAIZ']","['crop', 'crop']",2
FRIJOL 20%-MAIZ 40%-YUCA 20%,2,"['FRIJOL', 'MAIZ', 'YUCA']","['crop', 'crop', 'crop']",3
SOJA 80%-ARROZ 20,2,"['SOYA', 'ARROZ']","['crop', 'crop']",2
ARROZ 50 - TUCA 5,2,"['ARROZ', 'TUCA']","['crop', 'crop']",2
ARROZ 65 - YUCA 5,2,"['ARROZ', 'YUCA']","['crop', 'crop']",2
ARROZ 70 - MAIZ 30,2,"['ARROZ', 'MAIZ']","['crop', 'crop']",2
CAÑA DE AZUCAR  50%-CAMOTE 20%-YUCA 10%-FRIJOL 20%,2,"['CAÑA DE AZUCAR', 'CAMOTE', 'YUCA', 'FRIJOL']","['crop', 'crop', 'crop', 'crop']",4
FRIJOL 30%-MAIZ 30%.-,2,"['FRIJOL', 'MAIZ']","['crop', 'crop']",2
MAIZ 50 - FRIJOL 20 - YUCA 15,2,"['MAIZ', 'FRIJOL', 'YUCA']","['crop', 'crop', 'crop']",3
PAJA CHILENA 5 - PLATANO 5,2,"['PAJA CHILENA', 'PLATANO']","['pasture', 'crop']",2
ARROZ 50 - YUCA 25,2,"['ARROZ', 'YUCA']","['crop', 'crop']",2
ARROZ 60 MAIZ 35,2,"['ARROZ', 'MAIZ']","['crop', 'crop']",2
CAÑA DE AZUCAR 25,2,['CAÑA DE AZUCAR'],['crop'],1
MAIZ 20 YUCA 80,2,"['MAIZ', 'YUCA']","['crop', 'crop']",2
MANGO KENT 90%-MANGO EDWARD 10%,2,"['MANGO KENT', 'MANGO EDWARD']","['crop', 'crop']",2
PAJA DE CORTE 90  PASTO ELEFANTE 10,2,"['PAJA DE CORTE', 'PASTO ELEFANTE']","['pasture', 'pasture']",2
YUCA 15 - MAIZ 15,2,"['YUCA', 'MAIZ']","['crop', 'crop']",2
YUYO 10%-CURRIHUELA 20%-PAJA BLANCA 20%,2,"['YUYO', 'CURRIHUELA', 'PAJA BLANCA']","['crop', 'crop', 'pasture']",3
ARROZ  40  - MAIZ  20,2,"['ARROZ', 'MAIZ']","['crop', 'crop']",2
CAFE 50-PLATANO 30,2,"['CAFE', 'PLATANO']","['crop', 'crop']",2
CAFE 50-PLATANO 45-CAÑA 5,2,"['CAFE', 'PLATANO', 'CAÑA DE AZUCAR']","['crop', 'crop', 'crop']",3
CAFE 20 - PLATANO 15 - CAÑA DE AZUCAR 20,2,"['CAFE', 'PLATANO', 'CAÑA DE AZUCAR']","['crop', 'crop', 'crop']",3
CAFE 40 - PLATANO 40 - CAÑA DE AZUCAR 10 - HUABOS 10,2,"['CAFE', 'PLATANO', 'CAÑA DE AZUCAR', 'GUABO']","['crop', 'crop', 'crop', 'crop']",4
CAFE 45 - PLATANO 50 - NARANJA 5,2,"['CAFE', 'PLATANO', 'NARANJA']","['crop', 'crop', 'crop']",3
CAFE 25 - PLATANO 30 - CAÑA DE AZUCAR 35 - GUAYAQUIL 10,2,"['CAFE', 'PLATANO', 'CAÑA DE AZUCAR', 'GUAYAQUIL']","['crop', 'crop', 'crop', 'crop']",4
CAFE 50 -  PLATANO 50,2,"['CAFE', 'PLATANO']","['crop', 'crop']",2
CAFE 60 - PLATANO 25 - NARANJO 5,2,"['CAFE', 'PLATANO', 'NARANJA']","['crop', 'crop', 'crop']",3
CAÑA DE AZUCAR 30 - CAFE 30 - PLATANO 40,2,"['CAÑA DE AZUCAR', 'CAFE', 'PLATANO']","['crop', 'crop', 'crop']",3
"PLATANO 30, CAÑA DE AZUCAR 30, CAFE 40",2,"['PLATANO', 'CAÑA DE AZUCAR', 'CAFE']","['crop', 'crop', 'crop']",3
ROBLE 5 CAÑA DE GUAYAQUIL 5,2,"['ROBLE', 'CAÑA DE GUAYAQUIL']","['crop', 'crop']",2
ALGARROBO FAIQUE OVERAL,2,['ALGARROBO FAIQUE OVERAL'],['crop'],1
CAFE 35 - PLATANO 35,2,"['CAFE', 'PLATANO']","['crop', 'crop']",2
CAFE 40 - PLATANO 20 - PASTO ELEFANTE,2,"['CAFE', 'PLATANO', 'PASTO ELEFANTE']","['crop', 'crop', 'pasture']",3
CAFE 40 - PLATANO 40 - CAÑA DE AZUCAR 20,2,"['CAFE', 'PLATANO', 'CAÑA DE AZUCAR']","['crop', 'crop', 'crop']",3
CAFE 60 - PLATANO 25 - PASTO ELEFANTE 15,2,"['CAFE', 'PLATANO', 'PASTO ELEFANTE']","['crop', 'crop', 'pasture']",3
CAFE 70 - PLATANO 20  - NARANJO 10,2,"['CAFE', 'PLATANO', 'NARANJA']","['crop', 'crop', 'crop']",3
CAFE 70 - PLATANO 20 - NARANJO,2,"['CAFE', 'PLATANO', 'NARANJA']","['crop', 'crop', 'crop']",3
CAFE 80 - PLATANO 10 - PASTO ELEFANTE 10,2,"['CAFE', 'PLATANO', 'PASTO ELEFANTE']","['crop', 'crop', 'pasture']",3
CAFE 80 - PLATANO 15 - NARANJO 5,2,"['CAFE', 'PLATANO', 'NARANJA']","['crop', 'crop', 'crop']",3
PASTO DE ELEFANTE 65 - CAFE 20 - CAÑA DE AZUCAR 10 - PLATANO 5,2,"['PASTO ELEFANTE', 'CAFE', 'CAÑA DE AZUCAR', 'PLATANO']","['pasture', 'crop', 'crop', 'crop']",4
CAFE 50 - CAÑA DE AZUCAR 40 - GUAYAQUIL 5 - NARANJAS 5,2,"['CAFE', 'CAÑA DE AZUCAR', 'GUAYAQUIL', 'NARANJA']","['crop', 'crop', 'crop', 'crop']",4
CAÑA DE AZUCAR 40 - CAFE 40 - PLATANO 20,2,"['CAÑA DE AZUCAR', 'CAFE', 'PLATANO']","['crop', 'crop', 'crop']",3
CAÑA DE AZUCAR 65 - CAFE 35,2,"['CAÑA DE AZUCAR', 'CAFE']","['crop', 'crop']",2
CAFE 40%-PLATANO 40%-NARANJA,2,"['CAFE', 'PLATANO', 'NARANJA']","['crop', 'crop', 'crop']",3
CAFE 70 - PLATANO 25 - NARANJO 5,2,"['CAFE', 'PLATANO', 'NARANJA']","['crop', 'crop', 'crop']",3
CAFE 80 - PLATANO 15 - CAÑA GUAYAQUIL,2,"['CAFE', 'PLATANO', 'GUAYAQUIL']","['crop', 'crop', 'crop']",3
CAFE 65%-PLATANO 25%-CAÑA 10,2,"['CAFE', 'PLATANO', 'CAÑA DE AZUCAR']","['crop', 'crop', 'crop']",3
CAFE 30%-PLATANO 30%-GUAYAQUIL 20%,2,"['CAFE', 'PLATANO', 'GUAYAQUIL']","['crop', 'crop', 'crop']",3
CAFE 50%- PLATANO 50,2,"['CAFE', 'PLATANO']","['crop', 'crop']",2
CAFE 50%-PLATABNO 50%,2,"['CAFE', 'PLATABNO']","['crop', 'crop']",2
CAFE 50-PLATANO 40-NARANJO 10,2,"['CAFE', 'PLATANO', 'NARANJA']","['crop', 'crop', 'crop']",3
CAFE 60%-PLATANO 30%-NARANJO 10,2,"['CAFE', 'PLATANO', 'NARANJA']","['crop', 'crop', 'crop']",3
CAFE 60%-PLATANO 40,2,"['CAFE', 'PLATANO']","['crop', 'crop']",2
CAFE 70%-PLATANO 5%-CAÑA 25%,2,"['CAFE', 'PLATANO', 'CAÑA DE AZUCAR']","['crop', 'crop', 'crop']",3
CAÑA DE AZUCAR 50%-PLATANO 10%-CAFE 10%,2,"['CAÑA DE AZUCAR', 'PLATANO', 'CAFE']","['crop', 'crop', 'crop']",3
CAÑA DE AZUCAR 80%-CAFE 20%,2,"['CAÑA DE AZUCAR', 'CAFE']","['crop', 'crop']",2
CAFE 20%-CAÑA DE AZUCAR 50%-GUAYAQUIL 10%.-,2,"['CAFE', 'CAÑA DE AZUCAR', 'GUAYAQUIL']","['crop', 'crop', 'crop']",3
CAFE 40-PLATANO 40-NANARNJA20,2,"['CAFE', 'PLATANO', 'NANARNJA']","['crop', 'crop', 'crop']",3
CAFE 50-PLATANO 30-NARANJA20,2,"['CAFE', 'PLATANO', 'NARANJA']","['crop', 'crop', 'crop']",3
CAFE 50-PLATANO50,2,"['CAFE', 'PLATANO']","['crop', 'crop']",2
CHRIMOYA 30-PASTO ELEFANTE 70,2,"['CHRIMOYA', 'PASTO ELEFANTE']","['crop', 'pasture']",2
CAFE 60-NARANJO 20-PLATANO,2,"['CAFE', 'NARANJA', 'PLATANO']","['crop', 'crop', 'crop']",3
CAFE 60-NARANJO 30-PLATANO 10,2,"['CAFE', 'NARANJA', 'PLATANO']","['crop', 'crop', 'crop']",3
CAFE 60-PLATANO 35-NARANJO 5,2,"['CAFE', 'PLATANO', 'NARANJA']","['crop', 'crop', 'crop']",3
CAFE 80-PLATANO 15-NARANJO5,2,"['CAFE', 'PLATANO', 'NARANJA']","['crop', 'crop', 'crop']",3
PASTOELEFANTE 60-CAFE 20-NARANJO 20,2,"['PASTOELEFANTE', 'CAFE', 'NARANJA']","['pasture', 'crop', 'crop']",3
CAFE 60-PLATANO 30-10,2,"['CAFE', 'PLATANO']","['crop', 'crop']",2
CAFE 80-NARANJO 10-PLATANO 10,2,"['CAFE', 'NARANJA', 'PLATANO']","['crop', 'crop', 'crop']",3
CAFE 80-PLATANO 10-NARANJO 10,2,"['CAFE', 'PLATANO', 'NARANJA']","['crop', 'crop', 'crop']",3
CAFE 80-PLATANO 80,2,"['CAFE', 'PLATANO']","['crop', 'crop']",2
CAFE 25-PLATANO 25,2,"['CAFE', 'PLATANO']","['crop', 'crop']",2
CAFE 30-PLATANO 30-PASTO ELEFANTE40,2,"['CAFE', 'PLATANO', 'PASTO ELEFANTE']","['crop', 'crop', 'pasture']",3
CAFE 30-PLATANO 70,2,"['CAFE', 'PLATANO']","['crop', 'crop']",2
CAFE 40-PLATANO 40-CAÑA,2,"['CAFE', 'PLATANO', 'CAÑA DE AZUCAR']","['crop', 'crop', 'crop']",3
CAFE 50-PLATANO  45-CAÑA 5,2,"['CAFE', 'PLATANO', 'CAÑA DE AZUCAR']","['crop', 'crop', 'crop']",3
CAFE 50-PLATANO 45-CAÑA,2,"['CAFE', 'PLATANO', 'CAÑA DE AZUCAR']","['crop', 'crop', 'crop']",3
CAFE 60-PLATANO 30-NARANAJO 10,2,"['CAFE', 'PLATANO', 'NARANAJO']","['crop', 'crop', 'crop']",3
CAFE 70-PLATANO 20-PASTO ELEFANTE,2,"['CAFE', 'PLATANO', 'PASTO ELEFANTE']","['crop', 'crop', 'pasture']",3
CAFE 70-PLATANO 230,2,"['CAFE', 'PLATANO']","['crop', 'crop']",2
CAFE50-PLATANO 50,2,"['CAFE', 'PLATANO']","['crop', 'crop']",2
GUAYAQUIL 10-CAFE 70-NARANJO 10-PLATANO 10,2,"['GUAYAQUIL', 'CAFE', 'NARANJA', 'PLATANO']","['crop', 'crop', 'crop', 'crop']",4
"CAFE 30, PLATANO 20, GUAYAQUIL",2,"['CAFE', 'PLATANO', 'GUAYAQUIL']","['crop', 'crop', 'crop']",3
CULANTRO,2,['CULANTRO'],['crop'],1
"GRANADILLA 10, HUABO 10, PALTO 10",2,"['GRANADILLA', 'GUABO', 'PALTA']","['crop', 'crop', 'crop']",3
"PLATANO 40, CAFE 60",2,"['PLATANO', 'CAFE']","['crop', 'crop']",2
"CAFE 50 , PLATANO",2,"['CAFE', 'PLATANO']","['crop', 'crop']",2
"CAFE 60, PLATANO 30, CAÑA DE AZUCAR 10",2,"['CAFE', 'PLATANO', 'CAÑA DE AZUCAR']","['crop', 'crop', 'crop']",3
"PASTO DE ELEFANTE 40, CAÑA DE AZUCAR 20, PLATANO 20, CAFE",2,"['PASTO ELEFANTE', 'CAÑA DE AZUCAR', 'PLATANO', 'CAFE']","['pasture', 'crop', 'crop', 'crop']",4
"CAFE 40, PLATANO 40",2,"['CAFE', 'PLATANO']","['crop', 'crop']",2
"CAFE 50, PLATANO 40, CAÑA DE AZUCAR",2,"['CAFE', 'PLATANO', 'CAÑA DE AZUCAR']","['crop', 'crop', 'crop']",3
"PASTO ELEFANTE 35, CAFE 40, PLATANO 25",2,"['PASTO ELEFANTE', 'CAFE', 'PLATANO']","['pasture', 'crop', 'crop']",3
"CAFE 50, PLATANO 20",2,"['CAFE', 'PLATANO']","['crop', 'crop']",2
"CAFE 50, PLATANO 40, PASTO ELEFANTE",2,"['CAFE', 'PLATANO', 'PASTO ELEFANTE']","['crop', 'crop', 'pasture']",3
"CAFE 60,PLATANO 35, NARANJO 5",2,"['CAFE', 'PLATANO', 'NARANJA']","['crop', 'crop', 'crop']",3
CAFE 50,2,['CAFE'],['crop'],1
"CAÑA DE AZUCAR 50, CAFE  30, PLATANO",2,"['CAÑA DE AZUCAR', 'CAFE', 'PLATANO']","['crop', 'crop', 'crop']",3
"CAFE 35, PLATANO 15, CAÑA DE AZUCAR",2,"['CAFE', 'PLATANO', 'CAÑA DE AZUCAR']","['crop', 'crop', 'crop']",3
"CAFE 45, PLATANO 25",2,"['CAFE', 'PLATANO']","['crop', 'crop']",2
"CAFE 60, PLATANO 30",2,"['CAFE', 'PLATANO']","['crop', 'crop']",2
"CAFE 50  ,  PLATANO  50",2,"['CAFE', 'PLATANO']","['crop', 'crop']",2
"CAFE 40 , PLATANO 40 ,  CAÑA DE AZUCAR 20",2,"['CAFE', 'PLATANO', 'CAÑA DE AZUCAR']","['crop', 'crop', 'crop']",3
"CAFE 50, PLATANO 45, CAÑA DE AZUCAR 5",2,"['CAFE', 'PLATANO', 'CAÑA DE AZUCAR']","['crop', 'crop', 'crop']",3
"CAFE 50, PLATANO 45, GUAYAQUIL 5",2,"['CAFE', 'PLATANO', 'GUAYAQUIL']","['crop', 'crop', 'crop']",3
"CAFE 65, PLATANO 35.",2,"['CAFE', 'PLATANO']","['crop', 'crop']",2
"CAFE 25,  PLATANO 25",2,"['CAFE', 'PLATANO']","['crop', 'crop']",2
"CAFE 30, PLATANO 15 , NARANJO 15 , GUAYAQUIL 20",2,"['CAFE', 'PLATANO', 'NARANJA', 'GUAYAQUIL']","['crop', 'crop', 'crop', 'crop']",4
"CAFE 55, PLATANO 35",2,"['CAFE', 'PLATANO']","['crop', 'crop']",2
"CAFE 60, PLATANO 35,GUAYAQUIL 5",2,"['CAFE', 'PLATANO', 'GUAYAQUIL']","['crop', 'crop', 'crop']",3
"CAFE 80, HUABO 20",2,"['CAFE', 'GUABO']","['crop', 'crop']",2
"CAFE 65,  PLATANO 35",2,"['CAFE', 'PLATANO']","['crop', 'crop']",2
MANGO 40%-LIMONERO 30,2,"['MANGO', 'LIMON']","['crop', 'crop']",2
FRIJOL DE PALO 80%-ARROZ 20,2,"['FRIJOL DE PALO', 'ARROZ']","['crop', 'crop']",2
LIMONERO 40%-MANGO 20%,2,"['LIMON', 'MANGO']","['crop', 'crop']",2
PAPAYA 10%-LIMON 20%,2,"['PAPAYA', 'LIMON']","['crop', 'crop']",2
TOMATE 10%-CEBOLLA 5%-MAIZ 10%,2,"['TOMATE', 'CEBOLLA', 'MAIZ']","['crop', 'crop', 'crop']",3
PAPA 10%-MAIZ 10%,2,"['PAPA', 'MAIZ']","['crop', 'crop']",2
CAFE 70%-GUAYAQUIL 30,2,"['CAFE', 'GUAYAQUIL']","['crop', 'crop']",2
CAFE 90% PLATANO 10,2,"['CAFE', 'PLATANO']","['crop', 'crop']",2
CAFE 40% NARANJO 10%-PASTO LEFANTE 50,2,"['CAFE', 'NARANJA', 'PASTO LEFANTE']","['crop', 'crop', 'pasture']",3
CAFE 40%-PLATANAO 40%-NARANJO 20%,2,"['CAFE', 'PLATANAO', 'NARANJA']","['crop', 'crop', 'crop']",3
CAFE 505-PASTO ELEFANTE 50,2,"['CAFE', 'PASTO ELEFANTE']","['crop', 'pasture']",2
CAFE 80%-PLATANAO 20%,2,"['CAFE', 'PLATANAO']","['crop', 'crop']",2
CAFE 80%-PLATANO 15%-PASTOELEFANTE,2,"['CAFE', 'PLATANO', 'PASTOELEFANTE']","['crop', 'crop', 'pasture']",3
CAFE 90%-PLTANO 10%,2,"['CAFE', 'PLTANO']","['crop', 'crop']",2
CAGE 90 %-PLATANO 10%,2,"['CAGE', 'PLATANO']","['crop', 'crop']",2
CAFE 40%-PLATANO 20%,2,"['CAFE', 'PLATANO']","['crop', 'crop']",2
CAFE 40%-PLATANO 40% NARANJO 205,2,"['CAFE', 'PLATANO', 'NARANJA']","['crop', 'crop', 'crop']",3
CAFE 40%-PLATANO 40%-NARANJO 205,2,"['CAFE', 'PLATANO', 'NARANJA']","['crop', 'crop', 'crop']",3
CAFE 405-PLATANO 405-NARANJA 20,2,"['CAFE', 'PLATANO', 'NARANJA']","['crop', 'crop', 'crop']",3
CAFE 50%-PLATANO 405-NARANJO 10%,2,"['CAFE', 'PLATANO', 'NARANJA']","['crop', 'crop', 'crop']",3
CAFE 60%-PLATAN0 40%,2,"['CAFE', 'PLATAN']","['crop', 'crop']",2
CEFA 90%-PLATANO 10%,2,"['CEFA', 'PLATANO']","['crop', 'crop']",2
CAFE 50%-PLATANO 40%-NARANJO10,2,"['CAFE', 'PLATANO', 'NARANJA']","['crop', 'crop', 'crop']",3
CAFE 50%-PLATANO 405-NARANJO 105,2,"['CAFE', 'PLATANO', 'NARANJA']","['crop', 'crop', 'crop']",3
CAFE 70%-PLATANO 20%-GUAYAQUIL 10%,2,"['CAFE', 'PLATANO', 'GUAYAQUIL']","['crop', 'crop', 'crop']",3
CAFE 80%-HUABO 10%-PLATANO 10%,2,"['CAFE', 'GUABO', 'PLATANO']","['crop', 'crop', 'crop']",3
CAFE 80%-PLATANO 15%-HUABO 5%,2,"['CAFE', 'PLATANO', 'GUABO']","['crop', 'crop', 'crop']",3
CAFE 90%-PLATANO 105,2,"['CAFE', 'PLATANO']","['crop', 'crop']",2
NARANJO 40%-PLATANO 405-CAFE 20%,2,"['NARANJA', 'PLATANO', 'CAFE']","['crop', 'crop', 'crop']",3
"GUAYAQUIL 75, CAFE 20, HUABO 5",2,"['GUAYAQUIL', 'CAFE', 'GUABO']","['crop', 'crop', 'crop']",3
"CAFE 80, PLATANO 10, NARANJO 5, GUAYAQUIL 5",2,"['CAFE', 'PLATANO', 'NARANJA', 'GUAYAQUIL']","['crop', 'crop', 'crop', 'crop']",4
"CAFE 80, PLATANO 15, GUAYAQUIL 15",2,"['CAFE', 'PLATANO', 'GUAYAQUIL']","['crop', 'crop', 'crop']",3
YUCA 30%-PLATANO 70,2,"['YUCA', 'PLATANO']","['crop', 'crop']",2
"CAFE 60,  PLATANO 40",2,"['CAFE', 'PLATANO']","['crop', 'crop']",2
CAFE 60. PLATANO 40,2,"['CAFE', 'PLATANO']","['crop', 'crop']",2
"CAFE 70, PLATANO",2,"['CAFE', 'PLATANO']","['crop', 'crop']",2
"CAFE 80, PLATANO 10, GUAYAQUIL, HUABO 5",2,"['CAFE', 'PLATANO', 'GUAYAQUIL', 'GUABO']","['crop', 'crop', 'crop', 'crop']",4
"CAFE 80, PLATANO 10, GUAYAQUIL5, HUABO 5",2,"['CAFE', 'PLATANO', 'GUAYAQUIL', 'GUABO']","['crop', 'crop', 'crop', 'crop']",4
"CAFE 80, PLATANO 20.",2,"['CAFE', 'PLATANO']","['crop', 'crop']",2
"CAFE 80, PLATANO, GUAYAQUIL, HUABO5",2,"['CAFE', 'PLATANO', 'GUAYAQUIL', 'GUABO']","['crop', 'crop', 'crop', 'crop']",4
"CAFE 85, PLATANO, 5, GUAYAQUIL HUABO 5.",2,"['CAFE', 'PLATANO', 'GUAYAQUIL', 'GUABO']","['crop', 'crop', 'crop', 'crop']",4
"CAFE  70, PLATANO 30",2,"['CAFE', 'PLATANO']","['crop', 'crop']",2
"CAFE 30, PAJA GRANADINA 70",2,"['CAFE', 'PAJA GRANADINA']","['crop', 'pasture']",2
"CAFE 60, PLATANO  40",2,"['CAFE', 'PLATANO']","['crop', 'crop']",2
"CAFE 80, PLATANO 10, GRANADILLA 10",2,"['CAFE', 'PLATANO', 'GRANADILLA']","['crop', 'crop', 'crop']",3
"CAFE 80, PLATANO 10, HUABO 10",2,"['CAFE', 'PLATANO', 'GUABO']","['crop', 'crop', 'crop']",3
"CAFE 80, PLATANO20",2,"['CAFE', 'PLATANO']","['crop', 'crop']",2
"CAFE 75, PLATANO 20, HUABO 5",2,"['CAFE', 'PLATANO', 'GUABO']","['crop', 'crop', 'crop']",3
"CAFE 80, PLATANO",2,"['CAFE', 'PLATANO']","['crop', 'crop']",2
"CAFE 80, PLATANO 25, HUABO 5",2,"['CAFE', 'PLATANO', 'GUABO']","['crop', 'crop', 'crop']",3
CAÑA DE AZUCAR 80%-CAFE 205,2,"['CAÑA DE AZUCAR', 'CAFE']","['crop', 'crop']",2
"CAFE 70, GUAYAQUIL 20, HUABO 10",2,"['CAFE', 'GUAYAQUIL', 'GUABO']","['crop', 'crop', 'crop']",3
CAFE 80% PLATANO  20%,2,"['CAFE', 'PLATANO']","['crop', 'crop']",2
"CAFE 80, GUAYAQUIL 15, HUABO 5",2,"['CAFE', 'GUAYAQUIL', 'GUABO']","['crop', 'crop', 'crop']",3
CAFE 805-PLTANAO 20,2,"['CAFE', 'PLTANAO']","['crop', 'crop']",2
"CAFE 90, HUABO 10",2,"['CAFE', 'GUABO']","['crop', 'crop']",2
CAÑA 80%-PLATANO 20,2,"['CAÑA DE AZUCAR', 'PLATANO']","['crop', 'crop']",2
CAFE  70%-PLATANO 20%-HUABO 10%,2,"['CAFE', 'PLATANO', 'GUABO']","['crop', 'crop', 'crop']",3
"CAFE 40, PLATANO 40, NARANJO 20",2,"['CAFE', 'PLATANO', 'NARANJA']","['crop', 'crop', 'crop']",3
CAFE 70%-PLATANO 20%-CACAO 10%,2,"['CAFE', 'PLATANO', 'CACAO']","['crop', 'crop', 'crop']",3
CAFE 80%,2,['CAFE'],['crop'],1
CAFE 80%-PLATANO 15%-NARANJO 5%,2,"['CAFE', 'PLATANO', 'NARANJA']","['crop', 'crop', 'crop']",3
CAFE 85%-PLATANO 155,2,"['CAFE', 'PLATANO']","['crop', 'crop']",2
"CAÑA DE AZUCAR 30, CAFE 40, PLATANO 30",2,"['CAÑA DE AZUCAR', 'CAFE', 'PLATANO']","['crop', 'crop', 'crop']",3
LIMONERO 40%-NARANJO 30%-TAMARINDO 10%-GUANABANAS 5%,2,"['LIMON', 'NARANJA', 'TAMARINDO', 'GUANABANA']","['crop', 'crop', 'crop', 'crop']",4
EN DESCANCO,2,['DESCANCO'],['fallow'],1
ZONA EN DESCANSO,2,['ZONA EN DESCANSO'],['fallow'],1
LIMONERO 70% MANGO 30%,2,"['LIMON', 'MANGO']","['crop', 'crop']",2
MANGO 25% LIMON 25%,2,"['MANGO', 'LIMON']","['crop', 'crop']",2
MANGO 35% LIMON 45%,2,"['MANGO', 'LIMON']","['crop', 'crop']",2
MANGO 35% LIMON 50%,2,"['MANGO', 'LIMON']","['crop', 'crop']",2
"MANGO 50% , PALTO 15%",2,"['MANGO', 'PALTA']","['crop', 'crop']",2
MANGO (30 %) LIMON (55 %),2,"['MANGO', 'LIMON']","['crop', 'crop']",2
MANGO 30% LIMON 55%,2,"['MANGO', 'LIMON']","['crop', 'crop']",2
LIMON 90%,2,['LIMON'],['crop'],1
MANGO 20% PALTO 10%,2,"['MANGO', 'PALTA']","['crop', 'crop']",2
MANGO 40 % LIMON 50%,2,"['MANGO', 'LIMON']","['crop', 'crop']",2
MANGO 55% LIMON 25% PALTA 5%,2,"['MANGO', 'LIMON', 'PALTA']","['crop', 'crop', 'crop']",3
MANGO 100%,2,['MANGO'],['crop'],1
"MANGO 80% , LIMON 20%",2,"['MANGO', 'LIMON']","['crop', 'crop']",2
MANGO - LIMONERO,2,"['MANGO', 'LIMON']","['crop', 'crop']",2
MANGO (55 %) LIMON (45 %),2,"['MANGO', 'LIMON']","['crop', 'crop']",2
MANGO 80% LIMONERO 20,2,"['MANGO', 'LIMON']","['crop', 'crop']",2
LIMON 70 MANGO 30%,2,"['LIMON', 'MANGO']","['crop', 'crop']",2
MANGO 60% LIMON 35%,2,"['MANGO', 'LIMON']","['crop', 'crop']",2
MANGO 60% LIMONEROS 30%,2,"['MANGO', 'LIMON']","['crop', 'crop']",2
"MANGO 60%, LIMON 40%",2,"['MANGO', 'LIMON']","['crop', 'crop']",2
"LIMON 40% ,MANGO 30%",2,"['LIMON', 'MANGO']","['crop', 'crop']",2
"MANGO 40% LIMON 35%, PALTO 10%",2,"['MANGO', 'LIMON', 'PALTA']","['crop', 'crop', 'crop']",3
LIMON 100,2,['LIMON'],['crop'],1
LIMON 70% MANGO 30%,2,"['LIMON', 'MANGO']","['crop', 'crop']",2
MANGO 40% LIMON 50%,2,"['MANGO', 'LIMON']","['crop', 'crop']",2
MANGO 70% LIMON 25%,2,"['MANGO', 'LIMON']","['crop', 'crop']",2
MANGO 70% LIMONERO 20% TAMARINDO 10%,2,"['MANGO', 'LIMON', 'TAMARINDO']","['crop', 'crop', 'crop']",3
MANGO 80% PALTO 20%,2,"['MANGO', 'PALTA']","['crop', 'crop']",2
"LIMON SUTIL 80PL, MANGO60PL",2,"['LIMON', 'PL', 'MANGO']","['crop', 'crop', 'crop']",3
LIMON SUTIL 70% MANGO 30%,2,"['LIMON', 'MANGO']","['crop', 'crop']",2
"MANGO (% 50) , LIMON (% 45 )",2,"['MANGO', 'LIMON']","['crop', 'crop']",2
"MANGO (65 %), LIMON (35 %)",2,"['MANGO', 'LIMON']","['crop', 'crop']",2
"MANGO (70 %), LIMON (30 %)",2,"['MANGO', 'LIMON']","['crop', 'crop']",2
MANGO 40% LIMONERO 60%,2,"['MANGO', 'LIMON']","['crop', 'crop']",2
MANGO 50%  LIMON 35%,2,"['MANGO', 'LIMON']","['crop', 'crop']",2
"MANGO(70 %), LIMON (15 %)",2,"['MANGO', 'LIMON']","['crop', 'crop']",2
LIMON 40% MANGO 60%,2,"['LIMON', 'MANGO']","['crop', 'crop']",2
"MANGO (60 %),LIMON (30%),PALTO (10%)",2,"['MANGO', 'LIMON', 'PALTA']","['crop', 'crop', 'crop']",3
MANGO 50% LIMON 40% PALTO 5%,2,"['MANGO', 'LIMON', 'PALTA']","['crop', 'crop', 'crop']",3
"ALGARROBO, OVERAL, ETC",2,"['ALGARROBO', 'OVERAL', 'ETC']","['crop', 'crop', 'crop']",3
HABILATACION URBANA,2,['HABILATACION URBANA'],['crop'],1
MANGO (50 %) LIMON (25 %),2,"['MANGO', 'LIMON']","['crop', 'crop']",2
MANGO (50 %) LIMON (40 %),2,"['MANGO', 'LIMON']","['crop', 'crop']",2
MANGO 50% LIMON 35%,2,"['MANGO', 'LIMON']","['crop', 'crop']",2
MANGO 60%  LIMONERO 30%,2,"['MANGO', 'LIMON']","['crop', 'crop']",2
MANGO 90% LIMONERO 30%,2,"['MANGO', 'LIMON']","['crop', 'crop']",2
MANGOS LIMON,2,"['MANGO', 'LIMON']","['crop', 'crop']",2
ARADO PARA FRUTALES,2,['ARADO PARA FRUTALES'],['land_prep'],1
HABILITADO PARA CITRICOS,2,['HABILITADO PARA CITRICOS'],['crop'],1
MANGO 2 HA (52 % LIMON) SUTIL 1.8 HA( 48 %),2,"['MANGO', 'HA', 'SUTIL']","['crop', 'crop', 'crop']",3
MANGO 70% LIMONERO 20% PLATANO 10%,2,"['MANGO', 'LIMON', 'PLATANO']","['crop', 'crop', 'crop']",3
MANGO 90% LIMON 10%,2,"['MANGO', 'LIMON']","['crop', 'crop']",2
MANGO80% LIMON 20%,2,"['MANGO', 'LIMON']","['crop', 'crop']",2
LIMON (25 %) MANGO (75 %),2,"['LIMON', 'MANGO']","['crop', 'crop']",2
LIMON (70%) MANGO 30 %,2,"['LIMON', 'MANGO']","['crop', 'crop']",2
MANGO (70 %) LIMON (30 %),2,"['MANGO', 'LIMON']","['crop', 'crop']",2
FREJOL CASTILLA 50% DE PALO 50%,2,"['FRIJOL CASTILLA', 'PALO']","['crop', 'crop']",2
FRIJOL 80%  MAIZ %,2,"['FRIJOL', 'MAIZ']","['crop', 'crop']",2
PLATANO  100%,2,['PLATANO'],['crop'],1
"CITRICOS, PLATANOS",2,"['CITRICOS', 'PLATANO']","['crop', 'crop']",2
FRIJOL DE PALO 50 FRIJOL CASTILLO 50,2,"['FRIJOL DE PALO', 'FRIJOL CASTILLO']","['crop', 'crop']",2
PLATANAL,2,['PLATANO'],['crop'],1
PLATANO 50% LIMON 50%,2,"['PLATANO', 'LIMON']","['crop', 'crop']",2
FRIJOL  80% MAIZ 20%,2,"['FRIJOL', 'MAIZ']","['crop', 'crop']",2
SUELO EN PREPARACION,2,['SUELO EN PREPARACION'],['land_prep'],1
MANGO 25% LIMON 30%,2,"['MANGO', 'LIMON']","['crop', 'crop']",2
"MANGO(25%), LIMON (30%)",2,"['MANGO', 'LIMON']","['crop', 'crop']",2
"MANGO(45%), LIMON(45%)",2,"['MANGO', 'LIMON']","['crop', 'crop']",2
EN DESCANSO Y HABILITADO PARA CITRICOS,2,"['DESCANSO', 'HABILITADO PARA CITRICOS']","['fallow', 'crop']",2
CAFE NARANJA HUABO,2,"['CAFE', 'NARANJA', 'GUABO']","['crop', 'crop', 'crop']",3
"FRIJOL 50 % , MAIZ 50 %",2,"['FRIJOL', 'MAIZ']","['crop', 'crop']",2
"FRIJOL 50%,  MAIZ 50%",2,"['FRIJOL', 'MAIZ']","['crop', 'crop']",2
"MAIZ 40 %, FRIJOL 20 %, ALGODONERO 40%",2,"['MAIZ', 'FRIJOL', 'ALGODON']","['crop', 'crop', 'crop']",3
"MANGO 80 %,  LIMONERO 20 %",2,"['MANGO', 'LIMON']","['crop', 'crop']",2
APERTURA HOYSO INSTALACION PLATANOS,2,['APERTURA HOYSO INSTALACION PLATANOS'],['crop'],1
CAFE 70% PLATANO 20% NARANJA 10%,2,"['CAFE', 'PLATANO', 'NARANJA']","['crop', 'crop', 'crop']",3
"CAFE (80%), PLATANO (20%)",2,"['CAFE', 'PLATANO']","['crop', 'crop']",2
"CAFE (80%), PLATANO(20%)",2,"['CAFE', 'PLATANO']","['crop', 'crop']",2
CAFE 70% NARANJA 20% CACAO 10%,2,"['CAFE', 'NARANJA', 'CACAO']","['crop', 'crop', 'crop']",3
CAÑA 50% NARANJA 25% CAMOTE 25%,2,"['CAÑA DE AZUCAR', 'NARANJA', 'CAMOTE']","['crop', 'crop', 'crop']",3
"CACAO(40%), PASTO ELEFANTE(30%)",2,"['CACAO', 'PASTO ELEFANTE']","['crop', 'pasture']",2
CAÑA 50% CAFE 50%,2,"['CAÑA DE AZUCAR', 'CAFE']","['crop', 'crop']",2
"FRIJOL(20%), ARROZ(60%)",2,"['FRIJOL', 'ARROZ']","['crop', 'crop']",2
"CACAO(70%), PLATANO(20%)",2,"['CACAO', 'PLATANO']","['crop', 'crop']",2
CAFE 20% NARANJA 20%,2,"['CAFE', 'NARANJA']","['crop', 'crop']",2
CAFE HUABA NARANJA,2,"['CAFE', 'GUABO', 'NARANJA']","['crop', 'crop', 'crop']",3
CAFE PLATANO CACAO,2,"['CAFE', 'PLATANO', 'CACAO']","['crop', 'crop', 'crop']",3
CAFE PLATANO HUABAS,2,"['CAFE', 'PLATANO', 'GUABO']","['crop', 'crop', 'crop']",3
"CAÑA DE AZUCAR(30%), CACAO(70%)",2,"['CAÑA DE AZUCAR', 'CACAO']","['crop', 'crop']",2
MAIZ 20% NARANJA 40% PLATANO 40%,2,"['MAIZ', 'NARANJA', 'PLATANO']","['crop', 'crop', 'crop']",3
CAFE 505 PLATANO 50%,2,"['CAFE', 'PLATANO']","['crop', 'crop']",2
CAFE HUABAS NARANJO,2,"['CAFE', 'GUABO', 'NARANJA']","['crop', 'crop', 'crop']",3
CAFE NARANJO HUABAL,2,['CAFE NARANJO HUABAL'],['crop'],1
CACAO 10% PLATANO 10% CAÑA DE AZUCAR 60%,2,"['CACAO', 'PLATANO', 'CAÑA DE AZUCAR']","['crop', 'crop', 'crop']",3
CAFE 60% PLATANO 30%,2,"['CAFE', 'PLATANO']","['crop', 'crop']",2
CAFE NARANJA PLATANOI,2,['CAFE NARANJA PLATANOI'],['crop'],1
CAFE PLATANO HUABA NARANJA,2,"['CAFE', 'PLATANO', 'GUABO', 'NARANJA']","['crop', 'crop', 'crop', 'crop']",4
CAFE PLATANOS NARANJA,2,"['CAFE', 'PLATANO', 'NARANJA']","['crop', 'crop', 'crop']",3
CAFE POLATANO NARANJA,2,['CAFE POLATANO NARANJA'],['crop'],1
PREPARADA PARA CULTIVOS POR RIEGO TECNIFICADO,2,['PREPARADA PARA CULTIVOS POR RIEGO TECNIFICADO'],['land_prep'],1
HABILITADO PARA SEMBRIOS,2,['HABILITADO PARA SEMBRIOS'],['land_prep'],1
HABILITADO PRA LA SEMBRIOS CON RIEGO TECNIFICADO,2,"['HABILITADO PRA LA SEMBRIOS', 'RIEGO TECNIFICADO']","['land_prep', 'crop']",2
PREPARADO PARA CULTIVO CON RIEGO TECNIFICADO,2,"['PREPARADO PARA CULTIVO', 'RIEGO TECNIFICADO']","['land_prep', 'crop']",2
"MANGO 20%, LIMON 30%",2,"['MANGO', 'LIMON']","['crop', 'crop']",2
"40% PLATANO, 30% PASTO ELEFANTE",2,"['PLATANO', 'PASTO ELEFANTE']","['crop', 'pasture']",2
"50% PASTO DE ELEFANTE, 35% PAJA DE INVERNA, 15% CAFE",2,"['PASTO ELEFANTE', 'INVERNA', 'CAFE']","['pasture', 'pasture', 'crop']",3
"10% PLATANO, 10% CAFE, 40% GRAMALOTE, 40% P. ELEFANTE",2,"['PLATANO', 'CAFE', 'GRAMALOTE', 'P ELEFANTE']","['crop', 'crop', 'pasture', 'pasture']",4
"15% ARVEJA, 5% AJO, 5% CAÑA DE AZUCAR",2,"['ARVEJA', 'AJO', 'CAÑA DE AZUCAR']","['crop', 'crop', 'crop']",3
"15% CAFE, 15% PLATANO, 10% PASTO ELEFANTE, 30% PAJA DE INVERNA",2,"['CAFE', 'PLATANO', 'PASTO ELEFANTE', 'INVERNA']","['crop', 'crop', 'pasture', 'pasture']",4
"20% CAFE, 20% PLATANO, 60% PASTO ELEFANTE",2,"['CAFE', 'PLATANO', 'PASTO ELEFANTE']","['crop', 'crop', 'pasture']",3
"20% PASTO DE ELEFANTE, 30% PAJA DE INVERNA, 15% CAFE, 10% PLATANO",2,"['PASTO ELEFANTE', 'INVERNA', 'CAFE', 'PLATANO']","['pasture', 'pasture', 'crop', 'crop']",4
"5% PLATANO, 10% CAFE, 55% PASTO DE ELFANTE, 15% PAJA DE INVERNA",2,"['PLATANO', 'CAFE', 'PASTO DE ELFANTE', 'INVERNA']","['crop', 'crop', 'pasture', 'pasture']",4
"20% GRAMALOTE, 20% PASTO ELEFANTE",2,"['GRAMALOTE', 'PASTO ELEFANTE']","['pasture', 'pasture']",2
"60% CAFE, 40% PLATANO",2,"['CAFE', 'PLATANO']","['crop', 'crop']",2
"65% CAFE, 35% PLATANO",2,"['CAFE', 'PLATANO']","['crop', 'crop']",2
"10% PLATANAL, 50% GRAMALOTE, 40% PASTO ELEFANTE",2,"['PLATANO', 'GRAMALOTE', 'PASTO ELEFANTE']","['crop', 'pasture', 'pasture']",3
"20% PLATANAL, 20% CAFE, 25% PASTO ELEFANTE, 25% GRAMALOTE",2,"['PLATANO', 'CAFE', 'PASTO ELEFANTE', 'GRAMALOTE']","['crop', 'crop', 'pasture', 'pasture']",4
"25% PAJA GATEADORA, 25% GRAMALOTE, 40% PASTO ELEFANTE",2,"['PAJA GATEADORA', 'GRAMALOTE', 'PASTO ELEFANTE']","['pasture', 'pasture', 'pasture']",3
"25% PLATANO, 25% CAFE, 5% CAÑA, 45% GRAMALOTE",2,"['PLATANO', 'CAFE', 'CAÑA DE AZUCAR', 'GRAMALOTE']","['crop', 'crop', 'crop', 'pasture']",4
"30% PASTO ELEFANTE, 30% PAJA GATEADORA",2,"['PASTO ELEFANTE', 'PAJA GATEADORA']","['pasture', 'pasture']",2
"30% REPOLLO, 30% TOMATE, 5% MAIZ",2,"['REPOLLO', 'TOMATE', 'MAIZ']","['crop', 'crop', 'crop']",3
"40% GRAMALOTE, 40% PASTO ELEFANTE, 10% PLATANO",2,"['GRAMALOTE', 'PASTO ELEFANTE', 'PLATANO']","['pasture', 'pasture', 'crop']",3
"40% PASTO ELEFANTE, 60% PAJA DE INVERNA",2,"['PASTO ELEFANTE', 'INVERNA']","['pasture', 'pasture']",2
"45% PLATANO, 40% CAFE, 15% CAÑA DE AZUCAR",2,"['PLATANO', 'CAFE', 'CAÑA DE AZUCAR']","['crop', 'crop', 'crop']",3
"5% PAHUALQUE, 5% CIPRES",2,"['PAHUALQUE', 'CIPRES']","['crop', 'crop']",2
"5% PAHUALQUE, 5% PAJUL",2,"['PAHUALQUE', 'PAJUL']","['crop', 'crop']",2
"60% PASTO ELEFANTE, 40% PAJA GATEADORA",2,"['PASTO ELEFANTE', 'PAJA GATEADORA']","['pasture', 'pasture']",2
"70% PASTO ELEFANTE, 30% PASTO INVERNA",2,"['PASTO ELEFANTE', 'INVERNA']","['pasture', 'pasture']",2
"10% PLATANO, 10% CAFE, 65% PAJA DE INVERNA",2,"['PLATANO', 'CAFE', 'INVERNA']","['crop', 'crop', 'pasture']",3
"15% CAFE, 10% PLATANO",2,"['CAFE', 'PLATANO']","['crop', 'crop']",2
"15% GUAYAQUIL, 5% PASTO ELEFANTE, 35% PAJA INVERNA",2,"['GUAYAQUIL', 'PASTO ELEFANTE', 'PAJA INVERNA']","['crop', 'pasture', 'pasture']",3
"30% PLATANO, 15% CAFE, 55% PAJA DE INVERNA",2,"['PLATANO', 'CAFE', 'INVERNA']","['crop', 'crop', 'pasture']",3
"40% PLATANO, 40% CAFE, 10% CAÑA DE AZUCAR",2,"['PLATANO', 'CAFE', 'CAÑA DE AZUCAR']","['crop', 'crop', 'crop']",3
"60% PAJA DE INVERNA, 30% PASTO DE ELEFANTE",2,"['INVERNA', 'PASTO ELEFANTE']","['pasture', 'pasture']",2
"20% PAPA, 25% MAIZ, 5% AJO",2,"['PAPA', 'MAIZ', 'AJO']","['crop', 'crop', 'crop']",3
"20% PLATANO, 25% PAJA INVERNA",2,"['PLATANO', 'PAJA INVERNA']","['crop', 'pasture']",2
"30% PLATANO, 30% CAFE, 40% GRANALOTE",2,"['PLATANO', 'CAFE', 'GRANALOTE']","['crop', 'crop', 'crop']",3
"30% PLATANO, 30% CAFE, 40% PASTO ELEFANTE",2,"['PLATANO', 'CAFE', 'PASTO ELEFANTE']","['crop', 'crop', 'pasture']",3
"40% PASTO DE ELEFANTE, 60% PAJA DE INVERNA",2,"['PASTO ELEFANTE', 'INVERNA']","['pasture', 'pasture']",2
"50% PAJA DE INVERNA, 10% PASTO DE ELEFANTE, 10% CAFE, 10% PLATANO",2,"['INVERNA', 'PASTO ELEFANTE', 'CAFE', 'PLATANO']","['pasture', 'pasture', 'crop', 'crop']",4
"50% PAJA DE INVERNA, 15% PASTO DE ELEFANTE, 10% PLATANO, 10% CAFE",2,"['INVERNA', 'PASTO ELEFANTE', 'PLATANO', 'CAFE']","['pasture', 'pasture', 'crop', 'crop']",4
"60% PASTO DE ELEFANTE, 40% PAJA DE INVERNA",2,"['PASTO ELEFANTE', 'INVERNA']","['pasture', 'pasture']",2
"60% PASTO ELEFANTE, 20% PLATANO, 20% CAFE",2,"['PASTO ELEFANTE', 'PLATANO', 'CAFE']","['pasture', 'crop', 'crop']",3
"50% PASTO DE ELEFANTE, 50% PAJA INVERNA",2,"['PASTO ELEFANTE', 'PAJA INVERNA']","['pasture', 'pasture']",2
"50% PASTO DE ELEFANTE, 50% PASTO DE INVERNA",2,"['PASTO ELEFANTE', 'PASTO DE INVERNA']","['pasture', 'pasture']",2
"60% PAJA DE INVERNA, 20% PLATANO, 20% CAFE",2,"['INVERNA', 'PLATANO', 'CAFE']","['pasture', 'crop', 'crop']",3
"70% PAJA DE INVERNA, 30% PASTO DE ELEFANTE",2,"['INVERNA', 'PASTO ELEFANTE']","['pasture', 'pasture']",2
"80% PASTO DE ELEFANTE, 10% PAJA INVERNA, 5% PLATANO, 5% CAFE",2,"['PASTO ELEFANTE', 'PAJA INVERNA', 'PLATANO', 'CAFE']","['pasture', 'pasture', 'crop', 'crop']",4
"20% PAJA GATEADORA, 40% PASTO ELEFANTE",2,"['PAJA GATEADORA', 'PASTO ELEFANTE']","['pasture', 'pasture']",2
"20% PAPA, 20% PLATANO",2,"['PAPA', 'PLATANO']","['crop', 'crop']",2
"30% PAPA, 20% PLATANO, 50% GRAMALOTE",2,"['PAPA', 'PLATANO', 'GRAMALOTE']","['crop', 'crop', 'pasture']",3
"30% PASTO DE INVERNA, 20% PLATANO",2,"['PASTO DE INVERNA', 'PLATANO']","['pasture', 'crop']",2
"70% PASTO ELEFANTE, 20% PAJA DE INVERNA",2,"['PASTO ELEFANTE', 'INVERNA']","['pasture', 'pasture']",2
"90% PASTO ELEFANTE, 10% PAJA DE INVERNA",2,"['PASTO ELEFANTE', 'INVERNA']","['pasture', 'pasture']",2
"25% PLATANO, 45% CAFE, 5% CAÑA DE AZUCAR",2,"['PLATANO', 'CAFE', 'CAÑA DE AZUCAR']","['crop', 'crop', 'crop']",3
"30% PASTO DE ELEFANTE, 10% PAJA DE INVERNA, 20% PLATANO, 10% CAFE",2,"['PASTO ELEFANTE', 'INVERNA', 'PLATANO', 'CAFE']","['pasture', 'pasture', 'crop', 'crop']",4
"45% CAFE, 50% PLATANO, 5% NARANJA",2,"['CAFE', 'PLATANO', 'NARANJA']","['crop', 'crop', 'crop']",3
"5% ROBLE, 5% PAHUALQUE",2,"['ROBLE', 'PAHUALQUE']","['crop', 'crop']",2
"5% ROBLES, 5% PAHUALQUE",2,"['ROBLE', 'PAHUALQUE']","['crop', 'crop']",2
"50% PASTO DE ELEFANTE, 15% PLATANO, 15% CAFE",2,"['PASTO ELEFANTE', 'PLATANO', 'CAFE']","['pasture', 'crop', 'crop']",3
"50% PASTO ELEFANTE, 40% PAJA GATEADORA",2,"['PASTO ELEFANTE', 'PAJA GATEADORA']","['pasture', 'pasture']",2
"40% PAJA GATEADORA, 60% PASTO ELEFANTE",2,"['PAJA GATEADORA', 'PASTO ELEFANTE']","['pasture', 'pasture']",2
"50% PASTO DE ELEFANTE, 35% PAJA DE INVERNA, 10% PLATANO",2,"['PASTO ELEFANTE', 'INVERNA', 'PLATANO']","['pasture', 'pasture', 'crop']",3
"50% PASTO ELEFANTE, 50% PASTO GRAMALOTE",2,"['PASTO ELEFANTE', 'PASTO', 'GRAMALOTE']","['pasture', 'pasture', 'pasture']",3
"80% GRAMA GATEADORA, 20% PASTO ELEFANTE",2,"['GRAMA GATEADORA', 'PASTO ELEFANTE']","['pasture', 'pasture']",2
"80% PAJA GATEADORA, 20% PASTO ELEFANTE",2,"['PAJA GATEADORA', 'PASTO ELEFANTE']","['pasture', 'pasture']",2
"40% PLATANO, 40% CAFE, 15% PASTO ELEFANTE",2,"['PLATANO', 'CAFE', 'PASTO ELEFANTE']","['crop', 'crop', 'pasture']",3
"45% PASTO ELEFANTE, 25% PAJA DE INVERNA",2,"['PASTO ELEFANTE', 'INVERNA']","['pasture', 'pasture']",2
"45% PLATANO,20%CAFE, 30% PASTO DE ELEFANTE",2,"['PLATANO', 'CAFE', 'PASTO ELEFANTE']","['crop', 'crop', 'pasture']",3
"CAFE(10%), PLATANO 810%)",2,"['CAFE', 'PLATANO']","['crop', 'crop']",2
"PLATANO(40%), CAFE(15%)",2,"['PLATANO', 'CAFE']","['crop', 'crop']",2
"30% GRAMALOTE, 70% GRAMA GATEADORA",2,"['GRAMALOTE', 'GRAMA GATEADORA']","['pasture', 'pasture']",2
"25% GRAMALOTE, 25% PAJA GATEADORA, 20% PASTO ELEFANTE",2,"['GRAMALOTE', 'PAJA GATEADORA', 'PASTO ELEFANTE']","['pasture', 'pasture', 'pasture']",3
"40% PASTO ELEFANTE, 60% PASTO DE INVERNA",2,"['PASTO ELEFANTE', 'PASTO DE INVERNA']","['pasture', 'pasture']",2
"5% PALO DE OSO, 5% PAHUALQUE",2,"['PALO DE OSO', 'PAHUALQUE']","['crop', 'crop']",2
"60% PASTO ELEFANTE, 40% PAJA DE INVERNA",2,"['PASTO ELEFANTE', 'INVERNA']","['pasture', 'pasture']",2
GRMA GATEADORA,2,['GRMA GATEADORA'],['crop'],1
"90% GRAMA DE INVERNA, 10% PLATANO",2,"['GRAMA DE INVERNA', 'PLATANO']","['pasture', 'crop']",2
"PINO(15%), ROBLE (10%)",2,"['PINO', 'ROBLE']","['crop', 'crop']",2
CAFE (25%) PLATANO (25%) PASTO ELEFANTE (40%),2,"['CAFE', 'PLATANO', 'PASTO ELEFANTE']","['crop', 'crop', 'pasture']",3
CAFE (40%) PLATANO (40%) PASTO ELEFANTE (10%),2,"['CAFE', 'PLATANO', 'PASTO ELEFANTE']","['crop', 'crop', 'pasture']",3
"35% CAFE, 35% NARANJO, 30% PLATANO",2,"['CAFE', 'NARANJA', 'PLATANO']","['crop', 'crop', 'crop']",3
"CAFE(30%), PLATANO(40%)",2,"['CAFE', 'PLATANO']","['crop', 'crop']",2
"CAFE(35%), PLATANO(30%), PASTO DE ELEFANTE(30%)",2,"['CAFE', 'PLATANO', 'PASTO ELEFANTE']","['crop', 'crop', 'pasture']",3
"CAFE(40%), PLATANO(40%)",2,"['CAFE', 'PLATANO']","['crop', 'crop']",2
"PLATANO(45%), CAFE(45%)",2,"['PLATANO', 'CAFE']","['crop', 'crop']",2
"PLATANO(60%), CAFE(40%)",2,"['PLATANO', 'CAFE']","['crop', 'crop']",2
"PLATANO30%), CAFE(60%)",2,"['PLATANO', 'CAFE']","['crop', 'crop']",2
"40% CAFE, 40% PLATANO, 20% NARANJA",2,"['CAFE', 'PLATANO', 'NARANJA']","['crop', 'crop', 'crop']",3
"50% CAFE, 40% PLATANO, 10 NARANJO",2,"['CAFE', 'PLATANO', 'NARANJA']","['crop', 'crop', 'crop']",3
"CAFE 70%, PLATANNO 30%",2,"['CAFE', 'PLATANNO']","['crop', 'crop']",2
"40% CAFE, 40% NARANJO, 20% PLATANO",2,"['CAFE', 'NARANJA', 'PLATANO']","['crop', 'crop', 'crop']",3
"40% CAFE, 40% PLATANO, 20% NARANJO",2,"['CAFE', 'PLATANO', 'NARANJA']","['crop', 'crop', 'crop']",3
"60% CAFE, 30% PLATANO, 10% NARANJO",2,"['CAFE', 'PLATANO', 'NARANJA']","['crop', 'crop', 'crop']",3
"CAFE 60%, PLATANO 35%, NARANJO 5%",2,"['CAFE', 'PLATANO', 'NARANJA']","['crop', 'crop', 'crop']",3
"50% CAFE, 30% NARANJA, 20% PLATANO",2,"['CAFE', 'NARANJA', 'PLATANO']","['crop', 'crop', 'crop']",3
"CAFE 40%, PLATANO 50%, NARANJA 10%",2,"['CAFE', 'PLATANO', 'NARANJA']","['crop', 'crop', 'crop']",3
"PLATANO 40%, CAFE 45%",2,"['PLATANO', 'CAFE']","['crop', 'crop']",2
"PLATANO 50%, CAFE 30%, NARANJO 10%, GUAYAQUIL 5%",2,"['PLATANO', 'CAFE', 'NARANJA', 'GUAYAQUIL']","['crop', 'crop', 'crop', 'crop']",4
"CAFE 50 %, PLATANO 40%, NARANJO 10%",2,"['CAFE', 'PLATANO', 'NARANJA']","['crop', 'crop', 'crop']",3
"CAFÉ 50%, PLATANO 40%, NARANJO 10",2,"['CAFE', 'PLATANO', 'NARANJA']","['crop', 'crop', 'crop']",3
PASTO ELEFANTE (50%) PAJA GATEADORA (20%) PLATANO (10%),2,"['PASTO ELEFANTE', 'PAJA GATEADORA', 'PLATANO']","['pasture', 'pasture', 'crop']",3
PASTO ELEFANTE (65%) PLATANO (10%) CAFE (15%),2,"['PASTO ELEFANTE', 'PLATANO', 'CAFE']","['pasture', 'crop', 'crop']",3
"PASTOELEFANTE 70%, PLATANO 10%, CAFE 10%, NARANJO 10%",2,"['PASTOELEFANTE', 'PLATANO', 'CAFE', 'NARANJA']","['pasture', 'crop', 'crop', 'crop']",4
"PLATANO 20%, CAFE 15%, NARANJO 5%, PASTO ELEFANTE 60%",2,"['PLATANO', 'CAFE', 'NARANJA', 'PASTO ELEFANTE']","['crop', 'crop', 'crop', 'pasture']",4
"40% CAFE, 20% PLATANO, 40% NARANJO",2,"['CAFE', 'PLATANO', 'NARANJA']","['crop', 'crop', 'crop']",3
"50% CAFE, 20% PLATANO, 10% PALTA, 10% CHIRIMOYA",2,"['CAFE', 'PLATANO', 'PALTA', 'CHIRIMOYA']","['crop', 'crop', 'crop', 'crop']",4
"50% CAFE, 30% PLATANO, 20% NARANJO",2,"['CAFE', 'PLATANO', 'NARANJA']","['crop', 'crop', 'crop']",3
"CAFÉ 40%, PLATANO 40%, NARANJA 10%",2,"['CAFE', 'PLATANO', 'NARANJA']","['crop', 'crop', 'crop']",3
"CAFÉ 40%, PLATANO 40%, NARANJO 20%",2,"['CAFE', 'PLATANO', 'NARANJA']","['crop', 'crop', 'crop']",3
"CAFE 45%, PLATANO 35%, NARANJA 10%",2,"['CAFE', 'PLATANO', 'NARANJA']","['crop', 'crop', 'crop']",3
"CAFE 50%, PLATANO 20%, PALTO 15%, NARANJO 15%",2,"['CAFE', 'PLATANO', 'PALTA', 'NARANJA']","['crop', 'crop', 'crop', 'crop']",4
"CAFÉ 60%, PLATANO 30%",2,"['CAFE', 'PLATANO']","['crop', 'crop']",2
"CAFETO 40%, PLATANO 40%, NARANJA 20%",2,"['CAFE', 'PLATANO', 'NARANJA']","['crop', 'crop', 'crop']",3
"CAFETOS 40%, PLATANAL 30%, NARANJOS 20%",2,"['CAFE', 'PLATANO', 'NARANJA']","['crop', 'crop', 'crop']",3
"PLATANO 45 %, CAFÉ 40%, PALTO 15%",2,"['PLATANO', 'CAFE', 'PALTA']","['crop', 'crop', 'crop']",3
PASTO ELEFANTE CHIRIMOYA,2,"['PASTO', 'PASTO ELEFANTE', 'CHIRIMOYA']","['pasture', 'pasture', 'crop']",3
"CAFETO 40%, PLATANAL 40%, NARANJO 20%",2,"['CAFE', 'PLATANO', 'NARANJA']","['crop', 'crop', 'crop']",3
"CAFETO 60%, PLATANAL 40%",2,"['CAFE', 'PLATANO']","['crop', 'crop']",2
"PLATANO 60%, CAFÉ 40%",2,"['PLATANO', 'CAFE']","['crop', 'crop']",2
"40% CAFE, 40% PLATANO",2,"['CAFE', 'PLATANO']","['crop', 'crop']",2
"CACACO 30%, PLATANO 25%, CAFE 25%, NARANJO 20",2,"['CACACO', 'PLATANO', 'CAFE', 'NARANJA']","['crop', 'crop', 'crop', 'crop']",4
"CAFÉ 40%, PLATANO 40%",2,"['CAFE', 'PLATANO']","['crop', 'crop']",2
"CAFÉ 50%, PLATANO 40%, GUAYAQUIL 10%",2,"['CAFE', 'PLATANO', 'GUAYAQUIL']","['crop', 'crop', 'crop']",3
"50% CAFETA, 40% PLATANAL, 10% NARANJA",2,"['CAFETA', 'PLATANO', 'NARANJA']","['crop', 'crop', 'crop']",3
CAFE (70%) GUABO (10%),2,"['CAFE', 'GUABO']","['crop', 'crop']",2
PASTO DE ELEFANTE (30%) CAFE (20%) GUAYAQUIL(15%),2,"['PASTO ELEFANTE', 'CAFE', 'GUAYAQUIL']","['pasture', 'crop', 'crop']",3
"CAFÉ 30%, PLATANO 15%, GUABO 10%, PASTO ELEFANTE 10%",2,"['CAFE', 'PLATANO', 'GUABO', 'PASTO ELEFANTE']","['crop', 'crop', 'crop', 'pasture']",4
"CAFÉ 40%, PLATANO 20%, PASTO ELEFANTE 40%",2,"['CAFE', 'PLATANO', 'PASTO ELEFANTE']","['crop', 'crop', 'pasture']",3
"CAFÉ 50%, PLATANO 30%, PASTO ELEFANTE 10%, NARANJO 5%",2,"['CAFE', 'PLATANO', 'PASTO ELEFANTE', 'NARANJA']","['crop', 'crop', 'pasture', 'crop']",4
"CAFÉ 60%,  PLATANO 40%",2,"['CAFE', 'PLATANO']","['crop', 'crop']",2
"CAFÉ 60%, PLATANO 40%",2,"['CAFE', 'PLATANO']","['crop', 'crop']",2
"CAFETO, PLATANAL, NARANJO",2,"['CAFE', 'PLATANO', 'NARANJA']","['crop', 'crop', 'crop']",3
"PASTO ELEFANTE 25%, CAFÉ 15%, PLATANO 15%, NARANJO 5%",2,"['PASTO ELEFANTE', 'CAFE', 'PLATANO', 'NARANJA']","['pasture', 'crop', 'crop', 'crop']",4
"PASTO ELEFANTE 50%, CAFÉ 25%, PLATANO 20%, NARANJO 5%",2,"['PASTO ELEFANTE', 'CAFE', 'PLATANO', 'NARANJA']","['pasture', 'crop', 'crop', 'crop']",4
"PASTO ELEFANTE 60%, CAFÉ 15%, PLATANO 5%, NARANJO 10% GUAYAQUIL 10%",2,"['PASTO ELEFANTE', 'CAFE', 'PLATANO', 'NARANJA', 'GUAYAQUIL']","['pasture', 'crop', 'crop', 'crop', 'crop']",5
"50% CAFETO, 30% PLATANAL, 20% PASTO ELEFANTE",2,"['CAFE', 'PLATANO', 'PASTO ELEFANTE']","['crop', 'crop', 'pasture']",3
CAFE (30%) PLATANO(30%) NARANJO (15%) GUAYAQUIL (10%) PALTO (5%),2,"['CAFE', 'PLATANO', 'NARANJA', 'GUAYAQUIL', 'PALTA']","['crop', 'crop', 'crop', 'crop', 'crop']",5
CAFE (45%) PLATANO (35%),2,"['CAFE', 'PLATANO']","['crop', 'crop']",2
CAFE(50%)  PLATANO(20%) NARANJO(10%) PASTO ELEFANTE (20%),2,"['CAFE', 'PLATANO', 'NARANJA', 'PASTO ELEFANTE']","['crop', 'crop', 'crop', 'pasture']",4
CAFE(50%) P´LATANO (30%) NARANJO(20%),2,"['CAFE', 'P´LATANO', 'NARANJA']","['crop', 'crop', 'crop']",3
CAFE(50%) PLATANO (10%) NARANJA (20%) PASTO ELEFANTE (20%),2,"['CAFE', 'PLATANO', 'NARANJA', 'PASTO ELEFANTE']","['crop', 'crop', 'crop', 'pasture']",4
CAFETO (40%) PLATANAL(40%) NARANJO (20%),2,"['CAFE', 'PLATANO', 'NARANJA']","['crop', 'crop', 'crop']",3
CAFETO (40%) PLATANAL(40%) NARANJOS(20%),2,"['CAFE', 'PLATANO', 'NARANJA']","['crop', 'crop', 'crop']",3
CAFETO(50%) PLATANAL (30%) NARANJO (20%),2,"['CAFE', 'PLATANO', 'NARANJA']","['crop', 'crop', 'crop']",3
PASTO ELEFANTE (80%) PAJA GATEADORA(20%),2,"['PASTO ELEFANTE', 'PAJA GATEADORA']","['pasture', 'pasture']",2
PLATANO (30%) CAFE (30%) NARANJA (20%) GUAYAQUIL (10%) PASTO DE ELEFANTE ( 10%),2,"['PLATANO', 'CAFE', 'NARANJA', 'GUAYAQUIL', 'PASTO ELEFANTE']","['crop', 'crop', 'crop', 'crop', 'pasture']",5
CAFE (40%)  PLATANO (40%),2,"['CAFE', 'PLATANO']","['crop', 'crop']",2
CAFE (70%)  PLATANO (/20%) NARANJO ( 10%),2,"['CAFE', 'PLATANO', 'NARANJA']","['crop', 'crop', 'crop']",3
CAFE (70%) PLATANO (20%) NARANJO (10%),2,"['CAFE', 'PLATANO', 'NARANJA']","['crop', 'crop', 'crop']",3
CAFE (40%) PLATANO (40%) NARANJA (20%),2,"['CAFE', 'PLATANO', 'NARANJA']","['crop', 'crop', 'crop']",3
CAFE(40%) PLATANO (40%) NARANJA (20%),2,"['CAFE', 'PLATANO', 'NARANJA']","['crop', 'crop', 'crop']",3
CAFE (35%) PLATANO (35%) PALTO ( 10%) NARANJA (10%),2,"['CAFE', 'PLATANO', 'PALTA', 'NARANJA']","['crop', 'crop', 'crop', 'crop']",4
"CAFÉ 40%, PLATANO 20%, NARANJO 20%, PALTO 20%",2,"['CAFE', 'PLATANO', 'NARANJA', 'PALTA']","['crop', 'crop', 'crop', 'crop']",4
"CAFE 40%, PLATANO 30%, PALTO 15%, NARANJO 15%",2,"['CAFE', 'PLATANO', 'PALTA', 'NARANJA']","['crop', 'crop', 'crop', 'crop']",4
"CAFE 50%, NARANJO 25%, PALTO 25%",2,"['CAFE', 'NARANJA', 'PALTA']","['crop', 'crop', 'crop']",3
"CAFÉ 50%, PLATANO 25%, NARANJO 25%",2,"['CAFE', 'PLATANO', 'NARANJA']","['crop', 'crop', 'crop']",3
"CAFETO 40%, PLATANO 40%, NARANJO 10%",2,"['CAFE', 'PLATANO', 'NARANJA']","['crop', 'crop', 'crop']",3
"GRAMA GATEADORA 60%, PASTO ELEFANTE 30%",2,"['GRAMA GATEADORA', 'PASTO ELEFANTE']","['pasture', 'pasture']",2
CAFE (50%) NARANJA (30%) PLATANO (20%),2,"['CAFE', 'NARANJA', 'PLATANO']","['crop', 'crop', 'crop']",3
CAFE(40%) PLATANO(20%) NARANJA (10%),2,"['CAFE', 'PLATANO', 'NARANJA']","['crop', 'crop', 'crop']",3
CAFE(45%) PLATANO (20%) NARANJO (5%),2,"['CAFE', 'PLATANO', 'NARANJA']","['crop', 'crop', 'crop']",3
CAFE(45%) PLATANO(25%) NARANJO (5%),2,"['CAFE', 'PLATANO', 'NARANJA']","['crop', 'crop', 'crop']",3
CAFETO (50%) NARANJO (20%) PLATANAL (30%),2,"['CAFE', 'NARANJA', 'PLATANO']","['crop', 'crop', 'crop']",3
CAFETO (50%) PLATANAL (30%) NARANJO (20%),2,"['CAFE', 'PLATANO', 'NARANJA']","['crop', 'crop', 'crop']",3
CAFE (30%) PLATANO (20%) NARANJA (5%) PASTO ELEFANTE (30%),2,"['CAFE', 'PLATANO', 'NARANJA', 'PASTO ELEFANTE']","['crop', 'crop', 'crop', 'pasture']",4
PLATANO (35%) CAFE(60%) NARANJA (5%),2,"['PLATANO', 'CAFE', 'NARANJA']","['crop', 'crop', 'crop']",3
PLATANO (50%) CAFE (50%),2,"['PLATANO', 'CAFE']","['crop', 'crop']",2
PLATANO (50%) CAFE(50%),2,"['PLATANO', 'CAFE']","['crop', 'crop']",2
CAFE (15%) PLATANO(10%) PASTO ELEFANTE (20%) GRAMALOTE(35%),2,"['CAFE', 'PLATANO', 'PASTO ELEFANTE', 'GRAMALOTE']","['crop', 'crop', 'pasture', 'pasture']",4
CAFE(10%) PLATANO(10%) PAJA GATEADORA(30%) GRAMALOTE (20%),2,"['CAFE', 'PLATANO', 'PAJA GATEADORA', 'GRAMALOTE']","['crop', 'crop', 'pasture', 'pasture']",4
CAFE(40%) PLATANO (20%) PASTO ELEFANTE (20%),2,"['CAFE', 'PLATANO', 'PASTO ELEFANTE']","['crop', 'crop', 'pasture']",3
PASTO DE ELEFANTE (45%) PAJA GATEADORA (25%) CAFE (10%) PLATANO (10%),2,"['PASTO ELEFANTE', 'PAJA GATEADORA', 'CAFE', 'PLATANO']","['pasture', 'pasture', 'crop', 'crop']",4
PLATANO (20%) CAFE(20%) PASTO ELEFANTE(30%),2,"['PLATANO', 'CAFE', 'PASTO ELEFANTE']","['crop', 'crop', 'pasture']",3
CAFE (50%) PLATANO (40%),2,"['CAFE', 'PLATANO']","['crop', 'crop']",2
PASTO ELEFANTE (60%) PAJA GATEADORA (35%),2,"['PASTO ELEFANTE', 'PAJA GATEADORA']","['pasture', 'pasture']",2
PASTO GUATEMALA,2,['PASTO GUATEMALA'],['pasture'],1
PASTO ELEFANTE (60%) PAJA GATEADORA (30%),2,"['PASTO ELEFANTE', 'PAJA GATEADORA']","['pasture', 'pasture']",2
SHUSPO (3%) ROBLE (4%) ARRAYAN (3%),2,"['SHUSPO', 'ROBLE', 'ARRAYAN']","['crop', 'crop', 'crop']",3
CAFE (40%) PLATANO (40%) NARANJA (10%) GUABO (10%),2,"['CAFE', 'PLATANO', 'NARANJA', 'GUABO']","['crop', 'crop', 'crop', 'crop']",4
CAFE (40%) PLATANO (40%) NARANJA (5%) PASTO ELEFANTE (5%),2,"['CAFE', 'PLATANO', 'NARANJA', 'PASTO ELEFANTE']","['crop', 'crop', 'crop', 'pasture']",4
CAFE (45%) PLATANO (40%) GUAYAQUIL (10%) NARANJA (5%),2,"['CAFE', 'PLATANO', 'GUAYAQUIL', 'NARANJA']","['crop', 'crop', 'crop', 'crop']",4
CAFE (50%) PLATANO (35%) NARANJA (5%) GUABO (5%),2,"['CAFE', 'PLATANO', 'NARANJA', 'GUABO']","['crop', 'crop', 'crop', 'crop']",4
CAFE(50%) PLATANO (35%) NARANJA (5%) PASTO ELEFANTE (5%) GUAYAQUIL (5%),2,"['CAFE', 'PLATANO', 'NARANJA', 'PASTO ELEFANTE', 'GUAYAQUIL']","['crop', 'crop', 'crop', 'pasture', 'crop']",5
PASTO ELEFANTE (40%) PAJA GATEADORA (30%),2,"['PASTO ELEFANTE', 'PAJA GATEADORA']","['pasture', 'pasture']",2
PASTO ELEFANTE (50%)  PAJA GATEADORA (30%),2,"['PASTO ELEFANTE', 'PAJA GATEADORA']","['pasture', 'pasture']",2
PASTO ELEFANTE (70%) PAJA GATEADORA (30%),2,"['PASTO ELEFANTE', 'PAJA GATEADORA']","['pasture', 'pasture']",2
VEGETACION PRIMITIVA DEL LUGAR,2,['VEGETACION PRIMITIVA DEL LUGAR'],['crop'],1
PASTO ELEFANTE (50%) PAJA GATEADORA (50%),2,"['PASTO ELEFANTE', 'PAJA GATEADORA']","['pasture', 'pasture']",2
PASTO ELEFANTE (50%) PAJA GATEADORA(30%) GUAYAQUIL (10%),2,"['PASTO ELEFANTE', 'PAJA GATEADORA', 'GUAYAQUIL']","['pasture', 'pasture', 'crop']",3
PLATANO (30%) CAFE (35%) PALTO (10%) NARANJO (5%) GUAYAQUIL(5%),2,"['PLATANO', 'CAFE', 'PALTA', 'NARANJA', 'GUAYAQUIL']","['crop', 'crop', 'crop', 'crop', 'crop']",5
PLATANO (35%) CAFE (40%) NARANJA (15%) PALTO (5%) LUCUMO (5%),2,"['PLATANO', 'CAFE', 'NARANJA', 'PALTA', 'LUCUMO']","['crop', 'crop', 'crop', 'crop', 'crop']",5
PLATANO (40%) CAFE(40%) NARANJO (5%) PALTO (5%) GUABO(5%),2,"['PLATANO', 'CAFE', 'NARANJA', 'PALTA', 'GUABO']","['crop', 'crop', 'crop', 'crop', 'crop']",5
CAFE(50%) PLATANO (50%),2,"['CAFE', 'PLATANO']","['crop', 'crop']",2
CAFE (70%) NARANJO (10%)  GUABO (15%),2,"['CAFE', 'NARANJA', 'GUABO']","['crop', 'crop', 'crop']",3
"60% CAFETO, 20% PLATANO, 20% PASTO ELEFANTE",2,"['CAFE', 'PLATANO', 'PASTO ELEFANTE']","['crop', 'crop', 'pasture']",3
"80% CAFETO, 20% PASTO ELEFANTE",2,"['CAFE', 'PASTO ELEFANTE']","['crop', 'pasture']",2
"40% CAMOTE, 60% FRIJOL",2,"['CAMOTE', 'FRIJOL']","['crop', 'crop']",2
MANGO HUABO,2,"['MANGO', 'GUABO']","['crop', 'crop']",2
ALGARROBO ZAPOTE PALO VERDE,2,['ALGARROBO ZAPOTE PALO VERDE'],['crop'],1
MANGO LIMON CIRUELA,2,"['MANGO', 'LIMON', 'CIRUELA']","['crop', 'crop', 'crop']",3
"NARANJO 40%, MANGO 10%, PLATANO 50%",2,"['NARANJA', 'MANGO', 'PLATANO']","['crop', 'crop', 'crop']",3
"MANGO 50%, COCO 10%",2,"['MANGO', 'COCO']","['crop', 'crop']",2
"PLATANO 30%, NARANJA 15%",2,"['PLATANO', 'NARANJA']","['crop', 'crop']",2
"COCOTERO 40%, PLATANO 45%",2,"['COCO', 'PLATANO']","['crop', 'crop']",2
"COCOTERO 50%, MANGO 5%, LIMON 5%",2,"['COCO', 'MANGO', 'LIMON']","['crop', 'crop', 'crop']",3
"PLATANO 15%, COCOTERO 25%",2,"['PLATANO', 'COCO']","['crop', 'crop']",2
"PLATANO 50%, COCOTERO 35%",2,"['PLATANO', 'COCO']","['crop', 'crop']",2
50%,2,[],[],0
MANGO  LIMON,2,"['MANGO', 'LIMON']","['crop', 'crop']",2
MANGO 90%,2,['MANGO'],['crop'],1
"CACAO 40%, PLATANO 60%",2,"['CACAO', 'PLATANO']","['crop', 'crop']",2
"GUAYAQUIL 10%, PAJA GRANADINA 45%",2,"['GUAYAQUIL', 'PAJA GRANADINA']","['crop', 'pasture']",2
"PLATANO 20%, PAJA GRANADINA 30%",2,"['PLATANO', 'PAJA GRANADINA']","['crop', 'pasture']",2
"CACAO 15%, CAÑA DE AZUCAR 15%, PAJA GRANADINA 70%",2,"['CACAO', 'CAÑA DE AZUCAR', 'PAJA GRANADINA']","['crop', 'crop', 'pasture']",3
"CACAO 40%, PAJA GRANADINA 30%",2,"['CACAO', 'PAJA GRANADINA']","['crop', 'pasture']",2
"CACAO 40%, PLATANO 40%, PASTO ELEFANTE 20%",2,"['CACAO', 'PLATANO', 'PASTO ELEFANTE']","['crop', 'crop', 'pasture']",3
"CACAO 60%, PLATANO 10%, PAJA GRANADINA 30%",2,"['CACAO', 'PLATANO', 'PAJA GRANADINA']","['crop', 'crop', 'pasture']",3
"CAÑA DE AZUCAR 20%, CACAO 70%, PAJA GRANADINA 10%",2,"['CAÑA DE AZUCAR', 'CACAO', 'PAJA GRANADINA']","['crop', 'crop', 'pasture']",3
"CAÑA DE AZUCAR 25%, PLATANO 10%, PAJA CHILENA 35%",2,"['CAÑA DE AZUCAR', 'PLATANO', 'PAJA CHILENA']","['crop', 'crop', 'pasture']",3
"CAÑA DE AZUCAR 30%, CACAO 60%",2,"['CAÑA DE AZUCAR', 'CACAO']","['crop', 'crop']",2
"PAJA GRANADINA 70%, GUAYAQUIL 15%",2,"['PAJA GRANADINA', 'GUAYAQUIL']","['pasture', 'crop']",2
"YUCA 10%, SOYA 20%",2,"['YUCA', 'SOYA']","['crop', 'crop']",2
"CAÑA DE AZUCAR 15%, PLATANO 15%, PAJA GRANADINA 30%",2,"['CAÑA DE AZUCAR', 'PLATANO', 'PAJA GRANADINA']","['crop', 'crop', 'pasture']",3
"PAJA GRANADINA 40%, CAÑA DE AZUCAR 15%, CACAO 5%",2,"['PAJA GRANADINA', 'CAÑA DE AZUCAR', 'CACAO']","['pasture', 'crop', 'crop']",3
"PLATANO 10%, PAJA GRANADINA 10%, CACAO 10%",2,"['PLATANO', 'PAJA GRANADINA', 'CACAO']","['crop', 'pasture', 'crop']",3
"CACAO 30%, CAÑA DE AZUCAR 30%, PAJA GRANADINA 15%",2,"['CACAO', 'CAÑA DE AZUCAR', 'PAJA GRANADINA']","['crop', 'crop', 'pasture']",3
"CACAO 90%, PASTO DE ELEFANTE 10%",2,"['CACAO', 'PASTO ELEFANTE']","['crop', 'pasture']",2
"CAÑA DE AZUCAR 60%, PLATANO 20%, CACAO 20%",2,"['CAÑA DE AZUCAR', 'PLATANO', 'CACAO']","['crop', 'crop', 'crop']",3
"PLATANO 40%, CACAO 20%",2,"['PLATANO', 'CACAO']","['crop', 'crop']",2
"PLATANO 40%, CAÑA DE AZUCAR 15%, CACAO 5%",2,"['PLATANO', 'CAÑA DE AZUCAR', 'CACAO']","['crop', 'crop', 'crop']",3
"CAÑA DE AZUCAR 30%, CACAO 50%",2,"['CAÑA DE AZUCAR', 'CACAO']","['crop', 'crop']",2
"PAJA GRANADINA 70%, GUAYAQUIL 30%",2,"['PAJA GRANADINA', 'GUAYAQUIL']","['pasture', 'crop']",2
MANGO (60%) LIMON (40%),2,"['MANGO', 'LIMON']","['crop', 'crop']",2
"PAJA CHILENA 25%, PAJA GRANADINA 10%, CAÑA DE AZUCAR 10%, CACAO 10%, PLATANO 10%, MAMEY 5%",2,"['PAJA CHILENA', 'PAJA GRANADINA', 'CAÑA DE AZUCAR', 'CACAO', 'PLATANO', 'MAMEY']","['pasture', 'pasture', 'crop', 'crop', 'crop', 'crop']",6
"PAJA GRANADINA 40%, CACAO 10%, GUAYAQUIL 5%",2,"['PAJA GRANADINA', 'CACAO', 'GUAYAQUIL']","['pasture', 'crop', 'crop']",3
"PAJA GRANADINA 70%, PASTO DE ELEFANTE 30%",2,"['PAJA GRANADINA', 'PASTO ELEFANTE']","['pasture', 'pasture']",2
LIMON (30%) MANGO (50%),2,"['LIMON', 'MANGO']","['crop', 'crop']",2
"PLATANO 20%, PAJA GRANADINA 30%, CACAO 40%",2,"['PLATANO', 'PAJA GRANADINA', 'CACAO']","['crop', 'pasture', 'crop']",3
"CACAO 70%, PLATANO 15%, CAÑA DE AZUCAR 15%",2,"['CACAO', 'PLATANO', 'CAÑA DE AZUCAR']","['crop', 'crop', 'crop']",3
"CAÑA DE AZUCAR 50%, PAJA GRANADINA 30%, CACAO 10%",2,"['CAÑA DE AZUCAR', 'PAJA GRANADINA', 'CACAO']","['crop', 'pasture', 'crop']",3
"PLATANO 30%, PAJA GRANADINA 40%",2,"['PLATANO', 'PAJA GRANADINA']","['crop', 'pasture']",2
"PLATANO 30%, PAJA GRANADINA 70%",2,"['PLATANO', 'PAJA GRANADINA']","['crop', 'pasture']",2
"CAFETO 20%, PLATANO 30%, PAJA GRANADINA 40%",2,"['CAFE', 'PLATANO', 'PAJA GRANADINA']","['crop', 'crop', 'pasture']",3
"CAFETO 30%, PLATANO 30%",2,"['CAFE', 'PLATANO']","['crop', 'crop']",2
PAJA BRAQUIAL,2,['PAJA BRAQUIAL'],['pasture'],1
"PLATANO 10%, PAJA GRANADINA 90%",2,"['PLATANO', 'PAJA GRANADINA']","['crop', 'pasture']",2
"PAJA DE INVERNA 50%, CAÑA DE AZUCAR 10%, CACAO 35%, PLATANO",2,"['INVERNA', 'CAÑA DE AZUCAR', 'CACAO', 'PLATANO']","['pasture', 'crop', 'crop', 'crop']",4
"PAJA GRANADINA 50%, PLATANO 20%",2,"['PAJA GRANADINA', 'PLATANO']","['pasture', 'crop']",2
"PAJA GRANADINA 15%, PLATANO 30%, CACAO 30%, CAÑA DE AZUCAR 25%",2,"['PAJA GRANADINA', 'PLATANO', 'CACAO', 'CAÑA DE AZUCAR']","['pasture', 'crop', 'crop', 'crop']",4
"PLATANO 50%, CACAO 25%, CAÑA DE AZUCAR 5%, PAJA GRANADINA 20%",2,"['PLATANO', 'CACAO', 'CAÑA DE AZUCAR', 'PAJA GRANADINA']","['crop', 'crop', 'crop', 'pasture']",4
"CACAO 20%, PLATANO 20%, MAMEY 20%",2,"['CACAO', 'PLATANO', 'MAMEY']","['crop', 'crop', 'crop']",3
"CAFE 30%, PLATANO 20%",2,"['CAFE', 'PLATANO']","['crop', 'crop']",2
"PLATANO 15%, GUAYAQUIL 10%",2,"['PLATANO', 'GUAYAQUIL']","['crop', 'crop']",2
"PLATANO 60%, CAFE 40%",2,"['PLATANO', 'CAFE']","['crop', 'crop']",2
LAGARROBO,2,['LAGARROBO'],['crop'],1
FRIJOO,2,['FRIJOO'],['crop'],1
"PAJA CHILENA 85%, GUAYAQUIL 15%",2,"['PAJA CHILENA', 'GUAYAQUIL']","['pasture', 'crop']",2
"CAFE (20%), CAÑA DE AZUCAR (25%), PLATANO (25%)",2,"['CAFE', 'CAÑA DE AZUCAR', 'PLATANO']","['crop', 'crop', 'crop']",3
"CAÑA DE AZUCAR (40%), PLATANO (30%)",2,"['CAÑA DE AZUCAR', 'PLATANO']","['crop', 'crop']",2
"CAÑA DE AZUCAR 10%, PAJA CHILENA 60%",2,"['CAÑA DE AZUCAR', 'PAJA CHILENA']","['crop', 'pasture']",2
"CAÑA DE AZUCAR 5%, PLATANO 5%, PAJA CHILENA 45%, PAJA GIGANTE 30%",2,"['CAÑA DE AZUCAR', 'PLATANO', 'PAJA CHILENA', 'PAJA GIGANTE']","['crop', 'crop', 'pasture', 'pasture']",4
"MAIZ 10%, FRIJOL 20%",2,"['MAIZ', 'FRIJOL']","['crop', 'crop']",2
"PAJA CHILENA 60%, PASTO DE ELEFANTE 40%",2,"['PAJA CHILENA', 'PASTO ELEFANTE']","['pasture', 'pasture']",2
"PLATANO 30%, CAÑA DE AZUCAR 30%, PAJA CHILENA 40%",2,"['PLATANO', 'CAÑA DE AZUCAR', 'PAJA CHILENA']","['crop', 'crop', 'pasture']",3
"FREJOL DE PALO 50%, PAJA CHILENA 50",2,"['FRIJOL DE PALO', 'PAJA CHILENA']","['crop', 'pasture']",2
"PAJA CHILENA (30%), PLATANO (10%), NARANJAS (5%), GUAYAQUIL (5%)",2,"['PAJA CHILENA', 'PLATANO', 'NARANJA', 'GUAYAQUIL']","['pasture', 'crop', 'crop', 'crop']",4
"PAJA CHILENA 55%, PASTO DE ELEFANTE 15%",2,"['PAJA CHILENA', 'PASTO ELEFANTE']","['pasture', 'pasture']",2
"PAJA CHILENA 75%, PASTO DE ELEFANTE 25%",2,"['PAJA CHILENA', 'PASTO ELEFANTE']","['pasture', 'pasture']",2
"PAJA CHILENA 80%, GUAYAQUIL 20%",2,"['PAJA CHILENA', 'GUAYAQUIL']","['pasture', 'crop']",2
"PAJA CHILENA( 30%), CAÑA DE AZUCAR(30%), PLATANO(30%) , NARANJA(10%)",2,"['PAJA CHILENA', 'CAÑA DE AZUCAR', 'PLATANO', 'NARANJA']","['pasture', 'crop', 'crop', 'crop']",4
"PAJA CHILENA(80%),NARANJO(5%),PLATANO(5%),FREJOL DE PALO (10%)",2,"['PAJA CHILENA', 'NARANJA', 'PLATANO', 'FRIJOL DE PALO']","['pasture', 'crop', 'crop', 'crop']",4
"PLATANO 80%, PAJA CHILENA (20%)",2,"['PLATANO', 'PAJA CHILENA']","['crop', 'pasture']",2
POMAROSA,2,['POMAROSA'],['crop'],1
"CAÑA DE AZUCAR 20%, GUAYAQUIL 10%",2,"['CAÑA DE AZUCAR', 'GUAYAQUIL']","['crop', 'crop']",2
"GUAYAQUIL 70%, PAJA CHILENA 30%",2,"['GUAYAQUIL', 'PAJA CHILENA']","['crop', 'pasture']",2
AZUCAR,2,['AZUCAR'],['crop'],1
CAÑA DE AZUCAR(70%) GUAYAQUIL(30%),2,"['CAÑA DE AZUCAR', 'GUAYAQUIL']","['crop', 'crop']",2
"CAÑA DE AZUCAR(90%) , GUAYAQUIL (10%)",2,"['CAÑA DE AZUCAR', 'GUAYAQUIL']","['crop', 'crop']",2
FRIJOL CHIMU,2,['FRIJOL CHIMU'],['crop'],1
"PASTO DE ELEFANTE(50%), GUAYAQUIL(10%)",2,"['PASTO ELEFANTE', 'GUAYAQUIL']","['pasture', 'crop']",2
PASTO ELEFANTE 80% PLATANO 20%,2,"['PASTO ELEFANTE', 'PLATANO']","['pasture', 'crop']",2
PASTO ELEFANTE 90% PLATANO 10%,2,"['PASTO ELEFANTE', 'PLATANO']","['pasture', 'crop']",2
PLATANO 50% CAÑA DE AZUCAR 50%,2,"['PLATANO', 'CAÑA DE AZUCAR']","['crop', 'crop']",2
PLATANO 80% GUAYAQUIL 20%,2,"['PLATANO', 'GUAYAQUIL']","['crop', 'crop']",2
PLATANO(70%) GUAYAQUIL (20%),2,"['PLATANO', 'GUAYAQUIL']","['crop', 'crop']",2
CAÑA DE AZUCAR 80% PASTO ELEFANTE 20%,2,"['CAÑA DE AZUCAR', 'PASTO ELEFANTE']","['crop', 'pasture']",2
CAÑA DE AZUCAR(20) Y PAJA CHILENA(40) PLATANO(20) Y GUAYAQUIL(5),2,"['CAÑA DE AZUCAR', 'PAJA CHILENA', 'PLATANO', 'GUAYAQUIL']","['crop', 'pasture', 'crop', 'crop']",4
"FRIJOL BAYO 40%, MAIZ 30%",2,"['FRIJOL BAYO', 'MAIZ']","['crop', 'crop']",2
"PLATANO 10%, CAÑA DE AZUCAR 30%, PASTO ELEFANTE 30%",2,"['PLATANO', 'CAÑA DE AZUCAR', 'PASTO ELEFANTE']","['crop', 'crop', 'pasture']",3
CAÑA DE AZUICAR,2,['CAÑA DE AZUICAR'],['crop'],1
FRIJO ALUBIA 30% MAIZ 30%,2,"['FRIJO ALUBIA', 'MAIZ']","['crop', 'crop']",2
"PAJA CHILENA (50%), CAFE (20%), PLATANO (10%) CAÑA DE AZUCAR (20%)",2,"['PAJA CHILENA', 'CAFE', 'PLATANO', 'CAÑA DE AZUCAR']","['pasture', 'crop', 'crop', 'crop']",4
PAJA CHILENA 50% PLATANO (25%)CAÑA DE AZUCAR (25%),2,"['PAJA CHILENA', 'PLATANO', 'CAÑA DE AZUCAR']","['pasture', 'crop', 'crop']",3
"PAJA CHILENA(70%), GUAYAQUIL (30%)",2,"['PAJA CHILENA', 'GUAYAQUIL']","['pasture', 'crop']",2
PASTO ELEFANTE 70% GUAYAQUIL,2,"['PASTO ELEFANTE', 'GUAYAQUIL']","['pasture', 'crop']",2
CAÑA DE AZUCAR 40% PASTO ELEFANTE 60%,2,"['CAÑA DE AZUCAR', 'PASTO ELEFANTE']","['crop', 'pasture']",2
CAÑA DE AZUCAR 80% PLATANO 20%),2,"['CAÑA DE AZUCAR', 'PLATANO']","['crop', 'crop']",2
"MAIZ(50%) , FREJOL BAYO(20%)",2,"['MAIZ', 'FREJOL BAYO']","['crop', 'crop']",2
"PAJA CHILENA(50%) , PLATANO(20%) , GUAYAQUIL(20%), CAÑA DE AZUCAR(10%)",2,"['PAJA CHILENA', 'PLATANO', 'GUAYAQUIL', 'CAÑA DE AZUCAR']","['pasture', 'crop', 'crop', 'crop']",4
LIMON 70% TAMARINDO 15% MANGO CIRUELO,2,"['LIMON', 'TAMARINDO', 'MANGO']","['crop', 'crop', 'crop']",3
LUIMON,2,['LUIMON'],['crop'],1
 MAIZ 20 Y YUCA 20,2,"['MAIZ', 'YUCA']","['crop', 'crop']",2
MAIZ 80 Y YUCA 20,2,"['MAIZ', 'YUCA']","['crop', 'crop']",2
PLATANO 40 Y NARANJA 2 Y CACAO 18,2,"['PLATANO', 'NARANJA', 'CACAO']","['crop', 'crop', 'crop']",3
YUCA (5%) MANGO (35%) LIMON (60%),2,"['YUCA', 'MANGO', 'LIMON']","['crop', 'crop', 'crop']",3
PAJA CHILENA PASTO ELEFANTE,2,['PAJA CHILENA PASTO ELEFANTE'],['pasture'],1
FREJOL DE PALO 15% MAIZ 5%,2,"['FRIJOL DE PALO', 'MAIZ']","['crop', 'crop']",2
PASTO ELEFANTE - PASTO CHILENA,2,"['PASTO ELEFANTE', 'PASTO CHILENA']","['pasture', 'pasture']",2
PASTO ELEFANTE NUDILLO,2,"['PASTO', 'PASTO ELEFANTE', 'NUDILLO']","['pasture', 'pasture', 'pasture']",3
"CAÑA(20%), PLÁTANO(60%)",2,"['CAÑA DE AZUCAR', 'PLATANO']","['crop', 'crop']",2
"EUCALIPTO(10%), ROBLE (10%)",2,"['EUCALIPTO', 'ROBLE']","['crop', 'crop']",2
PLATANO CAFE MAIZ,2,"['PLATANO', 'CAFE', 'MAIZ']","['crop', 'crop', 'crop']",3
"GRAMA, NUDILLOS",2,"['GRAMA', 'NUDILLO']","['pasture', 'pasture']",2
NUDILLO GRAMA,2,"['NUDILLO', 'GRAMA']","['pasture', 'pasture']",2
PASTO GIGANTE PASTO ELEFANTE,2,['PASTO GIGANTE PASTO ELEFANTE'],['pasture'],1
MAÍZ(30%). FRIJOL(20%),2,"['MAIZ', 'FRIJOL']","['crop', 'crop']",2
"PAPA (50%), MAÍZ (50%)",2,"['PAPA', 'MAIZ']","['crop', 'crop']",2
"MAÍZ (60%), FRIJOL (40%)",2,"['MAIZ', 'FRIJOL']","['crop', 'crop']",2
"GRAMA (50%), PASTO ELEFANTE (50%)",2,"['GRAMA', 'PASTO ELEFANTE']","['pasture', 'pasture']",2
"CAÑA(50%), PLATANOS(50%)",2,"['CAÑA DE AZUCAR', 'PLATANO']","['crop', 'crop']",2
"CAÑA(50%),PLATANOS(50%)",2,"['CAÑA DE AZUCAR', 'PLATANO']","['crop', 'crop']",2
"GRAMA(20%), NUDILLO(30%)",2,"['GRAMA', 'NUDILLO']","['pasture', 'pasture']",2
"GRAMA(50%), NUDILLO (50%)",2,"['GRAMA', 'NUDILLO']","['pasture', 'pasture']",2
"GUABO (20%), LÚCUMA (20%)",2,"['GUABO', 'LUCUMA']","['crop', 'crop']",2
LIMON 35% MANGOS 15% MARACUYA 15% TAMARINDO 5% COCO 5%),2,"['LIMON', 'MANGO', 'MARACUYA', 'TAMARINDO', 'COCO']","['crop', 'crop', 'crop', 'crop', 'crop']",5
MANGO 35% LIMON 25% MARACUYA 20%),2,"['MANGO', 'LIMON', 'MARACUYA']","['crop', 'crop', 'crop']",3
"NUDILLO(50%),GRASS(50%)",2,"['NUDILLO', 'GRASS']","['pasture', 'crop']",2
"PAJA CHILENA, NUDILLO",2,"['PAJA CHILENA', 'NUDILLO']","['pasture', 'pasture']",2
"PAJUL(10%),NOGAL(10%)",2,"['PAJUL', 'NOGAL']","['crop', 'crop']",2
PASTO CHILENO GRAMA,2,['PASTO CHILENO GRAMA'],['pasture'],1
PASTOS ELEFANTE (70%) CAÑA (30%),2,"['PASTO', 'PASTO ELEFANTE', 'CAÑA DE AZUCAR']","['pasture', 'pasture', 'crop']",3
PLÁTANO,2,['PLATANO'],['crop'],1
TERRENO DESCANSIO,2,['TERRENO DESCANSIO'],['fallow'],1
TERRENO DESCANSO 20%,2,['DESCANSO'],['fallow'],1
CAÑA CAFE PLATANO,2,"['CAÑA DE AZUCAR', 'CAFE', 'PLATANO']","['crop', 'crop', 'crop']",3
CAÑA NARANJA PLATANO,2,"['CAÑA DE AZUCAR', 'NARANJA', 'PLATANO']","['crop', 'crop', 'crop']",3
"LIMON 40%, MANGO 60%",2,"['LIMON', 'MANGO']","['crop', 'crop']",2
"MAÍZ(20%), FREJOL(10%)",2,"['MAIZ', 'FRIJOL']","['crop', 'crop']",2
"MAÍZ(40%), FREJOL(20%)",2,"['MAIZ', 'FRIJOL']","['crop', 'crop']",2
"MAÍZ(80%),CAMOTE(20%)",2,"['MAIZ', 'CAMOTE']","['crop', 'crop']",2
"MANGO (70%), LIMON (30%)",2,"['MANGO', 'LIMON']","['crop', 'crop']",2
"MANGO 50%, PLATANO 20%",2,"['MANGO', 'PLATANO']","['crop', 'crop']",2
"NUDILLO(30%),GRAMA(40%)",2,"['NUDILLO', 'GRAMA']","['pasture', 'pasture']",2
PAJA CHILENA 50% GRAMA 50%,2,"['PAJA CHILENA', 'GRAMA']","['pasture', 'pasture']",2
"PLÁTANO(10%), CAÑA (10%)",2,"['PLATANO', 'CAÑA DE AZUCAR']","['crop', 'crop']",2
PASTO ELEFANTE(10) PAJA CHILENA(30),2,"['PASTO ELEFANTE', 'PAJA CHILENA']","['pasture', 'pasture']",2
"PASTO(10%), PAJA CHILENA(90%)",2,"['PASTO', 'PAJA CHILENA']","['pasture', 'pasture']",2
VIVERO,2,['VIVERO'],['crop'],1
GUAYQUIL Y CAÑA DE AZUCAR,2,"['GUAYQUIL', 'CAÑA DE AZUCAR']","['crop', 'crop']",2
MAIZ YUCA FREJOL,2,"['MAIZ', 'YUCA', 'FRIJOL']","['crop', 'crop', 'crop']",3
ARBOLES,2,['ARBOLES'],['crop'],1
"ALFALFILLA, REY GRAS",2,"['ALFALFILLA', 'REY GRAS']","['pasture', 'crop']",2
PASTOS SILVESTRE,2,['PASTOS SILVESTRE'],['pasture'],1
REYGRAS,2,['REYGRAS'],['pasture'],1
"GRAMA CHILENA, ALFALFILLA",2,"['GRAMA CHILENA', 'ALFALFILLA']","['pasture', 'pasture']",2
"GUAYQUIL, HIGUERON, ROBLES",2,"['GUAYQUIL', 'HIGUERON', 'ROBLE']","['crop', 'crop', 'crop']",3
"MAIZ, FREJOL, PLATANO, PALTA",2,"['MAIZ', 'FRIJOL', 'PLATANO', 'PALTA']","['crop', 'crop', 'crop', 'crop']",4
"REY GRAS, ALFALFILLA",2,"['REY GRAS', 'ALFALFILLA']","['crop', 'pasture']",2
REYGRAS Y ALAFALFILLA,2,"['REYGRAS', 'ALAFALFILLA']","['pasture', 'crop']",2
PASTO CHILENO Y PASTO ELEFANTE,2,"['PASTO CHILENO', 'PASTO ELEFANTE']","['pasture', 'pasture']",2
"PLATANO, PALTA",2,"['PLATANO', 'PALTA']","['crop', 'crop']",2
MANGO 70% - LIMON 30%,2,"['MANGO', 'LIMON']","['crop', 'crop']",2
"NUDILLO, REYGRAS, ALFALFILLA",2,"['NUDILLO', 'REYGRAS', 'ALFALFILLA']","['pasture', 'pasture', 'pasture']",3
REY GRAS - ALFALFILLA,2,"['REY GRAS', 'ALFALFILLA']","['crop', 'pasture']",2
"REY GRAS , ALFALFILLA",2,"['REY GRAS', 'ALFALFILLA']","['crop', 'pasture']",2
REYGRAS ALFALFILLA,2,"['REYGRAS', 'ALFALFILLA']","['pasture', 'pasture']",2
"GRANADILLA, PALTA",2,"['GRANADILLA', 'PALTA']","['crop', 'crop']",2
ALFALIFILLA Y REY GRASS,2,"['ALFALIFILLA', 'REYGRAS']","['crop', 'pasture']",2
GRAMA CHILENA Y ELEFANTE,2,"['GRAMA CHILENA', 'PASTO ELEFANTE']","['pasture', 'pasture']",2
"PLATANOP, CAFE",2,"['PLATANOP', 'CAFE']","['crop', 'crop']",2
"GUAYAQUIL, FAIQUE",2,"['GUAYAQUIL', 'FAIQUE']","['crop', 'crop']",2
PLATANO CAÑA Y CAFE,2,"['PLATANO', 'CAÑA DE AZUCAR', 'CAFE']","['crop', 'crop', 'crop']",3
"PLATANO,CAÑA, CAFE",2,"['PLATANO', 'CAÑA DE AZUCAR', 'CAFE']","['crop', 'crop', 'crop']",3
"                                                               GUINEO CHOLO, BANANO",2,['BANANO'],['crop'],1
                   CIPRESES Y ROBLES,2,"['CIPRES', 'ROBLE']","['crop', 'crop']",2
GRAMA MOCHERITA,2,['GRAMA MOCHERITA'],['pasture'],1
"GRANADILLA, PLATANO, CAÑA DE AZUCAR",2,"['GRANADILLA', 'PLATANO', 'CAÑA DE AZUCAR']","['crop', 'crop', 'crop']",3
REY  GRAS,2,['REY GRAS'],['crop'],1
"REYGRAS, PAJA CHILENA",2,"['REYGRAS', 'PAJA CHILENA']","['pasture', 'pasture']",2
"ELEFANTE, PAJA CHILENA",2,"['PASTO ELEFANTE', 'PAJA CHILENA']","['pasture', 'pasture']",2
"FALSO ROBLE, CIRRES",2,"['FALSO ROBLE', 'CIRRES']","['crop', 'crop']",2
"GUINEO CHOLO, BANANO ENANO",2,"['BANANO', 'BANANO ENANO']","['crop', 'crop']",2
PASTOS GIGANTES,2,['PASTOS GIGANTES'],['pasture'],1
REY GRASS Y PAJA CHILENA,2,"['REYGRAS', 'PAJA CHILENA']","['pasture', 'pasture']",2
"ROBLE ,HIGUERON",2,"['ROBLE', 'HIGUERON']","['crop', 'crop']",2
"CAÑA DE AZUCAR, AJO",2,"['CAÑA DE AZUCAR', 'AJO']","['crop', 'crop']",2
"MAIZ, FREJO, CAÑA",2,"['MAIZ', 'FREJO', 'CAÑA DE AZUCAR']","['crop', 'crop', 'crop']",3
"MAIZ, FREJOL, CAÑA DE AZUCAR",2,"['MAIZ', 'FRIJOL', 'CAÑA DE AZUCAR']","['crop', 'crop', 'crop']",3
NUDILLA Y PAJA CASTILLA,2,"['NUDILLA', 'PAJA CASTILLA']","['crop', 'pasture']",2
REY GRASS Y NUDILLO,2,"['REYGRAS', 'NUDILLO']","['pasture', 'pasture']",2
"CAMOTE,FREJOL",2,"['CAMOTE', 'FRIJOL']","['crop', 'crop']",2
PLATANOS CAÑA Y FRUTALES,2,"['PLATANO', 'CAÑA DE AZUCAR', 'FRUTALES']","['crop', 'crop', 'crop']",3
PAJA CHILENA Y GRAMA,2,"['PAJA CHILENA', 'GRAMA']","['pasture', 'pasture']",2
"CAFE, CAÑA, GUINEO",2,"['CAFE', 'CAÑA DE AZUCAR', 'BANANO']","['crop', 'crop', 'crop']",3
"CAFE,FRUTALES,CAÑA",2,"['CAFE', 'FRUTALES', 'CAÑA DE AZUCAR']","['crop', 'crop', 'crop']",3
"FRUTALES, PLATANO,CAÑA,CAFE",2,"['FRUTALES', 'PLATANO', 'CAÑA DE AZUCAR', 'CAFE']","['crop', 'crop', 'crop', 'crop']",4
"MAIZ, ALBERJA, YUCA",2,"['MAIZ', 'ARVEJA', 'YUCA']","['crop', 'crop', 'crop']",3
"PAJA DE TORO, OCOROSA Y ELEFANTE",2,"['PAJA DE TORO', 'OCOROSA', 'PASTO ELEFANTE']","['pasture', 'crop', 'pasture']",3
"PAJA DE TORO, PAJA CHILENA",2,"['PAJA DE TORO', 'PAJA CHILENA']","['pasture', 'pasture']",2
"PLATANO,CAFE,YUCA",2,"['PLATANO', 'CAFE', 'YUCA']","['crop', 'crop', 'crop']",3
"ELEFANTE,PAJA DE TORO, GRAMA",2,"['PASTO ELEFANTE', 'PAJA DE TORO', 'GRAMA']","['pasture', 'pasture', 'pasture']",3
"GRAMA, PAJA DE TORO",2,"['GRAMA', 'PAJA DE TORO']","['pasture', 'pasture']",2
"PAJA DE TORO, ELEFANTE Y OLOROSA",2,"['PAJA DE TORO', 'PASTO ELEFANTE', 'OLOROSA']","['pasture', 'pasture', 'crop']",3
"PAJA DE TORO, PASTO ELEFANTE",2,"['PAJA DE TORO', 'PASTO ELEFANTE']","['pasture', 'pasture']",2
"CAÑA,CAFE,FRUTALES",2,"['CAÑA DE AZUCAR', 'CAFE', 'FRUTALES']","['crop', 'crop', 'crop']",3
"ESPINO, FAIQUE",2,"['ESPINO', 'FAIQUE']","['crop', 'crop']",2
"PAJA OLOROSA,ELEFANTE",2,"['PAJA OLOROSA', 'PASTO ELEFANTE']","['pasture', 'pasture']",2
"CHIRIMOYO, FAIQUE",2,"['CHIRIMOYA', 'FAIQUE']","['crop', 'crop']",2
"FAIQUE, PALO NEGRO",2,"['FAIQUE', 'PALO NEGRO']","['crop', 'crop']",2
"PLATANO. CAFE, PASTO CULTIVADO",2,"['PLATANO', 'CAFE', 'PASTO']","['crop', 'crop', 'pasture']",3
"CAFE, PLATANO,CAÑA",2,"['CAFE', 'PLATANO', 'CAÑA DE AZUCAR']","['crop', 'crop', 'crop']",3
"CAFE, PLATANOS",2,"['CAFE', 'PLATANO']","['crop', 'crop']",2
"PAJA DE TORO, ELEFANTE, GRAMA",2,"['PAJA DE TORO', 'PASTO ELEFANTE', 'GRAMA']","['pasture', 'pasture', 'pasture']",3
"PAJA OLOROSA,ELEFANTE, PAJA DE TORO",2,"['PAJA OLOROSA', 'PASTO ELEFANTE', 'PAJA DE TORO']","['pasture', 'pasture', 'pasture']",3
"ELEFANTE,PAJA OLOROSA,GRAMA",2,"['PASTO ELEFANTE', 'PAJA OLOROSA', 'GRAMA']","['pasture', 'pasture', 'pasture']",3
"FAIQUILLO, PALO NEGRO, CHIRIMOYO",2,"['FAIQUILLO', 'PALO NEGRO', 'CHIRIMOYA']","['crop', 'crop', 'crop']",3
"PAJA OLOROSA, ELEFANTE Y GRAMA",2,"['PAJA OLOROSA', 'PASTO ELEFANTE', 'GRAMA']","['pasture', 'pasture', 'pasture']",3
"PASTO ELEFANTE, PASTO DE TORO",2,"['PASTO ELEFANTE', 'PASTO DE TORO']","['pasture', 'pasture']",2
"ELEFANTE, PAJA OLOROSA Y GRAMA",2,"['PASTO ELEFANTE', 'PAJA OLOROSA', 'GRAMA']","['pasture', 'pasture', 'pasture']",3
"FAIQUILLO, PALO NEGRO",2,"['FAIQUILLO', 'PALO NEGRO']","['crop', 'crop']",2
LIMOIN,2,['LIMOIN'],['crop'],1
"DORGO BLANCO, PAJA",2,"['DORGO BLANCO', 'PAJA']","['crop', 'pasture']",2
"MANGO, BANANO",2,"['MANGO', 'BANANO']","['crop', 'crop']",2
"PASTO ELEFANTE, PAJA DE TORO",2,"['PASTO ELEFANTE', 'PAJA DE TORO']","['pasture', 'pasture']",2
"CAÑA DE AZUCAR,PLATANOS",2,"['CAÑA DE AZUCAR', 'PLATANO']","['crop', 'crop']",2
"CAÑA DE AZUCAR,YUCA,MAIZ",2,"['CAÑA DE AZUCAR', 'YUCA', 'MAIZ']","['crop', 'crop', 'crop']",3
"GRAMA,PASTO DE ELEFANTE",2,"['GRAMA', 'PASTO ELEFANTE']","['pasture', 'pasture']",2
"NARANJA,PLATANO,CAÑA DE AZUCAR",2,"['NARANJA', 'PLATANO', 'CAÑA DE AZUCAR']","['crop', 'crop', 'crop']",3
"PASTO ELEFANTE, GRAMA,PAJA",2,"['PASTO ELEFANTE', 'GRAMA', 'PAJA']","['pasture', 'pasture', 'pasture']",3
"FAIQUE, ALVERJILLO",2,"['FAIQUE', 'ALVERJILLO']","['crop', 'crop']",2
"FAIQUE, HIGUERON",2,"['FAIQUE', 'HIGUERON']","['crop', 'crop']",2
"YUCA, CAFE, PLATANO",2,"['YUCA', 'CAFE', 'PLATANO']","['crop', 'crop', 'crop']",3
CHIRIMOYA,2,['CHIRIMOYA'],['crop'],1
"ELEFANTE,GRAMA",2,"['PASTO ELEFANTE', 'GRAMA']","['pasture', 'pasture']",2
"GRAMA,PAJA",2,"['GRAMA', 'PAJA']","['pasture', 'pasture']",2
"GRAMA,PAJA,CORREDILLA",2,"['GRAMA', 'PAJA', 'CORREDILLA']","['pasture', 'pasture', 'crop']",3
"PAJA,CORREDILLO Y GRAMA",2,"['PAJA', 'CORREDILLO', 'GRAMA']","['pasture', 'crop', 'pasture']",3
"GRMA,PASTO DE ELEFANTE,PAJA",2,"['GRMA', 'PASTO ELEFANTE', 'PAJA']","['crop', 'pasture', 'pasture']",3
"HIGUERIN, FAIQUILLO",2,"['HIGUERIN', 'FAIQUILLO']","['crop', 'crop']",2
"HIGUERON, FAIQUILLO",2,"['HIGUERON', 'FAIQUILLO']","['crop', 'crop']",2
    CAÑA DE AZUCAR,2,['CAÑA DE AZUCAR'],['crop'],1
"CORREDILLO,GRAMA,RABO DE ZORRO",2,"['CORREDILLO', 'GRAMA', 'RABO DE ZORRO']","['crop', 'pasture', 'crop']",3
"GRAMA,CORREDILLO Y PAJA",2,"['GRAMA', 'CORREDILLO', 'PAJA']","['pasture', 'crop', 'pasture']",3
"PAJA,GRAMA,PASTO ELEFANTE",2,"['PAJA', 'GRAMA', 'PASTO ELEFANTE']","['pasture', 'pasture', 'pasture']",3
"GRAMA,PAJA Y CORREDILLO",2,"['GRAMA', 'PAJA', 'CORREDILLO']","['pasture', 'pasture', 'crop']",3
"PAJA,GRAMA Y PASTO DE ELEFANTE",2,"['PAJA', 'GRAMA', 'PASTO ELEFANTE']","['pasture', 'pasture', 'pasture']",3
"PASTO DE ELEFANTE,GRAMA Y PAJA",2,"['PASTO ELEFANTE', 'GRAMA', 'PAJA']","['pasture', 'pasture', 'pasture']",3
"FREJOL CAUPI ,FREJOLDE PALO",2,"['FRIJOL CAUPI', 'FREJOLDE PALO']","['crop', 'crop']",2
FRIJOL CAUPI MAIZ FRIJOL  DE PALO,2,['FRIJOL CAUPI MAIZ FRIJOL DE PALO'],['crop'],1
FRIJOL CAUPI Y FRIJOL DE PALO,2,"['FRIJOL CAUPI', 'FRIJOL DE PALO']","['crop', 'crop']",2
FRIJOL DE PALO Y CAUPI,2,"['FRIJOL DE PALO', 'CAUPI']","['crop', 'crop']",2
LEGUMINAS,2,['LEGUMINAS'],['crop'],1
LEGUMINOSA,2,['MENESTRAS'],['crop'],1
"MAGO, COCOTERO",2,"['MAGO', 'COCO']","['crop', 'crop']",2
CACAO MANGO PLATANOS,2,"['CACAO', 'MANGO', 'PLATANO']","['crop', 'crop', 'crop']",3
"CACAO,CAFE,MANGO,PLATANO.GUABO",2,"['CACAO', 'CAFE', 'MANGO', 'PLATANO', 'GUABO']","['crop', 'crop', 'crop', 'crop', 'crop']",5
"CACAO,MANGOS",2,"['CACAO', 'MANGO']","['crop', 'crop']",2
LEGUMINOSAS Y GRAMINEAS,2,"['MENESTRAS', 'GRAMINEAS']","['crop', 'pasture']",2
"MANGO,LIMON,PLATANOS",2,"['MANGO', 'LIMON', 'PLATANO']","['crop', 'crop', 'crop']",3
MANGO|,2,['MANGO|'],['crop'],1
"MANGO, PLATANOS,PAPAYA,CAÑA",2,"['MANGO', 'PLATANO', 'PAPAYA', 'CAÑA DE AZUCAR']","['crop', 'crop', 'crop', 'crop']",4
"MANGO,LIMAS,NARANJA",2,"['MANGO', 'LIMAS', 'NARANJA']","['crop', 'crop', 'crop']",3
"CACAO,MANGO,LIMA,LIMON",2,"['CACAO', 'MANGO', 'LIMA', 'LIMON']","['crop', 'crop', 'crop', 'crop']",4
"               PLATANO,MANGO,CACAO",2,"['PLATANO', 'MANGO', 'CACAO']","['crop', 'crop', 'crop']",3
"CAFE, CAÑA. GUINEO",2,"['CAFE', 'CAÑA DE AZUCAR', 'BANANO']","['crop', 'crop', 'crop']",3
"CAFE, PLATAN",2,"['CAFE', 'PLATAN']","['crop', 'crop']",2
DESCANSO 10,2,['DESCANSO'],['fallow'],1
"YUCA, PLATANO, CAFE, MANGO",2,"['YUCA', 'PLATANO', 'CAFE', 'MANGO']","['crop', 'crop', 'crop', 'crop']",4
"GRAMA, PASTO ELEFANTE",2,"['GRAMA', 'PASTO ELEFANTE']","['pasture', 'pasture']",2
"CAÑA, CAFE, GUINEO",2,"['CAÑA DE AZUCAR', 'CAFE', 'BANANO']","['crop', 'crop', 'crop']",3
  MAIZ,2,['MAIZ'],['crop'],1
 BARBECHO,2,['BARBECHO'],['fallow'],1
BABECHO,2,['BABECHO'],['crop'],1
"CAMOTE, YUCA Y MAIZ",2,"['CAMOTE', 'YUCA', 'MAIZ']","['crop', 'crop', 'crop']",3
"FREJOL DE PALO MAIZ, SARANDAJA Y YUCA",2,"['FREJOL DE PALO MAIZ', 'ZARANDAJA', 'YUCA']","['crop', 'crop', 'crop']",3
GUABA Y CACAO,2,"['GUABO', 'CACAO']","['crop', 'crop']",2
LIMON Y MARACUYA,2,"['LIMON', 'MARACUYA']","['crop', 'crop']",2
MAIZ Y MARACUYA,2,"['MAIZ', 'MARACUYA']","['crop', 'crop']",2
"MAIZ, MARACUYA, YUCA",2,"['MAIZ', 'MARACUYA', 'YUCA']","['crop', 'crop', 'crop']",3
MARACUYA Y CACAO,2,"['MARACUYA', 'CACAO']","['crop', 'crop']",2
MARACUYA Y LIMON,2,"['MARACUYA', 'LIMON']","['crop', 'crop']",2
"MARACUYA, PLATANO Y LIMON",2,"['MARACUYA', 'PLATANO', 'LIMON']","['crop', 'crop', 'crop']",3
MAY Y YUCA,2,"['MAY', 'YUCA']","['crop', 'crop']",2
"PALTA, LIMON Y CACAO",2,"['PALTA', 'LIMON', 'CACAO']","['crop', 'crop', 'crop']",3
"PASTOS, MAIZ Y YUCA",2,"['PASTO', 'MAIZ', 'YUCA']","['pasture', 'crop', 'crop']",3
YUCA Y FRIJOL,2,"['YUCA', 'FRIJOL']","['crop', 'crop']",2
           BARBECHO,2,['BARBECHO'],['fallow'],1
        MAIZ,2,['MAIZ'],['crop'],1
CACAO Y LIMON,2,"['CACAO', 'LIMON']","['crop', 'crop']",2
MAIZ Y PANLLEVAR,2,"['MAIZ', 'PAN LLEVAR']","['crop', 'crop']",2
"MAIZ, YUCA Y FREJOL DE PALO",2,"['MAIZ', 'YUCA', 'FRIJOL DE PALO']","['crop', 'crop', 'crop']",3
                               GRAMA CRIOLLA,2,['GRAMA CRIOLLA'],['pasture'],1
DSCANSO,2,['DSCANSO'],['crop'],1
EUCALIPTO       PAJUL         NOGAL,2,['EUCALIPTO PAJUL NOGAL'],['crop'],1
EUCALIPTO  NOGAL  CIPRES,2,"['EUCALIPTO', 'NOGAL', 'CIPRES']","['crop', 'crop', 'crop']",3
GARMA CRIOLLA,2,['GARMA CRIOLLA'],['crop'],1
GRAMA   CRIOLLA,2,['GRAMA CRIOLLA'],['pasture'],1
MAIZ    AJO   CEBOLLA   REPOLLO,2,"['MAIZ', 'AJO', 'CEBOLLA', 'REPOLLO']","['crop', 'crop', 'crop', 'crop']",4
PAJUL Y EUCALIPTO,2,"['PAJUL', 'EUCALIPTO']","['crop', 'crop']",2
PAPA    REPOLLO,2,"['PAPA', 'REPOLLO']","['crop', 'crop']",2
"PAPA,CEBADA,ARBERJA",2,"['PAPA', 'CEBADA', 'ARBERJA']","['crop', 'crop', 'crop']",3
"PAPA,SAMBUMBA,MAIZ",2,"['PAPA', 'SAMBUMBA', 'MAIZ']","['crop', 'crop', 'crop']",3
PINO       CIPRES     NOGAL,2,"['PINO', 'CIPRES', 'NOGAL']","['crop', 'crop', 'crop']",3
"PUCHUGUERO,PAJUL Y NOGAL",2,"['PUCHUGUERO', 'PAJUL', 'NOGAL']","['crop', 'crop', 'crop']",3
      GRAMALOTE,2,['GRAMALOTE'],['pasture'],1
"ALCANFOR, PAJUL Y NOGAL",2,"['ALCANFOR', 'PAJUL', 'NOGAL']","['crop', 'crop', 'crop']",3
"ALISO, PUCHUGUERO Y NOGAL",2,"['ALISO', 'PUCHUGUERO', 'NOGAL']","['crop', 'crop', 'crop']",3
CAÑA DE AZUCAR  ( 15%)  AJO ( 25 %),2,"['CAÑA DE AZUCAR', 'AJO']","['crop', 'crop']",2
"EUCALIPTO,PINO",2,"['EUCALIPTO', 'PINO']","['crop', 'crop']",2
"GRAMA CRIOLLA, NODILLO",2,"['GRAMA CRIOLLA', 'NODILLO']","['pasture', 'crop']",2
GRAMO CRIOLLO,2,['GRAMO CRIOLLO'],['crop'],1
GRAS GRAMA,2,['GRAS GRAMA'],['pasture'],1
"PAJUL, ALISA",2,"['PAJUL', 'ALISA']","['crop', 'crop']",2
"PAJUL, ALISA Y NOGAL",2,"['PAJUL', 'ALISA', 'NOGAL']","['crop', 'crop', 'crop']",3
PLATANO  ( 20%) CAFE ( 20%) PALTA ( 5%) LUCUMO  ( 5%),2,"['PLATANO', 'CAFE', 'PALTA', 'LUCUMO']","['crop', 'crop', 'crop', 'crop']",4
                                                                       GRAMALOTE,2,['GRAMALOTE'],['pasture'],1
                                                  GRAMALOTE,2,['GRAMALOTE'],['pasture'],1
                   TRIGO,2,['TRIGO'],['crop'],1
                 CAÑA GRANADILLA,2,"['CAÑA DE AZUCAR', 'GRANADILLA']","['crop', 'crop']",2
      CAÑA,2,['CAÑA DE AZUCAR'],['crop'],1
"CAÑA, AZUCAR, PLATANO",2,"['CAÑA DE AZUCAR', 'AZUCAR', 'PLATANO']","['crop', 'crop', 'crop']",3
"EUCALIPTO, PAJUL",2,"['EUCALIPTO', 'PAJUL']","['crop', 'crop']",2
"EUCALIPTO, PAJUL , ALISO",2,"['EUCALIPTO', 'PAJUL', 'ALISO']","['crop', 'crop', 'crop']",3
"EUCALIPTO, PAJUL, HIGUERON",2,"['EUCALIPTO', 'PAJUL', 'HIGUERON']","['crop', 'crop', 'crop']",3
"EUCALIPTO, PALZON, PAJUL",2,"['EUCALIPTO', 'PALZON', 'PAJUL']","['crop', 'crop', 'crop']",3
LUCUMO ( 30 %)  HUABO ( 20 %),2,"['LUCUMO', 'GUABO']","['crop', 'crop']",2
NOGAL,2,['NOGAL'],['crop'],1
"PAPA, MAIZ, REPOLLO",2,"['PAPA', 'MAIZ', 'REPOLLO']","['crop', 'crop', 'crop']",3
"PAPA,CEBADA Y REPOLLO",2,"['PAPA', 'CEBADA', 'REPOLLO']","['crop', 'crop', 'crop']",3
"PAPA,ZAMBUMBA. TRIGO Y MAIZ",2,"['PAPA', 'ZAMBUMBA TRIGO', 'MAIZ']","['crop', 'crop', 'crop']",3
"PARDON HIGUERONI, PAJUL",2,"['PARDON HIGUERONI', 'PAJUL']","['crop', 'crop']",2
"PINO, NOGAL, CIPRES, PAJUL",2,"['PINO', 'NOGAL', 'CIPRES', 'PAJUL']","['crop', 'crop', 'crop', 'crop']",4
"REPOLLO, MAIZ",2,"['REPOLLO', 'MAIZ']","['crop', 'crop']",2
SAMBUMBA TRIGO MAIZ,2,['SAMBUMBA TRIGO MAIZ'],['crop'],1
  EUCALIPTO,2,['EUCALIPTO'],['crop'],1
"ALVERJA (45%), PAJA CHILENA (20%)",2,"['ARVEJA', 'PAJA CHILENA']","['crop', 'pasture']",2
"FRIJOL (60%), CAÑA DE AZUCAR (20%)",2,"['FRIJOL', 'CAÑA DE AZUCAR']","['crop', 'crop']",2
"GRANADILLA (10%), HUABO (10%)",2,"['GRANADILLA', 'GUABO']","['crop', 'crop']",2
"NOGAL, ALCANFOR",2,"['NOGAL', 'ALCANFOR']","['crop', 'crop']",2
PAJA CHILENA ( 30%)  PASTO ELEFANTE (10%),2,"['PAJA CHILENA', 'PASTO ELEFANTE']","['pasture', 'pasture']",2
BARBECHIO,2,['BARBECHIO'],['crop'],1
                 GRAMA DULCE,2,['GRAMA DULCE'],['pasture'],1
"EUCALIPTO, PAJUL, HILGUERO",2,"['EUCALIPTO', 'PAJUL', 'HILGUERO']","['crop', 'crop', 'crop']",3
GARAMA DULCE,2,['GARAMA DULCE'],['crop'],1
PAJUL PALTON ALISO,2,['PAJUL PALTON ALISO'],['crop'],1
"PUCHUGUERO,NOGAL Y ALISO",2,"['PUCHUGUERO', 'NOGAL', 'ALISO']","['crop', 'crop', 'crop']",3
ZANAHORIAS,2,['ZANAHORIA'],['crop'],1
"ALISOS,PAJUL,HIGUERON",2,"['ALISO', 'PAJUL', 'HIGUERON']","['crop', 'crop', 'crop']",3
GRAMA CRIOLLA Y GRAMALOTE,2,"['GRAMA CRIOLLA', 'GRAMALOTE']","['pasture', 'pasture']",2
"MUDILLO, GRAMA CRIOLLA",2,"['MUDILLO', 'GRAMA CRIOLLA']","['crop', 'pasture']",2
"PAJUL, PUCHUGUERO",2,"['PAJUL', 'PUCHUGUERO']","['crop', 'crop']",2
"PAJUL,HUIGERON,ALISOS",2,"['PAJUL', 'HUIGERON', 'ALISO']","['crop', 'crop', 'crop']",3
"PAPA,REPOLLO",2,"['PAPA', 'REPOLLO']","['crop', 'crop']",2
"PUCHUGUERO, PAJUL",2,"['PUCHUGUERO', 'PAJUL']","['crop', 'crop']",2
"       PAPA, REPOLLO",2,"['PAPA', 'REPOLLO']","['crop', 'crop']",2
    ALCANFOR,2,['ALCANFOR'],['crop'],1
  ALCANFOR,2,['ALCANFOR'],['crop'],1
"EUCALIPTO, PINO, PAJUL, PALTON,",2,"['EUCALIPTO', 'PINO', 'PAJUL', 'PALTON']","['crop', 'crop', 'crop', 'crop']",4
FRIJOL BLANCO,2,['FRIJOL BLANCO'],['crop'],1
GRAMA CRIOLLA Y PASTO ELEFANTE,2,"['GRAMA CRIOLLA', 'PASTO ELEFANTE']","['pasture', 'pasture']",2
"GRAMA CRIOLLA, PASTO ELEFANTE",2,"['GRAMA CRIOLLA', 'PASTO ELEFANTE']","['pasture', 'pasture']",2
GRAMALOTE Y NUDILLO,2,"['GRAMALOTE', 'NUDILLO']","['pasture', 'pasture']",2
"PAPA (60%), REPOLLO (15%), CAMOTE (10%)",2,"['PAPA', 'REPOLLO', 'CAMOTE']","['crop', 'crop', 'crop']",3
"PAPA, ZAPALLO",2,"['PAPA', 'ZAPALLO']","['crop', 'crop']",2
PUCHUGUERO Y NOGAL,2,"['PUCHUGUERO', 'NOGAL']","['crop', 'crop']",2
"ZAMBUMBA, MAIZ",2,"['ZAMBUMBA', 'MAIZ']","['crop', 'crop']",2
"ZAPALLO, REPOLLO",2,"['ZAPALLO', 'REPOLLO']","['crop', 'crop']",2
"ZAPALLO, REPOLLO, PAPA",2,"['ZAPALLO', 'REPOLLO', 'PAPA']","['crop', 'crop', 'crop']",3
         GRAMALOTE,2,['GRAMALOTE'],['pasture'],1
ALCANFOR EUCALIPTO,2,"['ALCANFOR', 'EUCALIPTO']","['crop', 'crop']",2
ALCANFOR Y PINO,2,"['ALCANFOR', 'PINO']","['crop', 'crop']",2
CGAMALOTE,2,['CGAMALOTE'],['crop'],1
CIPRES ALCANFOR,2,"['CIPRES', 'ALCANFOR']","['crop', 'crop']",2
"EUCALIPTO, PINO, NOGAL",2,"['EUCALIPTO', 'PINO', 'NOGAL']","['crop', 'crop', 'crop']",3
"GRAMA CRIOLLA (40%), PAJA AZUL (10%)",2,"['GRAMA CRIOLLA', 'PAJA AZUL']","['pasture', 'pasture']",2
"PAJUL, ALISOS, HIGUERON,",2,"['PAJUL', 'ALISO', 'HIGUERON']","['crop', 'crop', 'crop']",3
"PALTON (20%), SHIMIR (20%), PALO DE VIEJA (20%)",2,"['PALTON', 'SHIMIR', 'PALO DE VIEJA']","['crop', 'crop', 'crop']",3
SURO,2,['SURO'],['crop'],1
"ALBERJA,TRIGO",2,"['ARVEJA', 'TRIGO']","['crop', 'crop']",2
"ALISO, PAJUL, NOGAL",2,"['ALISO', 'PAJUL', 'NOGAL']","['crop', 'crop', 'crop']",3
"EUCALIPTO, PINO, HIGUERON",2,"['EUCALIPTO', 'PINO', 'HIGUERON']","['crop', 'crop', 'crop']",3
"EUCALIPTO, PINO, PALTON",2,"['EUCALIPTO', 'PINO', 'PALTON']","['crop', 'crop', 'crop']",3
"MAIZ, HORTALIZAS, PAPA",2,"['MAIZ', 'HORTALIZAS', 'PAPA']","['crop', 'crop', 'crop']",3
"MAIZ, PAPA, ZANAHORIA",2,"['MAIZ', 'PAPA', 'ZANAHORIA']","['crop', 'crop', 'crop']",3
"PAJUL, ALISO, PALTON",2,"['PAJUL', 'ALISO', 'PALTON']","['crop', 'crop', 'crop']",3
"PAJUL, HIGUEROL",2,"['PAJUL', 'HIGUEROL']","['crop', 'crop']",2
"PAJUL, NOGAL",2,"['PAJUL', 'NOGAL']","['crop', 'crop']",2
"PAJUL, PALTON, ALISO",2,"['PAJUL', 'PALTON', 'ALISO']","['crop', 'crop', 'crop']",3
"PAPA (10%), PASTO DE ELEFANTE (25%), CAÑA DE AZUCAR (20%)",2,"['PAPA', 'PASTO ELEFANTE', 'CAÑA DE AZUCAR']","['crop', 'pasture', 'crop']",3
"PAPAS, REPOLLO",2,"['PAPA', 'REPOLLO']","['crop', 'crop']",2
"PINO, CIPRES, HIGUERON",2,"['PINO', 'CIPRES', 'HIGUERON']","['crop', 'crop', 'crop']",3
"PUCHUGUERO, ALCANFOR",2,"['PUCHUGUERO', 'ALCANFOR']","['crop', 'crop']",2
"PUCHUGUERO,NOGAL",2,"['PUCHUGUERO', 'NOGAL']","['crop', 'crop']",2
"REPOLL, MAIZ, ZAPALLO",2,"['REPOLL', 'MAIZ', 'ZAPALLO']","['crop', 'crop', 'crop']",3
ALCANFOR-EUCALIPTO,2,"['ALCANFOR', 'EUCALIPTO']","['crop', 'crop']",2
EUCALIPTO ALCANFOR,2,"['EUCALIPTO', 'ALCANFOR']","['crop', 'crop']",2
HIGUERON/EUCALIPTO,2,"['HIGUERON', 'EUCALIPTO']","['crop', 'crop']",2
"MAIZ (80%), ALVERJA (20%)",2,"['MAIZ', 'ARVEJA']","['crop', 'crop']",2
"MAIZ, GRANADILLA",2,"['MAIZ', 'GRANADILLA']","['crop', 'crop']",2
"PAPA,MAIZ, REPOLLO",2,"['PAPA', 'MAIZ', 'REPOLLO']","['crop', 'crop', 'crop']",3
PAPA-MAIZ,2,"['PAPA', 'MAIZ']","['crop', 'crop']",2
PAPA-SAPALLO,2,"['PAPA', 'SAPALLO']","['crop', 'crop']",2
"TRIGO,PAPA",2,"['TRIGO', 'PAPA']","['crop', 'crop']",2
      MANGO(50%)CACAO(25%)LIMON(25%),2,"['MANGO', 'CACAO', 'LIMON']","['crop', 'crop', 'crop']",3
MANGO (50%) CACAO(50%),2,"['MANGO', 'CACAO']","['crop', 'crop']",2
PARA CULTIVO DE PAPA,2,['PARA CULTIVO DE PAPA'],['crop'],1
   GRAMA CRIOLLA,2,['GRAMA CRIOLLA'],['pasture'],1
BARVECHO,2,['BARBECHO'],['fallow'],1
"LUCUMOS, GUABOS",2,"['LUCUMOS', 'GUABO']","['crop', 'crop']",2
"MAIX, PAPA, TRIGO",2,"['MAIX', 'PAPA', 'TRIGO']","['crop', 'crop', 'crop']",3
"MAIZ, TRIGO, FRIJOL",2,"['MAIZ', 'TRIGO', 'FRIJOL']","['crop', 'crop', 'crop']",3
"PAPA, MAIZ, TRIGO",2,"['PAPA', 'MAIZ', 'TRIGO']","['crop', 'crop', 'crop']",3
"PAPA, MAIZ, TRIGO, ALBERJA",2,"['PAPA', 'MAIZ', 'TRIGO', 'ARVEJA']","['crop', 'crop', 'crop', 'crop']",4
"PAPA, TRIGO, OCA",2,"['PAPA', 'TRIGO', 'OCA']","['crop', 'crop', 'crop']",3
PARA LA SIEMBRA DE PAPA,2,['PARA LA SIEMBRA DE PAPA'],['crop'],1
"TRIGO, PAPA,OCA",2,"['TRIGO', 'PAPA', 'OCA']","['crop', 'crop', 'crop']",3
"ALISO, CIPRES EUCALIPTO",2,"['ALISO', 'CIPRES', 'EUCALIPTO']","['crop', 'crop', 'crop']",3
"GRAMA, SORGO",2,"['GRAMA', 'SORGO']","['pasture', 'crop']",2
"MAIZ, PAPA, FREJOL",2,"['MAIZ', 'PAPA', 'FRIJOL']","['crop', 'crop', 'crop']",3
"MAIZ,FREJOL,CEBADA",2,"['MAIZ', 'FRIJOL', 'CEBADA']","['crop', 'crop', 'crop']",3
"MAIZ,TRIGO,FREJOL",2,"['MAIZ', 'TRIGO', 'FRIJOL']","['crop', 'crop', 'crop']",3
NOGAL PALO BLANCO,2,['NOGAL PALO BLANCO'],['crop'],1
PLATANO - NARANJA - LUCUMO,2,"['PLATANO', 'NARANJA', 'LUCUMO']","['crop', 'crop', 'crop']",3
YUCA 10% MAIZ 10%,2,"['YUCA', 'MAIZ']","['crop', 'crop']",2
"MAIZ,ZAPALLO",2,"['MAIZ', 'ZAPALLO']","['crop', 'crop']",2
MANGO 85% 15%,2,['MANGO'],['crop'],1
"PARA SEMBRAR MAIZ, TRIGO Y CEBADA",2,"['PARA SEMBRAR MAIZ', 'TRIGO', 'CEBADA']","['crop', 'crop', 'crop']",3
PARA SEMBRAR TRIGO Y FREJOL,2,"['PARA SEMBRAR TRIGO', 'FRIJOL']","['crop', 'crop']",2
"ZANAHORIA, MAIZ",2,"['ZANAHORIA', 'MAIZ']","['crop', 'crop']",2
MAIZ 30% YUCA 10%,2,"['MAIZ', 'YUCA']","['crop', 'crop']",2
MANGO 50% CACAO 20% LIIMON 15 %,2,"['MANGO', 'CACAO', 'LIIMON']","['crop', 'crop', 'crop']",3
MANGO 50% NARANJA 5%,2,"['MANGO', 'NARANJA']","['crop', 'crop']",2
PAPA - MAIZ - REPOLLO,2,"['PAPA', 'MAIZ', 'REPOLLO']","['crop', 'crop', 'crop']",3
"CAÑA DE AZUCAR,",2,['CAÑA DE AZUCAR'],['crop'],1
MANGO 30% CACAO 25%  PAPAYA 10%,2,"['MANGO', 'CACAO', 'PAPAYA']","['crop', 'crop', 'crop']",3
MANGO 70% CACAO 10%,2,"['MANGO', 'CACAO']","['crop', 'crop']",2
OCA - OYUCO,2,"['OCA', 'OYUCO']","['crop', 'crop']",2
LANCHE - CHIMIR - CASCARILLA,2,"['LANCHE', 'CHIMIR', 'CASCARILLA']","['crop', 'crop', 'crop']",3
MAIZ 15YUCA 15%,2,"['MAIZ', 'YUCA']","['crop', 'crop']",2
MANGO 35%CACAO 35%,2,"['MANGO', 'CACAO']","['crop', 'crop']",2
PAIZ,2,['PAIZ'],['crop'],1
MAIZ CHALA,2,['MAIZ'],['crop'],1
MANGO 97% CACAO 3%,2,"['MANGO', 'CACAO']","['crop', 'crop']",2
PARA GRAMA CRIOLLA,2,['PARA GRAMA CRIOLLA'],['pasture'],1
"ALCANFOR, NOGAL, PALO BLANCO",2,"['ALCANFOR', 'NOGAL', 'PALO BLANCO']","['crop', 'crop', 'crop']",3
"EUCALIPTOS, PINOS, CIPRES",2,"['EUCALIPTO', 'PINO', 'CIPRES']","['crop', 'crop', 'crop']",3
"LUCUMO,NOGAL, PALO BLANCO",2,"['LUCUMO', 'NOGAL', 'PALO BLANCO']","['crop', 'crop', 'crop']",3
"MAIZ,TRIGO,PAPA",2,"['MAIZ', 'TRIGO', 'PAPA']","['crop', 'crop', 'crop']",3
"PAPA,OCAS,TRIGO",2,"['PAPA', 'OCA', 'TRIGO']","['crop', 'crop', 'crop']",3
ZAMBUBA,2,['ZAMBUBA'],['crop'],1
"MAIZ,LEGUMINOSA",2,"['MAIZ', 'MENESTRAS']","['crop', 'crop']",2
"GRAMA CRIOLLA ,NUDILLO",2,"['GRAMA CRIOLLA', 'NUDILLO']","['pasture', 'pasture']",2
GRAMACRIOLLA,2,['GRAMACRIOLLA'],['pasture'],1
"MAIZ, PAPA, TRIGO",2,"['MAIZ', 'PAPA', 'TRIGO']","['crop', 'crop', 'crop']",3
MANGO 75 % CACAO 25%,2,"['MANGO', 'CACAO']","['crop', 'crop']",2
"PAPA, ALBERJA, OCA",2,"['PAPA', 'ARVEJA', 'OCA']","['crop', 'crop', 'crop']",3
"SHIMIR, LANCHE",2,"['SHIMIR', 'LANCHE']","['crop', 'crop']",2
CAÑA DE ZUCAR,2,['CAÑA DE ZUCAR'],['crop'],1
"GRAMA CRIOLLA, PASTO DE ELEFANTE",2,"['GRAMA CRIOLLA', 'PASTO ELEFANTE']","['pasture', 'pasture']",2
"MAIZ , CAMOTE",2,"['MAIZ', 'CAMOTE']","['crop', 'crop']",2
"PAPA, TRIGO, OCAS",2,"['PAPA', 'TRIGO', 'OCA']","['crop', 'crop', 'crop']",3
"PARA SEMBRAR MAIZ, FREJOL",2,"['PARA SEMBRAR MAIZ', 'FRIJOL']","['crop', 'crop']",2
              MAIZ,2,['MAIZ'],['crop'],1
     PAPA,2,['PAPA'],['crop'],1
"GRAMA CHINA, GRASS",2,"['GRAMA CHINA', 'GRASS']","['pasture', 'crop']",2
"GRAMA CRIOLLA, SORGO",2,"['GRAMA CRIOLLA', 'SORGO']","['pasture', 'crop']",2
LIMON 50%     MANGO 50%,2,"['LIMON', 'MANGO']","['crop', 'crop']",2
MAIZ 5% YUCA 5%,2,"['MAIZ', 'YUCA']","['crop', 'crop']",2
"MAIZ, ZAPALLO, FREJOL",2,"['MAIZ', 'ZAPALLO', 'FRIJOL']","['crop', 'crop', 'crop']",3
PINO-CEDRO,2,"['PINO', 'CEDRO']","['crop', 'crop']",2
                MANGO,2,['MANGO'],['crop'],1
     MANGO 20 %,2,['MANGO'],['crop'],1
"ALBERJA, OCA, PAPA",2,"['ARVEJA', 'OCA', 'PAPA']","['crop', 'crop', 'crop']",3
GRAMAS-ALGARROBOS,2,"['GRAMA', 'ALGARROBO']","['pasture', 'crop']",2
MAIZ LEGUMINOSA,2,"['MAIZ', 'MENESTRAS']","['crop', 'crop']",2
"MAIZ, TRIGO ,REPOLLO",2,"['MAIZ', 'TRIGO', 'REPOLLO']","['crop', 'crop', 'crop']",3
PARA SEMBRAR TRIGO,2,['PARA SEMBRAR TRIGO'],['crop'],1
"PAJA CHILENA, SORGO",2,"['PAJA CHILENA', 'SORGO']","['pasture', 'crop']",2
                                                                                              CAÑA,2,['CAÑA DE AZUCAR'],['crop'],1
 ARROZ 7%      MAIZ 8%,2,"['ARROZ', 'MAIZ']","['crop', 'crop']",2
BRAMA CRIOLLA,2,['BRAMA CRIOLLA'],['crop'],1
MAIZ  80% YUCA 40% MANGO 30%,2,"['MAIZ', 'YUCA', 'MANGO']","['crop', 'crop', 'crop']",3
MAIZ 30% YUCA 40%,2,"['MAIZ', 'YUCA']","['crop', 'crop']",2
"MAIZ, ARBEJA",2,"['MAIZ', 'ARVEJA']","['crop', 'crop']",2
MANGO  30%,2,['MANGO'],['crop'],1
MANGO 80% CACAO 20%,2,"['MANGO', 'CACAO']","['crop', 'crop']",2
MANGO 85% CACAO 15%,2,"['MANGO', 'CACAO']","['crop', 'crop']",2
ARROZ 50% YUCA 50%,2,"['ARROZ', 'YUCA']","['crop', 'crop']",2
LIMON 30% TAMARINDO 60% MANGO 10%,2,"['LIMON', 'TAMARINDO', 'MANGO']","['crop', 'crop', 'crop']",3
                 MANGO 50% LIMON 50%,2,"['MANGO', 'LIMON']","['crop', 'crop']",2
 ALGARROBOS,2,['ALGARROBO'],['crop'],1
MALINGAS,2,['MALINGAS'],['crop'],1
MANGO 40 % CACAO 40%,2,"['MANGO', 'CACAO']","['crop', 'crop']",2
MANGO 75%  CACAO 25%,2,"['MANGO', 'CACAO']","['crop', 'crop']",2
    MANGO 95 % CACAO 5%,2,"['MANGO', 'CACAO']","['crop', 'crop']",2
MONGO(50%)CACAO(50%),2,"['MONGO', 'CACAO']","['crop', 'crop']",2
CACAO 25% MANGO 50%  LIMON 25%,2,"['CACAO', 'MANGO', 'LIMON']","['crop', 'crop', 'crop']",3
MANGO  50% CACAO 50%,2,"['MANGO', 'CACAO']","['crop', 'crop']",2
MANGO (50%) CACAO (50%),2,"['MANGO', 'CACAO']","['crop', 'crop']",2
MANGO 50% CACAO 25% LIMON 25,2,"['MANGO', 'CACAO', 'LIMON']","['crop', 'crop', 'crop']",3
MANGO 50% CACAO 25% LIMON 25%,2,"['MANGO', 'CACAO', 'LIMON']","['crop', 'crop', 'crop']",3
MANGO 90%  CACAO 5%,2,"['MANGO', 'CACAO']","['crop', 'crop']",2
MANGO 95% CACAO 5 %,2,"['MANGO', 'CACAO']","['crop', 'crop']",2
                    LIMON 90% COCO 10%,2,"['LIMON', 'COCO']","['crop', 'crop']",2
LIMON 50% CACAO 50%,2,"['LIMON', 'CACAO']","['crop', 'crop']",2
MANGO 50% CACAO 40% LIMON 10%,2,"['MANGO', 'CACAO', 'LIMON']","['crop', 'crop', 'crop']",3
                       MANGO,2,['MANGO'],['crop'],1
MANGO 50% CACAO %,2,"['MANGO', 'CACAO']","['crop', 'crop']",2
MANGO 50% CACAO50%,2,"['MANGO', 'CACAO']","['crop', 'crop']",2
                   MANGO 50% - CACAO 50%,2,"['MANGO', 'CACAO']","['crop', 'crop']",2
                  MANGO,2,['MANGO'],['crop'],1
MANGO 50 % CACAO 45%,2,"['MANGO', 'CACAO']","['crop', 'crop']",2
MANGO 50% CACAO 45,2,"['MANGO', 'CACAO']","['crop', 'crop']",2
MANGO 50% CACAO 45%,2,"['MANGO', 'CACAO']","['crop', 'crop']",2
 MANGO 50%  -  CACAO 50%,2,"['MANGO', 'CACAO']","['crop', 'crop']",2
GRAMA CHILIENA,2,['GRAMA CHILIENA'],['pasture'],1
NARANJO PAITO,2,['NARANJO PAITO'],['crop'],1
 PLATANO-CAÑA,2,"['PLATANO', 'CAÑA DE AZUCAR']","['crop', 'crop']",2
CAÑA-PLATANO,2,"['CAÑA DE AZUCAR', 'PLATANO']","['crop', 'crop']",2
"DURAZNO, CAFE, CACAO",2,"['DURAZNO', 'CAFE', 'CACAO']","['crop', 'crop', 'crop']",3
GRAMA CRIOLLA PASTO CASTILLA,2,['GRAMA CRIOLLA PASTO CASTILLA'],['pasture'],1
PLATANO NARANJO,2,"['PLATANO', 'NARANJA']","['crop', 'crop']",2
PLATANO PALTO,2,"['PLATANO', 'PALTA']","['crop', 'crop']",2
 GRAMA -PAJA,2,"['GRAMA', 'PAJA']","['pasture', 'pasture']",2
GRAMA CRIOLLA PASTO CASTILA,2,['GRAMA CRIOLLA PASTO CASTILA'],['pasture'],1
 MAIZ,2,['MAIZ'],['crop'],1
GUAYAQUI,2,['GUAYAQUI'],['crop'],1
"PLATANO, CAÑA, AZUCAR",2,"['PLATANO', 'CAÑA DE AZUCAR', 'AZUCAR']","['crop', 'crop', 'crop']",3
MAIZ LEGUMINOSAS,2,"['MAIZ', 'MENESTRAS']","['crop', 'crop']",2
"PAJA, GRAMA",2,"['PAJA', 'GRAMA']","['pasture', 'pasture']",2
          PLATANO,2,['PLATANO'],['crop'],1
"CAÑA DE AZUCAR ,CAFE,PLATANO,NARANJA",2,"['CAÑA DE AZUCAR', 'CAFE', 'PLATANO', 'NARANJA']","['crop', 'crop', 'crop', 'crop']",4
CAÑA DE AZUCAR CAFE Y PLATANO,2,"['CAÑA DE AZUCAR CAFE', 'PLATANO']","['crop', 'crop']",2
"GRAMADA DEL SOL, PAJA SOL",2,"['GRAMADA DEL SOL', 'PAJA SOL']","['pasture', 'pasture']",2
"MAIZ,YUCA,FRIJOL",2,"['MAIZ', 'YUCA', 'FRIJOL']","['crop', 'crop', 'crop']",3
PLATANO - CAÑA AZUCAR,2,"['PLATANO', 'CAÑA DE AZUCAR']","['crop', 'crop']",2
PLATANO CAFE CAÑA DE AZUCAR,2,['PLATANO CAFE CAÑA DE AZUCAR'],['crop'],1
"GRAMA CRIOLLA,PASTO ELEFANTE",2,"['GRAMA CRIOLLA', 'PASTO ELEFANTE']","['pasture', 'pasture']",2
"PLATANO,YUCA,CAFE",2,"['PLATANO', 'YUCA', 'CAFE']","['crop', 'crop', 'crop']",3
"PLTANO,  CAFE",2,"['PLTANO', 'CAFE']","['crop', 'crop']",2
 GRAMA CHILENA,2,['GRAMA CHILENA'],['pasture'],1
"CAÑA , PLATANO, CAFE",2,"['CAÑA DE AZUCAR', 'PLATANO', 'CAFE']","['crop', 'crop', 'crop']",3
"CAÑA, PLATANO , CAFE",2,"['CAÑA DE AZUCAR', 'PLATANO', 'CAFE']","['crop', 'crop', 'crop']",3
GRAMA Y PAJA ELEFANTE,2,"['GRAMA', 'PAJA ELEFANTE']","['pasture', 'pasture']",2
         PLATANO CAFE,2,"['PLATANO', 'CAFE']","['crop', 'crop']",2
"GRAMA  CHILENA ,PASTO CASTILLA",2,"['GRAMA CHILENA', 'PASTO CASTILLA']","['pasture', 'pasture']",2
"MAIZ  ,  SARANDAJA",2,"['MAIZ', 'ZARANDAJA']","['crop', 'crop']",2
"MAIZ, YUCA, ZANAHORIA",2,"['MAIZ', 'YUCA', 'ZANAHORIA']","['crop', 'crop', 'crop']",3
"PASTO CASTILLA,GRAMA CHILENA",2,"['PASTO CASTILLA', 'GRAMA CHILENA']","['pasture', 'pasture']",2
"PLATANO,CAÑA,AZUCAR",2,"['PLATANO', 'CAÑA DE AZUCAR', 'AZUCAR']","['crop', 'crop', 'crop']",3
DURAZNO,2,['DURAZNO'],['crop'],1
        PLATANO,2,['PLATANO'],['crop'],1
CAÑAY PLATANO,2,['CAÑAY PLATANO'],['crop'],1
"PLATANO, CAFE, CAÑA, AZUCAR",2,"['PLATANO', 'CAFE', 'CAÑA DE AZUCAR', 'AZUCAR']","['crop', 'crop', 'crop', 'crop']",4
EUCALIPTO Y CEDRO,2,"['EUCALIPTO', 'CEDRO']","['crop', 'crop']",2
"GRAMA, PAJA ELEFANTE",2,"['GRAMA', 'PAJA ELEFANTE']","['pasture', 'pasture']",2
"GUABO, FAIQUE,PIÑURO",2,"['GUABO', 'FAIQUE', 'PIÑURO']","['crop', 'crop', 'crop']",3
"HUABO, PIÑAN, FAIQUE",2,"['GUABO', 'PIÑAN', 'FAIQUE']","['crop', 'crop', 'crop']",3
ALCANFOR  SALINA,2,['ALCANFOR SALINA'],['fallow'],1
CAÑA DE HUAYAQUIL Y PLATANO,2,"['CAÑA DE HUAYAQUIL', 'PLATANO']","['crop', 'crop']",2
CAÑA HUAYAQUIL,2,['CAÑA HUAYAQUIL'],['crop'],1
              GRAMA CRIOLLA,2,['GRAMA CRIOLLA'],['pasture'],1
CAÑA - P LATANO,2,"['CAÑA DE AZUCAR', 'P LATANO']","['crop', 'crop']",2
"MAIZ , ARVERJA",2,"['MAIZ', 'ARVEJA']","['crop', 'crop']",2
"PLATANO, CAÑA DE  HUAYAQUIL, CAÑA DE AZUCAR",2,"['PLATANO', 'CAÑA DE HUAYAQUIL', 'CAÑA DE AZUCAR']","['crop', 'crop', 'crop']",3
        GRAMA CRIOLLA,2,['GRAMA CRIOLLA'],['pasture'],1
EUCALIPTO - PINO,2,"['EUCALIPTO', 'PINO']","['crop', 'crop']",2
MANGO 50%  CACAO  50%,2,"['MANGO', 'CACAO']","['crop', 'crop']",2
PLATANO - CAFE - LIMON,2,"['PLATANO', 'CAFE', 'LIMON']","['crop', 'crop', 'crop']",3
CAÑA -  PLATANO - CAFE,2,"['CAÑA DE AZUCAR', 'PLATANO', 'CAFE']","['crop', 'crop', 'crop']",3
"CAÑA HUAYAQUIL , PLATANO",2,"['CAÑA HUAYAQUIL', 'PLATANO']","['crop', 'crop']",2
    PAJA CHILENA,2,['PAJA CHILENA'],['pasture'],1
CAÑA - GUAYAQUIL,2,"['CAÑA DE AZUCAR', 'GUAYAQUIL']","['crop', 'crop']",2
"PLATANO , CAÑA DE  AZUCAR",2,"['PLATANO', 'CAÑA DE AZUCAR']","['crop', 'crop']",2
"CAÑA,CAFE,PLATANO",2,"['CAÑA DE AZUCAR', 'CAFE', 'PLATANO']","['crop', 'crop', 'crop']",3
"MAIZ , ZANAHORIA",2,"['MAIZ', 'ZANAHORIA']","['crop', 'crop']",2
"CAFE, NARANJA, PLATANO Y GUAYAQUIL",2,"['CAFE', 'NARANJA', 'PLATANO', 'GUAYAQUIL']","['crop', 'crop', 'crop', 'crop']",4
"CAFE, NARANJA, PLATANO, GUAYAQUIL",2,"['CAFE', 'NARANJA', 'PLATANO', 'GUAYAQUIL']","['crop', 'crop', 'crop', 'crop']",4
"CAFE, PALTO, CHIRIMOYO",2,"['CAFE', 'PALTA', 'CHIRIMOYA']","['crop', 'crop', 'crop']",3
"CAÑA BRAVA, PLATANO",2,"['CAÑA BRAVA', 'PLATANO']","['crop', 'crop']",2
"CAÑA DE AZUCAR, GRANADILLA, PLATANO",2,"['CAÑA DE AZUCAR', 'GRANADILLA', 'PLATANO']","['crop', 'crop', 'crop']",3
"CIPRES,",2,['CIPRES'],['crop'],1
"EUCALIPTO, CIIPRES",2,"['EUCALIPTO', 'CIIPRES']","['crop', 'crop']",2
"GRAMA CHILENA, ELEFANTE",2,"['GRAMA CHILENA', 'PASTO ELEFANTE']","['pasture', 'pasture']",2
GRAMA CRUOLLA,2,['GRAMA CRUOLLA'],['pasture'],1
"GUAYACAN, GUAYAQUIL",2,"['GUAYACAN', 'GUAYAQUIL']","['crop', 'crop']",2
MAIZ - MENESTRA,2,"['MAIZ', 'MENESTRAS']","['crop', 'crop']",2
"MAIZ, CAMOTE, ZANAHORIA",2,"['MAIZ', 'CAMOTE', 'ZANAHORIA']","['crop', 'crop', 'crop']",3
"MAIZ, LEGUMINOSAS, TRIGO",2,"['MAIZ', 'MENESTRAS', 'TRIGO']","['crop', 'crop', 'crop']",3
"MAIZ, ZAPALLO, LEGUMINOSAS",2,"['MAIZ', 'ZAPALLO', 'MENESTRAS']","['crop', 'crop', 'crop']",3
"PALO BLANCO, YIRQUE, EUCALIPTO",2,"['PALO BLANCO', 'YIRQUE', 'EUCALIPTO']","['crop', 'crop', 'crop']",3
"PALTON, PALTAGUIRO",2,"['PALTON', 'PALTAGUIRO']","['crop', 'crop']",2
"PASTO ELEFANTE, PAJA CHILENA Y GRAMA CRIOLLA",2,"['PASTO ELEFANTE', 'PAJA CHILENA', 'GRAMA CRIOLLA']","['pasture', 'pasture', 'pasture']",3
PLATANO 50% CAÑA 50%,2,"['PLATANO', 'CAÑA DE AZUCAR']","['crop', 'crop']",2
"PLATANOS, GUAYAQUIL",2,"['PLATANO', 'GUAYAQUIL']","['crop', 'crop']",2
"ZANAHORIA, CAMOTE",2,"['ZANAHORIA', 'CAMOTE']","['crop', 'crop']",2
"ALGARROBO, PALO VERDE, FAIQUE",2,"['ALGARROBO', 'PALO VERDE', 'FAIQUE']","['crop', 'crop', 'crop']",3
"ALGARROBO, FORESAL, ZAPOTE",2,"['ALGARROBO', 'FORESAL', 'ZAPOTE']","['crop', 'crop', 'crop']",3
PREPARACION DEL TERRENO / DESCANSO,2,"['PREPARACION', 'DESCANSO']","['land_prep', 'fallow']",2
"LIMON, MANGO, MANGO CIRUELO",2,"['LIMON', 'MANGO']","['crop', 'crop']",2
"TAMARINDOS, GUAYAQUIL, HUABOS",2,"['TAMARINDO', 'GUAYAQUIL', 'GUABO']","['crop', 'crop', 'crop']",3
"GUAYAQUIL, PLATANOS",2,"['GUAYAQUIL', 'PLATANO']","['crop', 'crop']",2
NARANJA 5% BANANO 5%,2,"['NARANJA', 'BANANO']","['crop', 'crop']",2
PAJA 45% GRAMA 45,2,"['PAJA', 'GRAMA']","['pasture', 'pasture']",2
PAJA 45% GRAMA 45%,2,"['PAJA', 'GRAMA']","['pasture', 'pasture']",2
PAJA GRAMA,2,['PAJA GRAMA'],['pasture'],1
PLATANO 5% NARANJA 5%,2,"['PLATANO', 'NARANJA']","['crop', 'crop']",2
      MAIZ,2,['MAIZ'],['crop'],1
CACAO 30% CAFE 30% CITRICOS 20%,2,"['CACAO', 'CAFE', 'CITRICOS']","['crop', 'crop', 'crop']",3
CAÑA Y SUDAN,2,"['CAÑA DE AZUCAR', 'SUDAN']","['crop', 'crop']",2
"CAÑA, CAFE, PLAANO, GUAYAQUIL",2,"['CAÑA DE AZUCAR', 'CAFE', 'PLAANO', 'GUAYAQUIL']","['crop', 'crop', 'crop', 'crop']",4
"CAÑA, CAFE, PLATANO, GUAYAQUIL",2,"['CAÑA DE AZUCAR', 'CAFE', 'PLATANO', 'GUAYAQUIL']","['crop', 'crop', 'crop', 'crop']",4
"CAÑA, PLATANO Y SORGO",2,"['CAÑA DE AZUCAR', 'PLATANO', 'SORGO']","['crop', 'crop', 'crop']",3
"CAÑA, PLATANO, PAJA CHILENA",2,"['CAÑA DE AZUCAR', 'PLATANO', 'PAJA CHILENA']","['crop', 'crop', 'pasture']",3
"GUAYAQUIL, PLATANO, CAFE",2,"['GUAYAQUIL', 'PLATANO', 'CAFE']","['crop', 'crop', 'crop']",3
"PAJA CRIOLLA, PASTO ELEFANTE",2,"['PAJA CRIOLLA', 'PASTO ELEFANTE']","['pasture', 'pasture']",2
PALTO 30% CACAO 30% CAFE 15% CITRICOS 15%,2,"['PALTA', 'CACAO', 'CAFE', 'CITRICOS']","['crop', 'crop', 'crop', 'crop']",4
"PASTO ELEFANTE,  PAJA CRIOLLA",2,"['PASTO ELEFANTE', 'PAJA CRIOLLA']","['pasture', 'pasture']",2
"PLATANO, CAFE Y GUAYAQUIL",2,"['PLATANO', 'CAFE', 'GUAYAQUIL']","['crop', 'crop', 'crop']",3
CACAO 25% CITRICOS 25% MANGO 25% PALTO 25,2,"['CACAO', 'CITRICOS', 'MANGO', 'PALTA']","['crop', 'crop', 'crop', 'crop']",4
CACAO 30% BANANO 30% NARANJA 40,2,"['CACAO', 'BANANO', 'NARANJA']","['crop', 'crop', 'crop']",3
"CACAO, CITRICOS",2,"['CACAO', 'CITRICOS']","['crop', 'crop']",2
CAFE 50% CACAO 25% BANANO 25%,2,"['CAFE', 'CACAO', 'BANANO']","['crop', 'crop', 'crop']",3
"CAFE, FRUTALES",2,"['CAFE', 'FRUTALES']","['crop', 'crop']",2
"CAÑA DE ZUCAR, PLATANO, CAFE",2,"['CAÑA DE ZUCAR', 'PLATANO', 'CAFE']","['crop', 'crop', 'crop']",3
EUCALIPTO25% FAIQUE 25%,2,"['EUCALIPTO', 'FAIQUE']","['crop', 'crop']",2
GRAMA DE CORTE,2,['GRAMA DE CORTE'],['pasture'],1
"HUABO, PUCHUGUERO",2,"['GUABO', 'PUCHUGUERO']","['crop', 'crop']",2
"HUABOS, PIÑAN",2,"['GUABO', 'PIÑAN']","['crop', 'crop']",2
MAIZ 30%  YUCA 10% MARACUYA 10%,2,"['MAIZ', 'YUCA', 'MARACUYA']","['crop', 'crop', 'crop']",3
MANGO 25% CAFE  25% CACAO 50%,2,"['MANGO', 'CAFE', 'CACAO']","['crop', 'crop', 'crop']",3
"NARANJO, ACHOTE, PAPAYA",2,"['NARANJA', 'ACHOTE', 'PAPAYA']","['crop', 'crop', 'crop']",3
PLATANO Y PASTO SUDAN,2,"['PLATANO', 'PASTO SUDAN']","['crop', 'pasture']",2
CACAO 40 %  MARACUYA 40%,2,"['CACAO', 'MARACUYA']","['crop', 'crop']",2
"CAÑA DE AZUCAR, PLATANO Y PASTO SUDAN",2,"['CAÑA DE AZUCAR', 'PLATANO', 'PASTO SUDAN']","['crop', 'crop', 'pasture']",3
"CAÑA, PLATANO, SUDAN Y PAJA CHILENA",2,"['CAÑA DE AZUCAR', 'PLATANO', 'SUDAN', 'PAJA CHILENA']","['crop', 'crop', 'crop', 'pasture']",4
"PLATANO, SUDAN",2,"['PLATANO', 'SUDAN']","['crop', 'crop']",2
"PLATANO,PALTO",2,"['PLATANO', 'PALTA']","['crop', 'crop']",2
"CACAO, PAPAYA, PLATANO",2,"['CACAO', 'PAPAYA', 'PLATANO']","['crop', 'crop', 'crop']",3
CAÑA DE AZUCAR- BANANO,2,"['CAÑA DE AZUCAR', 'BANANO']","['crop', 'crop']",2
GRAMA CHIILENA,2,['GRAMA CHIILENA'],['pasture'],1
PLATNAO Y CAFE,2,"['PLATNAO', 'CAFE']","['crop', 'crop']",2
"CAFE, PLATANO, PAJA CHILENA",2,"['CAFE', 'PLATANO', 'PAJA CHILENA']","['crop', 'crop', 'pasture']",3
"CAÑA DE AZUCAR, PASTO DE ELEFANTE",2,"['CAÑA DE AZUCAR', 'PASTO ELEFANTE']","['crop', 'pasture']",2
"GUAYAQUIL, CAÑA, CAFE",2,"['GUAYAQUIL', 'CAÑA DE AZUCAR', 'CAFE']","['crop', 'crop', 'crop']",3
"PLATANO, CAFE Y PAJA CHILENA",2,"['PLATANO', 'CAFE', 'PAJA CHILENA']","['crop', 'crop', 'pasture']",3
"PLATANO, PAJA CHILENA Y GUAYAQUIL",2,"['PLATANO', 'PAJA CHILENA', 'GUAYAQUIL']","['crop', 'pasture', 'crop']",3
UVA RED GLOEBE,2,['UVA RED GLOEBE'],['crop'],1
PAJA CHILENA Y GUAYAQUIL,2,"['PAJA CHILENA', 'GUAYAQUIL']","['pasture', 'crop']",2
"LIMON, TANGELO, PALTO, MANGO",2,"['LIMON', 'TANGELO', 'PALTA', 'MANGO']","['crop', 'crop', 'crop', 'crop']",4
"CAÑA DE AZUCAR, GRAMA CHILENA",2,"['CAÑA DE AZUCAR', 'GRAMA CHILENA']","['crop', 'pasture']",2
"FAIQUE, PIÑAN",2,"['FAIQUE', 'PIÑAN']","['crop', 'crop']",2
 BANANO,2,['BANANO'],['crop'],1
"PASTO DE ELFANTE, PAJA CHILENA",2,"['PASTO DE ELFANTE', 'PAJA CHILENA']","['pasture', 'pasture']",2
"PLATANO,GUAYAQUIL,CAÑA",2,"['PLATANO', 'GUAYAQUIL', 'CAÑA DE AZUCAR']","['crop', 'crop', 'crop']",3
"BANANO, NISPERO",2,"['BANANO', 'NISPERO']","['crop', 'crop']",2
BANANO25% CAFE 50 % GRANADILLA 25%,2,"['BANANO', 'CAFE', 'GRANADILLA']","['crop', 'crop', 'crop']",3
"NUDILLO, GRAMA CHILENA",2,"['NUDILLO', 'GRAMA CHILENA']","['pasture', 'pasture']",2
"CAÑA, PALTO",2,"['CAÑA DE AZUCAR', 'PALTA']","['crop', 'crop']",2
  PASTO ELEFANTE,2,['PASTO ELEFANTE'],['pasture'],1
"BANANO, CAÑA DE ZUCAR",2,"['BANANO', 'CAÑA DE ZUCAR']","['crop', 'crop']",2
"CAFE, PLATANO, PALTO, CHIRIMOYO",2,"['CAFE', 'PLATANO', 'PALTA', 'CHIRIMOYA']","['crop', 'crop', 'crop', 'crop']",4
"PAJA CHILENA, PASTO CAMERUN",2,"['PAJA CHILENA', 'PASTO CAMERUN']","['pasture', 'pasture']",2
"PASTO ELEFANTE, GRAMA CRIOLLA",2,"['PASTO ELEFANTE', 'GRAMA CRIOLLA']","['pasture', 'pasture']",2
"ALGARROBO, CEIBO, CHARAN",2,"['ALGARROBO', 'CEIBO', 'CHARAN']","['crop', 'crop', 'crop']",3
ANTES FREJOL,2,['ANTES FREJOL'],['crop'],1
PAJA GIGANTE 45% PAJA CHILENA45%,2,"['PAJA GIGANTE', 'PAJA CHILENA']","['pasture', 'pasture']",2
PIÑAN 5% GUAYAQUIL 5%,2,"['PIÑAN', 'GUAYAQUIL']","['crop', 'crop']",2
           PASTO ELEFANTE,2,['PASTO ELEFANTE'],['pasture'],1
      PASRO ELEFANTE,2,['PASRO ELEFANTE'],['pasture'],1
    PASTO ELEFANTE,2,['PASTO ELEFANTE'],['pasture'],1
" SHIMIR, HIGUERON Y PUCHUG",2,"['SHIMIR', 'HIGUERON', 'PUCHUG']","['crop', 'crop', 'crop']",3
ARRACACHA,2,['ARRACACHA'],['crop'],1
"BANANO, CAFÉ",2,"['BANANO', 'CAFE']","['crop', 'crop']",2
"CAFE, PLATANO, PASTO ELEFANTE",2,"['CAFE', 'PLATANO', 'PASTO ELEFANTE']","['crop', 'crop', 'pasture']",3
"CAÑA DE AZUCAR, BANANO",2,"['CAÑA DE AZUCAR', 'BANANO']","['crop', 'crop']",2
GUAYAQUIL Y PAJA CHILENA,2,"['GUAYAQUIL', 'PAJA CHILENA']","['crop', 'pasture']",2
"HIGUERON, FAIQUE",2,"['HIGUERON', 'FAIQUE']","['crop', 'crop']",2
"MAIZ, CAÑA",2,"['MAIZ', 'CAÑA DE AZUCAR']","['crop', 'crop']",2
PAJA CHIILENA,2,['PAJA CHIILENA'],['pasture'],1
PAJA CHILENA 40% PAJA GIJANTE 40%,2,"['PAJA CHILENA', 'PAJA GIJANTE']","['pasture', 'pasture']",2
PAJA CORTE,2,['PAJA CORTE'],['pasture'],1
PAJA DE COSTE,2,['PAJA DE COSTE'],['pasture'],1
PAJA DE LOSTE,2,['PAJA DE LOSTE'],['pasture'],1
PAST ELEFANTE,2,['PAST ELEFANTE'],['pasture'],1
PASTO DE CORTE,2,['PASTO DE CORTE'],['pasture'],1
"PASTO ELEFANTE, CAÑA",2,"['PASTO ELEFANTE', 'CAÑA DE AZUCAR']","['pasture', 'crop']",2
PIÑAN HIGUERONE,2,['PIÑAN HIGUERONE'],['crop'],1
PLATANO 40% CAFE 40% PALTA 20%,2,"['PLATANO', 'CAFE', 'PALTA']","['crop', 'crop', 'crop']",3
PLATANO 50%  CAFE 50%,2,"['PLATANO', 'CAFE']","['crop', 'crop']",2
"PLATANO, GRAMA CHILENA",2,"['PLATANO', 'GRAMA CHILENA']","['crop', 'pasture']",2
"PLATANO,CAFE,GUAYAQUIL",2,"['PLATANO', 'CAFE', 'GUAYAQUIL']","['crop', 'crop', 'crop']",3
"PLATANO,PAJA CHILENA,CAFE",2,"['PLATANO', 'PAJA CHILENA', 'CAFE']","['crop', 'pasture', 'crop']",3
PIÑAN 15% PUCHUGUERO 15%,2,"['PIÑAN', 'PUCHUGUERO']","['crop', 'crop']",2
"PAJA DE CORTE,GUAYAQUIL",2,"['PAJA DE CORTE', 'GUAYAQUIL']","['pasture', 'crop']",2
"MANGO, UVA",2,"['MANGO', 'UVA']","['crop', 'crop']",2
LIIMPIEZA,2,['LIIMPIEZA'],['crop'],1
UVA},2,['UVA}'],['crop'],1
LIMPIEZA DE CAMPO,2,['LIMPIEZA DE CAMPO'],['land_prep'],1
LIMPIEZA TERRENO,2,['LIMPIEZA TERRENO'],['land_prep'],1
CHILENO MAIZ SARANDAJA,2,['CHILENO MAIZ SARANDAJA'],['crop'],1
"FRIJOL CAUPI, SANDIA, FRIJOL DE PALO",2,"['FRIJOL CAUPI', 'SANDIA', 'FRIJOL DE PALO']","['crop', 'crop', 'crop']",3
"BANANO, LIMON , MORINGA",2,"['BANANO', 'LIMON', 'MORINGA']","['crop', 'crop', 'crop']",3
"ZANDILLA, MELON",2,"['ZANDILLA', 'MELON']","['crop', 'crop']",2
"GUAYAQUIL,CAFE,PAJA CHILENA",2,"['GUAYAQUIL', 'CAFE', 'PAJA CHILENA']","['crop', 'crop', 'pasture']",3
"CAÑA,GUAYAQUIL,PAJA CHILENA",2,"['CAÑA DE AZUCAR', 'GUAYAQUIL', 'PAJA CHILENA']","['crop', 'crop', 'pasture']",3
"CAÑA,GUINEO,PASTO",2,"['CAÑA DE AZUCAR', 'BANANO', 'PASTO']","['crop', 'crop', 'pasture']",3
"CAÑA,PAJA CHILENA,PLATANO",2,"['CAÑA DE AZUCAR', 'PAJA CHILENA', 'PLATANO']","['crop', 'pasture', 'crop']",3
"PAJA CHILENA,CAFE,PLATANO",2,"['PAJA CHILENA', 'CAFE', 'PLATANO']","['pasture', 'crop', 'crop']",3
"PLATANO,CAÑA,PAJA CHILENA",2,"['PLATANO', 'CAÑA DE AZUCAR', 'PAJA CHILENA']","['crop', 'crop', 'pasture']",3
"CAÑA,PASTO  ELEFANTE",2,"['CAÑA DE AZUCAR', 'PASTO ELEFANTE']","['crop', 'pasture']",2
"PLATANO,CAFE,NARANJA",2,"['PLATANO', 'CAFE', 'NARANJA']","['crop', 'crop', 'crop']",3
"CAÑA DE AZUCAR,GUAYAQUI",2,"['CAÑA DE AZUCAR', 'GUAYAQUI']","['crop', 'crop']",2
"CAÑA DE AZUCAR,GUAYAQUIL",2,"['CAÑA DE AZUCAR', 'GUAYAQUIL']","['crop', 'crop']",2
"CAÑA DE AZUCAR,PALATANO",2,"['CAÑA DE AZUCAR', 'PALATANO']","['crop', 'crop']",2
"PLANTANO,CAFE",2,"['PLANTANO', 'CAFE']","['crop', 'crop']",2
"PLTANO,CAFE",2,"['PLTANO', 'CAFE']","['crop', 'crop']",2
"YUCA,PAPA",2,"['YUCA', 'PAPA']","['crop', 'crop']",2
"BANANO,PASTO CHILENO",2,"['BANANO', 'PASTO CHILENO']","['crop', 'pasture']",2
"CAÑA,PLATANO,PASTO CHILENO",2,"['CAÑA DE AZUCAR', 'PLATANO', 'PASTO CHILENO']","['crop', 'crop', 'pasture']",3
"PASTO   ELEFANTE,CAFE",2,"['PASTO ELEFANTE', 'CAFE']","['pasture', 'crop']",2
PASTO CHIELENO,2,['PASTO CHIELENO'],['pasture'],1
PASTO CHILENA,2,['PASTO CHILENA'],['pasture'],1
"PLTANO,CAFE,PASTO CHILENO",2,"['PLTANO', 'CAFE', 'PASTO CHILENO']","['crop', 'crop', 'pasture']",3
"PLATANO,CAFE ,CAÑA ,PASTO CHILENO",2,"['PLATANO', 'CAFE', 'CAÑA DE AZUCAR', 'PASTO CHILENO']","['crop', 'crop', 'crop', 'pasture']",4
             PASTO ELEFANTE,2,['PASTO ELEFANTE'],['pasture'],1
HIERBA SECA,2,['HIERBA SECA'],['crop'],1
"COCO , LIMON, MANGO,YUCA Y BANANO",2,"['COCO', 'LIMON', 'MANGO', 'YUCA', 'BANANO']","['crop', 'crop', 'crop', 'crop', 'crop']",5
"MANGO, CIRUELA, LIMON, PALTA",2,"['MANGO', 'CIRUELA', 'LIMON', 'PALTA']","['crop', 'crop', 'crop', 'crop']",4
"MANGO, CIRUELO, LIMON",2,"['MANGO', 'CIRUELA', 'LIMON']","['crop', 'crop', 'crop']",3
"PALO VERDE, ZAPOTE, ALGARROBOS Y OTROS",2,"['PALO VERDE', 'ZAPOTE', 'ALGARROBO', 'SIN ESPECIFICAR']","['crop', 'crop', 'crop', 'unspecified']",4
            MAIZ- CAMOTE- FRIJOL,2,"['MAIZ', 'CAMOTE', 'FRIJOL']","['crop', 'crop', 'crop']",3
"CAMOTE , ZAPALLO",2,"['CAMOTE', 'ZAPALLO']","['crop', 'crop']",2
FRIJOL - MAIZ,2,"['FRIJOL', 'MAIZ']","['crop', 'crop']",2
"MAIZ,YUC",2,"['MAIZ', 'YUC']","['crop', 'crop']",2
YUCA - MAIZ,2,"['YUCA', 'MAIZ']","['crop', 'crop']",2
"MAIZ, HABAS",2,"['MAIZ', 'HABA']","['crop', 'crop']",2
"LECHUGA, CEBOLLA, CULANTRO",2,"['LECHUGA', 'CEBOLLA', 'CULANTRO']","['crop', 'crop', 'crop']",3
"LIMON, NARANJA, MEMBRILLO",2,"['LIMON', 'NARANJA', 'MEMBRILLO']","['crop', 'crop', 'crop']",3
"LIMA, TAMARINDO, LIMON",2,"['LIMA', 'TAMARINDO', 'LIMON']","['crop', 'crop', 'crop']",3
TIERRA,2,['TIERRA'],['crop'],1
"ALGORROBO, ZAPOTE",2,"['ALGORROBO', 'ZAPOTE']","['crop', 'crop']",2
"     MANGO, LIMON, CIRUELA",2,"['MANGO', 'LIMON', 'CIRUELA']","['crop', 'crop', 'crop']",3
"FRIJOL CHILENO, MAIZ",2,"['FRIJOL CAUPI', 'MAIZ']","['crop', 'crop']",2
MAIZ Y FRIJOL CHILENO,2,"['MAIZ', 'FRIJOL CAUPI']","['crop', 'crop']",2
"MANGO, LIMON CIRUELA",2,"['MANGO', 'LIMON', 'CIRUELA']","['crop', 'crop', 'crop']",3
"MAIZ, YUCA, FRIJOL",2,"['MAIZ', 'YUCA', 'FRIJOL']","['crop', 'crop', 'crop']",3
PINO Y EUCALIPTO,2,"['PINO', 'EUCALIPTO']","['crop', 'crop']",2
BANANO-CAFE,2,"['BANANO', 'CAFE']","['crop', 'crop']",2
PALO VERDE,2,['PALO VERDE'],['crop'],1
       GRAMA CRIOLLA,2,['GRAMA CRIOLLA'],['pasture'],1
"MAIZ,ABAS",2,"['MAIZ', 'ABAS']","['crop', 'crop']",2
"CAFE,BANANO",2,"['CAFE', 'BANANO']","['crop', 'crop']",2
"CAÑA , CAMOTE,MAIZ",2,"['CAÑA DE AZUCAR', 'CAMOTE', 'MAIZ']","['crop', 'crop', 'crop']",3
"MAIZ,CAÑA",2,"['MAIZ', 'CAÑA DE AZUCAR']","['crop', 'crop']",2
         GRAMA CRIOLLA,2,['GRAMA CRIOLLA'],['pasture'],1
BOSQUE,2,['COBERTURA ARBOREA'],['crop'],1
MAIZ 40% - TRIGO 20%,2,"['MAIZ', 'TRIGO']","['crop', 'crop']",2
MAIZ Y ABAS,2,"['MAIZ', 'ABAS']","['crop', 'crop']",2
ABAS Y ARVERJAS,2,"['ABAS', 'ARVEJA']","['crop', 'crop']",2
"CAÑA 15%, CAFE 05%",2,"['CAÑA DE AZUCAR', 'CAFE']","['crop', 'crop']",2
"MAIZ, PAPA, ZAPALLO",2,"['MAIZ', 'PAPA', 'ZAPALLO']","['crop', 'crop', 'crop']",3
"PLATANO 10%, CAFE 20%, CAÑA 10%",2,"['PLATANO', 'CAFE', 'CAÑA DE AZUCAR']","['crop', 'crop', 'crop']",3
"TRIGO, MAIZ Y PAPA",2,"['TRIGO', 'MAIZ', 'PAPA']","['crop', 'crop', 'crop']",3
"CAFE 25% , PLATANO 25%",2,"['CAFE', 'PLATANO']","['crop', 'crop']",2
"CAFE 30%,PASTO 50%",2,"['CAFE', 'PASTO']","['crop', 'pasture']",2
"CAFE, CAÑA Y BANANO",2,"['CAFE', 'CAÑA DE AZUCAR', 'BANANO']","['crop', 'crop', 'crop']",3
"MAIZ 10%, YUCA 10%",2,"['MAIZ', 'YUCA']","['crop', 'crop']",2
"MAIZ, TRIGO Y ARVERJA",2,"['MAIZ', 'TRIGO', 'ARVEJA']","['crop', 'crop', 'crop']",3
"MAIZ, TRIGO Y PAPA",2,"['MAIZ', 'TRIGO', 'PAPA']","['crop', 'crop', 'crop']",3
MEIZ Y TRIGO,2,"['MEIZ', 'TRIGO']","['crop', 'crop']",2
"PALTANO 50%, CAFE 50%",2,"['PALTANO', 'CAFE']","['crop', 'crop']",2
"PAPA, NARANJA Y FREJOL",2,"['PAPA', 'NARANJA', 'FRIJOL']","['crop', 'crop', 'crop']",3
CAÑA 40% Y PLATANO 30%.,2,"['CAÑA DE AZUCAR', 'PLATANO']","['crop', 'crop']",2
"CAÑA, PLATANO, Y CAFE",2,"['CAÑA DE AZUCAR', 'PLATANO', 'CAFE']","['crop', 'crop', 'crop']",3
"CAFE, BANANO Y CAÑA",2,"['CAFE', 'BANANO', 'CAÑA DE AZUCAR']","['crop', 'crop', 'crop']",3
MAIZ 20% Y OLLUCO 20%,2,"['MAIZ', 'OLLUCO']","['crop', 'crop']",2
PASTO ELEFANTE Y CHILENO,2,"['PASTO ELEFANTE', 'CHILENO']","['pasture', 'crop']",2
MAIZ 10% Y FREJOL 10%,2,"['MAIZ', 'FRIJOL']","['crop', 'crop']",2
MAIZ 10% Y FREJOL 10%.,2,"['MAIZ', 'FRIJOL']","['crop', 'crop']",2
MAIZ 20% Y ARVERJA 10%.,2,"['MAIZ', 'ARVEJA']","['crop', 'crop']",2
"MAIZ 20%, PAPA 20%.",2,"['MAIZ', 'PAPA']","['crop', 'crop']",2
MAIZ Y FREJOL.,2,"['MAIZ', 'FRIJOL']","['crop', 'crop']",2
"MAIZ , FREJOL, ZAMBUMBA, TRIGO Y CAIHUA.",2,"['MAIZ', 'FRIJOL', 'ZAMBUMBA', 'TRIGO', 'CAIHUA']","['crop', 'crop', 'crop', 'crop', 'crop']",5
PINO 10% Y CIPRES 10%,2,"['PINO', 'CIPRES']","['crop', 'crop']",2
PINO 10% Y CIPRES 10%.,2,"['PINO', 'CIPRES']","['crop', 'crop']",2
PINO 10% Y CIPRES10%.,2,"['PINO', 'CIPRES']","['crop', 'crop']",2
PINOS 20% Y ALISOS 20%.,2,"['PINO', 'ALISO']","['crop', 'crop']",2
"PINOS, ALISOS",2,"['PINO', 'ALISO']","['crop', 'crop']",2
ZACATE CHIINO,2,['ZACATE CHIINO'],['pasture'],1
"MAIZ 10%, TRIGO 10% Y FREJOL 10%.",2,"['MAIZ', 'TRIGO', 'FRIJOL']","['crop', 'crop', 'crop']",3
MAIZ 20% Y HABAS 20%.,2,"['MAIZ', 'HABA']","['crop', 'crop']",2
SORGO-NEQUERAN,2,"['SORGO', 'NEQUERAN']","['crop', 'crop']",2
"CAÑA 50%, PLATANO 25% Y CAFE 25%.",2,"['CAÑA DE AZUCAR', 'PLATANO', 'CAFE']","['crop', 'crop', 'crop']",3
PLATANO 40% Y CAFE 40%,2,"['PLATANO', 'CAFE']","['crop', 'crop']",2
"PLATANO 40%, CAÑA 40% Y CAFE 20%.",2,"['PLATANO', 'CAÑA DE AZUCAR', 'CAFE']","['crop', 'crop', 'crop']",3
ROMERILLO Y ALISOS,2,"['ROMERILLO', 'ALISO']","['crop', 'crop']",2
"PAJA CEROSA 50%,GRAMA CRIOLLA 50%",2,"['PAJA CEROSA', 'GRAMA CRIOLLA']","['pasture', 'pasture']",2
EN DESCANSO CULTIVO DE LIMON ANTERIORMENTE,2,['DESCANSO CULTIVO DE LIMON ANTERIORMENTE'],['fallow'],1
YUCA 25% - MAIZ 25%,2,"['YUCA', 'MAIZ']","['crop', 'crop']",2
YUCA- TRIGO,2,"['YUCA', 'TRIGO']","['crop', 'crop']",2
YUCA},2,['YUCA}'],['crop'],1
                        GRAMA CRIOLLA,2,['GRAMA CRIOLLA'],['pasture'],1
BANANO 10% - CAFE 10%,2,"['BANANO', 'CAFE']","['crop', 'crop']",2
BANANO 10% CAFE 10%,2,"['BANANO', 'CAFE']","['crop', 'crop']",2
"CAFE 30%, PASTO ELEFANTE 70%",2,"['CAFE', 'PASTO ELEFANTE']","['crop', 'pasture']",2
"CAÑA DE AZUCAE 70%, CAFE 30%",2,"['CAÑA DE AZUCAE', 'CAFE']","['crop', 'crop']",2
PAPA- CAMOTE,2,"['PAPA', 'CAMOTE']","['crop', 'crop']",2
BABANO 20% - CAFE 20%,2,"['BABANO', 'CAFE']","['crop', 'crop']",2
"CAFE 50%, PLATANO 10%",2,"['CAFE', 'PLATANO']","['crop', 'crop']",2
"CAÑA 20%, FREJOL 10%, CAFE 10%",2,"['CAÑA DE AZUCAR', 'FRIJOL', 'CAFE']","['crop', 'crop', 'crop']",3
"NARANJA 10%, GRANADILLA 10%, CHIRIMOYA 20%",2,"['NARANJA', 'GRANADILLA', 'CHIRIMOYA']","['crop', 'crop', 'crop']",3
"NARANJA 30%, CAFE 10%",2,"['NARANJA', 'CAFE']","['crop', 'crop']",2
"PAPA, GRAMA CRIOLLA",2,"['PAPA', 'GRAMA CRIOLLA']","['crop', 'pasture']",2
"PASTO CRIOLLO, CAFE, PLATANO",2,"['PASTO CRIOLLO', 'CAFE', 'PLATANO']","['pasture', 'crop', 'crop']",3
"PASTO DE ELEFANTE, CAFE",2,"['PASTO ELEFANTE', 'CAFE']","['pasture', 'crop']",2
"ROBLE, EUCALIPTO",2,"['ROBLE', 'EUCALIPTO']","['crop', 'crop']",2
"YUCA 40%, CAFE 20%",2,"['YUCA', 'CAFE']","['crop', 'crop']",2
"     CAFE 10%, PALTO15%, NARANJO15%, LIMA10%",2,"['CAFE', 'PALTA', 'NARANJA', 'LIMA']","['crop', 'crop', 'crop', 'crop']",4
PLATANO Y PAPAYA,2,"['PLATANO', 'PAPAYA']","['crop', 'crop']",2
ZONA DE PASTOREO,2,['ZONA DE PASTOREO'],['pasture'],1
ARVEJA 20 %,2,['ARVEJA'],['crop'],1
PASOS CRIOLLOS,2,['PASOS CRIOLLOS'],['crop'],1
PASTO CRIIOLLO,2,['PASTO CRIIOLLO'],['pasture'],1
PASTOS NATIRALES,2,['PASTOS NATIRALES'],['pasture'],1
"BANANO 10%, CAFE 10%",2,"['BANANO', 'CAFE']","['crop', 'crop']",2
"BANANO, CAFE, CAÑA",2,"['BANANO', 'CAFE', 'CAÑA DE AZUCAR']","['crop', 'crop', 'crop']",3
"BANANO, MAIZ",2,"['BANANO', 'MAIZ']","['crop', 'crop']",2
"CAFE 25%, CAÑA 25%, BANANO 20%",2,"['CAFE', 'CAÑA DE AZUCAR', 'BANANO']","['crop', 'crop', 'crop']",3
"CAÑA,PALTA, LIMON, NARANJA, CAFE",2,"['CAÑA DE AZUCAR', 'PALTA', 'LIMON', 'NARANJA', 'CAFE']","['crop', 'crop', 'crop', 'crop', 'crop']",5
TARA,2,['TARA'],['crop'],1
"YUCA, LIMA",2,"['YUCA', 'LIMA']","['crop', 'crop']",2
                 ARVEJA,2,['ARVEJA'],['crop'],1
ALISO,2,['ALISO'],['crop'],1
"CAFE 30%, CAÑA 30%, NANANO 40%",2,"['CAFE', 'CAÑA DE AZUCAR', 'NANANO']","['crop', 'crop', 'crop']",3
"CAFE 35%, BANANO 35%, CAÑA 30%",2,"['CAFE', 'BANANO', 'CAÑA DE AZUCAR']","['crop', 'crop', 'crop']",3
"CAFE 50%, CAÑA 50%",2,"['CAFE', 'CAÑA DE AZUCAR']","['crop', 'crop']",2
"CAFE, PALTA, NARANJA",2,"['CAFE', 'PALTA', 'NARANJA']","['crop', 'crop', 'crop']",3
"CAFE, PLATANO, LIMON",2,"['CAFE', 'PLATANO', 'LIMON']","['crop', 'crop', 'crop']",3
"CAÑA 15%, BANANO 15%, CAFE 20%",2,"['CAÑA DE AZUCAR', 'BANANO', 'CAFE']","['crop', 'crop', 'crop']",3
"CAÑA 30%, CAFE 30%",2,"['CAÑA DE AZUCAR', 'CAFE']","['crop', 'crop']",2
"CAÑA 50%, BANANO 50%",2,"['CAÑA DE AZUCAR', 'BANANO']","['crop', 'crop']",2
"CAÑA, BANANO, CAFE",2,"['CAÑA DE AZUCAR', 'BANANO', 'CAFE']","['crop', 'crop', 'crop']",3
"EUCALIPTO, CIPRES, FALSO ROBLE",2,"['EUCALIPTO', 'CIPRES', 'FALSO ROBLE']","['crop', 'crop', 'crop']",3
"FREJOL 15%, MAIZ 15%",2,"['FRIJOL', 'MAIZ']","['crop', 'crop']",2
"GRAMA, MELQUERON",2,"['GRAMA', 'MELQUERON']","['pasture', 'pasture']",2
"LUCUMO, NARANJO",2,"['LUCUMO', 'NARANJA']","['crop', 'crop']",2
"MAIZ (50%), ARVEJA (50%)",2,"['MAIZ', 'ARVEJA']","['crop', 'crop']",2
"MAIZ (80%), ARVEJA (20%)",2,"['MAIZ', 'ARVEJA']","['crop', 'crop']",2
"MAIZ 10%, ARVEJA 10%, FREJOL 10%",2,"['MAIZ', 'ARVEJA', 'FRIJOL']","['crop', 'crop', 'crop']",3
"MAIZ 10%, TRIGO 10%, PAPA 10%",2,"['MAIZ', 'TRIGO', 'PAPA']","['crop', 'crop', 'crop']",3
"MAIZ 15%, ARVEJA 15%",2,"['MAIZ', 'ARVEJA']","['crop', 'crop']",2
"MAIZ 5%, FREJOL 5%",2,"['MAIZ', 'FRIJOL']","['crop', 'crop']",2
"MELQUERON, PAJATA YARAGUA",2,"['MELQUERON', 'PAJATA YARAGUA']","['pasture', 'pasture']",2
PASTO PIKUYU,2,['PASTO PIKUYU'],['pasture'],1
PASTO ZACATE,2,['PASTO ZACATE'],['pasture'],1
"PINO, CEDRO, ROBLE",2,"['PINO', 'CEDRO', 'ROBLE']","['crop', 'crop', 'crop']",3
"YUCA, CAFE",2,"['YUCA', 'CAFE']","['crop', 'crop']",2
"YUCA, CAFE, BANANO",2,"['YUCA', 'CAFE', 'BANANO']","['crop', 'crop', 'crop']",3
  GRAMA CRIOLLA,2,['GRAMA CRIOLLA'],['pasture'],1
"ARVEJA, MAIZ, YUCA",2,"['ARVEJA', 'MAIZ', 'YUCA']","['crop', 'crop', 'crop']",3
BANANOY CAFE,2,['BANANOY CAFE'],['crop'],1
"CAFE 15%, PALTO 15%, NARANJA10%, LIMA 10%",2,"['CAFE', 'PALTA', 'NARANJA', 'LIMA']","['crop', 'crop', 'crop', 'crop']",4
"CAFE 40%, BANANO 40%",2,"['CAFE', 'BANANO']","['crop', 'crop']",2
"CAFE,",2,['CAFE'],['crop'],1
"CAFE, ZACATE CHINO",2,"['CAFE', 'ZACATE CHINO']","['crop', 'pasture']",2
"CAMOTE, ZANAHORIA",2,"['CAMOTE', 'ZANAHORIA']","['crop', 'crop']",2
"CAÑA (20%), CAFE, PLATANO, CHIRIMOYO (60%), MELQUERON 20%",2,"['CAÑA DE AZUCAR', 'CAFE', 'PLATANO', 'CHIRIMOYA', 'MELQUERON']","['crop', 'crop', 'crop', 'crop', 'pasture']",5
"CAÑA 20%, PLATANO 20, CAFE 20, CHIRIMOYO 20",2,"['CAÑA DE AZUCAR', 'PLATANO', 'CAFE', 'CHIRIMOYA']","['crop', 'crop', 'crop', 'crop']",4
"CAÑA 40%, CAFE 40%",2,"['CAÑA DE AZUCAR', 'CAFE']","['crop', 'crop']",2
CAÑA BANANO,2,"['CAÑA DE AZUCAR', 'BANANO']","['crop', 'crop']",2
"CAÑA DE AZUCAR (20%), PLATANO CAFE (40%), MEQUERON (40%)",2,"['CAÑA DE AZUCAR', 'PLATANO', 'CAFE', 'MEQUERON']","['crop', 'crop', 'crop', 'crop']",4
"CAÑA DE AZUCAR 20%, BANANO - CAFE 40%, PASTO MELQUERON 40%",2,"['CAÑA DE AZUCAR', 'BANANO', 'CAFE', 'MELQUERON']","['crop', 'crop', 'crop', 'pasture']",4
"EUCALIPTO, FALSO ROBLE",2,"['EUCALIPTO', 'FALSO ROBLE']","['crop', 'crop']",2
"MAIZ (10%), ARVEJA (10%)",2,"['MAIZ', 'ARVEJA']","['crop', 'crop']",2
MNGO,2,['MNGO'],['crop'],1
PASTO ELEFANTE Y PASTO MELQUERON,2,"['PASTO ELEFANTE', 'MELQUERON']","['pasture', 'pasture']",2
"PLATANO, PASTO MELQUERON",2,"['PLATANO', 'MELQUERON']","['crop', 'pasture']",2
SACATE CHINO,2,['SACATE CHINO'],['crop'],1
"YUCA 20%, CAMOTE 20%",2,"['YUCA', 'CAMOTE']","['crop', 'crop']",2
"YUCA, ALBERJA, MAIZ",2,"['YUCA', 'ARVEJA', 'MAIZ']","['crop', 'crop', 'crop']",3
LIMON- BANANO,2,"['LIMON', 'BANANO']","['crop', 'crop']",2
"PAPA 10%, MAIZ 10%",2,"['PAPA', 'MAIZ']","['crop', 'crop']",2
PLATANO- LIMON,2,"['PLATANO', 'LIMON']","['crop', 'crop']",2
YUCA - ARVEJA - CEBOLLA,2,"['YUCA', 'ARVEJA', 'CEBOLLA']","['crop', 'crop', 'crop']",3
YUCA- ARVEJA - CEBOLLA,2,"['YUCA', 'ARVEJA', 'CEBOLLA']","['crop', 'crop', 'crop']",3
"TRIGO 50, MAIZ 50",2,"['TRIGO', 'MAIZ']","['crop', 'crop']",2
"MAIZ 15%, ARVEJA 15%, TRIGO 20%",2,"['MAIZ', 'ARVEJA', 'TRIGO']","['crop', 'crop', 'crop']",3
ZCATE CHINO,2,['ZCATE CHINO'],['crop'],1
"FORRAJES (MELQUERON, PICUYA, YARAGUA)",2,['FORRAJES'],['crop'],1
"CAÑA 50, CAFE 50",2,"['CAÑA DE AZUCAR', 'CAFE']","['crop', 'crop']",2
"MAIZ, OLLUCO",2,"['MAIZ', 'OLLUCO']","['crop', 'crop']",2
CAFE - CAÑA,2,"['CAFE', 'CAÑA DE AZUCAR']","['crop', 'crop']",2
"CAMOTE 25%, ZANAHORIA 25%",2,"['CAMOTE', 'ZANAHORIA']","['crop', 'crop']",2
"MAIZ , TRIGO, ARVEJA",2,"['MAIZ', 'TRIGO', 'ARVEJA']","['crop', 'crop', 'crop']",3
MAIZ 15% - TRIGO 15%,2,"['MAIZ', 'TRIGO']","['crop', 'crop']",2
TRIGO- ARVEJA - ZAPALLO,2,"['TRIGO', 'ARVEJA', 'ZAPALLO']","['crop', 'crop', 'crop']",3
TRIGO- MAIZ,2,"['TRIGO', 'MAIZ']","['crop', 'crop']",2
TRIGO- MAIZ - ARVEJA,2,"['TRIGO', 'MAIZ', 'ARVEJA']","['crop', 'crop', 'crop']",3
"TRIGO, ARVEJA , ZAPALLO",2,"['TRIGO', 'ARVEJA', 'ZAPALLO']","['crop', 'crop', 'crop']",3
ARVEJA- OLLUCO - HABA,2,"['ARVEJA', 'OLLUCO', 'HABA']","['crop', 'crop', 'crop']",3
LAGUNAS DE CANLY,2,['LAGUNAS DE CANLY'],['crop'],1
MAIZ 13%- ALVERJA 13% FRIJOL 14%,2,"['MAIZ', 'ARVEJA', 'FRIJOL']","['crop', 'crop', 'crop']",3
"PAPA 20%, CAMOTE 20%",2,"['PAPA', 'CAMOTE']","['crop', 'crop']",2
"ROBLE 15%, EUCALIPTO 15%",2,"['ROBLE', 'EUCALIPTO']","['crop', 'crop']",2
TRIGO- MAIZ- ALVERJA,2,"['TRIGO', 'MAIZ', 'ARVEJA']","['crop', 'crop', 'crop']",3
"AJO 10%, CAMOTE 10%",2,"['AJO', 'CAMOTE']","['crop', 'crop']",2
"AJO 25%, CAMOTE 25%",2,"['AJO', 'CAMOTE']","['crop', 'crop']",2
"ALBERJA, MAIZ, OLLUCO",2,"['ARVEJA', 'MAIZ', 'OLLUCO']","['crop', 'crop', 'crop']",3
ALISOS - ROMERILLOS,2,"['ALISO', 'ROMERILLOS']","['crop', 'crop']",2
ARVEJA- MAIZ,2,"['ARVEJA', 'MAIZ']","['crop', 'crop']",2
BANANO- CAÑA -CAFE,2,"['BANANO', 'CAÑA DE AZUCAR', 'CAFE']","['crop', 'crop', 'crop']",3
CAFE - NARANJO,2,"['CAFE', 'NARANJA']","['crop', 'crop']",2
CAÑA - PLATANO- CAFE,2,"['CAÑA DE AZUCAR', 'PLATANO', 'CAFE']","['crop', 'crop', 'crop']",3
CAÑA- PLATANP- CAFE,2,"['CAÑA DE AZUCAR', 'PLATANP', 'CAFE']","['crop', 'crop', 'crop']",3
GRAMA SPP- PICUY,2,"['GRAMA SPP', 'PICUY']","['pasture', 'crop']",2
MAI Z- ARVEJA,2,"['MAI Z', 'ARVEJA']","['crop', 'crop']",2
"MAIZ 15%, TRIGO 15%, ARVEJA 20%",2,"['MAIZ', 'TRIGO', 'ARVEJA']","['crop', 'crop', 'crop']",3
"MAIZ 35%, TRIGO 35%",2,"['MAIZ', 'TRIGO']","['crop', 'crop']",2
MAIZ- TRIGO- ARVEJA,2,"['MAIZ', 'TRIGO', 'ARVEJA']","['crop', 'crop', 'crop']",3
"MAIZ, FREJOL, ALBERJA, TRIGO",2,"['MAIZ', 'FRIJOL', 'ARVEJA', 'TRIGO']","['crop', 'crop', 'crop', 'crop']",4
"MAIZ, TRIGO, FREJOL, ALBERJA",2,"['MAIZ', 'TRIGO', 'FRIJOL', 'ARVEJA']","['crop', 'crop', 'crop', 'crop']",4
NELQUERON,2,['NELQUERON'],['crop'],1
"OYUCO, ALBERJA, FREJOL",2,"['OYUCO', 'ARVEJA', 'FRIJOL']","['crop', 'crop', 'crop']",3
"PICUY 50%, MELQUERON 50%",2,"['PICUY', 'MELQUERON']","['crop', 'pasture']",2
"PIKUYA 50%, MELQUERON 50%",2,"['PIKUYA', 'MELQUERON']","['crop', 'pasture']",2
PUCUY -YARAGUA,2,"['PUCUY', 'YARAGUA']","['crop', 'pasture']",2
"YUCA, CAMOTE, CAÑA",2,"['YUCA', 'CAMOTE', 'CAÑA DE AZUCAR']","['crop', 'crop', 'crop']",3
"ALISOS 10%, ROMERILLO 10%",2,"['ALISO', 'ROMERILLO']","['crop', 'crop']",2
ALISOS- ROMERILLOS,2,"['ALISO', 'ROMERILLOS']","['crop', 'crop']",2
"CAÑA 25%, MAIZ 25%",2,"['CAÑA DE AZUCAR', 'MAIZ']","['crop', 'crop']",2
"CAÑA 50%, MERKERON 50%",2,"['CAÑA DE AZUCAR', 'MELQUERON']","['crop', 'pasture']",2
GRAMA SPP- PASTO ELEFANTE,2,"['GRAMA SPP', 'PASTO ELEFANTE']","['pasture', 'pasture']",2
"GRAMA SPP, PASTO ELEFANTE",2,"['GRAMA SPP', 'PASTO ELEFANTE']","['pasture', 'pasture']",2
"GRAMA SPP, PICUY",2,"['GRAMA SPP', 'PICUY']","['pasture', 'crop']",2
GRAMINEA MERKERON,2,"['GRAMINEAS', 'MELQUERON']","['pasture', 'pasture']",2
GRAMINEAS CRIOLLAS,2,['GRAMINEAS CRIOLLAS'],['pasture'],1
GRAMMA SPP- PICUY,2,"['GRAMMA SPP', 'PICUY']","['crop', 'crop']",2
"MAIZ 10%, TRIGO 10%",2,"['MAIZ', 'TRIGO']","['crop', 'crop']",2
"MAIZ 15%, TRIGO 15%",2,"['MAIZ', 'TRIGO']","['crop', 'crop']",2
"MAIZ 15%, TRIGO 15%, ARVEJA 10%",2,"['MAIZ', 'TRIGO', 'ARVEJA']","['crop', 'crop', 'crop']",3
"MAIZ 50%, OLLUCO 50%",2,"['MAIZ', 'OLLUCO']","['crop', 'crop']",2
MAIZ- ZANAHORIA,2,"['MAIZ', 'ZANAHORIA']","['crop', 'crop']",2
"PAPA 15%, REPOLLO 15%",2,"['PAPA', 'REPOLLO']","['crop', 'crop']",2
PASTO EELFANTE,2,['PASTO EELFANTE'],['pasture'],1
PICUY- SURAL 7,2,"['PICUY', 'SURAL']","['crop', 'crop']",2
"PICUY, YARAGIUA",2,"['PICUY', 'YARAGIUA']","['crop', 'crop']",2
"PINO 15%, EUCALIPTO 15%",2,"['PINO', 'EUCALIPTO']","['crop', 'crop']",2
PUCY- SURAL,2,"['PUCY', 'SURAL']","['crop', 'crop']",2
"TRIGO 10%, MAIZ 10%, PAPA 10%",2,"['TRIGO', 'MAIZ', 'PAPA']","['crop', 'crop', 'crop']",3
"TRIGO 15%, MAIZ 15%",2,"['TRIGO', 'MAIZ']","['crop', 'crop']",2
"YARAGUA, PICUY",2,"['YARAGUA', 'PICUY']","['pasture', 'crop']",2
      PASTO CRIOLLO,2,['PASTO CRIOLLO'],['pasture'],1
 PASTO CRIOLLO,2,['PASTO CRIOLLO'],['pasture'],1
"CAÑA(20%), PASTO MELQUERON(80%)",2,"['CAÑA DE AZUCAR', 'MELQUERON']","['crop', 'pasture']",2
GRAMA CRIOLLA - MELQUERON,2,"['GRAMA CRIOLLA', 'MELQUERON']","['pasture', 'pasture']",2
GRAMA CRIOLLA- MELQUERON,2,"['GRAMA CRIOLLA', 'MELQUERON']","['pasture', 'pasture']",2
GRAMINIA MELKERON,2,['GRAMINIA MELKERON'],['crop'],1
PASTO PICUY,2,['PASTO PICUY'],['pasture'],1
PASTOS MELQUERON,2,"['PASTO', 'MELQUERON']","['pasture', 'pasture']",2
YUCA 30%- ZANAHORIA 20%,2,"['YUCA', 'ZANAHORIA']","['crop', 'crop']",2
MAIZ- ARVEJA- FRIJOL,2,"['MAIZ', 'ARVEJA', 'FRIJOL']","['crop', 'crop', 'crop']",3
YUCA- ARVEJA - MAIZ,2,"['YUCA', 'ARVEJA', 'MAIZ']","['crop', 'crop', 'crop']",3
"ARVEJA 10%, MAIZ 10%",2,"['ARVEJA', 'MAIZ']","['crop', 'crop']",2
EUCALIPTO - ROBLE,2,"['EUCALIPTO', 'ROBLE']","['crop', 'crop']",2
PALTA- CAMOTE,2,"['PALTA', 'CAMOTE']","['crop', 'crop']",2
"PASTO ELEFANTE, GAMA SPP",2,"['PASTO ELEFANTE', 'GAMA SPP']","['pasture', 'crop']",2
PLATANO- CAFE - MELQUERON,2,"['PLATANO', 'CAFE', 'MELQUERON']","['crop', 'crop', 'pasture']",3
"CAFE 50%, MERKERON 50%",2,"['CAFE', 'MELQUERON']","['crop', 'pasture']",2
CAÑA(20) PLATANO (20) PASTO  ELEFANTE (60),2,"['CAÑA DE AZUCAR', 'PLATANO', 'PASTO ELEFANTE']","['crop', 'crop', 'pasture']",3
"CEBOLLA, TOMATE",2,"['CEBOLLA', 'TOMATE']","['crop', 'crop']",2
"ZAPOTE, PALO VERDE",2,"['ZAPOTE', 'PALO VERDE']","['crop', 'crop']",2
25 ALGARROBOS,2,['ALGARROBO'],['crop'],1
"PLATANO 40, CAFE 10",2,"['PLATANO', 'CAFE']","['crop', 'crop']",2
"CAMOTE, SOYA",2,"['CAMOTE', 'SOYA']","['crop', 'crop']",2
YUCA- ARROZ,2,"['YUCA', 'ARROZ']","['crop', 'crop']",2
GRAAMA CHILENA,2,['GRAAMA CHILENA'],['crop'],1
"SOYA, YUCA",2,"['SOYA', 'YUCA']","['crop', 'crop']",2
"YUCA, SOYA, MAIZ",2,"['YUCA', 'SOYA', 'MAIZ']","['crop', 'crop', 'crop']",3
"MAIZ, PASTO VERDE",2,"['MAIZ', 'PASTO VERDE']","['crop', 'pasture']",2
ZAPOTE,2,['ZAPOTE'],['crop'],1
PEPARACION DE SUELOS,2,['PEPARACION DE SUELOS'],['crop'],1
FASE DE GRADEO,2,['FASE DE GRADEO'],['land_prep'],1
LIMON -PLATANO,2,"['LIMON', 'PLATANO']","['crop', 'crop']",2
"CAFE 40%, LIMA 40%",2,"['CAFE', 'LIMA']","['crop', 'crop']",2
"CAÑA 80%, GRAMA CRIOLLA 20&",2,"['CAÑA DE AZUCAR', 'GRAMA CRIOLLA']","['crop', 'pasture']",2
"NARANJA 40%, GUAYAQUIL 20",2,"['NARANJA', 'GUAYAQUIL']","['crop', 'crop']",2
TUCA,2,['TUCA'],['crop'],1
 CAÑA 90% CAFE 10%,2,"['CAÑA DE AZUCAR', 'CAFE']","['crop', 'crop']",2
"CAFÈ 20% , PASTO 80%",2,"['CAFE', 'PASTO']","['crop', 'pasture']",2
"CAÑA 30%, PASTO ELEFANTE 30%, GRAMA CRIOLLA 40%",2,"['CAÑA DE AZUCAR', 'PASTO ELEFANTE', 'GRAMA CRIOLLA']","['crop', 'pasture', 'pasture']",3
"CAÑA 50 % , YUCA 40%",2,"['CAÑA DE AZUCAR', 'YUCA']","['crop', 'crop']",2
"GRAMA,RABO DE ZORRO",2,"['GRAMA', 'RABO DE ZORRO']","['pasture', 'crop']",2
YUCA 80%- CAFE 20%,2,"['YUCA', 'CAFE']","['crop', 'crop']",2
YUCA 80% CAFE20%,2,"['YUCA', 'CAFE']","['crop', 'crop']",2
"ZANAHORIA 5%,LECHUGA 5%",2,"['ZANAHORIA', 'LECHUGA']","['crop', 'crop']",2
"CAFE, CAÑA, PASTO ELEFANTE",2,"['CAFE', 'CAÑA DE AZUCAR', 'PASTO ELEFANTE']","['crop', 'crop', 'pasture']",3
"CAFE, OLATANO, CAÑA",2,"['CAFE', 'OLATANO', 'CAÑA DE AZUCAR']","['crop', 'crop', 'crop']",3
"GRAMA,MIÑATE",2,"['GRAMA', 'MIÑATE']","['pasture', 'crop']",2
"MAIZ 20%, TRIGO 80%",2,"['MAIZ', 'TRIGO']","['crop', 'crop']",2
"MAIZ 40%, TRIGO 30%",2,"['MAIZ', 'TRIGO']","['crop', 'crop']",2
MAIZº,2,['MAIZº'],['crop'],1
PASTO ELEFANTE Y YARAGUA,2,"['PASTO ELEFANTE', 'YARAGUA']","['pasture', 'pasture']",2
"CAÑA 30%, YUC 45%",2,"['CAÑA DE AZUCAR', 'YUC']","['crop', 'crop']",2
"PASTO, YUCA",2,"['PASTO', 'YUCA']","['pasture', 'crop']",2
"CAÑA 80%, PASTO ELFANTE 20%",2,"['CAÑA DE AZUCAR', 'PASTO ELEFANTE']","['crop', 'pasture']",2
"CAÑA 20%, MAIZ 30%",2,"['CAÑA DE AZUCAR', 'MAIZ']","['crop', 'crop']",2
"CAÑA 80%, PLATANO 10%, CAFE 10%",2,"['CAÑA DE AZUCAR', 'PLATANO', 'CAFE']","['crop', 'crop', 'crop']",3
PAJA CRIIOLLA,2,['PAJA CRIIOLLA'],['pasture'],1
"PLATANO 25%, CAFE 50%",2,"['PLATANO', 'CAFE']","['crop', 'crop']",2
"CAÑA 30%, PAJA CASTILLA  70%",2,"['CAÑA DE AZUCAR', 'PAJA CASTILLA']","['crop', 'pasture']",2
CAÑA 50% PLATANO 50%,2,"['CAÑA DE AZUCAR', 'PLATANO']","['crop', 'crop']",2
"GRAMALOTE,PAJA CHINA",2,"['GRAMALOTE', 'PAJA CHINA']","['pasture', 'pasture']",2
"GRAMALOTE,RABO DE ZORRO",2,"['GRAMALOTE', 'RABO DE ZORRO']","['pasture', 'crop']",2
MAIZ 70% YUCA 30 %,2,"['MAIZ', 'YUCA']","['crop', 'crop']",2
BANANO 25% - CAFE 25%,2,"['BANANO', 'CAFE']","['crop', 'crop']",2
CAÑA 40% YUCA 40%,2,"['CAÑA DE AZUCAR', 'YUCA']","['crop', 'crop']",2
CAÑA 80% CAFE 20%,2,"['CAÑA DE AZUCAR', 'CAFE']","['crop', 'crop']",2
"GRAMA, PAJA DORADA",2,"['GRAMA', 'PAJA DORADA']","['pasture', 'pasture']",2
"GRAMALOTE, CAMOTILLO",2,"['GRAMALOTE', 'CAMOTILLO']","['pasture', 'crop']",2
"GRAMALOTE, RABO DE ZORRO",2,"['GRAMALOTE', 'RABO DE ZORRO']","['pasture', 'crop']",2
MAIZ 25% - CAMOTE  25%,2,"['MAIZ', 'CAMOTE']","['crop', 'crop']",2
MANGO 40%- CAÑA 40%- NARANJA 20%,2,"['MANGO', 'CAÑA DE AZUCAR', 'NARANJA']","['crop', 'crop', 'crop']",3
"PAJA CHILENA,GRAMALOTES",2,"['PAJA CHILENA', 'GRAMALOTE']","['pasture', 'pasture']",2
PLATANO 40% CAÑA 20%,2,"['PLATANO', 'CAÑA DE AZUCAR']","['crop', 'crop']",2
PLATANO 40%- CAÑA 20%,2,"['PLATANO', 'CAÑA DE AZUCAR']","['crop', 'crop']",2
"CAÑA 60%, CAFE 20%",2,"['CAÑA DE AZUCAR', 'CAFE']","['crop', 'crop']",2
"CAÑA 60%, CAFE 20%, PLATANO 20$        %",2,"['CAÑA DE AZUCAR', 'CAFE', 'PLATANO']","['crop', 'crop', 'crop']",3
"CAÑA DE AZUCAR (80) ,CAFE (20)",2,"['CAÑA DE AZUCAR', 'CAFE']","['crop', 'crop']",2
"GRAMALOTE, PAJA DE ZORRO",2,"['GRAMALOTE', 'PAJA DE ZORRO']","['pasture', 'pasture']",2
MAIZ 50% - ARROZ%,2,"['MAIZ', 'ARROZ']","['crop', 'crop']",2
"CAFE 20%, CAÑA 10%,BANANO 50%",2,"['CAFE', 'CAÑA DE AZUCAR', 'BANANO']","['crop', 'crop', 'crop']",3
"CAÑA (50%), BANANO (50%)",2,"['CAÑA DE AZUCAR', 'BANANO']","['crop', 'crop']",2
"CAÑA 20%, PLATANO 20%",2,"['CAÑA DE AZUCAR', 'PLATANO']","['crop', 'crop']",2
"PAJA CHILENA 50%, PAJA CEROSA 50%",2,"['PAJA CHILENA', 'PAJA CEROSA']","['pasture', 'pasture']",2
"PAJA CEROSA 70%, CAÑA 20%",2,"['PAJA CEROSA', 'CAÑA DE AZUCAR']","['pasture', 'crop']",2
"PAPA 50%, AJO 50%",2,"['PAPA', 'AJO']","['crop', 'crop']",2
"YUCA 20%,MAIZ 40%",2,"['YUCA', 'MAIZ']","['crop', 'crop']",2
GRAMALOTE- PASTO CRIOLLO,2,"['GRAMALOTE', 'PASTO CRIOLLO']","['pasture', 'pasture']",2
"MAIZ 20%, TRIGO 40%",2,"['MAIZ', 'TRIGO']","['crop', 'crop']",2
"MAIZ 15%, ARBEJA 15%",2,"['MAIZ', 'ARVEJA']","['crop', 'crop']",2
"MAIZ 60%, ARBEJA 40%",2,"['MAIZ', 'ARVEJA']","['crop', 'crop']",2
MAIZ- PAPA,2,"['MAIZ', 'PAPA']","['crop', 'crop']",2
"TRIGO 30%, MAIZ 35%, PAPAYA 35%",2,"['TRIGO', 'MAIZ', 'PAPAYA']","['crop', 'crop', 'crop']",3
GRAMA - RELINCHO,2,"['GRAMA', 'RELINCHO']","['pasture', 'crop']",2
PAJA CRIOLLA- GRAMALOTE,2,"['PAJA CRIOLLA', 'GRAMALOTE']","['pasture', 'pasture']",2
CAFE 50%- CAÑA 50%,2,"['CAFE', 'CAÑA DE AZUCAR']","['crop', 'crop']",2
GRAMALOTE - CAMOTILLO,2,"['GRAMALOTE', 'CAMOTILLO']","['pasture', 'crop']",2
"GRAMALOTE , MIÑAFE",2,"['GRAMALOTE', 'MIÑAFE']","['pasture', 'crop']",2
CAÑA 50% - PASTO ELEFANTE 50%,2,"['CAÑA DE AZUCAR', 'PASTO ELEFANTE']","['crop', 'pasture']",2
CAÑA 50% - PLATANO 50%,2,"['CAÑA DE AZUCAR', 'PLATANO']","['crop', 'crop']",2
CAÑA 80% PLATANO 10% CAFE 10%,2,"['CAÑA DE AZUCAR', 'PLATANO', 'CAFE']","['crop', 'crop', 'crop']",3
GRAMA - PAJA CHILENA,2,"['GRAMA', 'PAJA CHILENA']","['pasture', 'pasture']",2
"GRAMA CRIOLLA 50%, YARAGUA 50%",2,"['GRAMA CRIOLLA', 'YARAGUA']","['pasture', 'pasture']",2
GRAMALOTE - MIÑÑÑÑATE,2,"['GRAMALOTE', 'MIÑÑÑÑATE']","['pasture', 'crop']",2
GRAMALOTE-  PAJA CHILENA,2,"['GRAMALOTE', 'PAJA CHILENA']","['pasture', 'pasture']",2
"GRAMALOTE , PAJA CRIOLLA",2,"['GRAMALOTE', 'PAJA CRIOLLA']","['pasture', 'pasture']",2
GRMAMALOTE - PÀJA CRIOLLA,2,"['GRMAMALOTE', 'PAJA CRIOLLA']","['crop', 'pasture']",2
MAIZ<,2,['MAIZ<'],['crop'],1
"YARAGUA, GRAMA CHINA",2,"['YARAGUA', 'GRAMA CHINA']","['pasture', 'pasture']",2
GRAMA CHIINA,2,['GRAMA CHIINA'],['pasture'],1
MANGO 90%-  LIMON 10%,2,"['MANGO', 'LIMON']","['crop', 'crop']",2
"CAFE 10%, CAÑA 15%, BANANO 15%",2,"['CAFE', 'CAÑA DE AZUCAR', 'BANANO']","['crop', 'crop', 'crop']",3
GRAMA CRIOLLA (50) PLATANO (25) CAFE (25),2,"['GRAMA CRIOLLA', 'PLATANO', 'CAFE']","['pasture', 'crop', 'crop']",3
"GRAMA CRIOLLA (70) CAFE (15), PLATANO (15)",2,"['GRAMA CRIOLLA', 'CAFE', 'PLATANO']","['pasture', 'crop', 'crop']",3
"GRAMA CRIOLLA 50%,CAFE 25%, PLATANO 25%",2,"['GRAMA CRIOLLA', 'CAFE', 'PLATANO']","['pasture', 'crop', 'crop']",3
"YUCA, CAMOTO, PAP",2,"['YUCA', 'CAMOTO', 'PAP']","['crop', 'crop', 'crop']",3
"GRAMA CRIOLLA 80%,CAFE 20%",2,"['GRAMA CRIOLLA', 'CAFE']","['pasture', 'crop']",2
GRAMALOTE-  PASTO CRIOLLO,2,"['GRAMALOTE', 'PASTO CRIOLLO']","['pasture', 'pasture']",2
"GRAMALOTE, PASTO CRIOLLO",2,"['GRAMALOTE', 'PASTO CRIOLLO']","['pasture', 'pasture']",2
LIMA- CAFE,2,"['LIMA', 'CAFE']","['crop', 'crop']",2
OAJA CRIOLLA- GRAMALOTE,2,"['OAJA CRIOLLA', 'GRAMALOTE']","['crop', 'pasture']",2
ARROZ 40% - MAIZ 10%,2,"['ARROZ', 'MAIZ']","['crop', 'crop']",2
ARROZ 80% - MAIZ 20%,2,"['ARROZ', 'MAIZ']","['crop', 'crop']",2
MARACUYA 30% - LIMON 20%,2,"['MARACUYA', 'LIMON']","['crop', 'crop']",2
BANANO 10% - CAÑA 10%,2,"['BANANO', 'CAÑA DE AZUCAR']","['crop', 'crop']",2
"BANANO 50%,CAÑA 50%",2,"['BANANO', 'CAÑA DE AZUCAR']","['crop', 'crop']",2
GRAMA CRIOLLA - MELQUERON . YARAGUA,2,"['GRAMA CRIOLLA', 'MELQUERON', 'YARAGUA']","['pasture', 'pasture', 'pasture']",3
MAIZ 20% - YUCA 10%,2,"['MAIZ', 'YUCA']","['crop', 'crop']",2
MELKERON - YARAGUA,2,"['MELQUERON', 'YARAGUA']","['pasture', 'pasture']",2
MERQUERON -  YARAGUA,2,"['MELQUERON', 'YARAGUA']","['pasture', 'pasture']",2
PLATANO .- CAFE,2,"['PLATANO', 'CAFE']","['crop', 'crop']",2
PLATANO- CAFE,2,"['PLATANO', 'CAFE']","['crop', 'crop']",2
MELQUERON - PAJA CRIOLLA,2,"['MELQUERON', 'PAJA CRIOLLA']","['pasture', 'pasture']",2
CAFE 10% - BANANO 20%,2,"['CAFE', 'BANANO']","['crop', 'crop']",2
PLATANO- CEBOLLA,2,"['PLATANO', 'CEBOLLA']","['crop', 'crop']",2
YARAGUA- MELQUERON,2,"['YARAGUA', 'MELQUERON']","['pasture', 'pasture']",2
YUCA - PLATANO,2,"['YUCA', 'PLATANO']","['crop', 'crop']",2
YUCA 20% - AJO 10% - LECHUGA 5%,2,"['YUCA', 'AJO', 'LECHUGA']","['crop', 'crop', 'crop']",3
ALISOS - PINO,2,"['ALISO', 'PINO']","['crop', 'crop']",2
ALISOS - PINOS,2,"['ALISO', 'PINO']","['crop', 'crop']",2
CAFE - LIMON,2,"['CAFE', 'LIMON']","['crop', 'crop']",2
CAÑA 25 % - CAFE 25 % - BANANO 50%,2,"['CAÑA DE AZUCAR', 'CAFE', 'BANANO']","['crop', 'crop', 'crop']",3
CAÑA- CAFE- BANANO,2,"['CAÑA DE AZUCAR', 'CAFE', 'BANANO']","['crop', 'crop', 'crop']",3
GR5AMA CRIOLLA,2,"['GR', 'AMA CRIOLLA']","['crop', 'crop']",2
"MAIZ 70%, ARVEJA 30%",2,"['MAIZ', 'ARVEJA']","['crop', 'crop']",2
MLEKERON,2,['MLEKERON'],['crop'],1
YARAGUA - MELKERION,2,"['YARAGUA', 'MELKERION']","['pasture', 'crop']",2
CAFE- CAÑA - BANANO,2,"['CAFE', 'CAÑA DE AZUCAR', 'BANANO']","['crop', 'crop', 'crop']",3
LIMON- GRAMA CRIOLLA,2,"['LIMON', 'GRAMA CRIOLLA']","['crop', 'pasture']",2
MELKERON YARAGUA,2,"['MELQUERON', 'YARAGUA']","['pasture', 'pasture']",2
PLATANO. MELQUERION,2,['PLATANO MELQUERION'],['pasture'],1
CAÑA - LIMA,2,"['CAÑA DE AZUCAR', 'LIMA']","['crop', 'crop']",2
MERKERON - GRAMA CHINA,2,"['MELQUERON', 'GRAMA CHINA']","['pasture', 'pasture']",2
CULTIVO DE UVA,2,['UVA'],['crop'],1
BANANO 50% - CAFE 50%,2,"['BANANO', 'CAFE']","['crop', 'crop']",2
MAIZ - REPOLLO - YUCA,2,"['MAIZ', 'REPOLLO', 'YUCA']","['crop', 'crop', 'crop']",3
AREA GRADEADA - SURCOS,2,"['AREA GRADEADA', 'SURCOS']","['land_prep', 'crop']",2
EN SURCADO PARA INSTALAR SABILA,2,['SURCADO PARA INSTALAR SABILA'],['crop'],1
CIRUELO - MANGO - NARANJA,2,"['CIRUELA', 'MANGO', 'NARANJA']","['crop', 'crop', 'crop']",3
"CIRUELO 40%, PLATANO 20%",2,"['CIRUELA', 'PLATANO']","['crop', 'crop']",2
"LIMA, NARANJA, CACAO",2,"['LIMA', 'NARANJA', 'CACAO']","['crop', 'crop', 'crop']",3
LIMON - MARACUYA },2,"['LIMON', 'MARACUYA }']","['crop', 'crop']",2
LIMON- PLATANO- CACAO,2,"['LIMON', 'PLATANO', 'CACAO']","['crop', 'crop', 'crop']",3
MARACUYA - PLATANO,2,"['MARACUYA', 'PLATANO']","['crop', 'crop']",2
MARACUYA . LIMON,2,"['MARACUYA', 'LIMON']","['crop', 'crop']",2
MARACUYA- PLATANO - LIMON - CACAO,2,"['MARACUYA', 'PLATANO', 'LIMON', 'CACAO']","['crop', 'crop', 'crop', 'crop']",4
PLATANO - LIMON - MANGO - CACAO,2,"['PLATANO', 'LIMON', 'MANGO', 'CACAO']","['crop', 'crop', 'crop', 'crop']",4
"PLATANO, CACAO , MANGO - LIMON",2,"['PLATANO', 'CACAO', 'MANGO', 'LIMON']","['crop', 'crop', 'crop', 'crop']",4
CULANTRO - MAIZ,2,"['CULANTRO', 'MAIZ']","['crop', 'crop']",2
"MAIZ 50%, MELON 20%",2,"['MAIZ', 'MELON']","['crop', 'crop']",2
"MAIZ 60%, MELON 20%",2,"['MAIZ', 'MELON']","['crop', 'crop']",2
MANGO -  LIMON,2,"['MANGO', 'LIMON']","['crop', 'crop']",2
MANGO- LIMON- PLATANO- MARACUYA,2,"['MANGO', 'LIMON', 'PLATANO', 'MARACUYA']","['crop', 'crop', 'crop', 'crop']",4
MARACUYA - PLATANO - CACAO,2,"['MARACUYA', 'PLATANO', 'CACAO']","['crop', 'crop', 'crop']",3
MARACUYA - PLATANO -. PAPAYA,2,"['MARACUYA', 'PLATANO', 'PAPAYA']","['crop', 'crop', 'crop']",3
PAPAYA - PLATANO - MARACUYA,2,"['PAPAYA', 'PLATANO', 'MARACUYA']","['crop', 'crop', 'crop']",3
PAPAYA - PLATANO-. MARACUYA,2,"['PAPAYA', 'PLATANO', 'MARACUYA']","['crop', 'crop', 'crop']",3
"PLATANO 20%, GUABA 10%",2,"['PLATANO', 'GUABO']","['crop', 'crop']",2
PASTO CHILENO - BANANO,2,"['PASTO CHILENO', 'BANANO']","['pasture', 'crop']",2
GRAMNA CRIOLLA,2,['GRAMNA CRIOLLA'],['crop'],1
"LIMON 30%, PLATANO 10%",2,"['LIMON', 'PLATANO']","['crop', 'crop']",2
"MAIZ 30%, FREJOL 10%",2,"['MAIZ', 'FRIJOL']","['crop', 'crop']",2
"MANGO 5%, LIMON 5%, PLATANO 10%",2,"['MANGO', 'LIMON', 'PLATANO']","['crop', 'crop', 'crop']",3
MARACUYA - LIMON,2,"['MARACUYA', 'LIMON']","['crop', 'crop']",2
MARACUYA - LIMON SUTIL,2,"['MARACUYA', 'LIMON']","['crop', 'crop']",2
"MARACUYA 30%, MANGO 10%, PLATANO 10%, LIMON 10%",2,"['MARACUYA', 'MANGO', 'PLATANO', 'LIMON']","['crop', 'crop', 'crop', 'crop']",4
"MARACUYA 40%, FREJOL 20%",2,"['MARACUYA', 'FRIJOL']","['crop', 'crop']",2
"MARACUYA 60%, MAIZ 20%",2,"['MARACUYA', 'MAIZ']","['crop', 'crop']",2
MARACUYA- PLATANO -  PAPAYA,2,"['MARACUYA', 'PLATANO', 'PAPAYA']","['crop', 'crop', 'crop']",3
GRAMAS CRIOLLA - BANANO,2,"['GRAMAS CRIOLLA', 'BANANO']","['pasture', 'crop']",2
TRIGPO,2,['TRIGPO'],['crop'],1
"PINOS, ESUCALIPTO",2,"['PINO', 'ESUCALIPTO']","['crop', 'crop']",2
BANANO 20 - PASTO CASTILLA 70,2,"['BANANO', 'PASTO CASTILLA']","['crop', 'pasture']",2
"BANANO 20, PSATO CASTILLA 70",2,"['BANANO', 'PSATO CASTILLA']","['crop', 'crop']",2
PLATANO 70%- CAFE 30&,2,"['PLATANO', 'CAFE']","['crop', 'crop']",2
"PLATANO 20, CAFE 20",2,"['PLATANO', 'CAFE']","['crop', 'crop']",2
"PLATANO 30, CAFE 20",2,"['PLATANO', 'CAFE']","['crop', 'crop']",2
PLATANO 80% CAFE 20%,2,"['PLATANO', 'CAFE']","['crop', 'crop']",2
"GRAMA CRIOLLA, PSATO ELEFANTE",2,"['GRAMA CRIOLLA', 'PSATO ELEFANTE']","['pasture', 'pasture']",2
GRAMA C RIOLLA,2,['GRAMA C RIOLLA'],['pasture'],1
PLATANO 60- CAFE 40,2,"['PLATANO', 'CAFE']","['crop', 'crop']",2
"PLATANO, CAFE, PALTA, LIMON",2,"['PLATANO', 'CAFE', 'PALTA', 'LIMON']","['crop', 'crop', 'crop', 'crop']",4
"BANANO 10, CAÑA 10, GUAYAQUIL 10",2,"['BANANO', 'CAÑA DE AZUCAR', 'GUAYAQUIL']","['crop', 'crop', 'crop']",3
"BANANO 25, CAFE 25",2,"['BANANO', 'CAFE']","['crop', 'crop']",2
"BANANO 30, MANGO 10, LIMON 40",2,"['BANANO', 'MANGO', 'LIMON']","['crop', 'crop', 'crop']",3
"BANANO 45, CAÑA 55",2,"['BANANO', 'CAÑA DE AZUCAR']","['crop', 'crop']",2
"LIMON 20, MANGO 15, BANANO 30",2,"['LIMON', 'MANGO', 'BANANO']","['crop', 'crop', 'crop']",3
PASTO CASTILA,2,['PASTO CASTILA'],['pasture'],1
PASTO DE CASTIILLA,2,['PASTO DE CASTIILLA'],['pasture'],1
PLATANO 60% -  CAFE 40%,2,"['PLATANO', 'CAFE']","['crop', 'crop']",2
PLATANO 60% - CAFE 20% -,2,"['PLATANO', 'CAFE']","['crop', 'crop']",2
"PLATANO 40 %,  CAFE 40 %",2,"['PLATANO', 'CAFE']","['crop', 'crop']",2
"BANANO 20%,CAÑA 30%,GRAMA CHINA 50%",2,"['BANANO', 'CAÑA DE AZUCAR', 'GRAMA CHINA']","['crop', 'crop', 'pasture']",3
"BANANO 30%, CAFE 20%, PALTO 50%",2,"['BANANO', 'CAFE', 'PALTA']","['crop', 'crop', 'crop']",3
"BANANO 70%, GRAMA 30%",2,"['BANANO', 'GRAMA']","['crop', 'pasture']",2
"CAFE, GUAYAQUIL",2,"['CAFE', 'GUAYAQUIL']","['crop', 'crop']",2
"CAÑA 60%, GUAYAQUIL 30%",2,"['CAÑA DE AZUCAR', 'GUAYAQUIL']","['crop', 'crop']",2
"CAÑA DE AZUCAR 20%, CAFE Y PLATANO",2,"['CAÑA DE AZUCAR', 'CAFE', 'PLATANO']","['crop', 'crop', 'crop']",3
"CAÑA DE AZUCAR 50%, BANANO 50%",2,"['CAÑA DE AZUCAR', 'BANANO']","['crop', 'crop']",2
CAÑA DE AZUCAR Y PAJA CHILENA,2,"['CAÑA DE AZUCAR', 'PAJA CHILENA']","['crop', 'pasture']",2
"GRAMA CHILENA 50%, PALTA 50%",2,"['GRAMA CHILENA', 'PALTA']","['pasture', 'crop']",2
"PLATANO , CAÑA, PAJA CHILENA",2,"['PLATANO', 'CAÑA DE AZUCAR', 'PAJA CHILENA']","['crop', 'crop', 'pasture']",3
"CAFE 30%, GRAMA 70%",2,"['CAFE', 'GRAMA']","['crop', 'pasture']",2
"CAFE 40%, PLATANO 40%",2,"['CAFE', 'PLATANO']","['crop', 'crop']",2
"CAFE 50%, CAÑA DE AZUCAR 30%, PLATANO 20%",2,"['CAFE', 'CAÑA DE AZUCAR', 'PLATANO']","['crop', 'crop', 'crop']",3
"MOSQUERO 10%, PUCHUGUERO 10 %",2,"['MOSQUERO', 'PUCHUGUERO']","['crop', 'crop']",2
"PAJA CHILENA 70 % , PLATANO 30%",2,"['PAJA CHILENA', 'PLATANO']","['pasture', 'crop']",2
"PASTO CHILENO 20%, BANANO 80%",2,"['PASTO CHILENO', 'BANANO']","['pasture', 'crop']",2
PASTO PERMANENTE,2,['PASTO PERMANENTE'],['pasture'],1
"PLATANO 30%, CAFE 20%",2,"['PLATANO', 'CAFE']","['crop', 'crop']",2
    BANANO,2,['BANANO'],['crop'],1
"BANANO 50 %, CAÑA DE AZUCAR 50%",2,"['BANANO', 'CAÑA DE AZUCAR']","['crop', 'crop']",2
"CAÑA 30%, PLATANO 30%, CAFE 30%",2,"['CAÑA DE AZUCAR', 'PLATANO', 'CAFE']","['crop', 'crop', 'crop']",3
MOSQUEROS 25% GUABOS 25,2,"['MOSQUEROS', 'GUABO']","['crop', 'crop']",2
"MOSQUEROS 5%, GUABOS 5 %",2,"['MOSQUEROS', 'GUABO']","['crop', 'crop']",2
"PASTO CHILENO, BANANO",2,"['PASTO CHILENO', 'BANANO']","['pasture', 'crop']",2
PATO CHILENO,2,['PATO CHILENO'],['crop'],1
PLANTANO 30% CAFE 40% CAÑA 30%,2,"['PLANTANO', 'CAFE', 'CAÑA DE AZUCAR']","['crop', 'crop', 'crop']",3
PLATANO 25% Y PAJA CHILENA 25,2,"['PLATANO', 'PAJA CHILENA']","['crop', 'pasture']",2
"BANANO 50%, GRANADILLA 50%",2,"['BANANO', 'GRANADILLA']","['crop', 'crop']",2
"PLATANO 40%, GRANADILLA 5%, CAFE 35%",2,"['PLATANO', 'GRANADILLA', 'CAFE']","['crop', 'crop', 'crop']",3
"PLATANO 90%, CAFE 10%",2,"['PLATANO', 'CAFE']","['crop', 'crop']",2
PUCHAQUERO ARRAYAN,2,['PUCHAQUERO ARRAYAN'],['crop'],1
"CAFE 20%, PLATANO 30%",2,"['CAFE', 'PLATANO']","['crop', 'crop']",2
GUABO SILVESTRE,2,['GUABO SILVESTRE'],['crop'],1
"NARANJA 30%, PLATANO 30%",2,"['NARANJA', 'PLATANO']","['crop', 'crop']",2
"BOSQUE DE ALGARROBO, FAIQUE",2,"['BOSQUE DE ALGARROBO', 'FAIQUE']","['crop', 'crop']",2
"FRUTALES, TAMARINDO, CITRICOS",2,"['FRUTALES', 'TAMARINDO', 'CITRICOS']","['crop', 'crop', 'crop']",3
"BANANO 30%, PASTO CASTILLA 70%",2,"['BANANO', 'PASTO CASTILLA']","['crop', 'pasture']",2
"LIMA 15%, LIMON 15%|,PLATANO 10%",2,"['LIMA', 'LIMON', 'PLATANO']","['crop', 'crop', 'crop']",3
"PLATANO, PÑA",2,"['PLATANO', 'PÑA']","['crop', 'crop']",2
"CAÑA DE AZUCAR 80%, BANANO 20%",2,"['CAÑA DE AZUCAR', 'BANANO']","['crop', 'crop']",2
"PLATANO 30%, CAFE 30%",2,"['PLATANO', 'CAFE']","['crop', 'crop']",2
"PLATANO 80%, CAFE 20%",2,"['PLATANO', 'CAFE']","['crop', 'crop']",2
"CULANTRO, MAIZ",2,"['CULANTRO', 'MAIZ']","['crop', 'crop']",2
GRAMA CRILLO,2,['GRAMA CRILLO'],['pasture'],1
"BANANO 50%, CAFE 50 %",2,"['BANANO', 'CAFE']","['crop', 'crop']",2
"CAFE 70%, BANANO 30%",2,"['CAFE', 'BANANO']","['crop', 'crop']",2
SUELO DESCANSO,2,['SUELO DESCANSO'],['fallow'],1
NIVELACION DE SUELO-INSTALACION DE RIEGO TECNIFICADO,2,"['NIVELACION DE SUELO', 'INSTALACION DE RIEGO TECNIFICADO']","['land_prep', 'crop']",2
NIVELACION SUELO- INSTALACION DE RIEGO TECNIFICADO,2,"['NIVELACION SUELO', 'INSTALACION DE RIEGO TECNIFICADO']","['land_prep', 'crop']",2
PALTANO 70% - CAFE 30%,2,"['PALTANO', 'CAFE']","['crop', 'crop']",2
"CAÑA DE AZUCAR 50%, PASTO 50%",2,"['CAÑA DE AZUCAR', 'PASTO']","['crop', 'pasture']",2
"MAIZ 20%, CAÑA DE AZUCAR 30%, YUCA 20%",2,"['MAIZ', 'CAÑA DE AZUCAR', 'YUCA']","['crop', 'crop', 'crop']",3
"MAIZ 50 %, YUCA 30%",2,"['MAIZ', 'YUCA']","['crop', 'crop']",2
"MAIZ, ZAPAYO",2,"['MAIZ', 'ZAPAYO']","['crop', 'crop']",2
"CAÑA DE AZUCAR (30%), BANANO (30%), PASTO ELEFANTE (40%)",2,"['CAÑA DE AZUCAR', 'BANANO', 'PASTO ELEFANTE']","['crop', 'crop', 'pasture']",3
"GRAMA CRIOLLA 50%, PASTO MEJORADO 50%",2,"['GRAMA CRIOLLA', 'PASTO MEJORADO']","['pasture', 'pasture']",2
"MAIZ 30%, MANI 40%",2,"['MAIZ', 'MANI']","['crop', 'crop']",2
"MAIZ, MANI",2,"['MAIZ', 'MANI']","['crop', 'crop']",2
"MANI 10%, MAIZ 10%, FREJOL 10%",2,"['MANI', 'MAIZ', 'FRIJOL']","['crop', 'crop', 'crop']",3
"MANI 10%, MAIZ15%",2,"['MANI', 'MAIZ']","['crop', 'crop']",2
"PAA CHILENA 50%, FAIQUE 25%",2,"['PAA CHILENA', 'FAIQUE']","['crop', 'crop']",2
"PAJA 50%, CHIRIMOYO 20%",2,"['PAJA', 'CHIRIMOYA']","['pasture', 'crop']",2
"PAJA CHILENA 50%, FAIQUE 30%",2,"['PAJA CHILENA', 'FAIQUE']","['pasture', 'crop']",2
"PASTO ELEFANTE 40%, CAÑA DE AZUCAR 60%",2,"['PASTO ELEFANTE', 'CAÑA DE AZUCAR']","['pasture', 'crop']",2
"RELIINCHO , GRAMALOTE",2,"['RELIINCHO', 'GRAMALOTE']","['crop', 'pasture']",2
"RELINCHO, PAJA CHILENA",2,"['RELINCHO', 'PAJA CHILENA']","['crop', 'pasture']",2
CHUTE,2,['CHUTE'],['crop'],1
"PAJA CHILENA, CHIRIMOYO",2,"['PAJA CHILENA', 'CHIRIMOYA']","['pasture', 'crop']",2
"CAFE 50%, PASTO CASTILLA 50%",2,"['CAFE', 'PASTO CASTILLA']","['crop', 'pasture']",2
"CAÑA DE AZUCAR 10%, GRAMA CRIOLLA 90%",2,"['CAÑA DE AZUCAR', 'GRAMA CRIOLLA']","['crop', 'pasture']",2
"CAÑA DE AZUCAR, PASTO MELQUERON",2,"['CAÑA DE AZUCAR', 'MELQUERON']","['crop', 'pasture']",2
"MAIZ 10%, LECHUGA 10%",2,"['MAIZ', 'LECHUGA']","['crop', 'crop']",2
"CAÑA DE AZUCAR 30%, PASTO CRIOLLO 50%",2,"['CAÑA DE AZUCAR', 'PASTO CRIOLLO']","['crop', 'pasture']",2
"CEBOLLA 20%, MAIZ 20%",2,"['CEBOLLA', 'MAIZ']","['crop', 'crop']",2
"MAIZ (20%), CEBOLLA (20%)",2,"['MAIZ', 'CEBOLLA']","['crop', 'crop']",2
"MAIZ 10 %, LECHUGA 10 %",2,"['MAIZ', 'LECHUGA']","['crop', 'crop']",2
"PLATANO 50%, CAÑA DE AZUCAR 50%",2,"['PLATANO', 'CAÑA DE AZUCAR']","['crop', 'crop']",2
CACHUTO,2,['CACHUTO'],['crop'],1
"CACHUTO 5%, FAIQUE 5 %",2,"['CACHUTO', 'FAIQUE']","['crop', 'crop']",2
"CACHUTO 5%, FAIQUE 5%",2,"['CACHUTO', 'FAIQUE']","['crop', 'crop']",2
CHACHACOMA,2,['CHACHACOMA'],['crop'],1
"PASTO 50%, CAÑA DE AZUCAR 50%",2,"['PASTO', 'CAÑA DE AZUCAR']","['pasture', 'crop']",2
"MAIZ 20%, MANI 30%",2,"['MAIZ', 'MANI']","['crop', 'crop']",2
"MAIZ 30%, MANI 50%",2,"['MAIZ', 'MANI']","['crop', 'crop']",2
"YUCA 30%, MAIZ 10%",2,"['YUCA', 'MAIZ']","['crop', 'crop']",2
"YUCA 50%, MAIZ 30%",2,"['YUCA', 'MAIZ']","['crop', 'crop']",2
FREJOLILLO CHEICHE,2,['FREJOLILLO CHEICHE'],['crop'],1
"MANI 50%, MAIZ 50%",2,"['MANI', 'MAIZ']","['crop', 'crop']",2
MANGO EDWAR,2,['MANGO EDWAR'],['crop'],1
PALMA Y ALGARROBO,2,"['PALMA', 'ALGARROBO']","['crop', 'crop']",2
PINO ALCANFOR,2,"['PINO', 'ALCANFOR']","['crop', 'crop']",2
"BANANO 10, CAFE 10, PASTO CHILENO 80",2,"['BANANO', 'CAFE', 'PASTO CHILENO']","['crop', 'crop', 'pasture']",3
"BANANO 10, PASTO CHILENO 90",2,"['BANANO', 'PASTO CHILENO']","['crop', 'pasture']",2
"BANANO 90, PASTO CHILENO 10",2,"['BANANO', 'PASTO CHILENO']","['crop', 'pasture']",2
PASTO CHILENO - GRAMA CASTILLA,2,"['PASTO CHILENO', 'GRAMA CASTILLA']","['pasture', 'pasture']",2
PLATANO 10% - PASTOI GIGANTE 90%,2,"['PLATANO', 'PASTOI GIGANTE']","['crop', 'pasture']",2
"PLATANO 10% , PASTO GIGANTE 90%",2,"['PLATANO', 'PASTO GIGANTE']","['crop', 'pasture']",2
PLATANO 20% -  CAFE 20% - CAÑA 20%,2,"['PLATANO', 'CAFE', 'CAÑA DE AZUCAR']","['crop', 'crop', 'crop']",3
PLATANO 30% - CAFE 30% - PAJA CHILENA 40%,2,"['PLATANO', 'CAFE', 'PAJA CHILENA']","['crop', 'crop', 'pasture']",3
PLATANO 50% - CAFE 30% - PAJA CHILENA 20%,2,"['PLATANO', 'CAFE', 'PAJA CHILENA']","['crop', 'crop', 'pasture']",3
CAFE 48% - PLATANO 50%,2,"['CAFE', 'PLATANO']","['crop', 'crop']",2
CAFE 48% -PLATANO 50%,2,"['CAFE', 'PLATANO']","['crop', 'crop']",2
CAÑA 48% PLATANO 50%,2,"['CAÑA DE AZUCAR', 'PLATANO']","['crop', 'crop']",2
EUCALIPTO 3% - PUCHUGUERO 2%,2,"['EUCALIPTO', 'PUCHUGUERO']","['crop', 'crop']",2
GUABOS - EUCALIPTOS,2,"['GUABO', 'EUCALIPTO']","['crop', 'crop']",2
GUABOS _ EUCALIPTO,2,['GUABOS _ EUCALIPTO'],['crop'],1
HUABOS- EUCALIPTO,2,"['GUABO', 'EUCALIPTO']","['crop', 'crop']",2
"PASTO ELEFANTE 50, BANANO 30, GUAYAQUIL 20",2,"['PASTO ELEFANTE', 'BANANO', 'GUAYAQUIL']","['pasture', 'crop', 'crop']",3
PLATANO 50% - CAFE 45%,2,"['PLATANO', 'CAFE']","['crop', 'crop']",2
PLATANO 90% - CAFE 10%,2,"['PLATANO', 'CAFE']","['crop', 'crop']",2
"BANANO 50%, PASTO ELEFANTE 50%",2,"['BANANO', 'PASTO ELEFANTE']","['crop', 'pasture']",2
CAFE  40% - PLATANO 40%,2,"['CAFE', 'PLATANO']","['crop', 'crop']",2
"PASTO CHILENO 60, PASTO ELEFANTE 40",2,"['PASTO CHILENO', 'PASTO ELEFANTE']","['pasture', 'pasture']",2
PLATANO 40% - CAFE 20%,2,"['PLATANO', 'CAFE']","['crop', 'crop']",2
PAJA CHILENA 50% .- PAJA GIGANTE 50%,2,"['PAJA CHILENA', 'PAJA GIGANTE']","['pasture', 'pasture']",2
PAJA CHILENA- PAJA GIGANTE,2,"['PAJA CHILENA', 'PAJA GIGANTE']","['pasture', 'pasture']",2
PAJA GIGANTE   50% - PAJA CHILENA 50%,2,"['PAJA GIGANTE', 'PAJA CHILENA']","['pasture', 'pasture']",2
"PASTO ELEFANTE 30, PASTO CHILENO 20, GUAYAQUIL 10",2,"['PASTO ELEFANTE', 'PASTO CHILENO', 'GUAYAQUIL']","['pasture', 'pasture', 'crop']",3
FRIJOL 50% - ARVEJA 50%,2,"['FRIJOL', 'ARVEJA']","['crop', 'crop']",2
"ARVEJA 20, TRIGO 30, MAIZ 30",2,"['ARVEJA', 'TRIGO', 'MAIZ']","['crop', 'crop', 'crop']",3
GAMA CHILENA,2,['GAMA CHILENA'],['crop'],1
"MAIZ 40, ARVEJA 40",2,"['MAIZ', 'ARVEJA']","['crop', 'crop']",2
"PASTO CHILENO 40%, PLATANO 10%",2,"['PASTO CHILENO', 'PLATANO']","['pasture', 'crop']",2
"AJO 50%, PAPA 50%",2,"['AJO', 'PAPA']","['crop', 'crop']",2
"ARVEJA 50, FRIJOL 50",2,"['ARVEJA', 'FRIJOL']","['crop', 'crop']",2
"FREJOL, ALBERJA",2,"['FRIJOL', 'ARVEJA']","['crop', 'crop']",2
MAIZ 50% ARVEJA50%,2,"['MAIZ', 'ARVEJA']","['crop', 'crop']",2
"PINO 25, EUCALIPTO 25",2,"['PINO', 'EUCALIPTO']","['crop', 'crop']",2
"TRIGO 10, FRIJOL 10, MAIZ 20",2,"['TRIGO', 'FRIJOL', 'MAIZ']","['crop', 'crop', 'crop']",3
HUAYACAN -. CHACHACOMO,2,"['HUAYACAN', 'CHACHACOMO']","['crop', 'crop']",2
MAIZ TRIGO 80,2,"['MAIZ', 'TRIGO']","['crop', 'crop']",2
       FREJOL 50% - MAIZ 50%,2,"['FRIJOL', 'MAIZ']","['crop', 'crop']",2
FREJOL 50% - MAIZ 50%,2,"['FRIJOL', 'MAIZ']","['crop', 'crop']",2
FREJOL 50% MAIZ 50%,2,"['FRIJOL', 'MAIZ']","['crop', 'crop']",2
MAIZ 30% - ARVEJA 70%,2,"['MAIZ', 'ARVEJA']","['crop', 'crop']",2
PAJA CHILENA 70% - SORGO 30%,2,"['PAJA CHILENA', 'SORGO']","['pasture', 'crop']",2
PAJA CHILENA 80% - SORGO 20,2,"['PAJA CHILENA', 'SORGO']","['pasture', 'crop']",2
PAST GIGANTE - PAJA CHILENA,2,"['PAST GIGANTE', 'PAJA CHILENA']","['crop', 'pasture']",2
PASTO GIGANTE - PAJA CHILENA,2,"['PASTO GIGANTE', 'PAJA CHILENA']","['pasture', 'pasture']",2
ARVEJA 40% - FRIJOL 60%,2,"['ARVEJA', 'FRIJOL']","['crop', 'crop']",2
ARVEJA 80% -REPOLLO 0%,2,"['ARVEJA', 'REPOLLO']","['crop', 'crop']",2
GRAS - SORGO,2,"['GRAS', 'SORGO']","['crop', 'crop']",2
GUAYAQUIL - NOGAL,2,"['GUAYAQUIL', 'NOGAL']","['crop', 'crop']",2
MAIZ 20% - ARVEJA 80%,2,"['MAIZ', 'ARVEJA']","['crop', 'crop']",2
MAIZ 30% - TRIGO 70%,2,"['MAIZ', 'TRIGO']","['crop', 'crop']",2
NUDILLO 20% - SORGO 80%,2,"['NUDILLO', 'SORGO']","['pasture', 'crop']",2
PAJA CHILENA . CAFE- CAÑA,2,"['PAJA CHILENA CAFE', 'CAÑA DE AZUCAR']","['pasture', 'crop']",2
REPOLLO 20% MAIZ 50%,2,"['REPOLLO', 'MAIZ']","['crop', 'crop']",2
"TRIGO 360%, MAIZ 40%",2,"['TRIGO', 'MAIZ']","['crop', 'crop']",2
TRIGO 80%-  FREJOL 20%,2,"['TRIGO', 'FRIJOL']","['crop', 'crop']",2
GRAS- SORGO - NUDILLO,2,"['GRAS', 'SORGO', 'NUDILLO']","['crop', 'crop', 'pasture']",3
NUDILLO- SORGO,2,"['NUDILLO', 'SORGO']","['pasture', 'crop']",2
PASTO ELEFANTE 50% - PASTO GIGANTE 50%,2,"['PASTO ELEFANTE', 'PASTO GIGANTE']","['pasture', 'pasture']",2
SORGO - NUDILLO,2,"['SORGO', 'NUDILLO']","['crop', 'pasture']",2
"MAIZ 20%, OCA 20%",2,"['MAIZ', 'OCA']","['crop', 'crop']",2
AJO 30%  HABAS 70%,2,"['AJO', 'HABA']","['crop', 'crop']",2
"CIPRES 15%, PINO 20%",2,"['CIPRES', 'PINO']","['crop', 'crop']",2
FREJOL 40% - MAIZ 60%,2,"['FRIJOL', 'MAIZ']","['crop', 'crop']",2
"GRAMA CHIINA 60%, GRANADILLA 05%",2,"['GRAMA CHIINA', 'GRANADILLA']","['pasture', 'crop']",2
"MAIZ 20%, FREJOL 10%, AJO 10%",2,"['MAIZ', 'FRIJOL', 'AJO']","['crop', 'crop', 'crop']",3
"FREJO 50%, MAIZ 40%",2,"['FREJO', 'MAIZ']","['crop', 'crop']",2
"MAIZ 30%, CEBADA 10%",2,"['MAIZ', 'CEBADA']","['crop', 'crop']",2
MAIZ- BAY - ARVEJA,2,"['MAIZ', 'BAY', 'ARVEJA']","['crop', 'crop', 'crop']",3
PLATANO - PASTO ELEFANTE,2,"['PLATANO', 'PASTO ELEFANTE']","['crop', 'pasture']",2
ALFALFILLA,2,['ALFALFILLA'],['pasture'],1
"ALGARROBO, FAIQUE, VICHAYO, OVERO",2,"['ALGARROBO', 'FAIQUE', 'VICHAYO', 'OVERO']","['crop', 'crop', 'crop', 'crop']",4
"BANANO, LIMON",2,"['BANANO', 'LIMON']","['crop', 'crop']",2
MAIZ Y GRAMA CHILENA,2,"['MAIZ', 'GRAMA CHILENA']","['crop', 'pasture']",2
"LIMON, NARANJO",2,"['LIMON', 'NARANJA']","['crop', 'crop']",2
"NARANJA, CACAO, LIMA, CAÑA",2,"['NARANJA', 'CACAO', 'LIMA', 'CAÑA DE AZUCAR']","['crop', 'crop', 'crop', 'crop']",4
BABANO,2,['BABANO'],['crop'],1
"BANANO, GRANA CHINA",2,"['BANANO', 'GRANA CHINA']","['crop', 'crop']",2
CAÑA DE AZUCAR +CAFE,2,"['CAÑA DE AZUCAR', 'CAFE']","['crop', 'crop']",2
CRAMA CHILENA,2,['CRAMA CHILENA'],['crop'],1
"MAIZ , TRIGO, CAMOTE, ARVEJA",2,"['MAIZ', 'TRIGO', 'CAMOTE', 'ARVEJA']","['crop', 'crop', 'crop', 'crop']",4
"MAIZ, TRIGO, CAMOTE",2,"['MAIZ', 'TRIGO', 'CAMOTE']","['crop', 'crop', 'crop']",3
"PASTO ELEFANTE, CAÑA DE AZUCAR, CAFE Y BANANO",2,"['PASTO ELEFANTE', 'CAÑA DE AZUCAR', 'CAFE', 'BANANO']","['pasture', 'crop', 'crop', 'crop']",4
"PASTO, CHILENO, BANANO",2,"['PASTO', 'CHILENO', 'BANANO']","['pasture', 'crop', 'crop']",3
"FREJOL, ARVEJA",2,"['FRIJOL', 'ARVEJA']","['crop', 'crop']",2
"MAIZ, FREJOLES",2,"['MAIZ', 'FRIJOL']","['crop', 'crop']",2
PASTO CHILENO Y PLATANOI,2,"['PASTO CHILENO', 'PLATANOI']","['pasture', 'crop']",2
FREJOL CABALLERO,2,['FREJOL CABALLERO'],['crop'],1
"PLATANO , CAÑA",2,"['PLATANO', 'CAÑA DE AZUCAR']","['crop', 'crop']",2
"CIPRES , EUCALIPTO",2,"['CIPRES', 'EUCALIPTO']","['crop', 'crop']",2
GRAMA CRIOLL A,2,['GRAMA CRIOLL A'],['pasture'],1
"MAIZ, PASTO DE ELEFANTE, PAJA CHILENA",2,"['MAIZ', 'PASTO ELEFANTE', 'PAJA CHILENA']","['crop', 'pasture', 'pasture']",3
"PLATANO, PASTO ELEFANTE",2,"['PLATANO', 'PASTO ELEFANTE']","['crop', 'pasture']",2
GRAMA CHILEMA,2,['GRAMA CHILEMA'],['pasture'],1
"MAIZ, FRIIJOL",2,"['MAIZ', 'FRIIJOL']","['crop', 'crop']",2
PASTO REY GRASS,2,['PASTO REY GRASS'],['pasture'],1
"CAÑA DE AZUCAR, Y BANANO",2,"['CAÑA DE AZUCAR', 'BANANO']","['crop', 'crop']",2
"CAFE(70%), PLATANO (30%)",2,"['CAFE', 'PLATANO']","['crop', 'crop']",2
PLATANO (70%)CAFE (30%),2,"['PLATANO', 'CAFE']","['crop', 'crop']",2
"BANANO,,PASTO,MAIZ",2,"['BANANO', 'PASTO', 'MAIZ']","['crop', 'pasture', 'crop']",3
"PASTO ELEFANTE,MAIZ,ARVEJA",2,"['PASTO ELEFANTE', 'MAIZ', 'ARVEJA']","['pasture', 'crop', 'crop']",3
PASTO CRIOLLA,2,['PASTO CRIOLLA'],['pasture'],1
FAIQUE/GUAYAQUIL,2,"['FAIQUE', 'GUAYAQUIL']","['crop', 'crop']",2
"CAFE,BANANO,GRAMA CHILENA",2,"['CAFE', 'BANANO', 'GRAMA CHILENA']","['crop', 'crop', 'pasture']",3
"MAIZ, PAJA CHILENA",2,"['MAIZ', 'PAJA CHILENA']","['crop', 'pasture']",2
"PASTO ELEAFANTE , PASTO CHILENO",2,"['PASTO ELEAFANTE', 'PASTO CHILENO']","['pasture', 'pasture']",2
"GUAYAQUIL, PASTO ELEFANTE",2,"['GUAYAQUIL', 'PASTO ELEFANTE']","['crop', 'pasture']",2
"YUCA, GRAMA CRIOLLA",2,"['YUCA', 'GRAMA CRIOLLA']","['crop', 'pasture']",2
"BANANO,YUCA,FREJOL",2,"['BANANO', 'YUCA', 'FRIJOL']","['crop', 'crop', 'crop']",3
"PASTO ELEFANTE, CAFE Y PLATANO",2,"['PASTO ELEFANTE', 'CAFE', 'PLATANO']","['pasture', 'crop', 'crop']",3
"CAÑA,PASTO CHILENO,MAIZ",2,"['CAÑA DE AZUCAR', 'PASTO CHILENO', 'MAIZ']","['crop', 'pasture', 'crop']",3
CHUNGAYO,2,['CHUNGAYO'],['crop'],1
"BANANO,CAFE,CAÑA,GRAMA CHILENA",2,"['BANANO', 'CAFE', 'CAÑA DE AZUCAR', 'GRAMA CHILENA']","['crop', 'crop', 'crop', 'pasture']",4
"GRAMA CHILENA,CAÑA",2,"['GRAMA CHILENA', 'CAÑA DE AZUCAR']","['pasture', 'crop']",2
"PASTO ELEFANTE, CAFE",2,"['PASTO ELEFANTE', 'CAFE']","['pasture', 'crop']",2
"PASTO ELEFANTE,YUCA",2,"['PASTO ELEFANTE', 'YUCA']","['pasture', 'crop']",2
"BANANO, PASTO ELEFANTE",2,"['BANANO', 'PASTO ELEFANTE']","['crop', 'pasture']",2
TRIGO-ARVEJA,2,"['TRIGO', 'ARVEJA']","['crop', 'crop']",2
"ARVEJA , TRIGO",2,"['ARVEJA', 'TRIGO']","['crop', 'crop']",2
"GRAMA CHILENA , GRAMA CRIOLLA",2,"['GRAMA CHILENA', 'GRAMA CRIOLLA']","['pasture', 'pasture']",2
"GRAMA CHILENA, Y GRAMA CRIOLLA",2,"['GRAMA CHILENA', 'GRAMA CRIOLLA']","['pasture', 'pasture']",2
"MAIZ,SANBUMBA",2,"['MAIZ', 'SANBUMBA']","['crop', 'crop']",2
"PASTO ELEFANTE,GRAMA NUDILLO",2,"['PASTO ELEFANTE', 'NUDILLO']","['pasture', 'pasture']",2
"GRAMA NUDILLO,PUCHUGUERO YUTO",2,"['NUDILLO', 'PUCHUGUERO YUTO']","['pasture', 'crop']",2
GRAMA NUDUILLA,2,['GRAMA NUDUILLA'],['pasture'],1
"PINOS, EUCALIPTO",2,"['PINO', 'EUCALIPTO']","['crop', 'crop']",2
"TRIGO , ARVEJA",2,"['TRIGO', 'ARVEJA']","['crop', 'crop']",2
EL CHACHACOMO,2,['EL CHACHACOMO'],['crop'],1
"PASTO GIGANTE,PLATANO",2,"['PASTO GIGANTE', 'PLATANO']","['pasture', 'crop']",2
"PASTO ELEFANTE,GRAMA CHILENA,GUAYAQUIL",2,"['PASTO ELEFANTE', 'GRAMA CHILENA', 'GUAYAQUIL']","['pasture', 'pasture', 'crop']",3
"ARVEJAS,MAIZ",2,"['ARVEJA', 'MAIZ']","['crop', 'crop']",2
"MAIZ, ARBEJAS, FREJOLES",2,"['MAIZ', 'ARVEJA', 'FRIJOL']","['crop', 'crop', 'crop']",3
"PALTON, YURO , PECHUGON",2,"['PALTON', 'YURO', 'PECHUGON']","['crop', 'crop', 'crop']",3
"ARVEJA , Y MAIZ",2,"['ARVEJA', 'MAIZ']","['crop', 'crop']",2
"ARVEJAS , FREJOL",2,"['ARVEJA', 'FRIJOL']","['crop', 'crop']",2
"FREJOL,YTUCA",2,"['FRIJOL', 'YTUCA']","['crop', 'crop']",2
"PASTO CASTILLO, CAFE Y PLATANO",2,"['PASTO CASTILLO', 'CAFE', 'PLATANO']","['pasture', 'crop', 'crop']",3
             YUCA,2,['YUCA'],['crop'],1
"PASTO CASTILLA , CAÑA",2,"['PASTO CASTILLA', 'CAÑA DE AZUCAR']","['pasture', 'crop']",2
ÀSTO CHILENO,2,['ASTO CHILENO'],['crop'],1
"FEJOL ,MAIZ",2,"['FEJOL', 'MAIZ']","['crop', 'crop']",2
"ARVEJA,YUCA,PLATANO",2,"['ARVEJA', 'YUCA', 'PLATANO']","['crop', 'crop', 'crop']",3
"MAIZ, AEVEJA",2,"['MAIZ', 'AEVEJA']","['crop', 'crop']",2
"GRAMA CRIOLLA,MAIZ,FREJOL,ABAS",2,"['GRAMA CRIOLLA', 'MAIZ', 'FRIJOL', 'ABAS']","['pasture', 'crop', 'crop', 'crop']",4
"CAFE,GRAMA CHILENA,GUAYAQUIL",2,"['CAFE', 'GRAMA CHILENA', 'GUAYAQUIL']","['crop', 'pasture', 'crop']",3
"CAFE,GRAMA CHILENA,ROBLE",2,"['CAFE', 'GRAMA CHILENA', 'ROBLE']","['crop', 'pasture', 'crop']",3
"PASTO ELEFANTE ,PASTO CHILENO",2,"['PASTO ELEFANTE', 'PASTO CHILENO']","['pasture', 'pasture']",2
"MAIZ,YUCA,",2,"['MAIZ', 'YUCA']","['crop', 'crop']",2
"GRAMA CASTILLA,PLATANO,CAFE,GUAYAQUIL,FREJOL",2,"['GRAMA CASTILLA', 'PLATANO', 'CAFE', 'GUAYAQUIL', 'FRIJOL']","['pasture', 'crop', 'crop', 'crop', 'crop']",5
PAST CHILENA,2,['PAST CHILENA'],['crop'],1
"PASTO CASTILLA,BANANO",2,"['PASTO CASTILLA', 'BANANO']","['pasture', 'crop']",2
"MAIZ ,ARVEJA",2,"['MAIZ', 'ARVEJA']","['crop', 'crop']",2
POSTO CRIOLLO,2,['POSTO CRIOLLO'],['crop'],1
          PASTO ELEFANTE,2,['PASTO ELEFANTE'],['pasture'],1
AALGODON,1,['AALGODON'],['crop'],1
"EN DESCANSO,EXISTEN RASTROJOS DE ARROZ",1,"['DESCANSO', 'ARROZ']","['fallow', 'crop']",2
ARROZ.,1,['ARROZ'],['crop'],1
"LIMON, MANGO Y ARROZ",1,"['LIMON', 'MANGO', 'ARROZ']","['crop', 'crop', 'crop']",3
CAMOTE MAIZ,1,"['CAMOTE', 'MAIZ']","['crop', 'crop']",2
ZONA BOSCOSA,1,['ZONA BOSCOSA'],['crop'],1
"ARROZ , FREJOL",1,"['ARROZ', 'FRIJOL']","['crop', 'crop']",2
"MAIZ,MANGO,COCO",1,"['MAIZ', 'MANGO', 'COCO']","['crop', 'crop', 'crop']",3
"RASTRA MECANICA, EN DESCANZO",1,"['RASTRA MECANICA', 'DESCANSO']","['crop', 'fallow']",2
"TERRENOS EN DESCANSO, EXISTEN RASTROJOS DE ARROZ",1,"['TERRENOS EN DESCANSO', 'ARROZ']","['fallow', 'crop']",2
MECANIADO,1,['MECANIADO'],['crop'],1
"ARROZ, PLATANO , MANGO",1,"['ARROZ', 'PLATANO', 'MANGO']","['crop', 'crop', 'crop']",3
COBRTURA ARBOREA,1,['COBRTURA ARBOREA'],['crop'],1
FRUTALES Y PASTO,1,"['FRUTALES', 'PASTO']","['crop', 'pasture']",2
MANGOS Y COCOS,1,"['MANGO', 'COCO']","['crop', 'crop']",2
MELON (1 HA),1,['MELON'],['crop'],1
EN LIMPIEZA PARA SIEMBRA DE MAIZ,1,['MAIZ'],['crop'],1
LIMPIEZA PARA LA SIEMBRA DE FREJOL,1,['LIMPIEZA PARA LA SIEMBRA DE FREJOL'],['land_prep'],1
PARA CULTIVO,1,['PARA CULTIVO'],['crop'],1
TAMARINDO Y CEREZO,1,"['TAMARINDO', 'CEREZO']","['crop', 'crop']",2
TAMARINDO-MANGO,1,"['TAMARINDO', 'MANGO']","['crop', 'crop']",2
ARADO LISTO PARA SIEMBRA DE FREJOL,1,['ARADO LISTO PARA SIEMBRA DE FREJOL'],['land_prep'],1
FREJOL.,1,['FRIJOL'],['crop'],1
ABANDONADO,1,['ABANDONO'],['fallow'],1
EN DESHIERBO,1,['DESHIERBO'],['land_prep'],1
EN HIERBADO,1,['HIERBADO'],['crop'],1
"ROZO, TUMBA Y QUEMA DE MALEZAS",1,"['ROZO', 'TUMBA', 'QUEMA DE MALEZAS']","['land_prep', 'crop', 'land_prep']",3
"MAIZ,SARANDAJA,ZAPALLO",1,"['MAIZ', 'ZARANDAJA', 'ZAPALLO']","['crop', 'crop', 'crop']",3
CAMOTE PASTO Y CAÑA DE AZUCAR,1,"['CAMOTE', 'PASTO', 'CAÑA DE AZUCAR']","['crop', 'pasture', 'crop']",3
"MAIZ, FRIJOL, ZAPALLO",1,"['MAIZ', 'FRIJOL', 'ZAPALLO']","['crop', 'crop', 'crop']",3
PASTOS Y CAMOTE,1,"['PASTO', 'CAMOTE']","['pasture', 'crop']",2
"FREJOL, PASTOS",1,"['FRIJOL', 'PASTO']","['crop', 'pasture']",2
"LIMON, LIMON DULCE",1,"['LIMON', 'LIMON DULCE']","['crop', 'crop']",2
TERRENO EN DESCANMSO,1,['TERRENO EN DESCANMSO'],['fallow'],1
"MAIZ,CAMOTE,FRUTALES",1,"['MAIZ', 'CAMOTE', 'FRUTALES']","['crop', 'crop', 'crop']",3
TERREO EN DESCANSO,1,['TERREO EN DESCANSO'],['fallow'],1
"ZAPALLO, MAIZ",1,"['ZAPALLO', 'MAIZ']","['crop', 'crop']",2
PARA  SIEMBRA,1,['PARA SIEMBRA'],['land_prep'],1
ARBOLES FRUTALES TAMARINDO -MANGO,1,"['ARBOLES FRUTALES TAMARINDO', 'MANGO']","['crop', 'crop']",2
MAIZ ALGODON,1,"['MAIZ', 'ALGODON']","['crop', 'crop']",2
MANGO Y  TAMARINDO,1,"['MANGO', 'TAMARINDO']","['crop', 'crop']",2
PASTOS SUDAN Y ALFALFA,1,"['PASTOS SUDAN', 'ALFALFA']","['pasture', 'pasture']",2
"ROZO, TUMBA Y QUEMA",1,"['ROZO', 'TUMBA', 'QUEMA']","['land_prep', 'crop', 'land_prep']",3
"MAIZ, ARROZ, FRIJOL",1,"['MAIZ', 'ARROZ', 'FRIJOL']","['crop', 'crop', 'crop']",3
"PAPAYA , MANGO Y PLATANO",1,"['PAPAYA', 'MANGO', 'PLATANO']","['crop', 'crop', 'crop']",3
PARA SEMBRAR,1,['PARA SEMBRAR'],['crop'],1
"MAIZ, ESPARRAGO",1,"['MAIZ', 'ESPARRAGO']","['crop', 'crop']",2
ARADURA PARA SIEMBRA DE ARROZ,1,['ARADURA PARA SIEMBRA DE ARROZ'],['land_prep'],1
HOMBRE,1,['HOMBRE'],['crop'],1
FREJOL SARANDOJA,1,['FREJOL SARANDOJA'],['crop'],1
SIEMBRA DE ARROZ Y MAIZ,1,"['ARROZ', 'MAIZ']","['crop', 'crop']",2
AEROZ,1,['AEROZ'],['crop'],1
FREJOL Y SARANADAJA,1,"['FRIJOL', 'SARANADAJA']","['crop', 'crop']",2
"PLATANOS, MANGO, HUABO",1,"['PLATANO', 'MANGO', 'GUABO']","['crop', 'crop', 'crop']",3
"SALINIDAD, NAPA FREATICA ALTA",1,"['SALINIDAD', 'NAPA FREATICA ALTA']","['fallow', 'crop']",2
AREA POTRERO,1,['AREA POTRERO'],['crop'],1
"PASTO ELEFANTE , ARROZ",1,"['PASTO ELEFANTE', 'ARROZ']","['pasture', 'crop']",2
CAMPAÑA ANTERIOR CULTIVO DE ALGODON.,1,['CAMPAÑA ANTERIOR CULTIVO DE ALGODON'],['crop'],1
FILTRACION DE AGUA,1,['FILTRACION DE AGUA'],['crop'],1
LOMA CON COBERTURA ARBOREA,1,"['LOMA', 'COBERTURA ARBOREA']","['crop', 'crop']",2
"ALFALFA, MAIZ",1,"['ALFALFA', 'MAIZ']","['pasture', 'crop']",2
TERRENO POTRERO,1,['TERRENO POTRERO'],['crop'],1
"GUABO,MANGO Y PLATANO",1,"['GUABO', 'MANGO', 'PLATANO']","['crop', 'crop', 'crop']",3
"TAMARINDO, MANGO, GUABO",1,"['TAMARINDO', 'MANGO', 'GUABO']","['crop', 'crop', 'crop']",3
",MAIZ,CAMOTE",1,"['MAIZ', 'CAMOTE']","['crop', 'crop']",2
MAIZ 40%-CAMOTE 60%,1,"['MAIZ', 'CAMOTE']","['crop', 'crop']",2
"LIMON, MANGO Y MARIGOL",1,"['LIMON', 'MANGO', 'MARIGOLD']","['crop', 'crop', 'crop']",3
"MAIZ, CAMOTE GUANABANA",1,"['MAIZ', 'CAMOTE', 'GUANABANA']","['crop', 'crop', 'crop']",3
FREJJOL,1,['FREJJOL'],['crop'],1
"CAMOPTE ,MAIZ",1,"['CAMOPTE', 'MAIZ']","['crop', 'crop']",2
"MAHGO, LIMON, COCO Y GUAYAQUIL",1,"['MAHGO', 'LIMON', 'COCO', 'GUAYAQUIL']","['crop', 'crop', 'crop', 'crop']",4
MANGO Y LIMON Y TAMARINDO,1,"['MANGO', 'LIMON', 'TAMARINDO']","['crop', 'crop', 'crop']",3
ALGUNOS FRUTALES,1,['ALGUNOS FRUTALES'],['crop'],1
"HUABO, MANGO",1,"['GUABO', 'MANGO']","['crop', 'crop']",2
CANCHA DE FUTBOL,1,['CANCHA DE FUTBOL'],['crop'],1
MALEZA,1,['MALEZA'],['crop'],1
"CAMOTE,FREJOL Y MAIZ",1,"['CAMOTE', 'FRIJOL', 'MAIZ']","['crop', 'crop', 'crop']",3
CAMOTE Y FREJOL,1,"['CAMOTE', 'FRIJOL']","['crop', 'crop']",2
PREPARACIION,1,['PREPARACIION'],['land_prep'],1
PARCIALMENTE CULTIVADO,1,['PARCIALMENTE CULTIVADO'],['crop'],1
GRADEO PARA MAIZ,1,['GRADEO PARA MAIZ'],['land_prep'],1
CAMIOTE,1,['CAMIOTE'],['crop'],1
EN PREAPRACION,1,['PREAPRACION'],['crop'],1
ZONA PANTANOSA - INUNDADA,1,"['ZONA PANTANOSA', 'INUNDADA']","['crop', 'crop']",2
PREPARACION DE ARROZ,1,['PREPARACION DE ARROZ'],['land_prep'],1
PAPAYA MANGO  LIMON,1,"['PAPAYA', 'MANGO', 'LIMON']","['crop', 'crop', 'crop']",3
MAWIZ,1,['MAWIZ'],['crop'],1
"MANGO, GUABANAS Y TAMARINDO",1,"['MANGO', 'GUABANAS', 'TAMARINDO']","['crop', 'crop', 'crop']",3
CHALA,1,['CHALA'],['crop'],1
ARROZ Y LIMON,1,"['ARROZ', 'LIMON']","['crop', 'crop']",2
MEIZ,1,['MEIZ'],['crop'],1
TERRENO INNUNDABLE,1,['TERRENO INNUNDABLE'],['crop'],1
AGODON,1,['AGODON'],['crop'],1
ALGGDON,1,['ALGGDON'],['crop'],1
ALGODO,1,['ALGODO'],['crop'],1
DEDSCANSO,1,['DEDSCANSO'],['crop'],1
GUANABANA NARANJO,1,"['GUANABANA', 'NARANJA']","['crop', 'crop']",2
LAGODON Y ARROZ,1,"['LAGODON', 'ARROZ']","['crop', 'crop']",2
MANGO Y GUABA,1,"['MANGO', 'GUABO']","['crop', 'crop']",2
EN DESCANSOI,1,['DESCANSOI'],['fallow'],1
PREPARADO-ARROZ,1,"['PREPARACION', 'ARROZ']","['land_prep', 'crop']",2
TAMARINDOY MANGO,1,['TAMARINDOY MANGO'],['crop'],1
"ARROZ, YUCA Y FREJOL",1,"['ARROZ', 'YUCA', 'FRIJOL']","['crop', 'crop', 'crop']",3
"ARROZ, YUCA, CULANTRO",1,"['ARROZ', 'YUCA', 'CULANTRO']","['crop', 'crop', 'crop']",3
"PLATANO, MENESTRAS",1,"['PLATANO', 'MENESTRAS']","['crop', 'crop']",2
"CAÑA, AZUCAR",1,"['CAÑA DE AZUCAR', 'AZUCAR']","['crop', 'crop']",2
"TUNA, FREJOL, MAIZ",1,"['TUNA', 'FRIJOL', 'MAIZ']","['crop', 'crop', 'crop']",3
"CAFE, PLATNO Y GRANADILLA",1,"['CAFE', 'PLATNO', 'GRANADILLA']","['crop', 'crop', 'crop']",3
PLATANO CAFE Y GRANADILLA,1,"['PLATANO', 'CAFE', 'GRANADILLA']","['crop', 'crop', 'crop']",3
"CAFE , PLATANO Y GRANADILLA",1,"['CAFE', 'PLATANO', 'GRANADILLA']","['crop', 'crop', 'crop']",3
HORTALIZAS Y EUCALIPTOS,1,"['HORTALIZAS', 'EUCALIPTO']","['crop', 'crop']",2
"TRIGO, HABA Y ARVEJA",1,"['TRIGO', 'HABA', 'ARVEJA']","['crop', 'crop', 'crop']",3
"ALBERJA,  M,AIZ",1,"['ARVEJA', 'AIZ']","['crop', 'crop']",2
"ALBERJA, CAFE",1,"['ARVEJA', 'CAFE']","['crop', 'crop']",2
"ALBERJA, MAIZ, TRIGO",1,"['ARVEJA', 'MAIZ', 'TRIGO']","['crop', 'crop', 'crop']",3
CAÑA DE AZUCAR  Y PASTO ELEFANTE,1,"['CAÑA DE AZUCAR', 'PASTO ELEFANTE']","['crop', 'pasture']",2
CRUZ DE CAÑA,1,['CRUZ DE CAÑA'],['crop'],1
"LABERJA, MAIZ",1,"['LABERJA', 'MAIZ']","['crop', 'crop']",2
PATANO,1,['PATANO'],['crop'],1
ZANBUMBA,1,['ZANBUMBA'],['crop'],1
"CAFE GUINEO, MARACULLA Y NARANJAS",1,"['CAFE', 'BANANO', 'MARACULLA', 'NARANJA']","['crop', 'crop', 'crop', 'crop']",4
"CAFE, PLATANO, NARANJA, MARACUYA, GRANADILLAS",1,"['CAFE', 'PLATANO', 'NARANJA', 'MARACUYA', 'GRANADILLA']","['crop', 'crop', 'crop', 'crop', 'crop']",5
CAÑA DE AZUCAR Y MAIZ,1,"['CAÑA DE AZUCAR', 'MAIZ']","['crop', 'crop']",2
CFAÑA DE AZUCAR,1,['CFAÑA DE AZUCAR'],['crop'],1
"MAIZ, TRIGO, OLLUCO",1,"['MAIZ', 'TRIGO', 'OLLUCO']","['crop', 'crop', 'crop']",3
"PASTO ELEFANTE,PLATANO Y CAFE",1,"['PASTO ELEFANTE', 'PLATANO', 'CAFE']","['pasture', 'crop', 'crop']",3
RASTROJOS DE PAPA,1,['PAPA'],['crop'],1
TRIGO TUNA,1,"['TRIGO', 'TUNA']","['crop', 'crop']",2
ARLBERJA,1,['ARLBERJA'],['crop'],1
"MAIZ, HABA Y PAPA",1,"['MAIZ', 'HABA', 'PAPA']","['crop', 'crop', 'crop']",3
"MAIZ, TRIGO, FREJOLÑ",1,"['MAIZ', 'TRIGO', 'FREJOLÑ']","['crop', 'crop', 'crop']",3
ALBERTO,1,['ALBERTO'],['crop'],1
ARVERJA Y PAPA,1,"['ARVEJA', 'PAPA']","['crop', 'crop']",2
MAIZ Y CEBADA,1,"['MAIZ', 'CEBADA']","['crop', 'crop']",2
"MAIZ,ALVERJA",1,"['MAIZ', 'ARVEJA']","['crop', 'crop']",2
"MAIZ,FREJOL, TRIGO",1,"['MAIZ', 'FRIJOL', 'TRIGO']","['crop', 'crop', 'crop']",3
OASTO,1,['OASTO'],['crop'],1
"OCA, OLLUCO",1,"['OCA', 'OLLUCO']","['crop', 'crop']",2
PAPA Y OCA,1,"['PAPA', 'OCA']","['crop', 'crop']",2
"TIGO, MAIZ",1,"['TIGO', 'MAIZ']","['crop', 'crop']",2
TRIGO CAÑA DE AZUCAR,1,['TRIGO CAÑA DE AZUCAR'],['crop'],1
ARVERJA TRIGO,1,"['ARVEJA', 'TRIGO']","['crop', 'crop']",2
"CAFE, SARANDAJA Y MAIZ",1,"['CAFE', 'ZARANDAJA', 'MAIZ']","['crop', 'crop', 'crop']",3
NARANJO Y PLATANO,1,"['NARANJA', 'PLATANO']","['crop', 'crop']",2
TRIGO Y PASTO,1,"['TRIGO', 'PASTO']","['crop', 'pasture']",2
CAÑA DE AZUCAR  TRIGO,1,['CAÑA DE AZUCAR TRIGO'],['crop'],1
EUCALITO,1,['EUCALIPTO'],['crop'],1
PASTO ELFANTE Y NATURAL,1,"['PASTO ELEFANTE', 'NATURAL']","['pasture', 'crop']",2
PASTO NATURAL  ELEFANTE,1,['PASTO NATURAL ELEFANTE'],['pasture'],1
PASTOS NATURALES Y ELEFANTE,1,"['PASTO NATURAL', 'PASTO ELEFANTE']","['pasture', 'pasture']",2
PLATANO MAIZ Y SARANDAJA,1,"['PLATANO', 'MAIZ', 'ZARANDAJA']","['crop', 'crop', 'crop']",3
"CAIGUA,YUCA, FREJOL Y LIMON",1,"['CAIGUA', 'YUCA', 'FRIJOL', 'LIMON']","['crop', 'crop', 'crop', 'crop']",4
"MAIZ, PLATANO Y YUCA",1,"['MAIZ', 'PLATANO', 'YUCA']","['crop', 'crop', 'crop']",3
PAPA Y PASTO ELFANTE,1,"['PAPA', 'PASTO ELEFANTE']","['crop', 'pasture']",2
PASTOS GATEADOR,1,['PASTOS GATEADOR'],['pasture'],1
TROGO,1,['TROGO'],['crop'],1
CAFE NARANJO Y GRANADIA,1,"['CAFE', 'NARANJA', 'GRANADIA']","['crop', 'crop', 'crop']",3
"CAFE, PLATANO Y PASTO",1,"['CAFE', 'PLATANO', 'PASTO']","['crop', 'crop', 'pasture']",3
CAÑA DE AZUCAR PASTO ELEFANTE,1,['CAÑA DE AZUCAR PASTO ELEFANTE'],['pasture'],1
"MAIZ, SARANDAJA, PASTO ELEFANTE",1,"['MAIZ', 'ZARANDAJA', 'PASTO ELEFANTE']","['crop', 'crop', 'pasture']",3
CAÑA DE AZUCARA,1,['CAÑA DE AZUCARA'],['crop'],1
"PLATANO, CFE, PASTO",1,"['PLATANO', 'CFE', 'PASTO']","['crop', 'crop', 'pasture']",3
RASTROJOS DETRIGL,1,['DETRIGL'],['crop'],1
"PLATANOS, PAASTO",1,"['PLATANO', 'PAASTO']","['crop', 'crop']",2
CAÑA DE AZUCAR Y PASTO,1,"['CAÑA DE AZUCAR', 'PASTO']","['crop', 'pasture']",2
"CAÑA DE AZUCAR, PALTA Y CAFE",1,"['CAÑA DE AZUCAR', 'PALTA', 'CAFE']","['crop', 'crop', 'crop']",3
PAPA Y ALVERJA,1,"['PAPA', 'ARVEJA']","['crop', 'crop']",2
PASTO CAÑA DE AZUCAR,1,['PASTO CAÑA DE AZUCAR'],['pasture'],1
PASTO ELEFANTE CAÑA DE AZUCAR Y ALVERJA,1,"['PASTO ELEFANTE CAÑA DE AZUCAR', 'ARVEJA']","['pasture', 'crop']",2
CAMOTE ALVERJA Y CAÑA DE AZUCAR,1,"['CAMOTE', 'ARVEJA', 'CAÑA DE AZUCAR']","['crop', 'crop', 'crop']",3
CAÑA DE AZUCAR ALVERJA Y PAPA,1,"['CAÑA DE AZUCAR ALVERJA', 'PAPA']","['crop', 'crop']",2
PALTA Y CAÑA DE AZUCAR,1,"['PALTA', 'CAÑA DE AZUCAR']","['crop', 'crop']",2
"PAPA,HABA",1,"['PAPA', 'HABA']","['crop', 'crop']",2
PAST NATURAL,1,['PAST NATURAL'],['crop'],1
PASTO ELEFANYTE,1,['PASTO ELEFANYTE'],['pasture'],1
PASTOS  NATURALES Y ELEFANTE,1,"['PASTO NATURAL', 'PASTO ELEFANTE']","['pasture', 'pasture']",2
ARBERJA Y HABAS,1,"['ARBERJA', 'HABA']","['crop', 'crop']",2
"CAÑA DE AZUCAR , PASTO ELEFANTE",1,"['CAÑA DE AZUCAR', 'PASTO ELEFANTE']","['crop', 'pasture']",2
EDLEFANTE,1,['EDLEFANTE'],['crop'],1
MAIOZ,1,['MAIOZ'],['crop'],1
PAPA Y HABAS,1,"['PAPA', 'HABA']","['crop', 'crop']",2
PASTO NATURAL ELEFANTE,1,['PASTO NATURAL ELEFANTE'],['pasture'],1
"PLATANO , PASTO",1,"['PLATANO', 'PASTO']","['crop', 'pasture']",2
PLATANOY CAÑA DE AZUCAR,1,['PLATANOY CAÑA DE AZUCAR'],['crop'],1
"TRRIGO, PAPA Y PASTO",1,"['TRRIGO', 'PAPA', 'PASTO']","['crop', 'crop', 'pasture']",3
"HABAS ,OCA Y OLLUCO",1,"['HABA', 'OCA', 'OLLUCO']","['crop', 'crop', 'crop']",3
OASTOS,1,['OASTOS'],['crop'],1
TRIGO HABA,1,"['TRIGO', 'HABA']","['crop', 'crop']",2
TRIGO Y ALVERJA,1,"['TRIGO', 'ARVEJA']","['crop', 'crop']",2
"TRIGO, MAIZ Y ARVEJA",1,"['TRIGO', 'MAIZ', 'ARVEJA']","['crop', 'crop', 'crop']",3
HABAS Y ARBERJAS,1,"['HABA', 'ARBERJAS']","['crop', 'crop']",2
"OACAS, PAPA, MAIZ",1,"['OACAS', 'PAPA', 'MAIZ']","['crop', 'crop', 'crop']",3
PASTO NORMAL,1,['PASTO NORMAL'],['pasture'],1
"PLATANO ,YUCA Y CAÑA",1,"['PLATANO', 'YUCA', 'CAÑA DE AZUCAR']","['crop', 'crop', 'crop']",3
HABA Y ARBERJA,1,"['HABA', 'ARBERJA']","['crop', 'crop']",2
PASTO LEFANTE,1,['PASTO LEFANTE'],['pasture'],1
"PLATANOS , PASTO",1,"['PLATANO', 'PASTO']","['crop', 'pasture']",2
"CAFE, GRANADILLA NARANJA Y PLATANO",1,"['CAFE', 'GRANADILLA', 'NARANJA', 'PLATANO']","['crop', 'crop', 'crop', 'crop']",4
"CAFE, PASTOS, CAÑA DE AZUCAR",1,"['CAFE', 'PASTO', 'CAÑA DE AZUCAR']","['crop', 'pasture', 'crop']",3
"CAFE, PASTOS,CAÑA DE AZUCAR",1,"['CAFE', 'PASTO', 'CAÑA DE AZUCAR']","['crop', 'pasture', 'crop']",3
"CAÑA DE AZUCAR , MAIZ",1,"['CAÑA DE AZUCAR', 'MAIZ']","['crop', 'crop']",2
"CAÑA, CAMOTE Y PLATANO",1,"['CAÑA DE AZUCAR', 'CAMOTE', 'PLATANO']","['crop', 'crop', 'crop']",3
"PLATANO , MARACUYA Y CAFE",1,"['PLATANO', 'MARACUYA', 'CAFE']","['crop', 'crop', 'crop']",3
"PLATANO , NARANJO Y CAFE",1,"['PLATANO', 'NARANJA', 'CAFE']","['crop', 'crop', 'crop']",3
"SARANDAJA, MAIZ Y CAÑA DE AZUCAR",1,"['ZARANDAJA', 'MAIZ', 'CAÑA DE AZUCAR']","['crop', 'crop', 'crop']",3
"YUCA, PLATANO Y CAÑA DE AZUCAR",1,"['YUCA', 'PLATANO', 'CAÑA DE AZUCAR']","['crop', 'crop', 'crop']",3
MAIZ Y ALVERJASA,1,"['MAIZ', 'ALVERJASA']","['crop', 'crop']",2
"PAPA, MAIZ, OCA",1,"['PAPA', 'MAIZ', 'OCA']","['crop', 'crop', 'crop']",3
PASTOS ELEFANTE Y NATURAL,1,"['PASTO', 'PASTO ELEFANTE', 'NATURAL']","['pasture', 'pasture', 'crop']",3
PASTP ELEFANTE,1,['PASTP ELEFANTE'],['pasture'],1
CAFE-PLATANO NARANJA,1,"['CAFE', 'PLATANO', 'NARANJA']","['crop', 'crop', 'crop']",3
"PASTO , MAIZ",1,"['PASTO', 'MAIZ']","['pasture', 'crop']",2
PASTO NATURAL Y PASTO ELEFANTE,1,"['PASTO NATURAL', 'PASTO ELEFANTE']","['pasture', 'pasture']",2
PASTO-CAFE,1,"['PASTO', 'CAFE']","['pasture', 'crop']",2
"PASTOS,PÑLATANOS",1,"['PASTO', 'PÑLATANOS']","['pasture', 'crop']",2
"TRIGO, HAVA",1,"['TRIGO', 'HAVA']","['crop', 'crop']",2
ARBERJAS,1,['ARBERJAS'],['crop'],1
"CAÑA , PAPA Y CAMOTE",1,"['CAÑA DE AZUCAR', 'PAPA', 'CAMOTE']","['crop', 'crop', 'crop']",3
CAÑÁ DE AZUCAR,1,['CAÑA DE AZUCAR'],['crop'],1
"CAÑA,PASTO",1,"['CAÑA DE AZUCAR', 'PASTO']","['crop', 'pasture']",2
MAIZ Y ARBERJA,1,"['MAIZ', 'ARBERJA']","['crop', 'crop']",2
"MAIZ, CAMOTE Y CAÑA DE AZUCAR",1,"['MAIZ', 'CAMOTE', 'CAÑA DE AZUCAR']","['crop', 'crop', 'crop']",3
"PAPA, MAIZ Y ALBERJA",1,"['PAPA', 'MAIZ', 'ARVEJA']","['crop', 'crop', 'crop']",3
"PASTO,FRIJOL, MAIZ",1,"['PASTO', 'FRIJOL', 'MAIZ']","['pasture', 'crop', 'crop']",3
"CAÑA DE AZUCAR , MAIZ Y SARANDAJA",1,"['CAÑA DE AZUCAR', 'MAIZ', 'ZARANDAJA']","['crop', 'crop', 'crop']",3
"CAÑA DE AZUCAR, PLATANP",1,"['CAÑA DE AZUCAR', 'PLATANP']","['crop', 'crop']",2
PAPA Y REPOLLO,1,"['PAPA', 'REPOLLO']","['crop', 'crop']",2
"ARVERJAS, TRIGO",1,"['ARVEJA', 'TRIGO']","['crop', 'crop']",2
CAÑA DEAZCAR,1,['CAÑA DEAZCAR'],['crop'],1
CAÑANDE AZUCAR,1,['CAÑANDE AZUCAR'],['crop'],1
PASTO ANUALES,1,['PASTO ANUALES'],['pasture'],1
"RASTROJOS PAPA, OCA, OLLUCO Y CEBADA",1,"['PAPA', 'OCA', 'OLLUCO', 'CEBADA']","['crop', 'crop', 'crop', 'crop']",4
CAFE PLATANO Y MARACUYA,1,"['CAFE', 'PLATANO', 'MARACUYA']","['crop', 'crop', 'crop']",3
"CAÑA DE AZUCAR, PASTO",1,"['CAÑA DE AZUCAR', 'PASTO']","['crop', 'pasture']",2
"HUABA, NARANJA, CAFE Y MARACUYA",1,"['GUABO', 'NARANJA', 'CAFE', 'MARACUYA']","['crop', 'crop', 'crop', 'crop']",4
MAIZ Y SARADANGA,1,"['MAIZ', 'SARADANGA']","['crop', 'land_prep']",2
"MANGO, CAFE Y NARANJO",1,"['MANGO', 'CAFE', 'NARANJA']","['crop', 'crop', 'crop']",3
PLATANO CAFE Y MARACUYA,1,"['PLATANO', 'CAFE', 'MARACUYA']","['crop', 'crop', 'crop']",3
"YUCA, MAIZ Y FRAJOL CHILENO",1,"['YUCA', 'MAIZ', 'FRAJOL CHILENO']","['crop', 'crop', 'crop']",3
CAMOTE Y ZANAHORIA,1,"['CAMOTE', 'ZANAHORIA']","['crop', 'crop']",2
"CAMOTE, ZANAHORIA , ALBERJA Y MAIZ",1,"['CAMOTE', 'ZANAHORIA', 'ARVEJA', 'MAIZ']","['crop', 'crop', 'crop', 'crop']",4
"CAÑA DE AZUCAR, GUABO, PALTA Y MANGO",1,"['CAÑA DE AZUCAR', 'GUABO', 'PALTA', 'MANGO']","['crop', 'crop', 'crop', 'crop']",4
PLATYANO,1,['PLATYANO'],['crop'],1
TRIGO Y OCA,1,"['TRIGO', 'OCA']","['crop', 'crop']",2
"CAMOTE, CAÑA DE AZUCAR Y ALVREJA",1,"['CAMOTE', 'CAÑA DE AZUCAR', 'ALVREJA']","['crop', 'crop', 'crop']",3
"CAÑA DE AZUCAR , CAMOTE Y ZANAHORIA",1,"['CAÑA DE AZUCAR', 'CAMOTE', 'ZANAHORIA']","['crop', 'crop', 'crop']",3
CAÑA DE AZUCAR REPOLLO,1,['CAÑA DE AZUCAR REPOLLO'],['crop'],1
"CAÑAS, CAMOTE Y REPOLLO",1,"['CAÑA DE AZUCAR', 'CAMOTE', 'REPOLLO']","['crop', 'crop', 'crop']",3
"HUABAS, PLATANO Y NARANJA",1,"['GUABO', 'PLATANO', 'NARANJA']","['crop', 'crop', 'crop']",3
MAIZ Y SARANDAJA Y PASTO ELEFANTE,1,"['MAIZ', 'ZARANDAJA', 'PASTO ELEFANTE']","['crop', 'crop', 'pasture']",3
"MANGO, GUAYAQUIL, CAÑA DE AZUCAR",1,"['MANGO', 'GUAYAQUIL', 'CAÑA DE AZUCAR']","['crop', 'crop', 'crop']",3
"MANGO, GUAYAQUIL,GUABO Y CACAO",1,"['MANGO', 'GUAYAQUIL', 'GUABO', 'CACAO']","['crop', 'crop', 'crop', 'crop']",4
"CACAO, MANGO, COCO, GUABO, GUAYAQUIL Y LIMON",1,"['CACAO', 'MANGO', 'COCO', 'GUABO', 'GUAYAQUIL', 'LIMON']","['crop', 'crop', 'crop', 'crop', 'crop', 'crop']",6
"CAFE, PLATANO, MATE Y MARACUYA",1,"['CAFE', 'PLATANO', 'MATE', 'MARACUYA']","['crop', 'crop', 'crop', 'crop']",4
CAÑA D E AZUCAR,1,['CAÑA D E AZUCAR'],['crop'],1
"REPOLLO, VETERRAGA, ALBERJA Y ZANAHORIA",1,"['REPOLLO', 'VETERRAGA', 'ARVEJA', 'ZANAHORIA']","['crop', 'crop', 'crop', 'crop']",4
PASTO  Y SARANDAJA,1,"['PASTO', 'ZARANDAJA']","['pasture', 'crop']",2
"MANGO, LIMON, NARANJA",1,"['MANGO', 'LIMON', 'NARANJA']","['crop', 'crop', 'crop']",3
CAFE Y CAÑA DE AUCAR,1,"['CAFE', 'CAÑA DE AUCAR']","['crop', 'crop']",2
"MANGO, CACAO PALTA",1,"['MANGO', 'CACAO', 'PALTA']","['crop', 'crop', 'crop']",3
PLASTO,1,['PLASTO'],['crop'],1
RASTROJOS DE MAIZ Y ARVEJA,1,"['MAIZ', 'ARVEJA']","['crop', 'crop']",2
RASTROJOS DE MAIZ Y ARVERJA,1,"['MAIZ', 'ARVEJA']","['crop', 'crop']",2
PASTOE,1,['PASTOE'],['pasture'],1
REPOLLO ZANAHORIA Y CAMOTE,1,"['REPOLLO', 'ZANAHORIA', 'CAMOTE']","['crop', 'crop', 'crop']",3
"CAFE., PLATANO Y NARANJA",1,"['CAFE', 'PLATANO', 'NARANJA']","['crop', 'crop', 'crop']",3
"CAÑA DE AZUCAR, YUCA",1,"['CAÑA DE AZUCAR', 'YUCA']","['crop', 'crop']",2
RASTROJOS DE TRIGO Y MAIZ,1,"['TRIGO', 'MAIZ']","['crop', 'crop']",2
"MAIZ, PAPA Y ALVERJA",1,"['MAIZ', 'PAPA', 'ARVEJA']","['crop', 'crop', 'crop']",3
"PLATANO, CAFE, NARANJA Y MARACUYA",1,"['PLATANO', 'CAFE', 'NARANJA', 'MARACUYA']","['crop', 'crop', 'crop', 'crop']",4
RASTROJOS DE MAIZ Y TRIGO,1,"['MAIZ', 'TRIGO']","['crop', 'crop']",2
"CAFE, PLATANO NARANJA Y CAÑA DE AZUCAR",1,"['CAFE', 'PLATANO', 'NARANJA', 'CAÑA DE AZUCAR']","['crop', 'crop', 'crop', 'crop']",4
RASTROJOS DE ALVERJA Y MAIZ,1,"['ARVEJA', 'MAIZ']","['crop', 'crop']",2
"TRIGO, HABAS",1,"['TRIGO', 'HABA']","['crop', 'crop']",2
"CAÑA, CAMOTE Y ZANAHORIA",1,"['CAÑA DE AZUCAR', 'CAMOTE', 'ZANAHORIA']","['crop', 'crop', 'crop']",3
FREJOL Y PASTO ELEFANTE,1,"['FRIJOL', 'PASTO ELEFANTE']","['crop', 'pasture']",2
"MANGO , CACAO Y LIMON",1,"['MANGO', 'CACAO', 'LIMON']","['crop', 'crop', 'crop']",3
PAASTO ELFANTE,1,['PAASTO ELFANTE'],['crop'],1
"PASTO, PLATQANO",1,"['PASTO', 'PLATQANO']","['pasture', 'crop']",2
"PLATANO , CAFE Y GRANADILLA",1,"['PLATANO', 'CAFE', 'GRANADILLA']","['crop', 'crop', 'crop']",3
CAFE 50%     PLATANO 50%,1,"['CAFE', 'PLATANO']","['crop', 'crop']",2
"CAFE 50%,    PLATANO 50%",1,"['CAFE', 'PLATANO']","['crop', 'crop']",2
"PLATANO 50%,    CAFE 50%",1,"['PLATANO', 'CAFE']","['crop', 'crop']",2
"REPOLLO, CAÑA DE AZUCAR  YZANAHORIA",1,"['REPOLLO', 'CAÑA DE AZUCAR YZANAHORIA']","['crop', 'crop']",2
"YUCA, NARANJA,PLATANO",1,"['YUCA', 'NARANJA', 'PLATANO']","['crop', 'crop', 'crop']",3
"ALGODON, MAIZ, PAPAYA",1,"['ALGODON', 'MAIZ', 'PAPAYA']","['crop', 'crop', 'crop']",3
"CAFE, PLATANO CAÑA DE AZUCAR",1,"['CAFE', 'PLATANO CAÑA DE AZUCAR']","['crop', 'crop']",2
"PLATANO ,CAFE Y CAÑA DE AZUCAR",1,"['PLATANO', 'CAFE', 'CAÑA DE AZUCAR']","['crop', 'crop', 'crop']",3
"CAFE , CAÑA DE AZUCAR",1,"['CAFE', 'CAÑA DE AZUCAR']","['crop', 'crop']",2
CAFE.PLATANO,1,"['CAFE', 'PLATANO']","['crop', 'crop']",2
"LIMON ,MANGO",1,"['LIMON', 'MANGO']","['crop', 'crop']",2
"LIMON, CIRUELO Y COCO",1,"['LIMON', 'CIRUELA', 'COCO']","['crop', 'crop', 'crop']",3
MANGO 40%  LIMON 21%,1,"['MANGO', 'LIMON']","['crop', 'crop']",2
CULTIVO DE CACAO,1,['CACAO'],['crop'],1
"ALGODON, MANGO, LIMON",1,"['ALGODON', 'MANGO', 'LIMON']","['crop', 'crop', 'crop']",3
NARANJO 20%-PLATANO30%-CAFE 505,1,"['NARANJA', 'PLATANO', 'CAFE']","['crop', 'crop', 'crop']",3
CIRUELAS,1,['CIRUELA'],['crop'],1
"MAIZ, PLATANO, MANGO, LIMON",1,"['MAIZ', 'PLATANO', 'MANGO', 'LIMON']","['crop', 'crop', 'crop', 'crop']",4
"RASTROJOS DE FREJOL, MAIZ Y CAMOTE)",1,"['FRIJOL', 'MAIZ', 'CAMOTE)']","['crop', 'crop', 'crop']",3
"MELON, LIMON Y MNAGO",1,"['MELON', 'LIMON', 'MNAGO']","['crop', 'crop', 'crop']",3
"MELON, MANGO",1,"['MELON', 'MANGO']","['crop', 'crop']",2
TOMATE Y MAIZ,1,"['TOMATE', 'MAIZ']","['crop', 'crop']",2
RECUPERACION DE EXCESO DE SALES,1,['RECUPERACION DE EXCESO DE SALES'],['crop'],1
RECUPERACION DE EXCESO SALES,1,['RECUPERACION DE EXCESO SALES'],['crop'],1
RECUPERACION POR EXCESO DE SALES,1,['RECUPERACION POR EXCESO DE SALES'],['crop'],1
"LIMON, CIRUELO",1,"['LIMON', 'CIRUELA']","['crop', 'crop']",2
"PASTOS CAFE, PLATANOS",1,"['PASTO', 'CAFE', 'PLATANO']","['pasture', 'crop', 'crop']",3
"CAMOTE, MAIZY YUCA",1,"['CAMOTE', 'MAIZY YUCA']","['crop', 'crop']",2
EN PROCESO DE REHABILITACION FISICA,1,['PROCESO DE REHABILITACION FISICA'],['crop'],1
CAFE 50 %  PLATANO 50 %,1,"['CAFE', 'PLATANO']","['crop', 'crop']",2
CAFE Y PLATANPO,1,"['CAFE', 'PLATANPO']","['crop', 'crop']",2
"CAFE, PLATANO , MARACUYA Y HUABA",1,"['CAFE', 'PLATANO', 'MARACUYA', 'GUABO']","['crop', 'crop', 'crop', 'crop']",4
CEFE Y PLATANO,1,"['CEFE', 'PLATANO']","['crop', 'crop']",2
"MANG, LIMON",1,"['MANG', 'LIMON']","['crop', 'crop']",2
"MANGO, LIMON, TAMARINDO, COCO, PLATANO",1,"['MANGO', 'LIMON', 'TAMARINDO', 'COCO', 'PLATANO']","['crop', 'crop', 'crop', 'crop', 'crop']",5
"PASTO DE ELEFANTE 70%, PLATANO 30%",1,"['PASTO ELEFANTE', 'PLATANO']","['pasture', 'crop']",2
PASTO ELEFANTE 80%   CAFE - PLATANO,1,"['PASTO ELEFANTE', 'CAFE', 'PLATANO']","['pasture', 'crop', 'crop']",3
PASTOP ELEFANTE,1,['PASTOP ELEFANTE'],['pasture'],1
"PLATANO 15%, CAFE 15%, PASTO DE ELEFANTE 70%",1,"['PLATANO', 'CAFE', 'PASTO ELEFANTE']","['crop', 'crop', 'pasture']",3
"CAFE, PLATANO Y NARANJAA",1,"['CAFE', 'PLATANO', 'NARANJAA']","['crop', 'crop', 'crop']",3
"CAMOTE, FREJOL",1,"['CAMOTE', 'FRIJOL']","['crop', 'crop']",2
"MARIGOL, MANGO, PLATANO",1,"['MARIGOLD', 'MANGO', 'PLATANO']","['crop', 'crop', 'crop']",3
PAPAYA Y LIMON,1,"['PAPAYA', 'LIMON']","['crop', 'crop']",2
"CAFE 20%, PLATANO 40%, PALTA 20%, NARANJA 20%",1,"['CAFE', 'PLATANO', 'PALTA', 'NARANJA']","['crop', 'crop', 'crop', 'crop']",4
CAFE 50 %     PLATANO 50 %,1,"['CAFE', 'PLATANO']","['crop', 'crop']",2
"CAÑA 30%,   PASTO ELEFANTE 40%",1,"['CAÑA DE AZUCAR', 'PASTO ELEFANTE']","['crop', 'pasture']",2
HUABA,1,['GUABO'],['crop'],1
"PLATANO 30%,   NARANJA 30%",1,"['PLATANO', 'NARANJA']","['crop', 'crop']",2
"PLATANO 30%, CAFE 30%,  NARANJA 30%,  CAÑA 10%",1,"['PLATANO', 'CAFE', 'NARANJA', 'CAÑA DE AZUCAR']","['crop', 'crop', 'crop', 'crop']",4
CAFE. PLATANO Y NARANJA,1,"['CAFE', 'PLATANO', 'NARANJA']","['crop', 'crop', 'crop']",3
"LIMON, MANGO, YUCA",1,"['LIMON', 'MANGO', 'YUCA']","['crop', 'crop', 'crop']",3
"MAIZ, SANDIA, ZAPALLO, TAMARINDO, FRIJOL",1,"['MAIZ', 'SANDIA', 'ZAPALLO', 'TAMARINDO', 'FRIJOL']","['crop', 'crop', 'crop', 'crop', 'crop']",5
LIMON 20% PAPAYA 80%,1,"['LIMON', 'PAPAYA']","['crop', 'crop']",2
"APICULTURA, ALGARROBINA",1,"['APICULTURA', 'ALGARROBINA']","['crop', 'crop']",2
"FREJOL DE PALO , CAMOTE",1,"['FRIJOL DE PALO', 'CAMOTE']","['crop', 'crop']",2
MANGO 50% CACAO 50 %,1,"['MANGO', 'CACAO']","['crop', 'crop']",2
MANGO CACAO PLATANO,1,"['MANGO', 'CACAO', 'PLATANO']","['crop', 'crop', 'crop']",3
"ALGARROBINA, APICULTURA",1,"['ALGARROBINA', 'APICULTURA']","['crop', 'crop']",2
COBERTURA ARBOREA Y DESARROLLO APICOLA,1,"['COBERTURA ARBOREA', 'DESARROLLO APICOLA']","['crop', 'crop']",2
"COBERTURA ARBOREA, DESARROLO AGRIOCOLA",1,"['COBERTURA ARBOREA', 'DESARROLO AGRIOCOLA']","['crop', 'crop']",2
"LIMON, TAMARINDO, FREJOL DE PALO, SARANDAJA",1,"['LIMON', 'TAMARINDO', 'FRIJOL DE PALO', 'ZARANDAJA']","['crop', 'crop', 'crop', 'crop']",4
MANGO Y COCOTERO,1,"['MANGO', 'COCO']","['crop', 'crop']",2
PLATANO Y HABA,1,"['PLATANO', 'HABA']","['crop', 'crop']",2
"MANGO, LIMON, YUCA",1,"['MANGO', 'LIMON', 'YUCA']","['crop', 'crop', 'crop']",3
E¡N DESCANSO,1,['E¡N DESCANSO'],['fallow'],1
"MANGO, LIMON, MARACUYA",1,"['MANGO', 'LIMON', 'MARACUYA']","['crop', 'crop', 'crop']",3
MANGO 40% CACAO 20% LIMON10%,1,"['MANGO', 'CACAO', 'LIMON']","['crop', 'crop', 'crop']",3
MARACUYA 10% YUCA 10%,1,"['MARACUYA', 'YUCA']","['crop', 'crop']",2
MONGO 70% CACAO 30%,1,"['MONGO', 'CACAO']","['crop', 'crop']",2
"LIMON, MAIZ, PLATANO",1,"['LIMON', 'MAIZ', 'PLATANO']","['crop', 'crop', 'crop']",3
"MANGO, LIMONERO",1,"['MANGO', 'LIMON']","['crop', 'crop']",2
"YUCA, FREJOL, LIMON",1,"['YUCA', 'FRIJOL', 'LIMON']","['crop', 'crop', 'crop']",3
SE APRECIA PODA DE ARBOLES,1,['SE APRECIA PODA DE ARBOLES'],['crop'],1
EM DESCANSO,1,['EM DESCANSO'],['fallow'],1
"PLATANO, COCO",1,"['PLATANO', 'COCO']","['crop', 'crop']",2
"ALGODON 20, MAIZ 20",1,"['ALGODON', 'MAIZ']","['crop', 'crop']",2
"ALGODON 30, MAIZ 10",1,"['ALGODON', 'MAIZ']","['crop', 'crop']",2
COBERTURA ARBOREA (ALGARROBO),1,['COBERTURA ARBOREA'],['crop'],1
"MANGO, LIMON, PAPAYA",1,"['MANGO', 'LIMON', 'PAPAYA']","['crop', 'crop', 'crop']",3
"PLATANO, FREJOL",1,"['PLATANO', 'FRIJOL']","['crop', 'crop']",2
"MANGO, COCO, LIMON, YUCA",1,"['MANGO', 'COCO', 'LIMON', 'YUCA']","['crop', 'crop', 'crop', 'crop']",4
"MANGO, LIMON Y PASTO",1,"['MANGO', 'LIMON', 'PASTO']","['crop', 'crop', 'pasture']",3
"ARROZ,MAUZ",1,"['ARROZ', 'MAUZ']","['crop', 'crop']",2
"CACAO, CAÑA Y MANGO",1,"['CACAO', 'CAÑA DE AZUCAR', 'MANGO']","['crop', 'crop', 'crop']",3
CXAFE,1,['CXAFE'],['crop'],1
"MAIZ, FRUTA, ARROZ",1,"['MAIZ', 'FRUTALES', 'ARROZ']","['crop', 'crop', 'crop']",3
"PLATANO , MAIZ Y YUCA",1,"['PLATANO', 'MAIZ', 'YUCA']","['crop', 'crop', 'crop']",3
",MAIZ",1,['MAIZ'],['crop'],1
"MAIZ , YUCA, FREJOL DE PALO",1,"['MAIZ', 'YUCA', 'FRIJOL DE PALO']","['crop', 'crop', 'crop']",3
"PLTANO,MAIZ",1,"['PLTANO', 'MAIZ']","['crop', 'crop']",2
EN DESCANSO TEMPORAL,1,['DESCANSO TEMPORAL'],['fallow'],1
"PLATANO ,MAIZ",1,"['PLATANO', 'MAIZ']","['crop', 'crop']",2
FGREJOL,1,['FGREJOL'],['crop'],1
"MANGO, COCOTERO Y LIMON",1,"['MANGO', 'COCO', 'LIMON']","['crop', 'crop', 'crop']",3
PLATANO CAFE NARANJA,1,"['PLATANO', 'CAFE', 'NARANJA']","['crop', 'crop', 'crop']",3
"PLATANO, CACAO Y COCO",1,"['PLATANO', 'CACAO', 'COCO']","['crop', 'crop', 'crop']",3
"PLATANO, MANGO,, LIMON Y COCO",1,"['PLATANO', 'MANGO', 'LIMON', 'COCO']","['crop', 'crop', 'crop', 'crop']",4
"CAFE 20%, CACAO 30%, PLATANO 30%, HUABA 20%",1,"['CAFE', 'CACAO', 'PLATANO', 'GUABO']","['crop', 'crop', 'crop', 'crop']",4
"CAFE 30%, CACAO 30%, PLATANO 20% HUABA 20%",1,"['CAFE', 'CACAO', 'PLATANO', 'GUABO']","['crop', 'crop', 'crop', 'crop']",4
"PLATANO, CACAO Y CAFE",1,"['PLATANO', 'CACAO', 'CAFE']","['crop', 'crop', 'crop']",3
"PLATANO, CAFE Y MANGO",1,"['PLATANO', 'CAFE', 'MANGO']","['crop', 'crop', 'crop']",3
"PLATANO, CAÑA DE AZUCAR Y MAMEY",1,"['PLATANO', 'CAÑA DE AZUCAR', 'MAMEY']","['crop', 'crop', 'crop']",3
"CACAO, CAÑA, YUCA, MAIZ",1,"['CACAO', 'CAÑA DE AZUCAR', 'YUCA', 'MAIZ']","['crop', 'crop', 'crop', 'crop']",4
"CAÑA, CACAO, FRUTA",1,"['CAÑA DE AZUCAR', 'CACAO', 'FRUTALES']","['crop', 'crop', 'crop']",3
"FRUTALES, PLATANO, CACAO, CAÑA",1,"['FRUTALES', 'PLATANO', 'CACAO', 'CAÑA DE AZUCAR']","['crop', 'crop', 'crop', 'crop']",4
"PLATANO, CACAO, YUCA",1,"['PLATANO', 'CACAO', 'YUCA']","['crop', 'crop', 'crop']",3
"PLATANO, CACAO, YUCA, CAMOTE",1,"['PLATANO', 'CACAO', 'YUCA', 'CAMOTE']","['crop', 'crop', 'crop', 'crop']",4
"PLATANO, COCO Y PALTA",1,"['PLATANO', 'COCO', 'PALTA']","['crop', 'crop', 'crop']",3
"PLATANO, YUCA, CAÑA",1,"['PLATANO', 'YUCA', 'CAÑA DE AZUCAR']","['crop', 'crop', 'crop']",3
"YUCA, FRUTA, CAÑA",1,"['YUCA', 'FRUTALES', 'CAÑA DE AZUCAR']","['crop', 'crop', 'crop']",3
"YUCA, PLATANO, CACAO, FRUTALES",1,"['YUCA', 'PLATANO', 'CACAO', 'FRUTALES']","['crop', 'crop', 'crop', 'crop']",4
"CAFE 50%, HUABA 30%, PLATANO 20%",1,"['CAFE', 'GUABO', 'PLATANO']","['crop', 'crop', 'crop']",3
"CAFE, YUCA, MANGO, NARANJA",1,"['CAFE', 'YUCA', 'MANGO', 'NARANJA']","['crop', 'crop', 'crop', 'crop']",4
"CACAO, MAMEY Y COCO",1,"['CACAO', 'MAMEY', 'COCO']","['crop', 'crop', 'crop']",3
MAMAEY Y CACAO,1,"['MAMAEY', 'CACAO']","['crop', 'crop']",2
CAÑA Y PASTO ELEFANTE,1,"['CAÑA DE AZUCAR', 'PASTO ELEFANTE']","['crop', 'pasture']",2
"MANGO, MAIZ Y LIMON",1,"['MANGO', 'MAIZ', 'LIMON']","['crop', 'crop', 'crop']",3
"PLARANO 70%, MANGO 30%",1,"['PLARANO', 'MANGO']","['crop', 'crop']",2
RASTORJOS DE ARROZ,1,['RASTORJOS DE ARROZ'],['crop'],1
CACAO Y LIMA,1,"['CACAO', 'LIMA']","['crop', 'crop']",2
"MANGO, COCO Y MAIZ",1,"['MANGO', 'COCO', 'MAIZ']","['crop', 'crop', 'crop']",3
ARRZ Y MAIZ,1,"['ARROZ', 'MAIZ']","['crop', 'crop']",2
"ARROZ, FRUTALES",1,"['ARROZ', 'FRUTALES']","['crop', 'crop']",2
PALTA Y MANGO,1,"['PALTA', 'MANGO']","['crop', 'crop']",2
"CACAO, MANGO, PLATANO",1,"['CACAO', 'MANGO', 'PLATANO']","['crop', 'crop', 'crop']",3
"CAÑA, AZUCAR, FRUTALES, CACAO",1,"['CAÑA DE AZUCAR', 'AZUCAR', 'FRUTALES', 'CACAO']","['crop', 'crop', 'crop', 'crop']",4
"CAÑA, AZUCAR, YUCA, FRUTALES, CACAO",1,"['CAÑA DE AZUCAR', 'AZUCAR', 'YUCA', 'FRUTALES', 'CACAO']","['crop', 'crop', 'crop', 'crop', 'crop']",5
"MANGO, CACAO, COCO",1,"['MANGO', 'CACAO', 'COCO']","['crop', 'crop', 'crop']",3
"MANGO,PLATANO, CACAO",1,"['MANGO', 'PLATANO', 'CACAO']","['crop', 'crop', 'crop']",3
"CACAO, MANGO, COCO Y NARANJA",1,"['CACAO', 'MANGO', 'COCO', 'NARANJA']","['crop', 'crop', 'crop', 'crop']",4
"PALTANO, CACAO, MANGO Y COCO",1,"['PALTANO', 'CACAO', 'MANGO', 'COCO']","['crop', 'crop', 'crop', 'crop']",4
TRIGO Y ARBERJA,1,"['TRIGO', 'ARBERJA']","['crop', 'crop']",2
"COCO, MANGO, RASTROJO DE ARROZ",1,"['COCO', 'MANGO', 'ARROZ']","['crop', 'crop', 'crop']",3
"MANGO, RASTROJO DE ARROZ",1,"['MANGO', 'ARROZ']","['crop', 'crop']",2
"PLATANO, MANGO, CACAO",1,"['PLATANO', 'MANGO', 'CACAO']","['crop', 'crop', 'crop']",3
MAMEY,1,['MAMEY'],['crop'],1
"CACAO, CAÑA, YUCA",1,"['CACAO', 'CAÑA DE AZUCAR', 'YUCA']","['crop', 'crop', 'crop']",3
"YUCA, ARROZ, CACAO, FRUTALES",1,"['YUCA', 'ARROZ', 'CACAO', 'FRUTALES']","['crop', 'crop', 'crop', 'crop']",4
PALTA Y CACAO,1,"['PALTA', 'CACAO']","['crop', 'crop']",2
"PLATANO, HUANABANA",1,"['PLATANO', 'HUANABANA']","['crop', 'crop']",2
"PLATANO, MAIZ, CAFE",1,"['PLATANO', 'MAIZ', 'CAFE']","['crop', 'crop', 'crop']",3
"CAFE, NARANJA, PLATANO, LIMA",1,"['CAFE', 'NARANJA', 'PLATANO', 'LIMA']","['crop', 'crop', 'crop', 'crop']",4
"CAFE, PLATANO, NARANJA, LIMA",1,"['CAFE', 'PLATANO', 'NARANJA', 'LIMA']","['crop', 'crop', 'crop', 'crop']",4
CHIRIMOYA Y MANGO,1,"['CHIRIMOYA', 'MANGO']","['crop', 'crop']",2
MAIZI,1,['MAIZI'],['crop'],1
"NARANJA, PLATANO, CAFE",1,"['NARANJA', 'PLATANO', 'CAFE']","['crop', 'crop', 'crop']",3
PASTOS E INVERNA,1,['PASTOS E INVERNA'],['pasture'],1
"CAFE, PLATANO Y PALTA",1,"['CAFE', 'PLATANO', 'PALTA']","['crop', 'crop', 'crop']",3
"CAFE, PLATANO, NARANJA, GRANADILLA",1,"['CAFE', 'PLATANO', 'NARANJA', 'GRANADILLA']","['crop', 'crop', 'crop', 'crop']",4
"CAÑA, CAFE Y PLATANO",1,"['CAÑA DE AZUCAR', 'CAFE', 'PLATANO']","['crop', 'crop', 'crop']",3
"PLATANO, CAFE Y HUABA",1,"['PLATANO', 'CAFE', 'GUABO']","['crop', 'crop', 'crop']",3
TRIGO  Y PASTO NATURAL,1,"['TRIGO', 'PASTO NATURAL']","['crop', 'pasture']",2
"MAIZ , PLTANOS Y PASTO",1,"['MAIZ', 'PLTANOS', 'PASTO']","['crop', 'crop', 'pasture']",3
"MAIZ,YUCA , CAFE",1,"['MAIZ', 'YUCA', 'CAFE']","['crop', 'crop', 'crop']",3
"PLATANOS , CAFE",1,"['PLATANO', 'CAFE']","['crop', 'crop']",2
"YUCA , HUABAS, CAFE PLATANOS PLATA",1,"['YUCA', 'GUABO', 'CAFE PLATANOS PLATA']","['crop', 'crop', 'crop']",3
"PLATANOS ,NARANJA",1,"['PLATANO', 'NARANJA']","['crop', 'crop']",2
".PLATANO, CAFE, CACAO",1,"['PLATANO', 'CAFE', 'CACAO']","['crop', 'crop', 'crop']",3
NARANAJA,1,['NARANAJA'],['crop'],1
"NARANJA , CAFE Y PLATANO",1,"['NARANJA', 'CAFE', 'PLATANO']","['crop', 'crop', 'crop']",3
"MAIZ,PLATANO NATURAL",1,"['MAIZ', 'PLATANO NATURAL']","['crop', 'crop']",2
"PLATANO , PASTO Y NARANJA",1,"['PLATANO', 'PASTO', 'NARANJA']","['crop', 'pasture', 'crop']",3
"PLATANO, NARANJA Y GRANADILLA",1,"['PLATANO', 'NARANJA', 'GRANADILLA']","['crop', 'crop', 'crop']",3
"YUCA , MAIZ Y NARANJA",1,"['YUCA', 'MAIZ', 'NARANJA']","['crop', 'crop', 'crop']",3
"CACAO , CAFE Y PLATANO",1,"['CACAO', 'CAFE', 'PLATANO']","['crop', 'crop', 'crop']",3
"PALTA, YUCA",1,"['PALTA', 'YUCA']","['crop', 'crop']",2
PASTOS DE ELEFANTES,1,['PASTOS DE ELEFANTES'],['pasture'],1
PLATANO Y CAÑA DE GUAYAQUIL,1,"['PLATANO', 'CAÑA DE GUAYAQUIL']","['crop', 'crop']",2
PSTO NATURAL,1,['PSTO NATURAL'],['crop'],1
"CAFE, PALTA, CAÑA DE AZUCAR",1,"['CAFE', 'PALTA', 'CAÑA DE AZUCAR']","['crop', 'crop', 'crop']",3
"ARROZ, PLATANO, CACAO",1,"['ARROZ', 'PLATANO', 'CACAO']","['crop', 'crop', 'crop']",3
"CACAO, ARROZ, PLATANO",1,"['CACAO', 'ARROZ', 'PLATANO']","['crop', 'crop', 'crop']",3
PASNO NATURAL,1,['PASNO NATURAL'],['crop'],1
"PLATANO, CACAO, ARROZ",1,"['PLATANO', 'CACAO', 'ARROZ']","['crop', 'crop', 'crop']",3
"CAFE , PLATANO Y CACAO",1,"['CAFE', 'PLATANO', 'CACAO']","['crop', 'crop', 'crop']",3
"MAIZ , SARANDAJA Y PASTO NATURAL",1,"['MAIZ', 'ZARANDAJA', 'PASTO NATURAL']","['crop', 'crop', 'pasture']",3
"MAIZ, PLATANO Y CAFE",1,"['MAIZ', 'PLATANO', 'CAFE']","['crop', 'crop', 'crop']",3
PASTO NATURAL Y PLATANO,1,"['PASTO NATURAL', 'PLATANO']","['pasture', 'crop']",2
"CAFE , PLATANOS , HUABAS Y PASTO",1,"['CAFE', 'PLATANO', 'GUABO', 'PASTO']","['crop', 'crop', 'crop', 'pasture']",4
"CAFE, NARANJA, HUABA, PLATANO, PALTA",1,"['CAFE', 'NARANJA', 'GUABO', 'PLATANO', 'PALTA']","['crop', 'crop', 'crop', 'crop', 'crop']",5
"YUCA,CAFE",1,"['YUCA', 'CAFE']","['crop', 'crop']",2
"CAFE,GUABOS",1,"['CAFE', 'GUABO']","['crop', 'crop']",2
PLATANOS YUCA Y PASTO,1,"['PLATANO', 'YUCA', 'PASTO']","['crop', 'crop', 'pasture']",3
"CAFE, CAÑA DE HUAYAQUIL",1,"['CAFE', 'CAÑA DE HUAYAQUIL']","['crop', 'crop']",2
"CAFE, PLATANOS Y HUABAS",1,"['CAFE', 'PLATANO', 'GUABO']","['crop', 'crop', 'crop']",3
"CACAO, LIMON, MANGO Y PALTA",1,"['CACAO', 'LIMON', 'MANGO', 'PALTA']","['crop', 'crop', 'crop', 'crop']",4
"CAFE, NARANJO, PLATANO",1,"['CAFE', 'NARANJA', 'PLATANO']","['crop', 'crop', 'crop']",3
"CAÑA, PLATANO, NARANJA",1,"['CAÑA DE AZUCAR', 'PLATANO', 'NARANJA']","['crop', 'crop', 'crop']",3
"CAFE , CAÑA Y  YUCA",1,"['CAFE', 'CAÑA DE AZUCAR', 'YUCA']","['crop', 'crop', 'crop']",3
"ARROZ,CAÑA DE AZUCAR",1,"['ARROZ', 'CAÑA DE AZUCAR']","['crop', 'crop']",2
"CACAO, CAFE, NARANJA",1,"['CACAO', 'CAFE', 'NARANJA']","['crop', 'crop', 'crop']",3
"CAFE , HUABAS , PLATANOS Y NARANJA",1,"['CAFE', 'GUABO', 'PLATANO', 'NARANJA']","['crop', 'crop', 'crop', 'crop']",4
"CAFE,NARANJA , PLATANO",1,"['CAFE', 'NARANJA', 'PLATANO']","['crop', 'crop', 'crop']",3
"CAÑA DE AZUCAR , NARANJA",1,"['CAÑA DE AZUCAR', 'NARANJA']","['crop', 'crop']",2
PASTIS NATURALES Y PASTO ELEFANTE,1,"['PASTIS NATURALES', 'PASTO ELEFANTE']","['crop', 'pasture']",2
"PLATANO, PASTO NATURAL",1,"['PLATANO', 'PASTO NATURAL']","['crop', 'pasture']",2
CAFE HUABAS Y PLATANOS,1,"['CAFE', 'GUABO', 'PLATANO']","['crop', 'crop', 'crop']",3
"HUABAS, CAFE, NARANJA",1,"['GUABO', 'CAFE', 'NARANJA']","['crop', 'crop', 'crop']",3
"CACAO, PASTOS Y GUAYAQUIL",1,"['CACAO', 'PASTO', 'GUAYAQUIL']","['crop', 'pasture', 'crop']",3
"CACAO, PLATANO , MAIZ Y PASTO NATURAL",1,"['CACAO', 'PLATANO', 'MAIZ', 'PASTO NATURAL']","['crop', 'crop', 'crop', 'pasture']",4
"CAFE , HUABAS , PLATANOS",1,"['CAFE', 'GUABO', 'PLATANO']","['crop', 'crop', 'crop']",3
"CAFE , PLATANO Y HORTALIZAS",1,"['CAFE', 'PLATANO', 'HORTALIZAS']","['crop', 'crop', 'crop']",3
"CAFE , PLATANOS HUABAS Y PASTO",1,"['CAFE', 'PLATANO', 'GUABO', 'PASTO']","['crop', 'crop', 'crop', 'pasture']",4
"CAFE, PLATANO , HUABAS Y MAIZ",1,"['CAFE', 'PLATANO', 'GUABO', 'MAIZ']","['crop', 'crop', 'crop', 'crop']",4
"CAFE, PLATANOS, HUABAS , MANGOS Y MAIZ",1,"['CAFE', 'PLATANO', 'GUABO', 'MANGO', 'MAIZ']","['crop', 'crop', 'crop', 'crop', 'crop']",5
"CAFE,YUCA",1,"['CAFE', 'YUCA']","['crop', 'crop']",2
CIPRES Y ROBLES,1,"['CIPRES', 'ROBLE']","['crop', 'crop']",2
"MAIZ , CAFE , HUABAS Y PLATANOS",1,"['MAIZ', 'CAFE', 'GUABO', 'PLATANO']","['crop', 'crop', 'crop', 'crop']",4
"PASTOS ELEFANTE , PASTO NATURAL",1,"['PASTO', 'PASTO ELEFANTE', 'PASTO NATURAL']","['pasture', 'pasture', 'pasture']",3
PSTOS,1,['PSTOS'],['crop'],1
REFORESTACION (ROBLES),1,['REFORESTACION'],['land_prep'],1
"CAFE , PLATO",1,"['CAFE', 'PLATO']","['crop', 'crop']",2
REPOLLO Y ZANAHORIA,1,"['REPOLLO', 'ZANAHORIA']","['crop', 'crop']",2
CAFE - NARANJA - PLATANO,1,"['CAFE', 'NARANJA', 'PLATANO']","['crop', 'crop', 'crop']",3
"CAFE 10%,  CACAO 20%,  HUABA 10%",1,"['CAFE', 'CACAO', 'GUABO']","['crop', 'crop', 'crop']",3
"CAFE, NARANJA, LIMA",1,"['CAFE', 'NARANJA', 'LIMA']","['crop', 'crop', 'crop']",3
"CAFE,CACAO , NARANJA",1,"['CAFE', 'CACAO', 'NARANJA']","['crop', 'crop', 'crop']",3
PASTO ELEFANTE Y PASTO,1,"['PASTO ELEFANTE', 'PASTO']","['pasture', 'pasture']",2
"PASTOS, PLATANO Y CAFE",1,"['PASTO', 'PLATANO', 'CAFE']","['pasture', 'crop', 'crop']",3
"PLATANO 40%, CAFE 30%, PALTA 30%",1,"['PLATANO', 'CAFE', 'PALTA']","['crop', 'crop', 'crop']",3
"REPOLLO , COLIFROR Y ZANAHORIA",1,"['REPOLLO', 'COLIFROR', 'ZANAHORIA']","['crop', 'crop', 'crop']",3
REPOLLO COLIFLOR,1,['REPOLLO COLIFLOR'],['crop'],1
PASTOI NATURAL,1,['PASTOI NATURAL'],['pasture'],1
DDESCANSO,1,['DDESCANSO'],['fallow'],1
FRUTAS Y CAMOTE,1,"['FRUTALES', 'CAMOTE']","['crop', 'crop']",2
"ALGODON, ARROZ",1,"['ALGODON', 'ARROZ']","['crop', 'crop']",2
      MANGO,1,['MANGO'],['crop'],1
"AJO 20%,  MAIZ 30%,   FRIJOL 30%",1,"['AJO', 'MAIZ', 'FRIJOL']","['crop', 'crop', 'crop']",3
ALFALFA 50% MAIZ 50%,1,"['ALFALFA', 'MAIZ']","['pasture', 'crop']",2
ALGARROBA,1,['ALGARROBA'],['crop'],1
ALGODON 80% ALFALFA 20%,1,"['ALGODON', 'ALFALFA']","['crop', 'pasture']",2
"ALGODON, CEBOLLA",1,"['ALGODON', 'CEBOLLA']","['crop', 'crop']",2
ARRO9Z,1,['ARRO'],['crop'],1
"ARROZ 30 , YUCA 10",1,"['ARROZ', 'YUCA']","['crop', 'crop']",2
"ARROZ 40, MAIZ 10",1,"['ARROZ', 'MAIZ']","['crop', 'crop']",2
"ARROZ 50, MAIZ 50",1,"['ARROZ', 'MAIZ']","['crop', 'crop']",2
BABANO ORGANICO,1,['BABANO ORGANICO'],['crop'],1
"CAFE 30%,   PLATANO 50%,   NARANJA 20%",1,"['CAFE', 'PLATANO', 'NARANJA']","['crop', 'crop', 'crop']",3
CAFE 50%- PLATNO 50%,1,"['CAFE', 'PLATNO']","['crop', 'crop']",2
CAFE PLATANO NATRANJA,1,['CAFE PLATANO NATRANJA'],['crop'],1
CAÑA (20%)    PLATANO (15%)     CAFE (15%),1,"['CAÑA DE AZUCAR', 'PLATANO', 'CAFE']","['crop', 'crop', 'crop']",3
CAÑA : 60% - PLATANO : 20%,1,"['CAÑA DE AZUCAR', 'PLATANO']","['crop', 'crop']",2
CAÑA 40%  PLATANO - CAFE 60%,1,"['CAÑA DE AZUCAR', 'PLATANO', 'CAFE']","['crop', 'crop', 'crop']",3
"CAÑA 90%, LIMON 10%",1,"['CAÑA DE AZUCAR', 'LIMON']","['crop', 'crop']",2
COCO 10% MANGO CIRUELO 20%,1,"['COCO', 'MANGO']","['crop', 'crop']",2
"COCO 60%, MANGO 15%",1,"['COCO', 'MANGO']","['crop', 'crop']",2
COCOTERO 10%-TAMARINDO 15%,1,"['COCO', 'TAMARINDO']","['crop', 'crop']",2
COCOTERO 30%-MANGO 50%-MAMEY 10%-PALTO 10%,1,"['COCO', 'MANGO', 'MAMEY', 'PALTA']","['crop', 'crop', 'crop', 'crop']",4
"COCOTERO, PLATANO",1,"['COCO', 'PLATANO']","['crop', 'crop']",2
COCOTEROMANGO,1,['COCOTEROMANGO'],['crop'],1
CULTIVO DE HORTALIZAS,1,['HORTALIZAS'],['crop'],1
"FREJOL 50%, MAIZ 50%",1,"['FRIJOL', 'MAIZ']","['crop', 'crop']",2
FREJOL 80% MAIZ 20%,1,"['FRIJOL', 'MAIZ']","['crop', 'crop']",2
FREJOL PALO 50% CASTILLA 50%,1,"['FRIJOL DE PALO', 'CASTILLA']","['crop', 'crop']",2
"FREJOL, PLATANO, MAIZ",1,"['FRIJOL', 'PLATANO', 'MAIZ']","['crop', 'crop', 'crop']",3
FRIJOL CHIELNO,1,['FRIJOL CHIELNO'],['crop'],1
"FRIJOL CHILENO (30%), YUCA(30%), MAIZ(40%)",1,"['FRIJOL CAUPI', 'YUCA', 'MAIZ']","['crop', 'crop', 'crop']",3
"FRIJOL DE PALO 30%, MAIZ 20%",1,"['FRIJOL DE PALO', 'MAIZ']","['crop', 'crop']",2
FRIJOL SARANDAJA 50% MAIZ 50%,1,"['FRIJOL', 'ZARANDAJA', 'MAIZ']","['crop', 'crop', 'crop']",3
FRIJOL: 70%  MAIZ: 30%,1,"['FRIJOL', 'MAIZ']","['crop', 'crop']",2
"FRUTALES (MANGO, LIMON)",1,['FRUTALES'],['crop'],1
"FRUTALES (MANGO, LIMON, PLATANO)",1,['FRUTALES'],['crop'],1
"LIMON , CIRUELO, COCO",1,"['LIMON', 'CIRUELA', 'COCO']","['crop', 'crop', 'crop']",3
LIMON 10%-MANGO 10%-TAMARINDO 5%,1,"['LIMON', 'MANGO', 'TAMARINDO']","['crop', 'crop', 'crop']",3
"LIMON 20,  MANGO 10",1,"['LIMON', 'MANGO']","['crop', 'crop']",2
"LIMON 20,MANGO20,COCOTERO30,PLATANO 30",1,"['LIMON', 'MANGO', 'COCO', 'PLATANO']","['crop', 'crop', 'crop', 'crop']",4
"LIMON 30, MANGO 20",1,"['LIMON', 'MANGO']","['crop', 'crop']",2
"LIMON 35, MANGO 20",1,"['LIMON', 'MANGO']","['crop', 'crop']",2
"LIMON 40, MANGO 50",1,"['LIMON', 'MANGO']","['crop', 'crop']",2
"LIMON 45, MANGO 40",1,"['LIMON', 'MANGO']","['crop', 'crop']",2
"LIMON 50, MANGO 30",1,"['LIMON', 'MANGO']","['crop', 'crop']",2
LIMON 70% MSNGO 20%,1,"['LIMON', 'MSNGO']","['crop', 'crop']",2
LIMON 80% - MANGO 20%,1,"['LIMON', 'MANGO']","['crop', 'crop']",2
"LIMON 80%,MANGO 10% ,MANGO  CIRUELO 5%",1,"['LIMON', 'MANGO']","['crop', 'crop']",2
"LIMON SUTIL(50), PLATANO(50)",1,"['LIMON', 'PLATANO']","['crop', 'crop']",2
"LIMONERO 10,  MANGO 10",1,"['LIMON', 'MANGO']","['crop', 'crop']",2
"LIMONERO 20, MANGO",1,"['LIMON', 'MANGO']","['crop', 'crop']",2
LIMONERO 30%-MANGO 70%,1,"['LIMON', 'MANGO']","['crop', 'crop']",2
"LIMONERO 30., MANGO 30",1,"['LIMON', 'MANGO']","['crop', 'crop']",2
"LIMONERO 40, MANGO 20,  MAIZ 20",1,"['LIMON', 'MANGO', 'MAIZ']","['crop', 'crop', 'crop']",3
LIMONERO 50%-MANGO 50%,1,"['LIMON', 'MANGO']","['crop', 'crop']",2
LIMONERO 80%  PLANTANO 20%,1,"['LIMON', 'PLANTANO']","['crop', 'crop']",2
LIMONERO MANGO,1,"['LIMON', 'MANGO']","['crop', 'crop']",2
LIMPIEZA PARA GRADEO,1,['LIMPIEZA PARA GRADEO'],['land_prep'],1
"MAIZ 20%, TRIGO 20%",1,"['MAIZ', 'TRIGO']","['crop', 'crop']",2
"MAIZ 20, ARROZ 20",1,"['MAIZ', 'ARROZ']","['crop', 'crop']",2
"MAIZ 30,  ARROZ 50",1,"['MAIZ', 'ARROZ']","['crop', 'crop']",2
MAIZ 30-ALGODON 30%,1,"['MAIZ', 'ALGODON']","['crop', 'crop']",2
MAIZ 40,1,['MAIZ'],['crop'],1
MAIZ 40%     FRIJOL 40%,1,"['MAIZ', 'FRIJOL']","['crop', 'crop']",2
"MAIZ 40%, ARVEJAS 40%",1,"['MAIZ', 'ARVEJA']","['crop', 'crop']",2
"MAIZ 40%, TRIGO 30%, CEBADA 30%",1,"['MAIZ', 'TRIGO', 'CEBADA']","['crop', 'crop', 'crop']",3
MAIZ 5%-FREJOL 10%,1,"['MAIZ', 'FRIJOL']","['crop', 'crop']",2
MAIZ 50% FREJOL DE PALO 50%,1,"['MAIZ', 'FRIJOL DE PALO']","['crop', 'crop']",2
MAIZ -RROZ,1,"['MAIZ', 'RROZ']","['crop', 'crop']",2
"MAIZ, FREJOL, CACAO, CARAMBOLA",1,"['MAIZ', 'FRIJOL', 'CACAO', 'CARAMBOLA']","['crop', 'crop', 'crop', 'crop']",4
"MAIZ, MARACUYA",1,"['MAIZ', 'MARACUYA']","['crop', 'crop']",2
MAIZ: 30%   ARVEJA. 20%,1,"['MAIZ', 'ARVEJA']","['crop', 'crop']",2
MAIZ: 80%      ARVEJA: 20%,1,"['MAIZ', 'ARVEJA']","['crop', 'crop']",2
MAIZ-CAMOTE,1,"['MAIZ', 'CAMOTE']","['crop', 'crop']",2
MANGO - LIMON - CACAO,1,"['MANGO', 'LIMON', 'CACAO']","['crop', 'crop', 'crop']",3
"MANGO 10, LIMONERO 30",1,"['MANGO', 'LIMON']","['crop', 'crop']",2
MANGO 30 Y CACAO 50,1,"['MANGO', 'CACAO']","['crop', 'crop']",2
"MANGO 30,  LIMONERO 30",1,"['MANGO', 'LIMON']","['crop', 'crop']",2
MANGO 40%-PLATANO 40%,1,"['MANGO', 'PLATANO']","['crop', 'crop']",2
MANGO 40Y PLATANO 40,1,"['MANGO', 'PLATANO']","['crop', 'crop']",2
MANGO 50%- LIMON 50%,1,"['MANGO', 'LIMON']","['crop', 'crop']",2
"MANGO 50%, PLATANO 25%",1,"['MANGO', 'PLATANO']","['crop', 'crop']",2
"MANGO 50, LIMON 20",1,"['MANGO', 'LIMON']","['crop', 'crop']",2
"MANGO 50, LIMON 40",1,"['MANGO', 'LIMON']","['crop', 'crop']",2
"MANGO 50, LIMONERO 30",1,"['MANGO', 'LIMON']","['crop', 'crop']",2
MANGO 60%-LIMON 205,1,"['MANGO', 'LIMON']","['crop', 'crop']",2
MANGO 70%- PLATANO 20%-MAIZ 5%,1,"['MANGO', 'PLATANO', 'MAIZ']","['crop', 'crop', 'crop']",3
MANGO 95% - LIMON 5%,1,"['MANGO', 'LIMON']","['crop', 'crop']",2
MANGO- LIMON - CACAO,1,"['MANGO', 'LIMON', 'CACAO']","['crop', 'crop', 'crop']",3
MANGO PLATANO,1,"['MANGO', 'PLATANO']","['crop', 'crop']",2
"MANGO, LIMON, BANANO, PAPAYO",1,"['MANGO', 'LIMON', 'BANANO', 'PAPAYA']","['crop', 'crop', 'crop', 'crop']",4
"MANGO, LIMON, TARINDO, NARANJA",1,"['MANGO', 'LIMON', 'TARINDO', 'NARANJA']","['crop', 'crop', 'crop', 'crop']",4
MANGO25% COCO 25%,1,"['MANGO', 'COCO']","['crop', 'crop']",2
MANGO-COCOTERO,1,"['MANGO', 'COCO']","['crop', 'crop']",2
MANGO-LIMONERO,1,"['MANGO', 'LIMON']","['crop', 'crop']",2
"MANGOS( 50),LIMON(30)",1,"['MANGO', 'LIMON']","['crop', 'crop']",2
MARACUYA NARANJO,1,"['MARACUYA', 'NARANJA']","['crop', 'crop']",2
MARACUYA- PAPAYA,1,"['MARACUYA', 'PAPAYA']","['crop', 'crop']",2
MIAZ 30%-CAMOTE 10%-YUCA 10%,1,"['MIAZ', 'CAMOTE', 'YUCA']","['crop', 'crop', 'crop']",3
NARANJA- CAFE LIMON.PLATANO,1,"['NARANJA', 'CAFE', 'LIMON', 'PLATANO']","['crop', 'crop', 'crop', 'crop']",4
NUDILLO 70%   PAJA BLANCA 30%,1,"['NUDILLO', 'PAJA BLANCA']","['pasture', 'pasture']",2
PAJA BLANCA - NUDILLO,1,"['PAJA BLANCA', 'NUDILLO']","['pasture', 'pasture']",2
"PAPAYA 30, MANGO 30",1,"['PAPAYA', 'MANGO']","['crop', 'crop']",2
PASTO ELEFANTE 50% PLATANO 50%,1,"['PASTO ELEFANTE', 'PLATANO']","['pasture', 'crop']",2
PLANTANO,1,['PLANTANO'],['crop'],1
PLATANO - CAFE 70%        CAFE-PLATANO 30%,1,"['PLATANO', 'CAFE']","['crop', 'crop']",2
"PLATANO 15%, GUAYAQUIL 15%",1,"['PLATANO', 'GUAYAQUIL']","['crop', 'crop']",2
PLATANO 30%    CAFE 20%    PALTA 10%,1,"['PLATANO', 'CAFE', 'PALTA']","['crop', 'crop', 'crop']",3
"PLATANO 45%, COCO 55%",1,"['PLATANO', 'COCO']","['crop', 'crop']",2
PLATANO 60-MANGO CIRUELO 20%-CACAO10%-COCOTERO10,1,"['PLATANO', 'MANGO', 'CACAO', 'COCO']","['crop', 'crop', 'crop', 'crop']",4
PLATANO 75% MAIZ 25%,1,"['PLATANO', 'MAIZ']","['crop', 'crop']",2
"PLATANO 80%,  LIMON 20%",1,"['PLATANO', 'LIMON']","['crop', 'crop']",2
PLATANO 95%    MAMEY 5%,1,"['PLATANO', 'MAMEY']","['crop', 'crop']",2
PLATANO MAIZ,1,"['PLATANO', 'MAIZ']","['crop', 'crop']",2
PLATANO NARANJA,1,"['PLATANO', 'NARANJA']","['crop', 'crop']",2
"PLATANO, COCOTERO",1,"['PLATANO', 'COCO']","['crop', 'crop']",2
"PLATANO, PAPAYA, NONI",1,"['PLATANO', 'PAPAYA', 'NONI']","['crop', 'crop', 'crop']",3
PLATAO COCOTERO Y CACAO,1,"['PLATAO COCOTERO', 'CACAO']","['crop', 'crop']",2
POZAS PARA CULTIVO DE ARROZ,1,['POZAS PARA CULTIVO DE ARROZ'],['crop'],1
PREPARACION  DEL TERRENO,1,['PREPARACION'],['land_prep'],1
RASTROJOS ARROZ,1,['ARROZ'],['crop'],1
"TAMARINDO, LIMON",1,"['TAMARINDO', 'LIMON']","['crop', 'crop']",2
TERRENO EN DECANZO,1,['TERRENO EN DECANZO'],['crop'],1
TERRENO EN DESCANSO 100,1,['DESCANSO'],['fallow'],1
"TRIGO 50%, CEBADA 40%, MAIZ 10%",1,"['TRIGO', 'CEBADA', 'MAIZ']","['crop', 'crop', 'crop']",3
"TRIGO 60%,    MAIZ 40%",1,"['TRIGO', 'MAIZ']","['crop', 'crop']",2
YUCA 20,1,['YUCA'],['crop'],1
"YUCA 30,MAIZ 30, CAMOTE 30",1,"['YUCA', 'MAIZ', 'CAMOTE']","['crop', 'crop', 'crop']",3
ALGARROBOS FAIQUE,1,"['ALGARROBO', 'FAIQUE']","['crop', 'crop']",2
"PLATANO, MAMEY, CACAO, CAÑA DE AZUCAR",1,"['PLATANO', 'MAMEY', 'CACAO', 'CAÑA DE AZUCAR']","['crop', 'crop', 'crop', 'crop']",4
"CACAO, PLATANO Y CAÑA DE AZUCAR",1,"['CACAO', 'PLATANO', 'CAÑA DE AZUCAR']","['crop', 'crop', 'crop']",3
LIMA Y CAÑA DE AZUCAR,1,"['LIMA', 'CAÑA DE AZUCAR']","['crop', 'crop']",2
"CACAO, YUCA, CAÑA DE AZUCAR",1,"['CACAO', 'YUCA', 'CAÑA DE AZUCAR']","['crop', 'crop', 'crop']",3
"YUCA, CAÑA, MAIZ,PLATANO",1,"['YUCA', 'CAÑA DE AZUCAR', 'MAIZ', 'PLATANO']","['crop', 'crop', 'crop', 'crop']",4
"MAIZ, HABA",1,"['MAIZ', 'HABA']","['crop', 'crop']",2
"LIMON,MANGO,TAMARINDO,PLATANO, COCO",1,"['LIMON', 'MANGO', 'TAMARINDO', 'PLATANO', 'COCO']","['crop', 'crop', 'crop', 'crop', 'crop']",5
"LIMON, LIMA",1,"['LIMON', 'LIMA']","['crop', 'crop']",2
TERRENO CON RIEGO DE MACHACO,1,"['TERRENO', 'RIEGO DE MACHACO']","['crop', 'crop']",2
"FRUTALES (COCO, MANGO, HUABA)",1,['FRUTALES'],['crop'],1
ALGODON (80%)   MAIZ (20%),1,"['ALGODON', 'MAIZ']","['crop', 'crop']",2
ARROZ: 40%   MAIZ: 60%,1,"['ARROZ', 'MAIZ']","['crop', 'crop']",2
ARROZ  (40%)  MAIZ (40%),1,"['ARROZ', 'MAIZ']","['crop', 'crop']",2
MANGO - PLATANO,1,"['MANGO', 'PLATANO']","['crop', 'crop']",2
"YUCA 40%,  ALGODON 60%",1,"['YUCA', 'ALGODON']","['crop', 'crop']",2
ALFALFA 50%   MAIZ 50%,1,"['ALFALFA', 'MAIZ']","['pasture', 'crop']",2
MAIZ (50%)  FRIJOL (50%),1,"['MAIZ', 'FRIJOL']","['crop', 'crop']",2
MAIZ (60%)  RACACHA (10%)  FRIJOL (10%),1,"['MAIZ', 'RACACHA', 'FRIJOL']","['crop', 'crop', 'crop']",3
ARVEJA - TRIGO,1,"['ARVEJA', 'TRIGO']","['crop', 'crop']",2
MAIZ 40%     ALBERJA 40%,1,"['MAIZ', 'ARVEJA']","['crop', 'crop']",2
MAIZ 70%      TRIGO 30%,1,"['MAIZ', 'TRIGO']","['crop', 'crop']",2
"TOMATE(30%),  AJO(30%), REPOLLO(20%),  LINAZA(2.0%)",1,"['TOMATE', 'AJO', 'REPOLLO', 'LINAZA']","['crop', 'crop', 'crop', 'crop']",4
TRIGO: 70%   MAIZ: 20%   ALBERJA: 10%,1,"['TRIGO', 'MAIZ', 'ARVEJA']","['crop', 'crop', 'crop']",3
FRUTALES NARANJA 40%   CAÑA 30%    PALTA 30%,1,"['FRUTALES', 'NARANJA', 'CAÑA DE AZUCAR', 'PALTA']","['crop', 'crop', 'crop', 'crop']",4
MAIZ (70%)   CEBADA (10%),1,"['MAIZ', 'CEBADA']","['crop', 'crop']",2
"PAPA, ALVERJA",1,"['PAPA', 'ARVEJA']","['crop', 'crop']",2
PLATANO 20%   CAÑA 60%   PALTA 20%,1,"['PLATANO', 'CAÑA DE AZUCAR', 'PALTA']","['crop', 'crop', 'crop']",3
TRIGO. 70%    MAIZ: 20%,1,"['TRIGO', 'MAIZ']","['crop', 'crop']",2
TRIGO: 70%    MAIZ: 30%,1,"['TRIGO', 'MAIZ']","['crop', 'crop']",2
ZARCILLO,1,['ZARCILLO'],['crop'],1
TRIGO 90%      10% DESCANSO,1,"['TRIGO', 'DESCANSO']","['crop', 'fallow']",2
MAIZ - ALVERJA,1,"['MAIZ', 'ARVEJA']","['crop', 'crop']",2
TRIGO: 70%   MAIZ: 30%,1,"['TRIGO', 'MAIZ']","['crop', 'crop']",2
MAIZ:  80%  PAPA: 10%  CAÑA DE AZUCAR: 10%,1,"['MAIZ', 'PAPA', 'CAÑA DE AZUCAR']","['crop', 'crop', 'crop']",3
"MAIZ,  FREJOL",1,"['MAIZ', 'FRIJOL']","['crop', 'crop']",2
MAIZ: 80%   CAMOTE:20%,1,"['MAIZ', 'CAMOTE']","['crop', 'crop']",2
"AJO, PAPA, OLLUCO",1,"['AJO', 'PAPA', 'OLLUCO']","['crop', 'crop', 'crop']",3
TRIGO (15%)  MAIZ (25%),1,"['TRIGO', 'MAIZ']","['crop', 'crop']",2
TRIGO - ARVEJA,1,"['TRIGO', 'ARVEJA']","['crop', 'crop']",2
MAIZ 50%     TRIGO 10%,1,"['MAIZ', 'TRIGO']","['crop', 'crop']",2
CEBADA 50%       TRIGO 50%,1,"['CEBADA', 'TRIGO']","['crop', 'crop']",2
MAIZ  Y TRIGO,1,"['MAIZ', 'TRIGO']","['crop', 'crop']",2
ARVEJA 40%     HABA 30%,1,"['ARVEJA', 'HABA']","['crop', 'crop']",2
MAIZ  - PAPA,1,"['MAIZ', 'PAPA']","['crop', 'crop']",2
"MAIZ, PAPA,  AJO",1,"['MAIZ', 'PAPA', 'AJO']","['crop', 'crop', 'crop']",3
MAIZ: 60%   FRIJOL: 40%,1,"['MAIZ', 'FRIJOL']","['crop', 'crop']",2
MAIZ: 70%   TRIGO: 20%,1,"['MAIZ', 'TRIGO']","['crop', 'crop']",2
TRIGO  40%        MAIZ 30%,1,"['TRIGO', 'MAIZ']","['crop', 'crop']",2
TRIGO 30%      MAIZ 20%,1,"['TRIGO', 'MAIZ']","['crop', 'crop']",2
TRIGO 80%        MAIZ 10%         ARVEJA 10%,1,"['TRIGO', 'MAIZ', 'ARVEJA']","['crop', 'crop', 'crop']",3
"AJO , PAPA",1,"['AJO', 'PAPA']","['crop', 'crop']",2
MAIZ (50%)       PAPA (50%),1,"['MAIZ', 'PAPA']","['crop', 'crop']",2
"MAIZ, AJO",1,"['MAIZ', 'AJO']","['crop', 'crop']",2
LUCUMA,1,['LUCUMA'],['crop'],1
MAIZ 80%  ARVEJA 20%,1,"['MAIZ', 'ARVEJA']","['crop', 'crop']",2
MAIZ:  30%     ALVERJA: 30%      ZANAHORIA: 20%        CAMOTE: 20%,1,"['MAIZ', 'ARVEJA', 'ZANAHORIA', 'CAMOTE']","['crop', 'crop', 'crop', 'crop']",4
TRIGO - AJO,1,"['TRIGO', 'AJO']","['crop', 'crop']",2
ZANAHORIA: 20%     AJO: 30%       TRIGO: 50%,1,"['ZANAHORIA', 'AJO', 'TRIGO']","['crop', 'crop', 'crop']",3
CAMOTE 20%     MAIZ 20%     FRIJOL 20%     AJO 10%,1,"['CAMOTE', 'MAIZ', 'FRIJOL', 'AJO']","['crop', 'crop', 'crop', 'crop']",4
"CAÑAS 60%, CAMOTE 10%, PLATANOS 30%",1,"['CAÑA DE AZUCAR', 'CAMOTE', 'PLATANO']","['crop', 'crop', 'crop']",3
MAIZ (20%) - ARVEJA (30%),1,"['MAIZ', 'ARVEJA']","['crop', 'crop']",2
MAIZ 50%      FRIJOL 50%,1,"['MAIZ', 'FRIJOL']","['crop', 'crop']",2
PLATANO (70%)     CAÑA (30%),1,"['PLATANO', 'CAÑA DE AZUCAR']","['crop', 'crop']",2
MAIZ (80%)       ARVEJA (20%),1,"['MAIZ', 'ARVEJA']","['crop', 'crop']",2
MAIZ : 40% - FRIJOL : 30%,1,"['MAIZ', 'FRIJOL']","['crop', 'crop']",2
GRAMA DULCE (40%) - NUDILLO (30%),1,"['GRAMA DULCE', 'NUDILLO']","['pasture', 'pasture']",2
"TRIGO 50%, OCA 50%",1,"['TRIGO', 'OCA']","['crop', 'crop']",2
"ARVEJA 30%, OLLUCO 30%",1,"['ARVEJA', 'OLLUCO']","['crop', 'crop']",2
"TRIGO 50%, OCA 30%, OLLUCO 20%",1,"['TRIGO', 'OCA', 'OLLUCO']","['crop', 'crop', 'crop']",3
"TRIGO 70%, ARVEJA 30%",1,"['TRIGO', 'ARVEJA']","['crop', 'crop']",2
GRASS AMARILLO,1,['GRASS AMARILLO'],['crop'],1
MASMA 50%,1,['MASMA'],['crop'],1
OLLUCO 10%    PAPA 30%    HABA 10%,1,"['OLLUCO', 'PAPA', 'HABA']","['crop', 'crop', 'crop']",3
OLLUCO 50%,1,['OLLUCO'],['crop'],1
PAPA 50%,1,['PAPA'],['crop'],1
PAPA 50%     MAIZ 30%,1,"['PAPA', 'MAIZ']","['crop', 'crop']",2
TRIGO 30%   MAIZ 30%    ARVEJA 30%,1,"['TRIGO', 'MAIZ', 'ARVEJA']","['crop', 'crop', 'crop']",3
TRIGO 40%      MAIZ 20%,1,"['TRIGO', 'MAIZ']","['crop', 'crop']",2
TRIGO 40%      MAIZ 30%,1,"['TRIGO', 'MAIZ']","['crop', 'crop']",2
TRIGO 50%,1,['TRIGO'],['crop'],1
TRIGO 50%    MAIZ 30%,1,"['TRIGO', 'MAIZ']","['crop', 'crop']",2
TRIGO 70%     ARVEJA 30%,1,"['TRIGO', 'ARVEJA']","['crop', 'crop']",2
"CAÑA 50%, LUCUMA 10%, PLATANO 40%",1,"['CAÑA DE AZUCAR', 'LUCUMA', 'PLATANO']","['crop', 'crop', 'crop']",3
"MAIZ, ARVERJA, FREJOL",1,"['MAIZ', 'ARVEJA', 'FRIJOL']","['crop', 'crop', 'crop']",3
"AJO, CAÑA DE AZUCAR, ALFALFA",1,"['AJO', 'CAÑA DE AZUCAR', 'ALFALFA']","['crop', 'crop', 'pasture']",3
"TRIGO 50%, ARVEJAS 50%",1,"['TRIGO', 'ARVEJA']","['crop', 'crop']",2
"TRIGO, FREJOL, ARVERJA",1,"['TRIGO', 'FRIJOL', 'ARVEJA']","['crop', 'crop', 'crop']",3
CAFE 50%       LIMON 50%,1,"['CAFE', 'LIMON']","['crop', 'crop']",2
FREJOL 30%    MAIZ 60%,1,"['FRIJOL', 'MAIZ']","['crop', 'crop']",2
FREJOL 50%    MAIZ 50%,1,"['FRIJOL', 'MAIZ']","['crop', 'crop']",2
OLLUCO 60%     PAPA 40%,1,"['OLLUCO', 'PAPA']","['crop', 'crop']",2
PAPA 20%    TRIGO 80%,1,"['PAPA', 'TRIGO']","['crop', 'crop']",2
PAPA 40%     MAIZ 40%,1,"['PAPA', 'MAIZ']","['crop', 'crop']",2
PAPA 60%   OLLUCO 40%,1,"['PAPA', 'OLLUCO']","['crop', 'crop']",2
TRIGO 40%     MAIZ 30%      ARVEJA 30%,1,"['TRIGO', 'MAIZ', 'ARVEJA']","['crop', 'crop', 'crop']",3
TRIGO 40%    MAIZ 40%,1,"['TRIGO', 'MAIZ']","['crop', 'crop']",2
TRIGO 50%     ARVEJA 30%     MAIZ 20%,1,"['TRIGO', 'ARVEJA', 'MAIZ']","['crop', 'crop', 'crop']",3
TRIGO 50%    OLLUCO 20%   MAIZ 10%,1,"['TRIGO', 'OLLUCO', 'MAIZ']","['crop', 'crop', 'crop']",3
TRIGO 50%   MAIZ 30%    OLLUCO 20%,1,"['TRIGO', 'MAIZ', 'OLLUCO']","['crop', 'crop', 'crop']",3
TRIGO 60%     MAIZ 20%,1,"['TRIGO', 'MAIZ']","['crop', 'crop']",2
TRIGO 80%    MAIZ 10%     OLLUCO 10%,1,"['TRIGO', 'MAIZ', 'OLLUCO']","['crop', 'crop', 'crop']",3
PAPA 30%   MAIZ 70%,1,"['PAPA', 'MAIZ']","['crop', 'crop']",2
ARVERJA 80%,1,['ARVEJA'],['crop'],1
TRIGO 50%      ARVERJA 30%,1,"['TRIGO', 'ARVEJA']","['crop', 'crop']",2
"CAÑA AZUCAR80%, PLATANO 20%",1,"['CAÑA DE AZUCAR', 'PLATANO']","['crop', 'crop']",2
"COCO, PLATANO",1,"['COCO', 'PLATANO']","['crop', 'crop']",2
MAIZ 30%  PAPA 20%  AJO 10%,1,"['MAIZ', 'PAPA', 'AJO']","['crop', 'crop', 'crop']",3
"ARVERJA , TRIGO",1,"['ARVEJA', 'TRIGO']","['crop', 'crop']",2
CAÑA 70%    LIMA 30%,1,"['CAÑA DE AZUCAR', 'LIMA']","['crop', 'crop']",2
CAÑA 70%    NARANJA 30%,1,"['CAÑA DE AZUCAR', 'NARANJA']","['crop', 'crop']",2
"CAÑA DE AZUCAR 50% , CAFE 50%",1,"['CAÑA DE AZUCAR', 'CAFE']","['crop', 'crop']",2
"CEBADA, ARVERJA",1,"['CEBADA', 'ARVEJA']","['crop', 'crop']",2
"TRIGO , ARVERJA",1,"['TRIGO', 'ARVEJA']","['crop', 'crop']",2
"TRIGO 50%,  MAIZ 30%,   PASTOS 20%",1,"['TRIGO', 'MAIZ', 'PASTO']","['crop', 'crop', 'pasture']",3
"CAFE 40%, CAÑA DE AZUCAR 30%, 'PLATANO 30%",1,"['CAFE', 'CAÑA DE AZUCAR', ""'PLATANO""]","['crop', 'crop', 'crop']",3
"CAÑA 15%,   LIMON 10%,   PALTA 15%",1,"['CAÑA DE AZUCAR', 'LIMON', 'PALTA']","['crop', 'crop', 'crop']",3
CAÑA 50%   AJO 50%,1,"['CAÑA DE AZUCAR', 'AJO']","['crop', 'crop']",2
"CAÑA DE AZUCAR 40%, CAFE 30%, PLATANO 30%",1,"['CAÑA DE AZUCAR', 'CAFE', 'PLATANO']","['crop', 'crop', 'crop']",3
"MAIZ 30%,   FRIJOL 30%",1,"['MAIZ', 'FRIJOL']","['crop', 'crop']",2
PLATANO 70%    CAÑA 30%,1,"['PLATANO', 'CAÑA DE AZUCAR']","['crop', 'crop']",2
"40% PLATANO, 40% CAFE",1,"['PLATANO', 'CAFE']","['crop', 'crop']",2
ARVERJA 30%    MAIZ 30%    TRIGO 40%,1,"['ARVEJA', 'MAIZ', 'TRIGO']","['crop', 'crop', 'crop']",3
ARVERJA 30%   TRIGO 40%    MAIZ 30%,1,"['ARVEJA', 'TRIGO', 'MAIZ']","['crop', 'crop', 'crop']",3
ARVERJA 50%    MAIZ 50%,1,"['ARVEJA', 'MAIZ']","['crop', 'crop']",2
MAIZ 50%   TRIGO  50%,1,"['MAIZ', 'TRIGO']","['crop', 'crop']",2
TRIGO 50%  MAIZ 50%,1,"['TRIGO', 'MAIZ']","['crop', 'crop']",2
CAFE 50%   PLATANO 40%   NARANJA 10%,1,"['CAFE', 'PLATANO', 'NARANJA']","['crop', 'crop', 'crop']",3
"YUCA 70%,   FRIJOL 30%",1,"['YUCA', 'FRIJOL']","['crop', 'crop']",2
ARVERJA 50%   TRIGO 50%,1,"['ARVEJA', 'TRIGO']","['crop', 'crop']",2
CAÑA 80%  PLATANO 20%,1,"['CAÑA DE AZUCAR', 'PLATANO']","['crop', 'crop']",2
PASTO ELEFANTE 60%   CAÑA 40%,1,"['PASTO ELEFANTE', 'CAÑA DE AZUCAR']","['pasture', 'crop']",2
"CAFE 30%, PLATANO 40%,  NARANJA 30%",1,"['CAFE', 'PLATANO', 'NARANJA']","['crop', 'crop', 'crop']",3
CAÑA 60%  PLATANO 40%,1,"['CAÑA DE AZUCAR', 'PLATANO']","['crop', 'crop']",2
PLATANO 50%  CAÑA 50%,1,"['PLATANO', 'CAÑA DE AZUCAR']","['crop', 'crop']",2
"ALVERJA 10%,  YUCA  5%,   FRIJOL 20%,   MAIZ 20%,   TRIGO 20%",1,"['ARVEJA', 'YUCA', 'FRIJOL', 'MAIZ', 'TRIGO']","['crop', 'crop', 'crop', 'crop', 'crop']",5
"CAFE 10%,   PLATANO 5%",1,"['CAFE', 'PLATANO']","['crop', 'crop']",2
CAFE 30%   PLATANO 40%   NARANJA 30%,1,"['CAFE', 'PLATANO', 'NARANJA']","['crop', 'crop', 'crop']",3
"CAFE 40 %, PLATANO 25%, NARANJA 5%, PASTO ELEFANTE 30%",1,"['CAFE', 'PLATANO', 'NARANJA', 'PASTO ELEFANTE']","['crop', 'crop', 'crop', 'pasture']",4
"MAIZ 15%,  FRIJOL 10%,  PAPA 20%,  ARVERJA 20%,  TRIGO 35%",1,"['MAIZ', 'FRIJOL', 'PAPA', 'ARVEJA', 'TRIGO']","['crop', 'crop', 'crop', 'crop', 'crop']",5
MAIZ 30%   TRIGO 50%    ARVERJA 20%,1,"['MAIZ', 'TRIGO', 'ARVEJA']","['crop', 'crop', 'crop']",3
MAIZ 40%     ARVERJA 20%     TRIGO 40%,1,"['MAIZ', 'ARVEJA', 'TRIGO']","['crop', 'crop', 'crop']",3
MAIZ 50%     ARVERJA 50%,1,"['MAIZ', 'ARVEJA']","['crop', 'crop']",2
PLATANO 40%   CAFE 30%    NARANJA 30%,1,"['PLATANO', 'CAFE', 'NARANJA']","['crop', 'crop', 'crop']",3
"TRIGO 40%,    ARVERJA 20%,    HABA  20%,    MAIZ 20%",1,"['TRIGO', 'ARVEJA', 'HABA', 'MAIZ']","['crop', 'crop', 'crop', 'crop']",4
CAFE 20%    PLATANO 50%  GUAYAQUIL 30%,1,"['CAFE', 'PLATANO', 'GUAYAQUIL']","['crop', 'crop', 'crop']",3
CAFE 30%     PLATANO 50%   NARANJA 20%,1,"['CAFE', 'PLATANO', 'NARANJA']","['crop', 'crop', 'crop']",3
"CAÑA DE AZUCAR 40%, MAIZ 60%",1,"['CAÑA DE AZUCAR', 'MAIZ']","['crop', 'crop']",2
"CEBADA, TRIGO",1,"['CEBADA', 'TRIGO']","['crop', 'crop']",2
"MAIZ 40%,    TRIGO 30%     ARVERJA 10%,    FRIJOL 20%",1,"['MAIZ', 'TRIGO', 'ARVEJA', 'FRIJOL']","['crop', 'crop', 'crop', 'crop']",4
"MAIZ 40%,  TRIGO 40%,   FRIJOL 20%",1,"['MAIZ', 'TRIGO', 'FRIJOL']","['crop', 'crop', 'crop']",3
"MAIZ, TRIGO, CEBADA",1,"['MAIZ', 'TRIGO', 'CEBADA']","['crop', 'crop', 'crop']",3
TRIGO 50%    MAIZ 40%     ARVERJA 10%,1,"['TRIGO', 'MAIZ', 'ARVEJA']","['crop', 'crop', 'crop']",3
TRIGO 60%    ARVERJA 10%      MAIZ 20%,1,"['TRIGO', 'ARVEJA', 'MAIZ']","['crop', 'crop', 'crop']",3
MAIZ (60%)   ARVERJA (20%),1,"['MAIZ', 'ARVEJA']","['crop', 'crop']",2
"MAIZ (60%),  FRIJOL (30%)",1,"['MAIZ', 'FRIJOL']","['crop', 'crop']",2
MAIZ 50%    ARVERJA 50%,1,"['MAIZ', 'ARVEJA']","['crop', 'crop']",2
OLLUCO 50%   HABA 50%,1,"['OLLUCO', 'HABA']","['crop', 'crop']",2
PAJA DEL  CERRO,1,['PAJA DEL CERRO'],['pasture'],1
"PAPA 20%,   MAIZ 30%,   ARVERJA 10%,    TRIGO 40%",1,"['PAPA', 'MAIZ', 'ARVEJA', 'TRIGO']","['crop', 'crop', 'crop', 'crop']",4
PASTO ELEFANTE 60%  PLATANO 40%,1,"['PASTO ELEFANTE', 'PLATANO']","['pasture', 'crop']",2
PLATANO 40%-CAFE 40%-NARANJO 20%,1,"['PLATANO', 'CAFE', 'NARANJA']","['crop', 'crop', 'crop']",3
TRIGO 25%,1,['TRIGO'],['crop'],1
TRIGO 40%   ARVERJA 30%,1,"['TRIGO', 'ARVEJA']","['crop', 'crop']",2
"TRIGO 40%,   ARVERJA 30%",1,"['TRIGO', 'ARVEJA']","['crop', 'crop']",2
"MAIZ (30%),  TRIGO (65%),  YUCA (5%)",1,"['MAIZ', 'TRIGO', 'YUCA']","['crop', 'crop', 'crop']",3
MAIZ (70%)     FRIJOL (30%),1,"['MAIZ', 'FRIJOL']","['crop', 'crop']",2
MAIZ 40%    FRIJOL 30%,1,"['MAIZ', 'FRIJOL']","['crop', 'crop']",2
"MAIZ 60%,    PASTOS NATURALES 40%",1,"['MAIZ', 'PASTO NATURAL']","['crop', 'pasture']",2
"MAIZ 70%,   ARVERJA 30%",1,"['MAIZ', 'ARVEJA']","['crop', 'crop']",2
PLATANO 50%    CAFE 50%,1,"['PLATANO', 'CAFE']","['crop', 'crop']",2
"TRIGO 40%,  MAIZ 20%,  CEBADA 20%",1,"['TRIGO', 'MAIZ', 'CEBADA']","['crop', 'crop', 'crop']",3
"TRIGO 50%,  MAIZ 40%",1,"['TRIGO', 'MAIZ']","['crop', 'crop']",2
TRIGO 7%   MAIZ 30%,1,"['TRIGO', 'MAIZ']","['crop', 'crop']",2
ARVEJA 30%   HABA 30%,1,"['ARVEJA', 'HABA']","['crop', 'crop']",2
"CAÑA 20%,  PLATANO 10%,  CAFE 10%,  PASTO ELEFANTE 60%",1,"['CAÑA DE AZUCAR', 'PLATANO', 'CAFE', 'PASTO ELEFANTE']","['crop', 'crop', 'crop', 'pasture']",4
CAÑA DE AZUCAR 50%     PLATANO 50%,1,"['CAÑA DE AZUCAR', 'PLATANO']","['crop', 'crop']",2
"MAIZ, ARVERJA , TRIGO",1,"['MAIZ', 'ARVEJA', 'TRIGO']","['crop', 'crop', 'crop']",3
"MAIZ, ARVERJA, TRIGO,",1,"['MAIZ', 'ARVEJA', 'TRIGO']","['crop', 'crop', 'crop']",3
"PASTO ELEFANTE 60%,  PLATANO 30%",1,"['PASTO ELEFANTE', 'PLATANO']","['pasture', 'crop']",2
"PLATANO 50%,  CAÑA 25%,   CAFE 25%",1,"['PLATANO', 'CAÑA DE AZUCAR', 'CAFE']","['crop', 'crop', 'crop']",3
MAIZ 50%     HABA 10%,1,"['MAIZ', 'HABA']","['crop', 'crop']",2
"MAIZ 70%,    TRIGO 30%",1,"['MAIZ', 'TRIGO']","['crop', 'crop']",2
PASTO ELEFANTE 50%  PLATANO 30%  NARANJA 20%,1,"['PASTO ELEFANTE', 'PLATANO', 'NARANJA']","['pasture', 'crop', 'crop']",3
"CAÑA, LUCUMO",1,"['CAÑA DE AZUCAR', 'LUCUMO']","['crop', 'crop']",2
RASTROJO TRIGO 50%           RASTROJO CEBADA 50%,1,"['TRIGO', 'CEBADA']","['crop', 'crop']",2
"CAÑA 40%,   PLATANO 40%,  PASTO 20%",1,"['CAÑA DE AZUCAR', 'PLATANO', 'PASTO']","['crop', 'crop', 'pasture']",3
"CAÑA 20%,   PASTO ELEFANTE 60&",1,"['CAÑA DE AZUCAR', 'PASTO ELEFANTE']","['crop', 'pasture']",2
FREJOL 50%   CEBADA 50%,1,"['FRIJOL', 'CEBADA']","['crop', 'crop']",2
"FRIJOL 10%,  REPOLLO 10%",1,"['FRIJOL', 'REPOLLO']","['crop', 'crop']",2
"MAIZ 30%,   TRIGO 70%",1,"['MAIZ', 'TRIGO']","['crop', 'crop']",2
"MAIZ 30%,  TRIGO 40%,   FRIJOL 20%,   CAMOTE 10%",1,"['MAIZ', 'TRIGO', 'FRIJOL', 'CAMOTE']","['crop', 'crop', 'crop', 'crop']",4
"MAIZ 40%,  TRIGO 40%,   PASTOS NATURALES 20%",1,"['MAIZ', 'TRIGO', 'PASTO NATURAL']","['crop', 'crop', 'pasture']",3
"MAIZ 50%,   ARVEJA 40%",1,"['MAIZ', 'ARVEJA']","['crop', 'crop']",2
"MAIZ 50%,  TRIGO 50%",1,"['MAIZ', 'TRIGO']","['crop', 'crop']",2
"MAIZ, ARVEJA, TRIGO",1,"['MAIZ', 'ARVEJA', 'TRIGO']","['crop', 'crop', 'crop']",3
"PAPA 60% , TRIGO 40%",1,"['PAPA', 'TRIGO']","['crop', 'crop']",2
RASTROJO DE TRIGO 50%  Y  CEBADA 50%,1,"['TRIGO', 'CEBADA']","['crop', 'crop']",2
TRIGO 50%   MAIZ 30%    ARVERJA 20%,1,"['TRIGO', 'MAIZ', 'ARVEJA']","['crop', 'crop', 'crop']",3
TRIGO 50%  ARVERJA 50%,1,"['TRIGO', 'ARVEJA']","['crop', 'crop']",2
"TRIGO 50%,    MAIZ 40%,   PASTOS NATURALES 10%",1,"['TRIGO', 'MAIZ', 'PASTO NATURAL']","['crop', 'crop', 'pasture']",3
"TRIGO 70%,   MAIZ 30%",1,"['TRIGO', 'MAIZ']","['crop', 'crop']",2
"40% PAPA, 40% ARVERJA, 20% TRIGO",1,"['PAPA', 'ARVEJA', 'TRIGO']","['crop', 'crop', 'crop']",3
CAÑA DE AZUCAR 30%,1,['CAÑA DE AZUCAR'],['crop'],1
CEBADA 50%   MAIZ 20%   TRIGO 30%,1,"['CEBADA', 'MAIZ', 'TRIGO']","['crop', 'crop', 'crop']",3
HABA 20%   ARVEJA 20%  MAIZ 60%,1,"['HABA', 'ARVEJA', 'MAIZ']","['crop', 'crop', 'crop']",3
MAIZ 40%   ARVERJA 20%    FRIJOL 10%,1,"['MAIZ', 'ARVEJA', 'FRIJOL']","['crop', 'crop', 'crop']",3
"MAIZ 40%, TRIGO 40%, PAPA 20%",1,"['MAIZ', 'TRIGO', 'PAPA']","['crop', 'crop', 'crop']",3
"MAIZ 50%,  ARVEJA 50%",1,"['MAIZ', 'ARVEJA']","['crop', 'crop']",2
MAIZ 60%     ARVERJA 40%,1,"['MAIZ', 'ARVEJA']","['crop', 'crop']",2
"PASTO ELEFANTE 30%, CAFE 20%, PLATANO 30%, NARANJA 20%",1,"['PASTO ELEFANTE', 'CAFE', 'PLATANO', 'NARANJA']","['pasture', 'crop', 'crop', 'crop']",4
"TRIGO 20%,   MAIZ 30%,   PASTOS NATURALES 50%",1,"['TRIGO', 'MAIZ', 'PASTO NATURAL']","['crop', 'crop', 'pasture']",3
"TRIGO 50%,   MAIZ 20%,   PASTOS NATURALES 30%",1,"['TRIGO', 'MAIZ', 'PASTO NATURAL']","['crop', 'crop', 'pasture']",3
"TRIGO 50%, PASTOS NATURALES 50%",1,"['TRIGO', 'PASTO NATURAL']","['crop', 'pasture']",2
TRIGO 70%     MAIZ 30%,1,"['TRIGO', 'MAIZ']","['crop', 'crop']",2
TRIGO 70%   MAIZ 30%,1,"['TRIGO', 'MAIZ']","['crop', 'crop']",2
"40% PAPA,40% TRIGO, 20% HABA",1,"['PAPA', 'TRIGO', 'HABA']","['crop', 'crop', 'crop']",3
"CAÑA 30%,  PASTO ELEFANTE 30%",1,"['CAÑA DE AZUCAR', 'PASTO ELEFANTE']","['crop', 'pasture']",2
"EUCALIPTO 20%,  FALSO ROBLE 20%",1,"['EUCALIPTO', 'FALSO ROBLE']","['crop', 'crop']",2
MAIZ 30%     FRIJOL 20%,1,"['MAIZ', 'FRIJOL']","['crop', 'crop']",2
MAIZ 40%    PAPA 20%,1,"['MAIZ', 'PAPA']","['crop', 'crop']",2
MAIZ 50%     FRIJOL 50%,1,"['MAIZ', 'FRIJOL']","['crop', 'crop']",2
"CAFE 30%,  PASTO ELEFANTE 40%,   PLATANO 30%",1,"['CAFE', 'PASTO ELEFANTE', 'PLATANO']","['crop', 'pasture', 'crop']",3
CULTIVO DE ARVERJA 50%,1,['ARVEJA'],['crop'],1
FRIJOL 15%    REPOLLO 15%,1,"['FRIJOL', 'REPOLLO']","['crop', 'crop']",2
"MAIZ 20%,   TRIGO 50%,",1,"['MAIZ', 'TRIGO']","['crop', 'crop']",2
MAIZ 50%    HABA 25%    ARVERJA 25%,1,"['MAIZ', 'HABA', 'ARVEJA']","['crop', 'crop', 'crop']",3
MAIZ 80%    HABA 20%,1,"['MAIZ', 'HABA']","['crop', 'crop']",2
NUDILLO 40%   PAJA BLANCA 40%,1,"['NUDILLO', 'PAJA BLANCA']","['pasture', 'pasture']",2
PASTO ELEFANTE: 40%    PLATANO: 60%,1,"['PASTO ELEFANTE', 'PLATANO']","['pasture', 'crop']",2
PLATANO 40%   CAFE 60%,1,"['PLATANO', 'CAFE']","['crop', 'crop']",2
MAIZ 30%    ARVEJA 20%     TRIGO 50%,1,"['MAIZ', 'ARVEJA', 'TRIGO']","['crop', 'crop', 'crop']",3
PLATANO (50%) CAFE (30%),1,"['PLATANO', 'CAFE']","['crop', 'crop']",2
PLATANO (70%) Y CAFE (30%),1,"['PLATANO', 'CAFE']","['crop', 'crop']",2
GRAMALOTE - PASTO ELEFANTE,1,"['GRAMALOTE', 'PASTO ELEFANTE']","['pasture', 'pasture']",2
PASTO DE LEEFANTE,1,['PASTO DE LEEFANTE'],['pasture'],1
PASTO ELEFANTE 50%-CAÑA 50%,1,"['PASTO ELEFANTE', 'CAÑA DE AZUCAR']","['pasture', 'crop']",2
CAFE 70% PLATANO 30% HUABA 10%,1,"['CAFE', 'PLATANO', 'GUABO']","['crop', 'crop', 'crop']",3
MAIZ 60% TRIGO 40%,1,"['MAIZ', 'TRIGO']","['crop', 'crop']",2
"MAIZ (60%), TRIGO (40%)",1,"['MAIZ', 'TRIGO']","['crop', 'crop']",2
"MAIZ 30%, TRIGO 30%, FRIJOL 40%",1,"['MAIZ', 'TRIGO', 'FRIJOL']","['crop', 'crop', 'crop']",3
MAIZ 40% TRIGO 60%,1,"['MAIZ', 'TRIGO']","['crop', 'crop']",2
"MAIZ 40%, TRIGO 60%",1,"['MAIZ', 'TRIGO']","['crop', 'crop']",2
"MAIZ 50% TRIGO 50%,",1,"['MAIZ', 'TRIGO']","['crop', 'crop']",2
MAIZ (30%) TRIGO (40%),1,"['MAIZ', 'TRIGO']","['crop', 'crop']",2
MAIZ 30% TRIGO 40% ARVEJA 30%,1,"['MAIZ', 'TRIGO', 'ARVEJA']","['crop', 'crop', 'crop']",3
MAIZ 40% ARVEJA 20% TRIGO 40%,1,"['MAIZ', 'ARVEJA', 'TRIGO']","['crop', 'crop', 'crop']",3
MAIZ 40% TRIGO 50% FRIOL 10%,1,"['MAIZ', 'TRIGO', 'FRIOL']","['crop', 'crop', 'crop']",3
PASTO DE ELEFENTE,1,['PASTO DE ELEFENTE'],['pasture'],1
"PLATANO 30%, NARANJO 10%, PALTA 10%, CACAO 30%",1,"['PLATANO', 'NARANJA', 'PALTA', 'CACAO']","['crop', 'crop', 'crop', 'crop']",4
"PLATANO 40%, MANGO 10%, MAMEY 10% CACAO 10% LIMON 20%",1,"['PLATANO', 'MANGO', 'MAMEY', 'CACAO', 'LIMON']","['crop', 'crop', 'crop', 'crop', 'crop']",5
"PLATANO, CACAO, MANGO, LIMON, MAIZ",1,"['PLATANO', 'CACAO', 'MANGO', 'LIMON', 'MAIZ']","['crop', 'crop', 'crop', 'crop', 'crop']",5
"MANGO, LIMON, COCOTERO",1,"['MANGO', 'LIMON', 'COCO']","['crop', 'crop', 'crop']",3
"MANGO, COCOTERO, MAMEY,PLATANO",1,"['MANGO', 'COCO', 'MAMEY', 'PLATANO']","['crop', 'crop', 'crop', 'crop']",4
"LIMON , PLATANO",1,"['LIMON', 'PLATANO']","['crop', 'crop']",2
"LIMONERO(60%), MANGO (40%)",1,"['LIMON', 'MANGO']","['crop', 'crop']",2
"LIMONERO(70%), MANGO(30%)",1,"['LIMON', 'MANGO']","['crop', 'crop']",2
"LIMONERO (70%),  PAPAYA (30%)",1,"['LIMON', 'PAPAYA']","['crop', 'crop']",2
LIMONERO (50%) MANGO (50%),1,"['LIMON', 'MANGO']","['crop', 'crop']",2
MANGO (50%)   LIMONERO (30%),1,"['MANGO', 'LIMON']","['crop', 'crop']",2
MANGO (50%) LIMONERO (50%),1,"['MANGO', 'LIMON']","['crop', 'crop']",2
MANGO LIMON PALTO,1,"['MANGO', 'LIMON', 'PALTA']","['crop', 'crop', 'crop']",3
LIMON (60%)   MANGO (40%),1,"['LIMON', 'MANGO']","['crop', 'crop']",2
MANGO (50%)  LIMONERO (50%),1,"['MANGO', 'LIMON']","['crop', 'crop']",2
MAIZ(10%)   FRIJOL (10%),1,"['MAIZ', 'FRIJOL']","['crop', 'crop']",2
MANGO(20%)  LIMONERO(20%),1,"['MANGO', 'LIMON']","['crop', 'crop']",2
NIVELACIÓN,1,['NIVELACION'],['land_prep'],1
"PLATANO , ARROZ",1,"['PLATANO', 'ARROZ']","['crop', 'crop']",2
CAFE 505-PLATANO 20%-NARANJA 30%,1,"['CAFE', 'PLATANO', 'NARANJA']","['crop', 'crop', 'crop']",3
LIMON 60%,1,['LIMON'],['crop'],1
MAIZ 20% FRIJOL 10%,1,"['MAIZ', 'FRIJOL']","['crop', 'crop']",2
"LIMONERO(30%), MANGO(15%), PLATANO(5%)",1,"['LIMON', 'MANGO', 'PLATANO']","['crop', 'crop', 'crop']",3
"LIMONERO 20% ,MANGO 50%",1,"['LIMON', 'MANGO']","['crop', 'crop']",2
LIMON 60% MANGO 20%,1,"['LIMON', 'MANGO']","['crop', 'crop']",2
"LIMON 60%, TAMARINDO 20%",1,"['LIMON', 'TAMARINDO']","['crop', 'crop']",2
LIMONERO 20 %,1,['LIMON'],['crop'],1
"MAIZ 20%, YUCA 10%",1,"['MAIZ', 'YUCA']","['crop', 'crop']",2
30% MANGO  40% LIMONERO,1,"['MANGO', 'LIMON']","['crop', 'crop']",2
LIMON 40%   MANGO 40%,1,"['LIMON', 'MANGO']","['crop', 'crop']",2
MANGO 40%   LIMON 20%,1,"['MANGO', 'LIMON']","['crop', 'crop']",2
MANGO 50% Y LIMON 50%,1,"['MANGO', 'LIMON']","['crop', 'crop']",2
MAIZ 40% - YUCA 10%,1,"['MAIZ', 'YUCA']","['crop', 'crop']",2
"LIMONERO 20%,NARANJERO 5%,TAMARINDO 5%",1,"['LIMON', 'NARANJERO', 'TAMARINDO']","['crop', 'crop', 'crop']",3
MANGO 20%  LIMON 20%,1,"['MANGO', 'LIMON']","['crop', 'crop']",2
30% MANGO  20% LIMONERO,1,"['MANGO', 'LIMON']","['crop', 'crop']",2
FRIJO 10%  MAIZ 30%,1,"['FRIJO', 'MAIZ']","['crop', 'crop']",2
MANGO 20%  LIMON 60%,1,"['MANGO', 'LIMON']","['crop', 'crop']",2
MANGO 60%  LIMONERO 40%,1,"['MANGO', 'LIMON']","['crop', 'crop']",2
"FREJOL 40 % , MAIZ 60%",1,"['FRIJOL', 'MAIZ']","['crop', 'crop']",2
"FREJOL 80 % , MAIZ 20%",1,"['FRIJOL', 'MAIZ']","['crop', 'crop']",2
"MAIZ 20% , FREJOL 80%",1,"['MAIZ', 'FRIJOL']","['crop', 'crop']",2
"ALFALFA 10%, FRIJOL 20%",1,"['ALFALFA', 'FRIJOL']","['pasture', 'crop']",2
"ALFALFA 50%, CAMOTE 50%",1,"['ALFALFA', 'CAMOTE']","['pasture', 'crop']",2
"PASTO DE ELEFANTE(40%), FRIJOL(30%), YUCA(10%)",1,"['PASTO ELEFANTE', 'FRIJOL', 'YUCA']","['pasture', 'crop', 'crop']",3
ARROZ 50%  MAIZ 50%,1,"['ARROZ', 'MAIZ']","['crop', 'crop']",2
"MANGO, NARANJA, CACAO",1,"['MANGO', 'NARANJA', 'CACAO']","['crop', 'crop', 'crop']",3
MAIZ 70%-ARROZ 30%,1,"['MAIZ', 'ARROZ']","['crop', 'crop']",2
"MANGO,GUANABANA",1,"['MANGO', 'GUANABANA']","['crop', 'crop']",2
"LIMONERO 20, MANGO 30",1,"['LIMON', 'MANGO']","['crop', 'crop']",2
"ARVEJA, MAIZ, AMILACEO, FRIJOL",1,"['ARVEJA', 'MAIZ', 'AMILACEO', 'FRIJOL']","['crop', 'crop', 'crop', 'crop']",4
"LIMON  35,  MANGO 20",1,"['LIMON', 'MANGO']","['crop', 'crop']",2
LIMON 50 $% MANGO 50%,1,"['LIMON', 'MANGO']","['crop', 'crop']",2
"LIMON 50% MANGO 20%, TAMARINDO 10%",1,"['LIMON', 'MANGO', 'TAMARINDO']","['crop', 'crop', 'crop']",3
MANGO 40% CACAO40% NARAMJO 5%,1,"['MANGO', 'CACAO', 'NARAMJO']","['crop', 'crop', 'crop']",3
"MANGO,LIMONERO,PACAY",1,"['MANGO', 'LIMON', 'GUABO']","['crop', 'crop', 'crop']",3
LIMONERO 80% MANGO 20%,1,"['LIMON', 'MANGO']","['crop', 'crop']",2
"COCO 10%, MANGO 20%, LIMON 20%",1,"['COCO', 'MANGO', 'LIMON']","['crop', 'crop', 'crop']",3
"LIMONERO 40, MANGO 60",1,"['LIMON', 'MANGO']","['crop', 'crop']",2
"MANGO 30, LIMON 60, TAMARINDO 10",1,"['MANGO', 'LIMON', 'TAMARINDO']","['crop', 'crop', 'crop']",3
"MANGO 80, PALTO 20",1,"['MANGO', 'PALTA']","['crop', 'crop']",2
AVENTURALES,1,['AVENTURALES'],['crop'],1
MANGO 15 % -L LIMON 15%,1,"['MANGO', 'L LIMON']","['crop', 'crop']",2
"PASTO ELEFANTE 80%, PLATANO 20%",1,"['PASTO ELEFANTE', 'PLATANO']","['pasture', 'crop']",2
CAFE 70%- NARANJA 20%- PLATANO 10%,1,"['CAFE', 'NARANJA', 'PLATANO']","['crop', 'crop', 'crop']",3
CAFE 60 % - PLATANO 30 %- NARANJO 10%,1,"['CAFE', 'PLATANO', 'NARANJA']","['crop', 'crop', 'crop']",3
CAFE 40 %- NARANJA 10 % - PLATANO 50 %,1,"['CAFE', 'NARANJA', 'PLATANO']","['crop', 'crop', 'crop']",3
CAFE 70%- PLATANO 20%-NARANJA 10 %,1,"['CAFE', 'PLATANO', 'NARANJA']","['crop', 'crop', 'crop']",3
CEBOLLA 40 %- SARANDAJA 20 %,1,"['CEBOLLA', 'ZARANDAJA']","['crop', 'crop']",2
NARANJO 20 % . CAFE 60 % - PLATANO 20 %,1,"['NARANJA', 'CAFE', 'PLATANO']","['crop', 'crop', 'crop']",3
CAFE 30%- NARANJA 10%-PLATANO 20%-PASTO ELEFANTE 30%,1,"['CAFE', 'NARANJA', 'PLATANO', 'PASTO ELEFANTE']","['crop', 'crop', 'crop', 'pasture']",4
CAFE 30%-PLATANO 60%-NARANJO 10%,1,"['CAFE', 'PLATANO', 'NARANJA']","['crop', 'crop', 'crop']",3
CAFE 40 %-PLATANO 50%,1,"['CAFE', 'PLATANO']","['crop', 'crop']",2
CAFE 60 %- PLATANO 30 % NARANJO 10%,1,"['CAFE', 'PLATANO', 'NARANJA']","['crop', 'crop', 'crop']",3
CAFE 65%- PLATANO 25%-NARANJO 10%,1,"['CAFE', 'PLATANO', 'NARANJA']","['crop', 'crop', 'crop']",3
NARANJO 20 %-CAFE 60%-PLATANO 20%,1,"['NARANJA', 'CAFE', 'PLATANO']","['crop', 'crop', 'crop']",3
NARANJO 30%-PLATANO 20%- CAFE 50%,1,"['NARANJA', 'PLATANO', 'CAFE']","['crop', 'crop', 'crop']",3
PLATANO 5%- NARANJO 5%,1,"['PLATANO', 'NARANJA']","['crop', 'crop']",2
CAFE 40%-NARANJA10%-PLATANO 50 %,1,"['CAFE', 'NARANJA', 'PLATANO']","['crop', 'crop', 'crop']",3
CAFE 70%-PLATANO 20%-NARANJO 1O$,1,"['CAFE', 'PLATANO', 'NARANJA', 'O$']","['crop', 'crop', 'crop', 'crop']",4
PLATANO 50 % -CAFE 50 %,1,"['PLATANO', 'CAFE']","['crop', 'crop']",2
PLATANO 50%-CAFE 50 %,1,"['PLATANO', 'CAFE']","['crop', 'crop']",2
CAFE 50 %- PATANO 50 %,1,"['CAFE', 'PATANO']","['crop', 'crop']",2
CAFE 60 % -PLATANO 30%-NARANJO 10%,1,"['CAFE', 'PLATANO', 'NARANJA']","['crop', 'crop', 'crop']",3
NARANJO 30%- PLATANO 20%-CAFE 50%,1,"['NARANJA', 'PLATANO', 'CAFE']","['crop', 'crop', 'crop']",3
PLATANO 40 % CAFE 40 %-NARANJO 20%,1,"['PLATANO', 'CAFE', 'NARANJA']","['crop', 'crop', 'crop']",3
PLATANO 40 %-CAFE 40 %,1,"['PLATANO', 'CAFE']","['crop', 'crop']",2
CAFE 40 %-PLATANO 20%,1,"['CAFE', 'PLATANO']","['crop', 'crop']",2
CAFE 40% NARANJA 10% PLATANO 50%,1,"['CAFE', 'NARANJA', 'PLATANO']","['crop', 'crop', 'crop']",3
CAFE 50%- PLATANO 305 NARANJO 20%,1,"['CAFE', 'PLATANO', 'NARANJA']","['crop', 'crop', 'crop']",3
CAFE 50%- PLATANO 59%,1,"['CAFE', 'PLATANO']","['crop', 'crop']",2
NARANJO 20 %- PLATANO 40 % - CAFE 40 %,1,"['NARANJA', 'PLATANO', 'CAFE']","['crop', 'crop', 'crop']",3
NARANJO 20%-CAFE 60%-PLATANO 20%,1,"['NARANJA', 'CAFE', 'PLATANO']","['crop', 'crop', 'crop']",3
PASTO ELEFANTE 20 % - PLATANO 40%- CAFE 40 %,1,"['PASTO ELEFANTE', 'PLATANO', 'CAFE']","['pasture', 'crop', 'crop']",3
PASTO ELEFANTE 30%-PLATANO 30%-CAFE 20%,1,"['PASTO ELEFANTE', 'PLATANO', 'CAFE']","['pasture', 'crop', 'crop']",3
PLATANO 20 % - CAFE 30%,1,"['PLATANO', 'CAFE']","['crop', 'crop']",2
PLATANO 50 % CAFE 500 %,1,"['PLATANO', 'CAFE']","['crop', 'crop']",2
CAFE 50 $ - PLATANO 50 5,1,"['CAFE', 'PLATANO']","['crop', 'crop']",2
CAFE 50 % - NARANJA 10 % - PLATANO 40%,1,"['CAFE', 'NARANJA', 'PLATANO']","['crop', 'crop', 'crop']",3
CAFE 50 5 - PLATANO 50 5,1,"['CAFE', 'PLATANO']","['crop', 'crop']",2
HUABO 30 %- CHIRIMOYA 30%-PLATANO 40%,1,"['GUABO', 'CHIRIMOYA', 'PLATANO']","['crop', 'crop', 'crop']",3
NARANJO 20 % - CAFE 40 %- PLATANO 40 %,1,"['NARANJA', 'CAFE', 'PLATANO']","['crop', 'crop', 'crop']",3
NARANJO 30  % - PLATANO 30 % - CAFE 40 %,1,"['NARANJA', 'PLATANO', 'CAFE']","['crop', 'crop', 'crop']",3
PLATANO 20 % - CAFE 80 %,1,"['PLATANO', 'CAFE']","['crop', 'crop']",2
PLATANO 30 %-CAFE 70 %,1,"['PLATANO', 'CAFE']","['crop', 'crop']",2
PLATANO 50  % - CAFE 50 %,1,"['PLATANO', 'CAFE']","['crop', 'crop']",2
"CAFE 50 %, PLATANO 40 % -NARANJA 10 %",1,"['CAFE', 'PLATANO', 'NARANJA']","['crop', 'crop', 'crop']",3
CAFE 50% PLATANO 50 %,1,"['CAFE', 'PLATANO']","['crop', 'crop']",2
CAFE 60%- PLATANO 30%- PASTO ELEFANTE 10%,1,"['CAFE', 'PLATANO', 'PASTO ELEFANTE']","['crop', 'crop', 'pasture']",3
NARANJO 20 % - PLATANO 40 % - CAFE 40,1,"['NARANJA', 'PLATANO', 'CAFE']","['crop', 'crop', 'crop']",3
NARANJO 20 % - PLATANO 40 % -CAFE 40 %,1,"['NARANJA', 'PLATANO', 'CAFE']","['crop', 'crop', 'crop']",3
PASTO ELEFANTE 30 % -PLATANO 30%-CAFE 30%-NARANJO 10%,1,"['PASTO ELEFANTE', 'PLATANO', 'CAFE', 'NARANJA']","['pasture', 'crop', 'crop', 'crop']",4
PLATANO 30 %,1,['PLATANO'],['crop'],1
PLATANO 50 % - CAFE 50 6,1,"['PLATANO', 'CAFE']","['crop', 'crop']",2
PLATANO 50 %- CAFE 50 %,1,"['PLATANO', 'CAFE']","['crop', 'crop']",2
CAFE 40 % - PLATANO 40 % - GUAYAQUIL 20 %,1,"['CAFE', 'PLATANO', 'GUAYAQUIL']","['crop', 'crop', 'crop']",3
CAFE 50 %- PLATANO 40%,1,"['CAFE', 'PLATANO']","['crop', 'crop']",2
CAFE 70%- PLATANO 25%- NARANJO 15%,1,"['CAFE', 'PLATANO', 'NARANJA']","['crop', 'crop', 'crop']",3
"NARANJO 20 %, CAFE 40 %- PLATANO 40 %",1,"['NARANJA', 'CAFE', 'PLATANO']","['crop', 'crop', 'crop']",3
NARANJO 20 %-PLATANO 20%- CAFE 60%,1,"['NARANJA', 'PLATANO', 'CAFE']","['crop', 'crop', 'crop']",3
NARANJO 10 %- PLATANO 40 %- CAFE 50 %,1,"['NARANJA', 'PLATANO', 'CAFE']","['crop', 'crop', 'crop']",3
PLATANO 20 %- NARANJO 20 %- CAFE 60%,1,"['PLATANO', 'NARANJA', 'CAFE']","['crop', 'crop', 'crop']",3
CAFE 60 %- PLATANO 20%-NARANJO 10%,1,"['CAFE', 'PLATANO', 'NARANJA']","['crop', 'crop', 'crop']",3
PLATANO 50 % - CAFE 50 5,1,"['PLATANO', 'CAFE']","['crop', 'crop']",2
ACAFE 50%- PLATANO 50%,1,"['ACAFE', 'PLATANO']","['crop', 'crop']",2
CAFE 30% PLATANO 30%,1,"['CAFE', 'PLATANO']","['crop', 'crop']",2
CAFE 70 % - PLATANO 30%,1,"['CAFE', 'PLATANO']","['crop', 'crop']",2
CAFE 40%- NARANJO 20%- PLATANO 40%,1,"['CAFE', 'NARANJA', 'PLATANO']","['crop', 'crop', 'crop']",3
CAFE 50% PLATANO 30% NARANJA 20%,1,"['CAFE', 'PLATANO', 'NARANJA']","['crop', 'crop', 'crop']",3
PASTO ELEFANTE 20 %- NARANJO 40 % - CAFE 40 %,1,"['PASTO ELEFANTE', 'NARANJA', 'CAFE']","['pasture', 'crop', 'crop']",3
PLATANO 40%- NARANJO 20%- CAFE 40%,1,"['PLATANO', 'NARANJA', 'CAFE']","['crop', 'crop', 'crop']",3
NARANJO 20 %- PLATANO 20 %- CAFE 60%,1,"['NARANJA', 'PLATANO', 'CAFE']","['crop', 'crop', 'crop']",3
"PASTO ELEFANTE 20 %, NARANJO20%- PLATANO 20% CAFE 40%",1,"['PASTO ELEFANTE', 'NARANJA', 'PLATANO', 'CAFE']","['pasture', 'crop', 'crop', 'crop']",4
CAFE 40 PLATANO 40% NARANJA 20%,1,"['CAFE', 'PLATANO', 'NARANJA']","['crop', 'crop', 'crop']",3
CAFE 60 5- PLATANO 35%- NARANJO 5%,1,"['CAFE', 'PLATANO', 'NARANJA']","['crop', 'crop', 'crop']",3
CAFE 70 % - PLATANO 30 %,1,"['CAFE', 'PLATANO']","['crop', 'crop']",2
CAÑA DE AZUCAR 50%- CAFE 30%- PLATANO 20%,1,"['CAÑA DE AZUCAR', 'CAFE', 'PLATANO']","['crop', 'crop', 'crop']",3
PASTO ELEFANTE 50%- PLATANAO 20%- CAFE 30%,1,"['PASTO ELEFANTE', 'PLATANAO', 'CAFE']","['pasture', 'crop', 'crop']",3
NARANJO 20%- CAÑA DE AZUCAR 20%- PLATANO 30%- CAFE 30%,1,"['NARANJA', 'CAÑA DE AZUCAR', 'PLATANO', 'CAFE']","['crop', 'crop', 'crop', 'crop']",4
PLATANO 30%- CAÑA DE AZUCAR 20%- CAFE 50%,1,"['PLATANO', 'CAÑA DE AZUCAR', 'CAFE']","['crop', 'crop', 'crop']",3
PASTO ELEFANTE-PAJA GATEADORA,1,"['PASTO ELEFANTE', 'PAJA GATEADORA']","['pasture', 'pasture']",2
CAFE 50%- PLATANO 40%-NARANJA 10%,1,"['CAFE', 'PLATANO', 'NARANJA']","['crop', 'crop', 'crop']",3
CAFE 65%- PLATANO 30%- NARANJO 5%,1,"['CAFE', 'PLATANO', 'NARANJA']","['crop', 'crop', 'crop']",3
NARANJO 20%- CAFEW 30%- PLATANO 30%-PASTO ELEFANTE 30%,1,"['NARANJA', 'CAFEW', 'PLATANO', 'PASTO ELEFANTE']","['crop', 'crop', 'crop', 'pasture']",4
CAFE 50%- PLATANO 40%- NARANJA 10%,1,"['CAFE', 'PLATANO', 'NARANJA']","['crop', 'crop', 'crop']",3
PASTO ELEFANTE 30%- CAFE 40%-PLATANO 30%,1,"['PASTO ELEFANTE', 'CAFE', 'PLATANO']","['pasture', 'crop', 'crop']",3
CAFE 70%-PLANTANO 30%,1,"['CAFE', 'PLANTANO']","['crop', 'crop']",2
PLATANO 40%- CAFE 40%- NARANJO 20%,1,"['PLATANO', 'CAFE', 'NARANJA']","['crop', 'crop', 'crop']",3
CAFE 50%- PLATANO 50&,1,"['CAFE', 'PLATANO']","['crop', 'crop']",2
CAFE 60%- PLATANO 35%NARANJO 5%,1,"['CAFE', 'PLATANO', 'NARANJA']","['crop', 'crop', 'crop']",3
CAFE 80% PLATANO 10%,1,"['CAFE', 'PLATANO']","['crop', 'crop']",2
PLATANO 15%-CAFE 15%,1,"['PLATANO', 'CAFE']","['crop', 'crop']",2
CAFE 90%-NARANJA 105,1,"['CAFE', 'NARANJA']","['crop', 'crop']",2
PLATANO 20%-CAFE 50%-NARANAJO 30%,1,"['PLATANO', 'CAFE', 'NARANAJO']","['crop', 'crop', 'crop']",3
ALGODONERO 100,1,['ALGODON'],['crop'],1
PLATANO 30%-CAFE 20%,1,"['PLATANO', 'CAFE']","['crop', 'crop']",2
CAFE 60%- PLATANO 35%-NARANJO 55,1,"['CAFE', 'PLATANO', 'NARANJA']","['crop', 'crop', 'crop']",3
PLATANO 40%-CAFE 30%-CAÑA DE AZUCAR 10%,1,"['PLATANO', 'CAFE', 'CAÑA DE AZUCAR']","['crop', 'crop', 'crop']",3
PLATANO 60%-NARANJO 30%,1,"['PLATANO', 'NARANJA']","['crop', 'crop']",2
CAFE  50%- PLATANO 50%,1,"['CAFE', 'PLATANO']","['crop', 'crop']",2
CAFE 50%- PLATANO 30%,1,"['CAFE', 'PLATANO']","['crop', 'crop']",2
PLATANO 30%CAFE 30%NARANJO 40%,1,"['PLATANO', 'CAFE', 'NARANJA']","['crop', 'crop', 'crop']",3
PLATANO 30%-NARANJO 30%- CAFE 40%,1,"['PLATANO', 'NARANJA', 'CAFE']","['crop', 'crop', 'crop']",3
PLATANO 70%-NARANJO 30%,1,"['PLATANO', 'NARANJA']","['crop', 'crop']",2
CAFE 60%- PLATANO 30%- NARANJA 10%,1,"['CAFE', 'PLATANO', 'NARANJA']","['crop', 'crop', 'crop']",3
PASTO ELEFANTE 50%- PLATANO 40%- CAFE 10%,1,"['PASTO ELEFANTE', 'PLATANO', 'CAFE']","['pasture', 'crop', 'crop']",3
CAFE 30%- CAÑA DE AZUCAR 30%- NARANJO 30%,1,"['CAFE', 'CAÑA DE AZUCAR', 'NARANJA']","['crop', 'crop', 'crop']",3
CAFE 30%- PLATANO 30%- PASTO ELEFANTE 30%-NARANJO 10%,1,"['CAFE', 'PLATANO', 'PASTO ELEFANTE', 'NARANJA']","['crop', 'crop', 'pasture', 'crop']",4
CAFE 70%- PLATANO 20%- NARANJO 5%- GRANADILLA 5%,1,"['CAFE', 'PLATANO', 'NARANJA', 'GRANADILLA']","['crop', 'crop', 'crop', 'crop']",4
PLATANO 50%- ACFE 50%,1,"['PLATANO', 'ACFE']","['crop', 'crop']",2
TERRENO EN DESCNSO,1,['TERRENO EN DESCNSO'],['crop'],1
CAFE 40%- PLATANO 30%- NARANJO 20%,1,"['CAFE', 'PLATANO', 'NARANJA']","['crop', 'crop', 'crop']",3
CAFE 40%- PLATANO 50%- NARANJO 10%,1,"['CAFE', 'PLATANO', 'NARANJA']","['crop', 'crop', 'crop']",3
CAFE 40%-PLATANO 40%-NARANJA 10%-PASTO ELEFANTE 10%,1,"['CAFE', 'PLATANO', 'NARANJA', 'PASTO ELEFANTE']","['crop', 'crop', 'crop', 'pasture']",4
CAFE 50%- PLATANO 45%-NARANJO 5%,1,"['CAFE', 'PLATANO', 'NARANJA']","['crop', 'crop', 'crop']",3
CAFE 70%- PLATANO 25%-NARANJA 5%,1,"['CAFE', 'PLATANO', 'NARANJA']","['crop', 'crop', 'crop']",3
CAFE 80%- PLATANO 15%- PASTOE LEFANTE 5%,1,"['CAFE', 'PLATANO', 'PASTOE LEFANTE']","['crop', 'crop', 'pasture']",3
NARANJO 20%- PLATANO 20%- CAFE 50%,1,"['NARANJA', 'PLATANO', 'CAFE']","['crop', 'crop', 'crop']",3
NARANJO 30%- PLATANO 30%-CAFE 40%,1,"['NARANJA', 'PLATANO', 'CAFE']","['crop', 'crop', 'crop']",3
PLATANO 50&- CAFE 50%,1,"['PLATANO', 'CAFE']","['crop', 'crop']",2
CAFE 30%- PLATANO 20%- NARANJO 30%,1,"['CAFE', 'PLATANO', 'NARANJA']","['crop', 'crop', 'crop']",3
CAFE 80% PLATANO 19% HIGO 1%,1,"['CAFE', 'PLATANO', 'HIGUERON']","['crop', 'crop', 'crop']",3
PASTO DE ELFANTE10%-PLATANO 45%-NARANJO 5%,1,"['PASTO DE ELFANTE', 'PLATANO', 'NARANJA']","['pasture', 'crop', 'crop']",3
PASTO ELEFANTE 25%-CAFE 35%-PLATANO 35%-NARANJO 5%,1,"['PASTO ELEFANTE', 'CAFE', 'PLATANO', 'NARANJA']","['pasture', 'crop', 'crop', 'crop']",4
CAFE 80%- PLATANO 20%,1,"['CAFE', 'PLATANO']","['crop', 'crop']",2
CAFE 50%-PLATANO 30%,1,"['CAFE', 'PLATANO']","['crop', 'crop']",2
NARANJO 20%-PLATANO 30%-CAFE 5'%,1,"['NARANJA', 'PLATANO', 'CAFE']","['crop', 'crop', 'crop']",3
PLATANO 20%- NARANJO 20%-CAFE 60%|,1,"['PLATANO', 'NARANJA', 'CAFE']","['crop', 'crop', 'crop']",3
CAFE 50%- PLATANO 30%- NARANJA 20%,1,"['CAFE', 'PLATANO', 'NARANJA']","['crop', 'crop', 'crop']",3
PASTO ELEFANTE 50%-CAFE 30%-PLATANO 20%,1,"['PASTO ELEFANTE', 'CAFE', 'PLATANO']","['pasture', 'crop', 'crop']",3
PASTO ELEFANTE-CAFE 20%-PLATANO 20%,1,"['PASTO ELEFANTE', 'CAFE', 'PLATANO']","['pasture', 'crop', 'crop']",3
CAFE 60% PLATANO 30% NARANJO 10%,1,"['CAFE', 'PLATANO', 'NARANJA']","['crop', 'crop', 'crop']",3
CAFE 60% PLATANO 35% NARANJO 5%,1,"['CAFE', 'PLATANO', 'NARANJA']","['crop', 'crop', 'crop']",3
CAFE 60%-PLATANO 25%-NARANJO 155,1,"['CAFE', 'PLATANO', 'NARANJA']","['crop', 'crop', 'crop']",3
CAFE 70% NARANJA 30%,1,"['CAFE', 'NARANJA']","['crop', 'crop']",2
IVELACION Y GRADEO,1,"['IVELACION', 'GRADEO']","['crop', 'land_prep']",2
CAFE 50% PLATANO 10% NARANJO 5% PASTO ELEFANTE 35%,1,"['CAFE', 'PLATANO', 'NARANJA', 'PASTO ELEFANTE']","['crop', 'crop', 'crop', 'pasture']",4
CAFE 70% PLATANO 15% NARANJA 15%,1,"['CAFE', 'PLATANO', 'NARANJA']","['crop', 'crop', 'crop']",3
"CAFE 70%, PLATANO 20%, NARANJO 10%",1,"['CAFE', 'PLATANO', 'NARANJA']","['crop', 'crop', 'crop']",3
CAFE 70%-PLATANO 20%-NARANJO 5%-GUAYAQUIL 5%,1,"['CAFE', 'PLATANO', 'NARANJA', 'GUAYAQUIL']","['crop', 'crop', 'crop', 'crop']",4
CAFE 70%-PLATANO 25%- NARANJO 5%,1,"['CAFE', 'PLATANO', 'NARANJA']","['crop', 'crop', 'crop']",3
PLATANO 40% NARANJA 20% CAFE 40%,1,"['PLATANO', 'NARANJA', 'CAFE']","['crop', 'crop', 'crop']",3
PASTO ELEFANTE 50% CAFE 30% PLATANO 20%,1,"['PASTO ELEFANTE', 'CAFE', 'PLATANO']","['pasture', 'crop', 'crop']",3
PLATANO 20% CAFE 50% NARANJO 30%,1,"['PLATANO', 'CAFE', 'NARANJA']","['crop', 'crop', 'crop']",3
PLATANO 30% NARANJO 20% CAFE 50%,1,"['PLATANO', 'NARANJA', 'CAFE']","['crop', 'crop', 'crop']",3
CAFE 33%-PLATANO 33%-NARANJO 34%,1,"['CAFE', 'PLATANO', 'NARANJA']","['crop', 'crop', 'crop']",3
PASTO 50%-GRAMA GATEADURA 50%,1,"['PASTO', 'GRAMA GATEADURA']","['pasture', 'pasture']",2
CAFE 50%- PLATANO 30%-PASTO ELEFANTE15%Ñ-NARANJO 5%,1,"['CAFE', 'PLATANO', 'PASTO ELEFANTE', 'NARANJA']","['crop', 'crop', 'pasture', 'crop']",4
CAFE 60%-PLATANO 10%-PASTO ELEFANTE 30%,1,"['CAFE', 'PLATANO', 'PASTO ELEFANTE']","['crop', 'crop', 'pasture']",3
CACAO 30%-MAMEY 10%,1,"['CACAO', 'MAMEY']","['crop', 'crop']",2
CAFE 40%-NARANJO 20%-PLATANO 40%,1,"['CAFE', 'NARANJA', 'PLATANO']","['crop', 'crop', 'crop']",3
NARANJO 10%-PLATANO 40%-CAFE 50%,1,"['NARANJA', 'PLATANO', 'CAFE']","['crop', 'crop', 'crop']",3
"NARANJO 20%-PASTO ELEFANTE 20%, CAFE 30%-PLATANO 30%",1,"['NARANJA', 'PASTO ELEFANTE', 'CAFE', 'PLATANO']","['crop', 'pasture', 'crop', 'crop']",4
NIVELACION Y GRAEO,1,"['NIVELACION', 'GRAEO']","['land_prep', 'crop']",2
CAFE 40%-NARANJA 40%-GUAYAQUIL 20%,1,"['CAFE', 'NARANJA', 'GUAYAQUIL']","['crop', 'crop', 'crop']",3
CAFE 50&%-PLATANO 30%-NARANJO 20%,1,"['CAFE', 'PLATANO', 'NARANJA']","['crop', 'crop', 'crop']",3
NARANJO 20%-CAFE 505-PLATANO 30%,1,"['NARANJA', 'CAFE', 'PLATANO']","['crop', 'crop', 'crop']",3
PASTO ELFANTE 20%-CAFE 50%-NARANJO 10%-PLATANO 20%,1,"['PASTO ELEFANTE', 'CAFE', 'NARANJA', 'PLATANO']","['pasture', 'crop', 'crop', 'crop']",4
PLATANO 30%-CAFE 50%-NARANJO 30%,1,"['PLATANO', 'CAFE', 'NARANJA']","['crop', 'crop', 'crop']",3
PLATANO 50%-NARANJA 20%-CAFE 30%,1,"['PLATANO', 'NARANJA', 'CAFE']","['crop', 'crop', 'crop']",3
CAFE 40%-PLATANO 30%-NARANJA 10%-PASTO ELEFANTE 20%,1,"['CAFE', 'PLATANO', 'NARANJA', 'PASTO ELEFANTE']","['crop', 'crop', 'crop', 'pasture']",4
CAFE 40%-PLATANO 30%-NARANJA 10%-PASTO ELFANTE 20%,1,"['CAFE', 'PLATANO', 'NARANJA', 'PASTO ELEFANTE']","['crop', 'crop', 'crop', 'pasture']",4
CAFE 40%-PLATAO 40%-NARANJA 20%,1,"['CAFE', 'PLATAO', 'NARANJA']","['crop', 'crop', 'crop']",3
CAFE 50%-PLATANO 20%-PASTO ELEFANTE 5%-HUABO 5%,1,"['CAFE', 'PLATANO', 'PASTO ELEFANTE', 'GUABO']","['crop', 'crop', 'pasture', 'crop']",4
CAFE 60%-PLATANO 30%-NARANJO 5%-HUANVO 5%,1,"['CAFE', 'PLATANO', 'NARANJA', 'HUANVO']","['crop', 'crop', 'crop', 'crop']",4
II CAMAPÑ AGRICOLA,1,['II CAMAPÑ AGRICOLA'],['crop'],1
NIVELACIO Y GRADEO,1,"['NIVELACIO', 'GRADEO']","['land_prep', 'land_prep']",2
CACAO 60%-GUANABANA 40%,1,"['CACAO', 'GUANABANA']","['crop', 'crop']",2
MAMEY 30%-GUANABANA 30%-MAIZ,1,"['MAMEY', 'GUANABANA', 'MAIZ']","['crop', 'crop', 'crop']",3
NARANJA 30%-CAFE 30%-CACAO 20%-PASTO ELEFANTE 20%,1,"['NARANJA', 'CAFE', 'CACAO', 'PASTO ELEFANTE']","['crop', 'crop', 'crop', 'pasture']",4
NIV4ELACION Y GRADEO,1,"['NIV', 'ELACION', 'GRADEO']","['crop', 'crop', 'land_prep']",3
CACAO 60%-PASTO ELFANTE 40%,1,"['CACAO', 'PASTO ELEFANTE']","['crop', 'pasture']",2
CAFE 50% PLATANO 30%-NARANJA 20%,1,"['CAFE', 'PLATANO', 'NARANJA']","['crop', 'crop', 'crop']",3
CAFE 50%- PLATANO 30%-NARANJO 1%-PASTO ELEFANTE 10%,1,"['CAFE', 'PLATANO', 'NARANJA', 'PASTO ELEFANTE']","['crop', 'crop', 'crop', 'pasture']",4
CAFE 60%-PLATANO 20%-NARANJA 20%,1,"['CAFE', 'PLATANO', 'NARANJA']","['crop', 'crop', 'crop']",3
GUAYAQUIL 20%-PASTO ELEFANTE 80%,1,"['GUAYAQUIL', 'PASTO ELEFANTE']","['crop', 'pasture']",2
PASTO ELEFANTE 50%-CACAO 50%,1,"['PASTO ELEFANTE', 'CACAO']","['pasture', 'crop']",2
PLATANO 40%-CAFE 50%-PALTO 10%,1,"['PLATANO', 'CAFE', 'PALTA']","['crop', 'crop', 'crop']",3
CACAO 20%-PASTO ELEFANTE 20%,1,"['CACAO', 'PASTO ELEFANTE']","['crop', 'pasture']",2
PLATANO 40%-CAFE 40%-NARANJA 20%,1,"['PLATANO', 'CAFE', 'NARANJA']","['crop', 'crop', 'crop']",3
CACAO 20%-GUANABANA20%-PASTO ELEFANTE 30%,1,"['CACAO', 'GUANABANA', 'PASTO ELEFANTE']","['crop', 'crop', 'pasture']",3
CAFE 100,1,['CAFE'],['crop'],1
NARANJA 20%-CAFE 40%-PLATANO 40%,1,"['NARANJA', 'CAFE', 'PLATANO']","['crop', 'crop', 'crop']",3
PAN LLEVAR FRIJOL,1,['PAN LLEVAR FRIJOL'],['crop'],1
PAN LLEVAR(FRIJOL),1,['PAN LLEVAR'],['crop'],1
PASTO ELEFANTE 80%-PLATANO 20%,1,"['PASTO ELEFANTE', 'PLATANO']","['pasture', 'crop']",2
CAFE 30%-PLATANO 50%-NARANJO 20%,1,"['CAFE', 'PLATANO', 'NARANJA']","['crop', 'crop', 'crop']",3
CAFE 50%-NARANAJA 20%,1,"['CAFE', 'NARANAJA']","['crop', 'crop']",2
CAFE 50%PLATANO 30%-NARANJA 20%,1,"['CAFE', 'PLATANO', 'NARANJA']","['crop', 'crop', 'crop']",3
CAFE 60%-PLATANO 30%-NARANJA,1,"['CAFE', 'PLATANO', 'NARANJA']","['crop', 'crop', 'crop']",3
CACAO 30%-MANGO 30%-PLATANO 30%-PASTO ELEFAMTE 10,1,"['CACAO', 'MANGO', 'PLATANO', 'PASTO ELEFAMTE']","['crop', 'crop', 'crop', 'pasture']",4
CAFE 40%-PLATANO 30%NARANJA 30%,1,"['CAFE', 'PLATANO', 'NARANJA']","['crop', 'crop', 'crop']",3
CAFE 40%-PLATANO 40%-NARANJA 10%-PALTA 10%,1,"['CAFE', 'PLATANO', 'NARANJA', 'PALTA']","['crop', 'crop', 'crop', 'crop']",4
CAFE 50% PASTO ELEFANTE 50%,1,"['CAFE', 'PASTO ELEFANTE']","['crop', 'pasture']",2
CAFE 50%-PLATANO 30%-NARANJA 10%,1,"['CAFE', 'PLATANO', 'NARANJA']","['crop', 'crop', 'crop']",3
CAFE 60%-NARANJA 305-PLATANO 10%,1,"['CAFE', 'NARANJA', 'PLATANO']","['crop', 'crop', 'crop']",3
GUAYAQUIL 90%-CAFE 10%,1,"['GUAYAQUIL', 'CAFE']","['crop', 'crop']",2
NARANJA 25%-PLATANO 25%-CAFE 50%,1,"['NARANJA', 'PLATANO', 'CAFE']","['crop', 'crop', 'crop']",3
NARANJA 30%-CAFE 50%-PLATANO 20%,1,"['NARANJA', 'CAFE', 'PLATANO']","['crop', 'crop', 'crop']",3
ÁSTO ELEFANTE,1,['ASTO ELEFANTE'],['pasture'],1
CACAO 15 %-MANGO 40%-HUANABANA 40%,1,"['CACAO', 'MANGO', 'HUANABANA']","['crop', 'crop', 'crop']",3
MAMEY 20%-GUANABANA 20%-CACAO 30%,1,"['MAMEY', 'GUANABANA', 'CACAO']","['crop', 'crop', 'crop']",3
MANGO 45%-CACAO 50%-HUANABANA 5%,1,"['MANGO', 'CACAO', 'HUANABANA']","['crop', 'crop', 'crop']",3
CAFE 10%-PLATAANO 40%-GUAYAQUIL 40%-NARANJA 10%,1,"['CAFE', 'PLATAANO', 'GUAYAQUIL', 'NARANJA']","['crop', 'crop', 'crop', 'crop']",4
CAFE 505-NARANJA 50%,1,"['CAFE', 'NARANJA']","['crop', 'crop']",2
CAFE 505-PLATANO 205-NARANJA 30%,1,"['CAFE', 'PLATANO', 'NARANJA']","['crop', 'crop', 'crop']",3
CAFE 60%-PLATANO 10%-GUAYAQUIL 30%,1,"['CAFE', 'PLATANO', 'GUAYAQUIL']","['crop', 'crop', 'crop']",3
PLATANO 30%-NARANJO 30%-CAGFE 405,1,"['PLATANO', 'NARANJA', 'CAGFE']","['crop', 'crop', 'crop']",3
TERRENO EN DESCANDSO,1,['TERRENO EN DESCANDSO'],['fallow'],1
CAFE 50%-PLATANO 30,1,"['CAFE', 'PLATANO']","['crop', 'crop']",2
CAFE 65%-PLATANO 30%-NARANAJO 55,1,"['CAFE', 'PLATANO', 'NARANAJO']","['crop', 'crop', 'crop']",3
FRIJOIL,1,['FRIJOIL'],['crop'],1
GUANABANA 20% MAMEY 20% CACAO 60%,1,"['GUANABANA', 'MAMEY', 'CACAO']","['crop', 'crop', 'crop']",3
NARANJO 30%-PLATANO 30%CAFE 30%-PASTO ELEFANTE,1,"['NARANJA', 'PLATANO', 'CAFE', 'PASTO ELEFANTE']","['crop', 'crop', 'crop', 'pasture']",4
PASTO ELEFANTE 70%-PLATANO 30%,1,"['PASTO ELEFANTE', 'PLATANO']","['pasture', 'crop']",2
TERRENO EN  DESCANSO,1,['DESCANSO'],['fallow'],1
TERRENOS EN DESCANSO,1,['TERRENOS EN DESCANSO'],['fallow'],1
CAFE 50%-NARANJA 20%-PLATANO 30%,1,"['CAFE', 'NARANJA', 'PLATANO']","['crop', 'crop', 'crop']",3
CAFE 60%-PLATANO 205-NARANJA 20%,1,"['CAFE', 'PLATANO', 'NARANJA']","['crop', 'crop', 'crop']",3
CAFE 205-PLAYTANO 20%-PASTO ELEFANTE 20%,1,"['CAFE', 'PLAYTANO', 'PASTO ELEFANTE']","['crop', 'crop', 'pasture']",3
"CAFE 50%, PLATANO 30%, NARANJO 20%",1,"['CAFE', 'PLATANO', 'NARANJA']","['crop', 'crop', 'crop']",3
"NARANJO 20%, PLATANOS 30% , CAFE 50%",1,"['NARANJA', 'PLATANO', 'CAFE']","['crop', 'crop', 'crop']",3
PLATANO 25%-NARANJA 25%-CAFE 25%-GUAYAQUIL 25%,1,"['PLATANO', 'NARANJA', 'CAFE', 'GUAYAQUIL']","['crop', 'crop', 'crop', 'crop']",4
PLATANO 25%-NARANJA 25%-CAFE 255-GUAYAQUIL 25%,1,"['PLATANO', 'NARANJA', 'CAFE', 'GUAYAQUIL']","['crop', 'crop', 'crop', 'crop']",4
CAFE 40%-PLATANO 30%-NARANJAO 30%,1,"['CAFE', 'PLATANO', 'NARANJAO']","['crop', 'crop', 'crop']",3
CAFE 40%-PLATANO 305-NARANJA 30%,1,"['CAFE', 'PLATANO', 'NARANJA']","['crop', 'crop', 'crop']",3
CAFE 50%-NARANAJ 25%-PLATANO 25%,1,"['CAFE', 'NARANAJ', 'PLATANO']","['crop', 'crop', 'crop']",3
CAFE 50%-NARANJO 50%,1,"['CAFE', 'NARANJA']","['crop', 'crop']",2
CAFE 50%-NATANAJA 20%-PLATANO 30%,1,"['CAFE', 'NATANAJA', 'PLATANO']","['crop', 'crop', 'crop']",3
CAFE 50%-PLATANO 40%-PASTO ELEFANTE 10%,1,"['CAFE', 'PLATANO', 'PASTO ELEFANTE']","['crop', 'crop', 'pasture']",3
CAFE 60%-NARANJA 10%-PLATANO 30%,1,"['CAFE', 'NARANJA', 'PLATANO']","['crop', 'crop', 'crop']",3
CAFE 65%-PLANATNO 30%-NARANJO 5%,1,"['CAFE', 'PLANATNO', 'NARANJA']","['crop', 'crop', 'crop']",3
CASERIO LA ESPERANZA S/N CANCHAQUE HUANCABAMBA PIURA,1,"['CASERIO LA ESPERANZA S', 'N CANCHAQUE HUANCABAMBA PIURA']","['crop', 'crop']",2
PASTO ELEFANTE 80%-CAFE 10%-PLATANO 10%,1,"['PASTO ELEFANTE', 'CAFE', 'PLATANO']","['pasture', 'crop', 'crop']",3
CAFE 505-NARANJA 20%-PLATANO 30%,1,"['CAFE', 'NARANJA', 'PLATANO']","['crop', 'crop', 'crop']",3
CAFE 505-PLATANO 30%-NARANJO 20%,1,"['CAFE', 'PLATANO', 'NARANJA']","['crop', 'crop', 'crop']",3
CAFE 505-PLATANP 50%,1,"['CAFE', 'PLATANP']","['crop', 'crop']",2
CAFE 60%-NARANJA 30%-PLATANO 20%,1,"['CAFE', 'NARANJA', 'PLATANO']","['crop', 'crop', 'crop']",3
CAFE 70%PLATANO30%,1,"['CAFE', 'PLATANO']","['crop', 'crop']",2
NARANJO 205-PLATANO 305-CAFE 50%,1,"['NARANJA', 'PLATANO', 'CAFE']","['crop', 'crop', 'crop']",3
PLATANO 305-CAFE 50%-NARANJAO 20%,1,"['PLATANO', 'CAFE', 'NARANJAO']","['crop', 'crop', 'crop']",3
CAFE 605-PLATANO 205-NARANJA 20%,1,"['CAFE', 'PLATANO', 'NARANJA']","['crop', 'crop', 'crop']",3
CAFE 605-PLATANO 355-NARANJO 5%,1,"['CAFE', 'PLATANO', 'NARANJA']","['crop', 'crop', 'crop']",3
NARANJO 20%PLATANO 30%-CAFE 50%,1,"['NARANJA', 'PLATANO', 'CAFE']","['crop', 'crop', 'crop']",3
"NARANJO 205, PLATANO 20%, CAFE 60%",1,"['NARANJA', 'PLATANO', 'CAFE']","['crop', 'crop', 'crop']",3
PASTO DE INVIERNO,1,['PASTO DE INVIERNO'],['pasture'],1
PASTO ELEFANTE 50% PLATANO 10%-CAFE 40%,1,"['PASTO ELEFANTE', 'PLATANO', 'CAFE']","['pasture', 'crop', 'crop']",3
PASTO ELEFANTE 505-CAFE 305-PLATANO 20%,1,"['PASTO ELEFANTE', 'CAFE', 'PLATANO']","['pasture', 'crop', 'crop']",3
PLATANO 30%-CAFE 30%,1,"['PLATANO', 'CAFE']","['crop', 'crop']",2
TERRENEO EN DESCANSO,1,['TERRENEO EN DESCANSO'],['fallow'],1
CAFE 30%-PLATANO 30%-NARANJO 10%-PASTO ELEFANTE 30%,1,"['CAFE', 'PLATANO', 'NARANJA', 'PASTO ELEFANTE']","['crop', 'crop', 'crop', 'pasture']",4
CAFE 40%-PLATANO 405-NARANJA 20%,1,"['CAFE', 'PLATANO', 'NARANJA']","['crop', 'crop', 'crop']",3
CAFE 405-PLATANO 405-PASTO ELEFANTE 20%,1,"['CAFE', 'PLATANO', 'PASTO ELEFANTE']","['crop', 'crop', 'pasture']",3
CAFE 50%-NARAJO 50%,1,"['CAFE', 'NARAJO']","['crop', 'crop']",2
CAFE 505-PLATANO 405-NARANJA 5%,1,"['CAFE', 'PLATANO', 'NARANJA']","['crop', 'crop', 'crop']",3
CAFE 60%-NARAJA 20%-PLATANO 20%,1,"['CAFE', 'NARAJA', 'PLATANO']","['crop', 'crop', 'crop']",3
CAFE 60%-NARANJA 10%-PLATANAO 30%,1,"['CAFE', 'NARANJA', 'PLATANAO']","['crop', 'crop', 'crop']",3
CAFE 70%-NARANJA 30%,1,"['CAFE', 'NARANJA']","['crop', 'crop']",2
PLATANO 30%-PASTO ELEFANTE 70%,1,"['PLATANO', 'PASTO ELEFANTE']","['crop', 'pasture']",2
PLATANO 50%-PASTO ELEFANTE 50%,1,"['PLATANO', 'PASTO ELEFANTE']","['crop', 'pasture']",2
VCAFE 50%-PLATANO 50%,1,"['VCAFE', 'PLATANO']","['crop', 'crop']",2
HUALTACO-PASALLO-PALO SANTO-HIGUERON-HUASIMO,1,"['HUALTACO', 'PASALLO', 'PALO SANTO', 'HIGUERON', 'HUASIMO']","['crop', 'crop', 'crop', 'crop', 'crop']",5
MAIZ 50% FREJOL 50%,1,"['MAIZ', 'FRIJOL']","['crop', 'crop']",2
MAIZ 50% FRIJOL 50%,1,"['MAIZ', 'FRIJOL']","['crop', 'crop']",2
NARANJO 20%-PLATANO 30%-CAFE 30%,1,"['NARANJA', 'PLATANO', 'CAFE']","['crop', 'crop', 'crop']",3
NARANJO 20%-PLATANO 30%-CAFE 505,1,"['NARANJA', 'PLATANO', 'CAFE']","['crop', 'crop', 'crop']",3
NARANJO 205-PLATANO 20%-CAFE 60%,1,"['NARANJA', 'PLATANO', 'CAFE']","['crop', 'crop', 'crop']",3
NARANJO 305-PLATANO 20%-CAFE 50%,1,"['NARANJA', 'PLATANO', 'CAFE']","['crop', 'crop', 'crop']",3
PLATANAO 30%-CAFE 70%,1,"['PLATANAO', 'CAFE']","['crop', 'crop']",2
PLATANAO 40%-CAFE 6'%,1,"['PLATANAO', 'CAFE']","['crop', 'crop']",2
PLATANO 20%-CAFE 50%-NARANJAO 30%,1,"['PLATANO', 'CAFE', 'NARANJAO']","['crop', 'crop', 'crop']",3
PLATANO 20%-NARANJO 20%-CAFE 50%,1,"['PLATANO', 'NARANJA', 'CAFE']","['crop', 'crop', 'crop']",3
PLATANOI 20%-NARANJO 305-CAFE 50%,1,"['PLATANOI', 'NARANJA', 'CAFE']","['crop', 'crop', 'crop']",3
CAFE 50%-NARANJA 40%-PLATANO 10%,1,"['CAFE', 'NARANJA', 'PLATANO']","['crop', 'crop', 'crop']",3
CAFE 40%-GUAYAQUIL 40%,1,"['CAFE', 'GUAYAQUIL']","['crop', 'crop']",2
CIRUELO-COCOTERO,1,"['CIRUELA', 'COCO']","['crop', 'crop']",2
MANGO CIRUELO-COCOTERO,1,"['MANGO', 'COCO']","['crop', 'crop']",2
MARIGOL60%-MAIZ 20%-ARROZ 20%,1,"['MARIGOLD', 'MAIZ', 'ARROZ']","['crop', 'crop', 'crop']",3
MAIZ 80%- FRIJOL 20%,1,"['MAIZ', 'FRIJOL']","['crop', 'crop']",2
MANGO 70%-LIMON 30,1,"['MANGO', 'LIMON']","['crop', 'crop']",2
LIMON 25% PLATANO 10%,1,"['LIMON', 'PLATANO']","['crop', 'crop']",2
MAIZ 10 %-YUCA 10%,1,"['MAIZ', 'YUCA']","['crop', 'crop']",2
CEBOLLA -FREJOL-CHILENO,1,"['CEBOLLA', 'FRIJOL', 'CHILENO']","['crop', 'crop', 'crop']",3
TOMATE-ALGODON-AJI,1,"['TOMATE', 'ALGODON', 'AJI']","['crop', 'crop', 'crop']",3
MAIZ 405,1,['MAIZ'],['crop'],1
MAIZ 20%-FRIJOL CHILENO 80%,1,"['MAIZ', 'FRIJOL CAUPI']","['crop', 'crop']",2
MAIZ 35%-ARROZ 55%,1,"['MAIZ', 'ARROZ']","['crop', 'crop']",2
MANGO 5%- LIMON 30%,1,"['MANGO', 'LIMON']","['crop', 'crop']",2
CACAO-NARANJA,1,"['CACAO', 'NARANJA']","['crop', 'crop']",2
MANGO 80-LIMON 20,1,"['MANGO', 'LIMON']","['crop', 'crop']",2
LIMONERO (30%)  MANGO (30%),1,"['LIMON', 'MANGO']","['crop', 'crop']",2
LIMON 30%-MANGO 10%,1,"['LIMON', 'MANGO']","['crop', 'crop']",2
MANGO 60%-PALTP 405,1,"['MANGO', 'PALTP']","['crop', 'crop']",2
ALFALFA 30%-FRIJOL CHILENIO 10,1,"['ALFALFA', 'FRIJOL CHILENIO']","['pasture', 'crop']",2
LOMINERO,1,['LOMINERO'],['crop'],1
MANGO 50,1,['MANGO'],['crop'],1
MELON 50,1,['MELON'],['crop'],1
ARROZ(70)-MAIZ(30),1,"['ARROZ', 'MAIZ']","['crop', 'crop']",2
ALGARROBO 30%-HUALTACO 20%-CEREZO 20%,1,"['ALGARROBO', 'HUALTACO', 'CEREZO']","['crop', 'crop', 'crop']",3
FRIJOL DE PALO20%-MAIZ 10%-YUCA 10%-ARROZ 45%,1,"['FRIJOL DE PALO', 'MAIZ', 'YUCA', 'ARROZ']","['crop', 'crop', 'crop', 'crop']",4
"ARROZ, MAIZ FRIJOL",1,"['ARROZ', 'MAIZ', 'FRIJOL']","['crop', 'crop', 'crop']",3
MANGO 5%-PLATANO 40%-CAÑA DE AZUCAR 155,1,"['MANGO', 'PLATANO', 'CAÑA DE AZUCAR']","['crop', 'crop', 'crop']",3
ARROZ 25%-MAIZ 75%,1,"['ARROZ', 'MAIZ']","['crop', 'crop']",2
MAIZ 30%-FRIJOL 30%-YUCA 30%,1,"['MAIZ', 'FRIJOL', 'YUCA']","['crop', 'crop', 'crop']",3
PLATANO 40%-MANGO 105,1,"['PLATANO', 'MANGO']","['crop', 'crop']",2
ARROZ 50%-MAIZ 20%-SOYA 20%,1,"['ARROZ', 'MAIZ', 'SOYA']","['crop', 'crop', 'crop']",3
ARROZ 70%-PASTO ELEFANTE 30,1,"['ARROZ', 'PASTO ELEFANTE']","['crop', 'pasture']",2
ARROZ100,1,['ARROZ'],['crop'],1
DESCANDO Y ALGARROBOS,1,"['DESCANDO', 'ALGARROBO']","['fallow', 'crop']",2
MAIZ 60%-ARROZ 40%,1,"['MAIZ', 'ARROZ']","['crop', 'crop']",2
YUCA 30%-FRIJOL 30%,1,"['YUCA', 'FRIJOL']","['crop', 'crop']",2
"YUCA 30%-MAIZ 30%-,MANI 10%",1,"['YUCA', 'MAIZ', 'MANI']","['crop', 'crop', 'crop']",3
LIMONERO 50%-COCOTERO 20%-MANGO 15%,1,"['LIMON', 'COCO', 'MANGO']","['crop', 'crop', 'crop']",3
MAIZ 70%- YUCA 30%,1,"['MAIZ', 'YUCA']","['crop', 'crop']",2
YUCA 60%-FRIJOL 40%,1,"['YUCA', 'FRIJOL']","['crop', 'crop']",2
MAIZ 20%-YUCA 10%,1,"['MAIZ', 'YUCA']","['crop', 'crop']",2
MAIZ 10%-FRIJOL 20%,1,"['MAIZ', 'FRIJOL']","['crop', 'crop']",2
MANGO 10%-PLATANO 10%-PASTO SUDAN 10%,1,"['MANGO', 'PLATANO', 'PASTO SUDAN']","['crop', 'crop', 'pasture']",3
ARROZ 70%-MAIZ 20%-YUCA 10%,1,"['ARROZ', 'MAIZ', 'YUCA']","['crop', 'crop', 'crop']",3
"CAÑA, YUCA Y MAIZ",1,"['CAÑA DE AZUCAR', 'YUCA', 'MAIZ']","['crop', 'crop', 'crop']",3
"ARROZ 50, FRIJOL 50",1,"['ARROZ', 'FRIJOL']","['crop', 'crop']",2
"ARROZ 80, MAIZ 20",1,"['ARROZ', 'MAIZ']","['crop', 'crop']",2
"YUCA 70, MAIZ 20",1,"['YUCA', 'MAIZ']","['crop', 'crop']",2
ARROZ 30%- YUCA 30%,1,"['ARROZ', 'YUCA']","['crop', 'crop']",2
ARROZ 65%- YUCA 15%,1,"['ARROZ', 'YUCA']","['crop', 'crop']",2
ARROZ 70%-YUCA 205-CAMOTE 5%-MAIZ 5%,1,"['ARROZ', 'YUCA', 'CAMOTE', 'MAIZ']","['crop', 'crop', 'crop', 'crop']",4
GUAYAQUILÑ 55%-MANGO 105,1,"['GUAYAQUILÑ', 'MANGO']","['crop', 'crop']",2
ARROZ 60%-CAÑA DE AZUCAR 20%,1,"['ARROZ', 'CAÑA DE AZUCAR']","['crop', 'crop']",2
ARROZ 40%-MAIZ 10%-YUCA 20%,1,"['ARROZ', 'MAIZ', 'YUCA']","['crop', 'crop', 'crop']",3
FAJA CHICA Y GRAMALOTE,1,"['FAJA CHICA', 'GRAMALOTE']","['crop', 'pasture']",2
MAIZ 40%-ARROZ 20%,1,"['MAIZ', 'ARROZ']","['crop', 'crop']",2
YUCA20%-MAIZ 10%-ARROZ 70%,1,"['YUCA', 'MAIZ', 'ARROZ']","['crop', 'crop', 'crop']",3
ARROZ 50%- MAIZ 5%,1,"['ARROZ', 'MAIZ']","['crop', 'crop']",2
ARROZ 50%-YUCA 10%-MAIZ 10%-FRIJOL DE PALO 10%,1,"['ARROZ', 'YUCA', 'MAIZ', 'FRIJOL DE PALO']","['crop', 'crop', 'crop', 'crop']",4
CAÑA AZUCAR 5%-PASTO ELEFANTE 5%,1,"['CAÑA DE AZUCAR', 'PASTO ELEFANTE']","['crop', 'pasture']",2
ALGODON 25%-,1,['ALGODON'],['crop'],1
ARROZ 35%-YUCA 15%-MAIZ 30%-FRIJOL DE PALO 5%,1,"['ARROZ', 'YUCA', 'MAIZ', 'FRIJOL DE PALO']","['crop', 'crop', 'crop', 'crop']",4
PLATANO 75,1,['PLATANO'],['crop'],1
ARROZ 40%-MAIZ 20%,1,"['ARROZ', 'MAIZ']","['crop', 'crop']",2
LIMON35%-PASTO ELEFANTE20%-CAÑA DE AZUCAR 10%,1,"['LIMON', 'PASTO ELEFANTE', 'CAÑA DE AZUCAR']","['crop', 'pasture', 'crop']",3
YUCA 205,1,['YUCA'],['crop'],1
ARROZ 60%-YUCA 5%-MAIZ 55,1,"['ARROZ', 'YUCA', 'MAIZ']","['crop', 'crop', 'crop']",3
YUCA 55%-MAIZ 5%,1,"['YUCA', 'MAIZ']","['crop', 'crop']",2
MAIZ 40%-FRIJOL 10%,1,"['MAIZ', 'FRIJOL']","['crop', 'crop']",2
YUCA 60%-FREJOL 40%,1,"['YUCA', 'FRIJOL']","['crop', 'crop']",2
ARROZ 30%-CAÑA DE AZUCAR 20%,1,"['ARROZ', 'CAÑA DE AZUCAR']","['crop', 'crop']",2
"ARROZ 30, MAIZ 20, FRIJOL 10",1,"['ARROZ', 'MAIZ', 'FRIJOL']","['crop', 'crop', 'crop']",3
ARROZ 35%-MAIZ 35%,1,"['ARROZ', 'MAIZ']","['crop', 'crop']",2
GRAMA CHIELAN,1,['GRAMA CHIELAN'],['pasture'],1
"MAIZ 20, ARROZ 30, YUCA 10",1,"['MAIZ', 'ARROZ', 'YUCA']","['crop', 'crop', 'crop']",3
MAIZ 30%-FRIJOL 20%,1,"['MAIZ', 'FRIJOL']","['crop', 'crop']",2
MANGO 10%,1,['MANGO'],['crop'],1
ARROZ60%-MAIZ 30%-YUCA 10%,1,"['ARROZ', 'MAIZ', 'YUCA']","['crop', 'crop', 'crop']",3
GRAMA CHILENA 20%-PASTO ELEFANTE 10%,1,"['GRAMA CHILENA', 'PASTO ELEFANTE']","['pasture', 'pasture']",2
ARROZ 35%-MAIZ 15%-YUCA 10%,1,"['ARROZ', 'MAIZ', 'YUCA']","['crop', 'crop', 'crop']",3
ARROZ 70%-MAIZ 10%,1,"['ARROZ', 'MAIZ']","['crop', 'crop']",2
ARROZ FRIJOL,1,"['ARROZ', 'FRIJOL']","['crop', 'crop']",2
GUINEO,1,['BANANO'],['crop'],1
PASTO ELEFANTE 10%-ARROZ 90%,1,"['PASTO ELEFANTE', 'ARROZ']","['pasture', 'crop']",2
ARROZ65%-MAIZ 15%,1,"['ARROZ', 'MAIZ']","['crop', 'crop']",2
"FRIJOL 10, MAIZ 30",1,"['FRIJOL', 'MAIZ']","['crop', 'crop']",2
PASTO DE ELEFANTE 10%-PAJA DE CORTE 20%,1,"['PASTO ELEFANTE', 'PAJA DE CORTE']","['pasture', 'pasture']",2
"YUCA 10, MAIZ 30",1,"['YUCA', 'MAIZ']","['crop', 'crop']",2
ARROZ 80%,1,['ARROZ'],['crop'],1
MAMEY 50%,1,['MAMEY'],['crop'],1
MANI 70%-MAIZ 20%,1,"['MANI', 'MAIZ']","['crop', 'crop']",2
FAJA CHILENA,1,['FAJA CHILENA'],['crop'],1
MAIZ 20%-FRIJOL 40%-YUCA 205,1,"['MAIZ', 'FRIJOL', 'YUCA']","['crop', 'crop', 'crop']",3
ARROZ 50%-MAIZ 5%,1,"['ARROZ', 'MAIZ']","['crop', 'crop']",2
ARROZ 50%-MAIZ 5%-YUCA 5%-FRIJOL5%,1,"['ARROZ', 'MAIZ', 'YUCA', 'FRIJOL']","['crop', 'crop', 'crop', 'crop']",4
CAÑA 5%-PLAYANO10%-MANGO 5%,1,"['CAÑA DE AZUCAR', 'PLAYANO', 'MANGO']","['crop', 'crop', 'crop']",3
YUCA50%-ARROZ-30%-CAMOTE 10%-MAIZ 10%,1,"['YUCA', 'ARROZ', 'CAMOTE', 'MAIZ']","['crop', 'crop', 'crop', 'crop']",4
LIMONES TAMARINDO,1,"['LIMON', 'TAMARINDO']","['crop', 'crop']",2
GRAMA CHILENA 40%-PAJA DE CORTE 40%,1,"['GRAMA CHILENA', 'PAJA DE CORTE']","['pasture', 'pasture']",2
GRAMA CHILENA 40%-PAJA DE ELAFNET 40%,1,"['GRAMA CHILENA', 'PAJA DE ELAFNET']","['pasture', 'pasture']",2
CAÑA DEAZUCAR 70%-LIMON 5%-MANGO05%,1,"['CAÑA DEAZUCAR', 'LIMON', 'MANGO']","['crop', 'crop', 'crop']",3
ARROZ 60%-MAIZ 20%-FRIJOL 20%,1,"['ARROZ', 'MAIZ', 'FRIJOL']","['crop', 'crop', 'crop']",3
ARROZ 80%-YUCA 10%-MAIZ 5%,1,"['ARROZ', 'YUCA', 'MAIZ']","['crop', 'crop', 'crop']",3
ARROZ 70%-MAIZ20%-YUCA 10%,1,"['ARROZ', 'MAIZ', 'YUCA']","['crop', 'crop', 'crop']",3
ARROZ30%-GIRASOL 10%,1,"['ARROZ', 'GIRASOL']","['crop', 'crop']",2
MAIZ 30%-YUCA 255,1,"['MAIZ', 'YUCA']","['crop', 'crop']",2
ARROZ 20%,1,['ARROZ'],['crop'],1
MAIZ 30-FRIJOL 10%.-,1,"['MAIZ', 'FRIJOL']","['crop', 'crop']",2
ARROZ 10%-MAIZ 105,1,"['ARROZ', 'MAIZ']","['crop', 'crop']",2
ARROZ 25%-MAIZ 15%,1,"['ARROZ', 'MAIZ']","['crop', 'crop']",2
ARROZ 80%-MAIZ 20%.-,1,"['ARROZ', 'MAIZ']","['crop', 'crop']",2
MANI10%-YUCA 10%-CAMOTE 10%,1,"['MANI', 'YUCA', 'CAMOTE']","['crop', 'crop', 'crop']",3
PASTO DE ELAFANTE 30%-PAJA DE CORTE 10%,1,"['PASTO DE ELAFANTE', 'PAJA DE CORTE']","['pasture', 'pasture']",2
ARROZ 80%-YUCA 20%,1,"['ARROZ', 'YUCA']","['crop', 'crop']",2
MAIZ 40%-FREJOL 10%-CAÑA 10%-ARROZ 40%.-,1,"['MAIZ', 'FRIJOL', 'CAÑA DE AZUCAR', 'ARROZ']","['crop', 'crop', 'crop', 'crop']",4
MAIZ 60%-FRIJOL 20%.-,1,"['MAIZ', 'FRIJOL']","['crop', 'crop']",2
MAIZ 80%,1,['MAIZ'],['crop'],1
PALTO 20%,1,['PALTA'],['crop'],1
ARROZ 30%-MAIZ45%,1,"['ARROZ', 'MAIZ']","['crop', 'crop']",2
MAIZ 40%-MANI 20%.-,1,"['MAIZ', 'MANI']","['crop', 'crop']",2
ARROZ 20%-MAIZ 10%.-,1,"['ARROZ', 'MAIZ']","['crop', 'crop']",2
MAIZ 10%-ARROZ 80%,1,"['MAIZ', 'ARROZ']","['crop', 'crop']",2
MAIZ 20%-FRIJOL 20%-CAMOTE 10%,1,"['MAIZ', 'FRIJOL', 'CAMOTE']","['crop', 'crop', 'crop']",3
MAIZ 50%-FRIJOL 50%.-,1,"['MAIZ', 'FRIJOL']","['crop', 'crop']",2
MAIZ 90%-FRIJOL 10%,1,"['MAIZ', 'FRIJOL']","['crop', 'crop']",2
MANGO CIRUELO 10%-PLATANO 5%,1,"['MANGO', 'PLATANO']","['crop', 'crop']",2
PLATANO 80,1,['PLATANO'],['crop'],1
FAIQUES 5,1,['FAIQUE'],['crop'],1
"MANGO 10, CAÑA DE AZUCAR 10",1,"['MANGO', 'CAÑA DE AZUCAR']","['crop', 'crop']",2
NARANJAS 30 - PALTOS 65,1,"['NARANJA', 'PALTA']","['crop', 'crop']",2
YUCA 80 - FRIJOL 20,1,"['YUCA', 'FRIJOL']","['crop', 'crop']",2
ARROZ 60 - CAÑA DE AZUCAR 30,1,"['ARROZ', 'CAÑA DE AZUCAR']","['crop', 'crop']",2
ARROZ 70%-MAIZ 10%-YUCA 5%-CAMOTE 5%,1,"['ARROZ', 'MAIZ', 'YUCA', 'CAMOTE']","['crop', 'crop', 'crop', 'crop']",4
ARROZ50 - CAÑA 40,1,"['ARROZ', 'CAÑA DE AZUCAR']","['crop', 'crop']",2
CACAO 60%-MANGO CIRUELO 10%,1,"['CACAO', 'MANGO']","['crop', 'crop']",2
CACAO 70%-MANGO CIRUELO 10%.-,1,"['CACAO', 'MANGO']","['crop', 'crop']",2
CAÑA 10 - ARROZ 60 -MAIZ 20,1,"['CAÑA DE AZUCAR', 'ARROZ', 'MAIZ']","['crop', 'crop', 'crop']",3
CAÑA DEAZUCAR 40%-MAIZ 20%,1,"['CAÑA DEAZUCAR', 'MAIZ']","['crop', 'crop']",2
FRIJOL 20%-MAIZ 20%-YUCA 20%,1,"['FRIJOL', 'MAIZ', 'YUCA']","['crop', 'crop', 'crop']",3
MAIZ 60%-YUCA 20%.-,1,"['MAIZ', 'YUCA']","['crop', 'crop']",2
ARROZ 40%-CAÑADE AZUCAR 20%,1,"['ARROZ', 'CAÑADE AZUCAR']","['crop', 'crop']",2
MAIZ 20,1,['MAIZ'],['crop'],1
ARROZ 40- MAIZ 30,1,"['ARROZ', 'MAIZ']","['crop', 'crop']",2
ARROZ 60%- PAN LLEVAR 40%,1,"['ARROZ', 'PAN LLEVAR']","['crop', 'crop']",2
ARROZ 70 - MAIZ 15,1,"['ARROZ', 'MAIZ']","['crop', 'crop']",2
CACAO 20%-MANGO CIRUELO 10%-PAJA DE CORTE 10%,1,"['CACAO', 'MANGO', 'PAJA DE CORTE']","['crop', 'crop', 'pasture']",3
MAIZ 20%-CAÑA DE AZUCAR 40%,1,"['MAIZ', 'CAÑA DE AZUCAR']","['crop', 'crop']",2
PLATANO 15 - CACAO 5 - PASTO DE ELEFANTE 10,1,"['PLATANO', 'CACAO', 'PASTO ELEFANTE']","['crop', 'crop', 'pasture']",3
ARROZ 50 - YUCA 5,1,"['ARROZ', 'YUCA']","['crop', 'crop']",2
PLATANO 10%-CAÑA DE AZUCAR 20%,1,"['PLATANO', 'CAÑA DE AZUCAR']","['crop', 'crop']",2
PLATANOS 5 - CACAO 5,1,"['PLATANO', 'CACAO']","['crop', 'crop']",2
CAÑA DE AZUCAR 40%-PLATANO 30,1,"['CAÑA DE AZUCAR', 'PLATANO']","['crop', 'crop']",2
CAÑA DE AZUCAR 40%-PLATANO 30%-PASTO ELEFANTE 30,1,"['CAÑA DE AZUCAR', 'PLATANO', 'PASTO ELEFANTE']","['crop', 'crop', 'pasture']",3
"CAÑA DE AZUCAR 60, PLATANO 40",1,"['CAÑA DE AZUCAR', 'PLATANO']","['crop', 'crop']",2
MAIZ 50 - CAMOTE  50,1,"['MAIZ', 'CAMOTE']","['crop', 'crop']",2
PAJA DE CORTE 40%-LIMON 5%-ACHIOTE 5%,1,"['PAJA DE CORTE', 'LIMON', 'ACHIOTE']","['pasture', 'crop', 'crop']",3
PLATANO 5%-CACAO 5%,1,"['PLATANO', 'CACAO']","['crop', 'crop']",2
"CAMOTE 30, YUCA 40,  MAIZ 30",1,"['CAMOTE', 'YUCA', 'MAIZ']","['crop', 'crop', 'crop']",3
CACAO 10 - PLATANO 10,1,"['CACAO', 'PLATANO']","['crop', 'crop']",2
"CAÑA DE AZUCAR 5 - MANGO, CIRUEL , PLATANO 5",1,"['CAÑA DE AZUCAR', 'MANGO', 'CIRUEL', 'PLATANO']","['crop', 'crop', 'crop', 'crop']",4
CAÑA DE AZUCAR 65%-CAFE 15%,1,"['CAÑA DE AZUCAR', 'CAFE']","['crop', 'crop']",2
MAIZ 20 - ARROZ 70,1,"['MAIZ', 'ARROZ']","['crop', 'crop']",2
PLATANO 10%-CAÑA DE AZUCAR 10%,1,"['PLATANO', 'CAÑA DE AZUCAR']","['crop', 'crop']",2
PAJA CHILENA 5%-PASTO ELEFANTE,1,"['PAJA CHILENA', 'PASTO ELEFANTE']","['pasture', 'pasture']",2
FRIJOL 50%-MAIZ 40%,1,"['FRIJOL', 'MAIZ']","['crop', 'crop']",2
AJI 50%-ARROZ 50%,1,"['AJI', 'ARROZ']","['crop', 'crop']",2
ALGODON 50%-ARROZ 50%.-,1,"['ALGODON', 'ARROZ']","['crop', 'crop']",2
ALGODON-ARROZ,1,"['ALGODON', 'ARROZ']","['crop', 'crop']",2
MAIZ 40%-ARROZ 60%,1,"['MAIZ', 'ARROZ']","['crop', 'crop']",2
MAIZ 40%-ARROZ 60%.-,1,"['MAIZ', 'ARROZ']","['crop', 'crop']",2
TOMATE 30%-ARROZ 70%,1,"['TOMATE', 'ARROZ']","['crop', 'crop']",2
TOMATE ARROZ,1,"['TOMATE', 'ARROZ']","['crop', 'crop']",2
CAFE 70 - PLATANO 25 - CAÑA DE AZUCAR 5,1,"['CAFE', 'PLATANO', 'CAÑA DE AZUCAR']","['crop', 'crop', 'crop']",3
PLATANO 30 - CAFE 30,1,"['PLATANO', 'CAFE']","['crop', 'crop']",2
CAFE 30 - PLATANO 60,1,"['CAFE', 'PLATANO']","['crop', 'crop']",2
CAFE 50 - PLATANO 40 - NARANJA 10,1,"['CAFE', 'PLATANO', 'NARANJA']","['crop', 'crop', 'crop']",3
CAFE 50 - PLATNO 50,1,"['CAFE', 'PLATNO']","['crop', 'crop']",2
CAFE 60 - PLATANO 30 - CAÑA DE AZUCAR 5 - GUAYAQUIL 5,1,"['CAFE', 'PLATANO', 'CAÑA DE AZUCAR', 'GUAYAQUIL']","['crop', 'crop', 'crop', 'crop']",4
GUAYAQUIL 40 - CAFE 30 - PLATANO 20,1,"['GUAYAQUIL', 'CAFE', 'PLATANO']","['crop', 'crop', 'crop']",3
CAFE 40 - PLATANO 20 - CAÑA DE AZUCAR 10,1,"['CAFE', 'PLATANO', 'CAÑA DE AZUCAR']","['crop', 'crop', 'crop']",3
CAFE 60 - PLATANO 30 - NARANJO 10,1,"['CAFE', 'PLATANO', 'NARANJA']","['crop', 'crop', 'crop']",3
CAFE 30%-PLATANO 20%,1,"['CAFE', 'PLATANO']","['crop', 'crop']",2
CAFE 60%-PLATANO 30%-CAÑA 10,1,"['CAFE', 'PLATANO', 'CAÑA DE AZUCAR']","['crop', 'crop', 'crop']",3
CAFE 505-PLATANO 40%-CAÑA 10%,1,"['CAFE', 'PLATANO', 'CAÑA DE AZUCAR']","['crop', 'crop', 'crop']",3
PLATANO 30%-CAFE 30%-GUAYAQUIL 40%,1,"['PLATANO', 'CAFE', 'GUAYAQUIL']","['crop', 'crop', 'crop']",3
CAFE 50%-PLATANAO 50,1,"['CAFE', 'PLATANAO']","['crop', 'crop']",2
CAFE 70%-PLATANO 20%-CAÑA 10,1,"['CAFE', 'PLATANO', 'CAÑA DE AZUCAR']","['crop', 'crop', 'crop']",3
CAÑA DE AZUCAR 70%- CAFE 30%,1,"['CAÑA DE AZUCAR', 'CAFE']","['crop', 'crop']",2
CAFE 50-PLATANO 30-NARANJO 20,1,"['CAFE', 'PLATANO', 'NARANJA']","['crop', 'crop', 'crop']",3
CAFE 60%-PLATANO 30%*-NANRANJO 10%,1,"['CAFE', 'PLATANO', 'NANRANJO']","['crop', 'crop', 'crop']",3
CAFE 605-PLATANO 40%,1,"['CAFE', 'PLATANO']","['crop', 'crop']",2
CAFE 70%-CAÑA DE AZUCAR 20%-GUAYAQUIL 10%,1,"['CAFE', 'CAÑA DE AZUCAR', 'GUAYAQUIL']","['crop', 'crop', 'crop']",3
CAFE 50-PLATANO 50-,1,"['CAFE', 'PLATANO']","['crop', 'crop']",2
CAÑA 70-HUABO 30,1,"['CAÑA DE AZUCAR', 'GUABO']","['crop', 'crop']",2
CAFE 60-PLATANO 30-CAÑA 5,1,"['CAFE', 'PLATANO', 'CAÑA DE AZUCAR']","['crop', 'crop', 'crop']",3
CAFE 65%-CAÑA 10%-PLATANO 10%-HUABO 15%,1,"['CAFE', 'CAÑA DE AZUCAR', 'PLATANO', 'GUABO']","['crop', 'crop', 'crop', 'crop']",4
CAFE 70%-CAÑA 30,1,"['CAFE', 'CAÑA DE AZUCAR']","['crop', 'crop']",2
PASTO ELAEFANTE,1,['PASTO ELAEFANTE'],['pasture'],1
CAFE 30-PLATANO 30-NARANJO20-PASTO 20,1,"['CAFE', 'PLATANO', 'NARANJA', 'PASTO']","['crop', 'crop', 'crop', 'pasture']",4
CAFE 30-PLATANO 30-PASTO20,1,"['CAFE', 'PLATANO', 'PASTO']","['crop', 'crop', 'pasture']",3
CAFE 50-PLATANO,1,"['CAFE', 'PLATANO']","['crop', 'crop']",2
CAFE 50-PLATANO 30-CAÑA,1,"['CAFE', 'PLATANO', 'CAÑA DE AZUCAR']","['crop', 'crop', 'crop']",3
CAFE 50-PLATANO 30-CAÑA 20,1,"['CAFE', 'PLATANO', 'CAÑA DE AZUCAR']","['crop', 'crop', 'crop']",3
CAFE 50-PLATTANO 50,1,"['CAFE', 'PLATTANO']","['crop', 'crop']",2
CAFE 60-PLATANO 30-CAÑA 10,1,"['CAFE', 'PLATANO', 'CAÑA DE AZUCAR']","['crop', 'crop', 'crop']",3
CAFE 60-PLATANO 35-CAÑA 5,1,"['CAFE', 'PLATANO', 'CAÑA DE AZUCAR']","['crop', 'crop', 'crop']",3
CAFE 60-PLATANO 35-GUAYAQUIL 5,1,"['CAFE', 'PLATANO', 'GUAYAQUIL']","['crop', 'crop', 'crop']",3
CAFE 60-PLATANO20-CAÑA 20,1,"['CAFE', 'PLATANO', 'CAÑA DE AZUCAR']","['crop', 'crop', 'crop']",3
CAFE 65-PLATANO 35,1,"['CAFE', 'PLATANO']","['crop', 'crop']",2
CAFE 70-PLATANO 30-CAÑA 10,1,"['CAFE', 'PLATANO', 'CAÑA DE AZUCAR']","['crop', 'crop', 'crop']",3
CAÑA 70-PLATANO 20-CAÑA 10,1,"['CAÑA DE AZUCAR', 'PLATANO']","['crop', 'crop']",2
CAFE 60-PLATANO 20-PASTO SUDAN,1,"['CAFE', 'PLATANO', 'PASTO SUDAN']","['crop', 'crop', 'pasture']",3
CAFE 60-PLATANO 30-PASTO 10,1,"['CAFE', 'PLATANO', 'PASTO']","['crop', 'crop', 'pasture']",3
CAFE 60-PLANATANO 40,1,"['CAFE', 'PLANATANO']","['crop', 'crop']",2
CAFE 60-PLATANO 30-CAÑA,1,"['CAFE', 'PLATANO', 'CAÑA DE AZUCAR']","['crop', 'crop', 'crop']",3
CAFE 60-PLATANO 30-GUAYAQUIL 10,1,"['CAFE', 'PLATANO', 'GUAYAQUIL']","['crop', 'crop', 'crop']",3
CAÑA 65%-PLATANO 10%-CAFE 205,1,"['CAÑA DE AZUCAR', 'PLATANO', 'CAFE']","['crop', 'crop', 'crop']",3
CAFE 50          PLATANO,1,"['CAFE', 'PLATANO']","['crop', 'crop']",2
"PASTO SUDAN 25, CAFE 35, PLATANO 35, CAÑA DE AZUCAR",1,"['PASTO SUDAN', 'CAFE', 'PLATANO', 'CAÑA DE AZUCAR']","['pasture', 'crop', 'crop', 'crop']",4
"CAFE 50, PLATANO, 40 CAÑA DE AZUCAR",1,"['CAFE', 'PLATANO', 'CAÑA DE AZUCAR']","['crop', 'crop', 'crop']",3
"CAFE 60, PLATANO 30, CAÑA DE AZUCAR",1,"['CAFE', 'PLATANO', 'CAÑA DE AZUCAR']","['crop', 'crop', 'crop']",3
"PLATANOS 60,  CAFE 40",1,"['PLATANO', 'CAFE']","['crop', 'crop']",2
CAFE 50 - PLATANO,1,"['CAFE', 'PLATANO']","['crop', 'crop']",2
"CAFE 50, , PLATANO 50",1,"['CAFE', 'PLATANO']","['crop', 'crop']",2
"CAFE 50, PLATANO 40",1,"['CAFE', 'PLATANO']","['crop', 'crop']",2
"CAFE 55, PLATAO 40, NARANJO 40",1,"['CAFE', 'PLATAO', 'NARANJA']","['crop', 'crop', 'crop']",3
"CAÑA DE AZUCAR 50, CAFE 30, PLATANO",1,"['CAÑA DE AZUCAR', 'CAFE', 'PLATANO']","['crop', 'crop', 'crop']",3
"CAFE 40, CAÑA DE AZUCAR 40, PLATANO",1,"['CAFE', 'CAÑA DE AZUCAR', 'PLATANO']","['crop', 'crop', 'crop']",3
"CAFE 40, CAÑA DE AZUCAR 40, PLATANO 20",1,"['CAFE', 'CAÑA DE AZUCAR', 'PLATANO']","['crop', 'crop', 'crop']",3
CAFE 60 . PLATANO 40,1,"['CAFE', 'PLATANO']","['crop', 'crop']",2
"PLATANO 60, CAFE 40",1,"['PLATANO', 'CAFE']","['crop', 'crop']",2
"PLATANO 65, CAFE 35",1,"['PLATANO', 'CAFE']","['crop', 'crop']",2
"CAFE 50, PLATANO 30, CAÑA DE AZUCAR 20",1,"['CAFE', 'PLATANO', 'CAÑA DE AZUCAR']","['crop', 'crop', 'crop']",3
"CAFE 60, PLATANO 30, NARANJO",1,"['CAFE', 'PLATANO', 'NARANJA']","['crop', 'crop', 'crop']",3
"CAFE 65, PLATANO 30, 5",1,"['CAFE', 'PLATANO']","['crop', 'crop']",2
"CAFE 65, PLATANO 30, CAÑA DE AZUCAR",1,"['CAFE', 'PLATANO', 'CAÑA DE AZUCAR']","['crop', 'crop', 'crop']",3
"CAFE 35 , PLATANO 35",1,"['CAFE', 'PLATANO']","['crop', 'crop']",2
"CAFE 40, PLATANO 30",1,"['CAFE', 'PLATANO']","['crop', 'crop']",2
"CAFE 60, HUABO 15",1,"['CAFE', 'GUABO']","['crop', 'crop']",2
"CAFE 30, PLATANO 30",1,"['CAFE', 'PLATANO']","['crop', 'crop']",2
"CAFE 40, PLATANO 40 , CAÑA DE AZUCAR 20",1,"['CAFE', 'PLATANO', 'CAÑA DE AZUCAR']","['crop', 'crop', 'crop']",3
"CAFE 40, PLATANO 60",1,"['CAFE', 'PLATANO']","['crop', 'crop']",2
"CAFE 50, PLATANO 35, PASTO ELEFANTE 15",1,"['CAFE', 'PLATANO', 'PASTO ELEFANTE']","['crop', 'crop', 'pasture']",3
CAFE 60 - PLATANO,1,"['CAFE', 'PLATANO']","['crop', 'crop']",2
"CAFE 60, PLATANO 35 NARANJO 5",1,"['CAFE', 'PLATANO', 'NARANJA']","['crop', 'crop', 'crop']",3
"LIMON , COCOTERO",1,"['LIMON', 'COCO']","['crop', 'crop']",2
"CAFE 55, PLATANO 45",1,"['CAFE', 'PLATANO']","['crop', 'crop']",2
"CAFE 60, PLATANO 40.",1,"['CAFE', 'PLATANO']","['crop', 'crop']",2
"CAFE 70, PLATANAO 30",1,"['CAFE', 'PLATANAO']","['crop', 'crop']",2
LIMONERO 30%-MANGO 30%,1,"['LIMON', 'MANGO']","['crop', 'crop']",2
"MANGO 70%, TAMARINDO 10%, COCOTERO 5%",1,"['MANGO', 'TAMARINDO', 'COCO']","['crop', 'crop', 'crop']",3
MAIZ 5% PAPA 5%,1,"['MAIZ', 'PAPA']","['crop', 'crop']",2
CAFE 30%-PASTO ELEFANTE 70,1,"['CAFE', 'PASTO ELEFANTE']","['crop', 'pasture']",2
CAFE 70%-PLATANO 30,1,"['CAFE', 'PLATANO']","['crop', 'crop']",2
PASTOELEFANTE 80 CAFE 20,1,"['PASTOELEFANTE', 'CAFE']","['pasture', 'crop']",2
"CAFE 40%-PLATANO 40%, NARANJA 20",1,"['CAFE', 'PLATANO', 'NARANJA']","['crop', 'crop', 'crop']",3
CAFE 70%-PLATYANO 30%,1,"['CAFE', 'PLATYANO']","['crop', 'crop']",2
PASTO DE ELEFANTE 40%-PAJA GRANADILLA 60,1,"['PASTO ELEFANTE', 'PAJA GRANADILLA']","['pasture', 'pasture']",2
CAFE 40%-PLATANO 30%,1,"['CAFE', 'PLATANO']","['crop', 'crop']",2
CAFE 50%-PLATANO  40%-NARANJO 10%,1,"['CAFE', 'PLATANO', 'NARANJA']","['crop', 'crop', 'crop']",3
CAFE 405-NARANJO 405-PLATANO 205,1,"['CAFE', 'NARANJA', 'PLATANO']","['crop', 'crop', 'crop']",3
CAFE 50%-GUAYAQUIL 50%,1,"['CAFE', 'GUAYAQUIL']","['crop', 'crop']",2
CAFE 90%-HUABO 10%,1,"['CAFE', 'GUABO']","['crop', 'crop']",2
CAFE 95%-HUABO 5%,1,"['CAFE', 'GUABO']","['crop', 'crop']",2
"CAFE 50, PLATANO 30",1,"['CAFE', 'PLATANO']","['crop', 'crop']",2
"CAFE 70 , PLATANO 30",1,"['CAFE', 'PLATANO']","['crop', 'crop']",2
"CAFE 90, GUAYAQUIL 5, PLATANOS",1,"['CAFE', 'GUAYAQUIL', 'PLATANO']","['crop', 'crop', 'crop']",3
"CAFE 95, HUABO 5",1,"['CAFE', 'GUABO']","['crop', 'crop']",2
"CAFE 40, PASTO ELEFANTE 60",1,"['CAFE', 'PASTO ELEFANTE']","['crop', 'pasture']",2
"CAÑA GUAYAQUIL 50, CAFE 25, PLATANO 25",1,"['GUAYAQUIL', 'CAFE', 'PLATANO']","['crop', 'crop', 'crop']",3
"CAFE 65, PLATANO 10, GUAYAQUIL 20, HUABO 5",1,"['CAFE', 'PLATANO', 'GUAYAQUIL', 'GUABO']","['crop', 'crop', 'crop', 'crop']",4
MARACUYA 10%-LIMON 60%-MANGO20%-UVA10%,1,"['MARACUYA', 'LIMON', 'MANGO', 'UVA']","['crop', 'crop', 'crop', 'crop']",4
LIMON 15%,1,['LIMON'],['crop'],1
LIMON (60 %) MANGO (40 %),1,"['LIMON', 'MANGO']","['crop', 'crop']",2
"LIMON 55% , MANGO 30%",1,"['LIMON', 'MANGO']","['crop', 'crop']",2
"LIMON (30%), MANGO(50%)",1,"['LIMON', 'MANGO']","['crop', 'crop']",2
"MANGO(95%), UCA (5%)",1,"['MANGO', 'UCA']","['crop', 'crop']",2
"LIMON (60 %) , MANGO (30 %)",1,"['LIMON', 'MANGO']","['crop', 'crop']",2
LIMON 5% MANGO 10%,1,"['LIMON', 'MANGO']","['crop', 'crop']",2
MANGO 35% LIMON 40%,1,"['MANGO', 'LIMON']","['crop', 'crop']",2
MANGO 80%  LIMOMERO 20%,1,"['MANGO', 'LIMOMERO']","['crop', 'crop']",2
MANGO 45% LIMON 40% PLATANO 10%,1,"['MANGO', 'LIMON', 'PLATANO']","['crop', 'crop', 'crop']",3
REFOPRESTACION,1,['REFOPRESTACION'],['crop'],1
"CULTIVO PLATANO, PERIMETRO",1,"['PLATANO', 'PERIMETRO']","['crop', 'crop']",2
FRUTALES NARANJAS 80% LIMON 20%,1,"['FRUTALES', 'NARANJA', 'LIMON']","['crop', 'crop', 'crop']",3
LIMON 50% NARANJA 50%,1,"['LIMON', 'NARANJA']","['crop', 'crop']",2
MAIZ 25%,1,['MAIZ'],['crop'],1
"PALTANO 50% , LIMON 25%",1,"['PALTANO', 'LIMON']","['crop', 'crop']",2
PREPARADO PARA CULTIVO MENORES,1,['PREPARADO PARA CULTIVO MENORES'],['land_prep'],1
APERTURA HOYOS INSTALACION PLATANOS,1,['APERTURA HOYOS INSTALACION PLATANOS'],['crop'],1
"CULTIVO, PLATANOS, PERIMETRO",1,"['SIN ESPECIFICAR', 'PLATANO', 'PERIMETRO']","['unspecified', 'crop', 'crop']",3
CAFE 70% CACAO 10% NARANJA 20%,1,"['CAFE', 'CACAO', 'NARANJA']","['crop', 'crop', 'crop']",3
CAFE 70% PLATANO 20% PALTO 10%,1,"['CAFE', 'PLATANO', 'PALTA']","['crop', 'crop', 'crop']",3
CAFE 80% PLATANO 20Y%,1,"['CAFE', 'PLATANO']","['crop', 'crop']",2
PLATANO 20% CAFE 70% CACAO 10%,1,"['PLATANO', 'CAFE', 'CACAO']","['crop', 'crop', 'crop']",3
CAFE 80 % PLATANO 205,1,"['CAFE', 'PLATANO']","['crop', 'crop']",2
CAFE 80% NARANJA 10% PLATANO 10%,1,"['CAFE', 'NARANJA', 'PLATANO']","['crop', 'crop', 'crop']",3
CAFE 80% PLATANO 10%NARANJA 10%,1,"['CAFE', 'PLATANO', 'NARANJA']","['crop', 'crop', 'crop']",3
"CAFE(90), PLATANO(10)",1,"['CAFE', 'PLATANO']","['crop', 'crop']",2
MAIZ 10% CAFE 70% CACAO 20%,1,"['MAIZ', 'CAFE', 'CACAO']","['crop', 'crop', 'crop']",3
CAFE 90% NARANJA 10%,1,"['CAFE', 'NARANJA']","['crop', 'crop']",2
PLATANO 10% CAFE 90%,1,"['PLATANO', 'CAFE']","['crop', 'crop']",2
CAÑA  DE AZUCAR,1,['CAÑA DE AZUCAR'],['crop'],1
CAÑA 50% CACAO 40% PLATANO 10%,1,"['CAÑA DE AZUCAR', 'CACAO', 'PLATANO']","['crop', 'crop', 'crop']",3
"MANGO(20%), PASTO ELEFANTE(50%)",1,"['MANGO', 'PASTO ELEFANTE']","['crop', 'pasture']",2
PLATANO 50% CACAO 50%,1,"['PLATANO', 'CACAO']","['crop', 'crop']",2
"CACAO(10%), CAÑA DE AZUCAR(90%)",1,"['CACAO', 'CAÑA DE AZUCAR']","['crop', 'crop']",2
CAFE PLATANO HUABA CACAO,1,"['CAFE', 'PLATANO', 'GUABO', 'CACAO']","['crop', 'crop', 'crop', 'crop']",4
CAÑA CACAO,1,"['CAÑA DE AZUCAR', 'CACAO']","['crop', 'crop']",2
"CACAO(60%), PLATANO(30%)",1,"['CACAO', 'PLATANO']","['crop', 'crop']",2
CAFE 80% NARANJA 10% CACAO 10%,1,"['CAFE', 'NARANJA', 'CACAO']","['crop', 'crop', 'crop']",3
CAFE 80% NARANJO 10% PLATANO 10%,1,"['CAFE', 'NARANJA', 'PLATANO']","['crop', 'crop', 'crop']",3
"CAÑA DE AZUCAR(80%), CACAO(20%)",1,"['CAÑA DE AZUCAR', 'CACAO']","['crop', 'crop']",2
CAFE 60% PLATANO 20% NARANJA 20%,1,"['CAFE', 'PLATANO', 'NARANJA']","['crop', 'crop', 'crop']",3
CAFE NARANJA,1,"['CAFE', 'NARANJA']","['crop', 'crop']",2
CAFE 50% PLATANO 40% NARANJO 10%,1,"['CAFE', 'PLATANO', 'NARANJA']","['crop', 'crop', 'crop']",3
CAFE PLATANO NARANJO,1,"['CAFE', 'PLATANO', 'NARANJA']","['crop', 'crop', 'crop']",3
CAFE CAÑA,1,"['CAFE', 'CAÑA DE AZUCAR']","['crop', 'crop']",2
PLATANO 40% CAÑA DE AZUCAR 60%,1,"['PLATANO', 'CAÑA DE AZUCAR']","['crop', 'crop']",2
ROZADO DE CAMPO,1,['ROZADO DE CAMPO'],['crop'],1
ALGARROBOS Y OTROS,1,"['ALGARROBO', 'SIN ESPECIFICAR']","['crop', 'unspecified']",2
"10% PAHUALQUE, 10% CUPRESº",1,"['PAHUALQUE', 'CUPRESº']","['crop', 'crop']",2
"40% GRAMALOTE, 40% PAJA DE INVERNA",1,"['GRAMALOTE', 'INVERNA']","['pasture', 'pasture']",2
"40% PASTO DE ELEFANTE, 40% PAJA DE INVERNA",1,"['PASTO ELEFANTE', 'INVERNA']","['pasture', 'pasture']",2
50% PASTO DE ELEFANTE Y 30% PAJA DE INVERNA,1,"['PASTO ELEFANTE', 'INVERNA']","['pasture', 'pasture']",2
"25% PLATANO, 25% CAFE, 50% PASTO ELEFANTE",1,"['PLATANO', 'CAFE', 'PASTO ELEFANTE']","['crop', 'crop', 'pasture']",3
"10% PAPA, 25% MAIZ, 25% FRIJOL PANAMITO",1,"['PAPA', 'MAIZ', 'FRIJOL PANAMITO']","['crop', 'crop', 'crop']",3
"25% PASTO ELEFANTE, 25% PLATANO, 25% GRAMALOTE, 25% CAFE",1,"['PASTO ELEFANTE', 'PLATANO', 'GRAMALOTE', 'CAFE']","['pasture', 'crop', 'pasture', 'crop']",4
"30% MAIZ, 20% ALVERJA",1,"['MAIZ', 'ARVEJA']","['crop', 'crop']",2
50% CAFE,1,['CAFE'],['crop'],1
"65% PLATANO, 35% CAFE",1,"['PLATANO', 'CAFE']","['crop', 'crop']",2
60% GRADEO,1,['GRADEO'],['land_prep'],1
10% ROBLE,1,['ROBLE'],['crop'],1
20% PAHUALQUE,1,['PAHUALQUE'],['crop'],1
"25% PASTO ELEFANTE, 25% CAFE, 25% PLATANO, 20% NARANJA",1,"['PASTO ELEFANTE', 'CAFE', 'PLATANO', 'NARANJA']","['pasture', 'crop', 'crop', 'crop']",4
"30% PLATANO, 30% CAFE, 20% PASTO ELEFANTE",1,"['PLATANO', 'CAFE', 'PASTO ELEFANTE']","['crop', 'crop', 'pasture']",3
10% PAHUAGUE,1,['PAHUAGUE'],['crop'],1
10% PAHUALQUE,1,['PAHUALQUE'],['crop'],1
"40% PAJA INVERNA, 40% PASTO ELEFANTE",1,"['PAJA INVERNA', 'PASTO ELEFANTE']","['pasture', 'pasture']",2
"50% GRAMALOTE, 50% PAJA GATEADORA",1,"['GRAMALOTE', 'PAJA GATEADORA']","['pasture', 'pasture']",2
"80% GRAMALOTE, 10% PASTO ELEFANTE",1,"['GRAMALOTE', 'PASTO ELEFANTE']","['pasture', 'pasture']",2
"GRAMALOTE, PAJA GATEADORA",1,"['GRAMALOTE', 'PAJA GATEADORA']","['pasture', 'pasture']",2
"10% PAHUALQUE, 10% CASUARINA, 10% ROBLE",1,"['PAHUALQUE', 'CASUARINA', 'ROBLE']","['crop', 'crop', 'crop']",3
"30% PASTO ELEFANTE, 30% CATEADORA",1,"['PASTO ELEFANTE', 'CATEADORA']","['pasture', 'crop']",2
"60% PLATANO, 30% CAFE",1,"['PLATANO', 'CAFE']","['crop', 'crop']",2
"50% PASTO ELEFANTE, 20% CAFE, 15% PLATANO, 5% PALTO",1,"['PASTO ELEFANTE', 'CAFE', 'PLATANO', 'PALTA']","['pasture', 'crop', 'crop', 'crop']",4
"10% AJO, 10% LECHUGA, 10% ZANAORIA, 25% PAPA",1,"['AJO', 'LECHUGA', 'ZANAORIA', 'PAPA']","['crop', 'crop', 'crop', 'crop']",4
"10% AJO, 20% MAIZ, 20% FRIJOL CANARIO",1,"['AJO', 'MAIZ', 'FRIJOL CANARIO']","['crop', 'crop', 'crop']",3
"25% REPOLLO, 50% TOMATE, 25% LECHUGA",1,"['REPOLLO', 'TOMATE', 'LECHUGA']","['crop', 'crop', 'crop']",3
"30% MAIZ, 30% FRIJOL CANARIO",1,"['MAIZ', 'FRIJOL CANARIO']","['crop', 'crop']",2
"30% PASTO ELEFANTE, 60% PASTO DE INVERNA",1,"['PASTO ELEFANTE', 'PASTO DE INVERNA']","['pasture', 'pasture']",2
40% PASTO ELEFANTE,1,['PASTO ELEFANTE'],['pasture'],1
"40% PASTO ELEFANTE, 60% PAJA GATEADORA",1,"['PASTO ELEFANTE', 'PAJA GATEADORA']","['pasture', 'pasture']",2
"45% MAIZ, 45% FRIJOL CANARIO",1,"['MAIZ', 'FRIJOL CANARIO']","['crop', 'crop']",2
"60% PAJA DE INVERNA, 20% PASTO ELEFANTE",1,"['INVERNA', 'PASTO ELEFANTE']","['pasture', 'pasture']",2
"80% GRAMALOTE, 20% PAJA DE INVERNA",1,"['GRAMALOTE', 'INVERNA']","['pasture', 'pasture']",2
"40% PAJA GATEADORA, 25% PASTO ELEFANTE",1,"['PAJA GATEADORA', 'PASTO ELEFANTE']","['pasture', 'pasture']",2
"50% PAJA GATEADORA, 50% GRAMALOTE",1,"['PAJA GATEADORA', 'GRAMALOTE']","['pasture', 'pasture']",2
"50% PASTO ELEFANTE, 25% PLATANO, 25% CAFE",1,"['PASTO ELEFANTE', 'PLATANO', 'CAFE']","['pasture', 'crop', 'crop']",3
"60% PAJA GATEADORA, 15% PLATANO, 15% CAFE",1,"['PAJA GATEADORA', 'PLATANO', 'CAFE']","['pasture', 'crop', 'crop']",3
"70% PASTO DE ELFANTE, 20% PLATANO, 10% CAFE",1,"['PASTO DE ELFANTE', 'PLATANO', 'CAFE']","['pasture', 'crop', 'crop']",3
"40% GRAMALOTE, 40% PASTO DE INVERNA, 10% PLATANO, 10% CAFE",1,"['GRAMALOTE', 'PASTO DE INVERNA', 'PLATANO', 'CAFE']","['pasture', 'pasture', 'crop', 'crop']",4
"40% PASTO DE ELEFANTE, 60% GRAMALOTE",1,"['PASTO ELEFANTE', 'GRAMALOTE']","['pasture', 'pasture']",2
"60% GRAMALOTE, 10% PAJA GATEADORA, 10% PLATANO, 15% CAFE",1,"['GRAMALOTE', 'PAJA GATEADORA', 'PLATANO', 'CAFE']","['pasture', 'pasture', 'crop', 'crop']",4
"60%PASTO DE ELEFANTE, 40% GRAMALOTE",1,"['PASTO ELEFANTE', 'GRAMALOTE']","['pasture', 'pasture']",2
ALGARROBALES,1,['ALGARROBALES'],['crop'],1
"25% CAFE, 25% PLATANO, 20% CAÑA",1,"['CAFE', 'PLATANO', 'CAÑA DE AZUCAR']","['crop', 'crop', 'crop']",3
"10% PAHUALQUE, 5% PALO DE OSO, 5% LELIPE",1,"['PAHUALQUE', 'PALO DE OSO', 'LELIPE']","['crop', 'crop', 'crop']",3
"10% PALO DE OSO, 5% PAHUALQUE",1,"['PALO DE OSO', 'PAHUALQUE']","['crop', 'crop']",2
"70% PAJA DE INVERNA, 10% PASTO ELEFANTE",1,"['INVERNA', 'PASTO ELEFANTE']","['pasture', 'pasture']",2
PAJA INVERNA,1,['PAJA INVERNA'],['pasture'],1
"60% GRAMA DE INVERNA, 40% PASTO ELEFANTE",1,"['GRAMA DE INVERNA', 'PASTO ELEFANTE']","['pasture', 'pasture']",2
"80% GRAMA DE INVERNA, 20% PAPA",1,"['GRAMA DE INVERNA', 'PAPA']","['pasture', 'crop']",2
GRAMA INVERNA,1,"['GRAMA', 'INVERNA']","['pasture', 'pasture']",2
"80% PAJA DE INVERNA, 10% PAPA",1,"['INVERNA', 'PAPA']","['pasture', 'crop']",2
PAJA DE INVERNA (50%) PASTO ELEFANTE (25%),1,"['INVERNA', 'PASTO ELEFANTE']","['pasture', 'pasture']",2
PASTO ELEFANTE (40%) PAJA DE INVERNA (30%),1,"['PASTO ELEFANTE', 'INVERNA']","['pasture', 'pasture']",2
"CAFE 40%, PLATANO 40%, NARANJA 10%",1,"['CAFE', 'PLATANO', 'NARANJA']","['crop', 'crop', 'crop']",3
"CAFE 45%, PLATANO 40%, NARANJO 10%",1,"['CAFE', 'PLATANO', 'NARANJA']","['crop', 'crop', 'crop']",3
CAFE 60% PLATANO 30 % NARANJA 10 %,1,"['CAFE', 'PLATANO', 'NARANJA']","['crop', 'crop', 'crop']",3
"10% PALO DE OSO, 10% PAHUALQUE",1,"['PALO DE OSO', 'PAHUALQUE']","['crop', 'crop']",2
"20% GRAMALOTE, 40% GRAMA GATEADORA",1,"['GRAMALOTE', 'GRAMA GATEADORA']","['pasture', 'pasture']",2
"30% PASTO ELEFANTE, 40% GRAMA GATEADORA",1,"['PASTO ELEFANTE', 'GRAMA GATEADORA']","['pasture', 'pasture']",2
"40% PLATANO, 40% CAFE, 10% NARANJO, 10% PALTA",1,"['PLATANO', 'CAFE', 'NARANJA', 'PALTA']","['crop', 'crop', 'crop', 'crop']",4
"50% GRAMA GATEADORA, 40% GRAMALOTE",1,"['GRAMA GATEADORA', 'GRAMALOTE']","['pasture', 'pasture']",2
MANGO 40% LIMON 20%,1,"['MANGO', 'LIMON']","['crop', 'crop']",2
"80% PASTO ELEFANTE, 20% GRAMA GATEADORA",1,"['PASTO ELEFANTE', 'GRAMA GATEADORA']","['pasture', 'pasture']",2
"30% CAFE, 70% PLATANO",1,"['CAFE', 'PLATANO']","['crop', 'crop']",2
CAFE (40%)  PLATANO(30%) PALTO(10%) NARANJA (10%),1,"['CAFE', 'PLATANO', 'PALTA', 'NARANJA']","['crop', 'crop', 'crop', 'crop']",4
CAFE (40%) PLATANAL(40%) NARANJO (20%),1,"['CAFE', 'PLATANO', 'NARANJA']","['crop', 'crop', 'crop']",3
"CAFÉ 50%, PLATANO 30%, NARANJA 20%",1,"['CAFE', 'PLATANO', 'NARANJA']","['crop', 'crop', 'crop']",3
"CAFE 50%, PLATANO 40%",1,"['CAFE', 'PLATANO']","['crop', 'crop']",2
CAFETAL(40%) PLATANAL(40%) PALTO(10%)  NARANJO(10%),1,"['CAFE', 'PLATANO', 'PALTA', 'NARANJA']","['crop', 'crop', 'crop', 'crop']",4
CAFETO (50%) PLATANAL (40%) NARANJA (10%),1,"['CAFE', 'PLATANO', 'NARANJA']","['crop', 'crop', 'crop']",3
CAFETO (50%) PLATANAL (50%),1,"['CAFE', 'PLATANO']","['crop', 'crop']",2
CAFETO (50%) PLATANAL(50%),1,"['CAFE', 'PLATANO']","['crop', 'crop']",2
CAFETO(40%) PLATANAL (40%) NARANJA (10%),1,"['CAFE', 'PLATANO', 'NARANJA']","['crop', 'crop', 'crop']",3
CAFETO(50%) PLATANAL (40%) NARANJA(10),1,"['CAFE', 'PLATANO', 'NARANJA']","['crop', 'crop', 'crop']",3
"PASTO ELEFANTE 40%, PAJA DE INVERNA 30%, CAFÉ 10%, PLATANO 10%",1,"['PASTO ELEFANTE', 'INVERNA', 'CAFE', 'PLATANO']","['pasture', 'pasture', 'crop', 'crop']",4
"PLATANO 40%, REPOLLO 20%, TOMATE 20%",1,"['PLATANO', 'REPOLLO', 'TOMATE']","['crop', 'crop', 'crop']",3
"NARANJO 40%, PLATANO 40%, CAFÉ 15%",1,"['NARANJA', 'PLATANO', 'CAFE']","['crop', 'crop', 'crop']",3
"PLATANO 50%, CAFÉ 40%, NARANJO 10%",1,"['PLATANO', 'CAFE', 'NARANJA']","['crop', 'crop', 'crop']",3
PASTO ELEFANTE (25%) PAJA INVERNA (25%),1,"['PASTO ELEFANTE', 'PAJA INVERNA']","['pasture', 'pasture']",2
PASTO ELEFANTE (60%) PAJA INVERNA (40%),1,"['PASTO ELEFANTE', 'PAJA INVERNA']","['pasture', 'pasture']",2
PASTO ELEFANTE(60%) PAJA DE INVERNA (20%),1,"['PASTO ELEFANTE', 'INVERNA']","['pasture', 'pasture']",2
"CAFÉ 30%, PLATANO 30%, NARANJO 20%",1,"['CAFE', 'PLATANO', 'NARANJA']","['crop', 'crop', 'crop']",3
"CAFÉ 50%, PLATANO 30%, NARANJO 20%",1,"['CAFE', 'PLATANO', 'NARANJA']","['crop', 'crop', 'crop']",3
"CAFETO  ,   PLATANAL",1,"['CAFE', 'PLATANO']","['crop', 'crop']",2
"CAFETO 50%, PLATANO 30%, NARANJO 20%",1,"['CAFE', 'PLATANO', 'NARANJA']","['crop', 'crop', 'crop']",3
CAFE(40%) PLATANO (15%) GUAYAQUIL (5%)  GUABO (10%),1,"['CAFE', 'PLATANO', 'GUAYAQUIL', 'GUABO']","['crop', 'crop', 'crop', 'crop']",4
"CAFETO     , PLATANO         , NARANJO",1,"['CAFE', 'PLATANO', 'NARANJA']","['crop', 'crop', 'crop']",3
"CAFETO    , PLATANO     , NARANJO",1,"['CAFE', 'PLATANO', 'NARANJA']","['crop', 'crop', 'crop']",3
CAFETO    PLATANO   NARANJA,1,"['CAFE', 'PLATANO', 'NARANJA']","['crop', 'crop', 'crop']",3
"CAFETO, PLATANO NARANJO",1,"['CAFE', 'PLATANO', 'NARANJA']","['crop', 'crop', 'crop']",3
"CAFÉ 25%, PLATANO 25%, PASTO ELEFANTE 40%",1,"['CAFE', 'PLATANO', 'PASTO ELEFANTE']","['crop', 'crop', 'pasture']",3
GUAYAQUIL 10%,1,['GUAYAQUIL'],['crop'],1
"NARANJO 20%, PASTO ELEFANTE 40%",1,"['NARANJA', 'PASTO ELEFANTE']","['crop', 'pasture']",2
ROBLE 20%,1,['ROBLE'],['crop'],1
CAFETAL (50%)  PLATANAL (50%),1,"['CAFE', 'PLATANO']","['crop', 'crop']",2
CAFE (60%) PLATANO (30%)  NARANJO (10%),1,"['CAFE', 'PLATANO', 'NARANJA']","['crop', 'crop', 'crop']",3
"80% CAFETO, 10% PLATANO",1,"['CAFE', 'PLATANO']","['crop', 'crop']",2
CAFE(40%) NARANJA (40%) PLATANO (20%),1,"['CAFE', 'NARANJA', 'PLATANO']","['crop', 'crop', 'crop']",3
CAFE(40%) PLATANO(40%) NARANJA (20%),1,"['CAFE', 'PLATANO', 'NARANJA']","['crop', 'crop', 'crop']",3
CAFE(40%)PLATANO (40%) NARANJO (20%),1,"['CAFE', 'PLATANO', 'NARANJA']","['crop', 'crop', 'crop']",3
CAFETO (40%) PLATANAL (40%) NARANJA (20%),1,"['CAFE', 'PLATANO', 'NARANJA']","['crop', 'crop', 'crop']",3
CAFETO (40%) PLATANO (40%) NARANJA (20%),1,"['CAFE', 'PLATANO', 'NARANJA']","['crop', 'crop', 'crop']",3
CAFETO(40%) PLATANO (40%) NARANJA (20%),1,"['CAFE', 'PLATANO', 'NARANJA']","['crop', 'crop', 'crop']",3
CAFE (40%)  PLATANO (35%) NARANJO (15%) GUAYAQUIL (5%),1,"['CAFE', 'PLATANO', 'NARANJA', 'GUAYAQUIL']","['crop', 'crop', 'crop', 'crop']",4
CAFE (40%)  PLATANO (40%) NARANJO (20%),1,"['CAFE', 'PLATANO', 'NARANJA']","['crop', 'crop', 'crop']",3
CAFE (40%) GUABO (15%),1,"['CAFE', 'GUABO']","['crop', 'crop']",2
CAFE (40%) PLATANO (15%) GUAYAQUIL (10%),1,"['CAFE', 'PLATANO', 'GUAYAQUIL']","['crop', 'crop', 'crop']",3
CAFE(30%)  PLATANO(30%)  NARANJA (10%),1,"['CAFE', 'PLATANO', 'NARANJA']","['crop', 'crop', 'crop']",3
CAFE(50%) PASTO DE ELEFANTE (15%) GUABO(10%),1,"['CAFE', 'PASTO ELEFANTE', 'GUABO']","['crop', 'pasture', 'crop']",3
ROBLE  (5%),1,['ROBLE'],['crop'],1
CAFE (40%) NARANJA (10%) PLATANO (30%)  GUABO (10%),1,"['CAFE', 'NARANJA', 'PLATANO', 'GUABO']","['crop', 'crop', 'crop', 'crop']",4
CAFE (40%) PLATANO (30%) GUABO (5%),1,"['CAFE', 'PLATANO', 'GUABO']","['crop', 'crop', 'crop']",3
HUAYAQUIL (5%)  ROBLE (5%),1,"['HUAYAQUIL', 'ROBLE']","['crop', 'crop']",2
PASTO ELEFANTE (15%) CAFE(30%) PLATANO (25%) PALTO (10%) NARANJA (5%),1,"['PASTO ELEFANTE', 'CAFE', 'PLATANO', 'PALTA', 'NARANJA']","['pasture', 'crop', 'crop', 'crop', 'crop']",5
CAFE (30%) PLATANO (20%) NARANJA (20%)  PALTA (5%),1,"['CAFE', 'PLATANO', 'NARANJA', 'PALTA']","['crop', 'crop', 'crop', 'crop']",4
CAFE (40%) PLATANO (20%9 NARANJO (20%) PALTO (5%),1,"['CAFE', 'PLATANO', 'PALTA']","['crop', 'crop', 'crop']",3
CAFETAL (40%) PLATANO (20%) PASTO ELEFANTE (10%) NARANJA (5%),1,"['CAFE', 'PLATANO', 'PASTO ELEFANTE', 'NARANJA']","['crop', 'crop', 'pasture', 'crop']",4
PAJA INVERNA (60%) PASTO ELEFANTE (10%),1,"['PAJA INVERNA', 'PASTO ELEFANTE']","['pasture', 'pasture']",2
CAFE (45%) PLATANO (30%) GUABO (5%),1,"['CAFE', 'PLATANO', 'GUABO']","['crop', 'crop', 'crop']",3
CAFE (50%) PLATANO (30%),1,"['CAFE', 'PLATANO']","['crop', 'crop']",2
CAFE(40%) PLATANO (25%) GUABO (5%) GRAMALOTE (15%),1,"['CAFE', 'PLATANO', 'GUABO', 'GRAMALOTE']","['crop', 'crop', 'crop', 'pasture']",4
PLATANO (15%) CAÑA DE AZUCAR (15%9,1,"['PLATANO', 'CAÑA DE AZUCAR (']","['crop', 'crop']",2
CAFE (50%) PLATANO (20%)  GUAYAQUIL (10%),1,"['CAFE', 'PLATANO', 'GUAYAQUIL']","['crop', 'crop', 'crop']",3
HABILITADO PARA FRUTALES (MANGO Y CITRICOS,1,"['HABILITADO PARA FRUTALES (MANGO', 'CITRICOS']","['crop', 'crop']",2
PASTO ELEFANTE (60%) PLATANO (10%) CAFE (5%),1,"['PASTO ELEFANTE', 'PLATANO', 'CAFE']","['pasture', 'crop', 'crop']",3
PASTO ELEFANTE (65%)PLATANO (10%) CAFE(10%) NARANJA (5%),1,"['PASTO ELEFANTE', 'PLATANO', 'CAFE', 'NARANJA']","['pasture', 'crop', 'crop', 'crop']",4
PASTO ELEFANTE (70%) GUABO (5%) GUAYAQUIL (5%),1,"['PASTO ELEFANTE', 'GUABO', 'GUAYAQUIL']","['pasture', 'crop', 'crop']",3
PLATANO (30%) PASTO ELEFANTE (20%) CAFE (30%) NARANJA (5%),1,"['PLATANO', 'PASTO ELEFANTE', 'CAFE', 'NARANJA']","['crop', 'pasture', 'crop', 'crop']",4
"40% PASTO ELEFANTE, 30% CAFETO, 10% PLATANO",1,"['PASTO ELEFANTE', 'CAFE', 'PLATANO']","['pasture', 'crop', 'crop']",3
"60% CAFETO, 30% PLATANO, 10% PASTO ELEFANTE",1,"['CAFE', 'PLATANO', 'PASTO ELEFANTE']","['crop', 'crop', 'pasture']",3
"80% CAFETO, 20% GUAYAQUIL",1,"['CAFE', 'GUAYAQUIL']","['crop', 'crop']",2
"70% CEFETO, 20% PLATANO, 10% NARANJO",1,"['CEFETO', 'PLATANO', 'NARANJA']","['crop', 'crop', 'crop']",3
CAFE (45%)  PLATANO (45%) GUABO (10%),1,"['CAFE', 'PLATANO', 'GUABO']","['crop', 'crop', 'crop']",3
CAFE (60%) PLATANO (30%)  GUABO (10%),1,"['CAFE', 'PLATANO', 'GUABO']","['crop', 'crop', 'crop']",3
CAFE(40%) PLATANO(30%) CAÑA DE AZUCAR (20%) GUABO (5%) NARANJO (5%),1,"['CAFE', 'PLATANO', 'CAÑA DE AZUCAR', 'GUABO', 'NARANJA']","['crop', 'crop', 'crop', 'crop', 'crop']",5
CAÑA DE AZUCAR (80%),1,['CAÑA DE AZUCAR'],['crop'],1
PLATANO (35%) CAFE (50%) GUABO (10%) GUAYAQUIL (5%),1,"['PLATANO', 'CAFE', 'GUABO', 'GUAYAQUIL']","['crop', 'crop', 'crop', 'crop']",4
"80% CEFETO, 20% GUAYAQUIL",1,"['CEFETO', 'GUAYAQUIL']","['crop', 'crop']",2
PLATANO (35%) CAFE (35%) NARANJA (5%) GUAYAQUIL (5%) GUABO (10%),1,"['PLATANO', 'CAFE', 'NARANJA', 'GUAYAQUIL', 'GUABO']","['crop', 'crop', 'crop', 'crop', 'crop']",5
"70% CAFETO, 20% PLATANO, 10% PASTO ELEFENTE",1,"['CAFE', 'PLATANO', 'PASTO ELEFENTE']","['crop', 'crop', 'pasture']",3
CAFE(40%) PLATANO (20%) NARANJO (5%) GUABO (10%) PASTO DE ELEFANTE (5%),1,"['CAFE', 'PLATANO', 'NARANJA', 'GUABO', 'PASTO ELEFANTE']","['crop', 'crop', 'crop', 'crop', 'pasture']",5
"50% CAFETO, 20% PLATANO, 10% NARANJO, 20% PASTO LEEFANTE",1,"['CAFE', 'PLATANO', 'NARANJA', 'PASTO LEEFANTE']","['crop', 'crop', 'crop', 'pasture']",4
"90% CAFETO, 10% PLATANO",1,"['CAFE', 'PLATANO']","['crop', 'crop']",2
INSTALACION DE UVA,1,['INSTALACION DE UVA'],['crop'],1
MANGO INSTALADO Y EN PRODUCCION,1,"['MANGO INSTALADO', 'PRODUCCION']","['crop', 'crop']",2
PREPARADO PARA UVA,1,['PREPARADO PARA UVA'],['land_prep'],1
TERRENO TOTALMENTE EN DESCANSO,1,['TERRENO TOTALMENTE EN DESCANSO'],['fallow'],1
ALGARROBO FAIQUE,1,"['ALGARROBO', 'FAIQUE']","['crop', 'crop']",2
PASTPS NATURALES,1,['PASTPS NATURALES'],['crop'],1
"CACAO 50%, GUAYAQUIL 50%",1,"['CACAO', 'GUAYAQUIL']","['crop', 'crop']",2
"CACAO 70%, PAJA GRANADINA 10%, PLATANO 10%",1,"['CACAO', 'PAJA GRANADINA', 'PLATANO']","['crop', 'pasture', 'crop']",3
"CAÑA DE AZUCAR 50%, CACAO 30%, PAJA GRANADINA 20%",1,"['CAÑA DE AZUCAR', 'CACAO', 'PAJA GRANADINA']","['crop', 'crop', 'pasture']",3
"FREJOL DE PALO 50%, GRAMALOTE 50%",1,"['FRIJOL DE PALO', 'GRAMALOTE']","['crop', 'pasture']",2
"YUCA 10%, ARROZ 60%",1,"['YUCA', 'ARROZ']","['crop', 'crop']",2
"CACAO 25%, CAÑA DE AZUCAR 25%",1,"['CACAO', 'CAÑA DE AZUCAR']","['crop', 'crop']",2
"CACAO 50%, PLATANO 30%",1,"['CACAO', 'PLATANO']","['crop', 'crop']",2
"CAÑA DE AZUCAR 35%, CACAO 50%",1,"['CAÑA DE AZUCAR', 'CACAO']","['crop', 'crop']",2
"CAÑA DE AZUCAR 60%, CACAO 40%",1,"['CAÑA DE AZUCAR', 'CACAO']","['crop', 'crop']",2
"CACAO 90%, CAFETO 10%",1,"['CACAO', 'CAFE']","['crop', 'crop']",2
"CACAO 90%, CAÑA DE AZUCAR 10%",1,"['CACAO', 'CAÑA DE AZUCAR']","['crop', 'crop']",2
"CAFETO 20%, CACAO 70%, PASTO ELEFANTE 10%",1,"['CAFE', 'CACAO', 'PASTO ELEFANTE']","['crop', 'crop', 'pasture']",3
"ARROZ 10%, CAÑA DE AZUCAR 30%",1,"['ARROZ', 'CAÑA DE AZUCAR']","['crop', 'crop']",2
"ARROZ 30%, CAÑA DE AZUCAR 30%",1,"['ARROZ', 'CAÑA DE AZUCAR']","['crop', 'crop']",2
"CACAO 30%, PASTO ELEFANTE 10%, PAJA GRANADINA 10%, PLATANO 10%",1,"['CACAO', 'PASTO ELEFANTE', 'PAJA GRANADINA', 'PLATANO']","['crop', 'pasture', 'pasture', 'crop']",4
"CACAO 40%, PLATANO 20%, PAJA GRANADINA 40%",1,"['CACAO', 'PLATANO', 'PAJA GRANADINA']","['crop', 'crop', 'pasture']",3
"MAMEY 30%, PLATANO 20%, CAÑA DE AZUCAR 40%",1,"['MAMEY', 'PLATANO', 'CAÑA DE AZUCAR']","['crop', 'crop', 'crop']",3
50% LIMON,1,['LIMON'],['crop'],1
FRIJOL 5%,1,['FRIJOL'],['crop'],1
MANGO 80% LIMON 15%,1,"['MANGO', 'LIMON']","['crop', 'crop']",2
"PAJA GRANADINA 40%, CACAO 40%",1,"['PAJA GRANADINA', 'CACAO']","['pasture', 'crop']",2
"CACAO 60%, CAÑA DE AZUCAR 15%, PAJA GRANADINA 15%, PLATANO 10%",1,"['CACAO', 'CAÑA DE AZUCAR', 'PAJA GRANADINA', 'PLATANO']","['crop', 'crop', 'pasture', 'crop']",4
"CAÑA DE AZUCAR 70%, PAJA GRANADINA 30%",1,"['CAÑA DE AZUCAR', 'PAJA GRANADINA']","['crop', 'pasture']",2
MANGO 80,1,['MANGO'],['crop'],1
"PAJA GRANADINA 60%, CACAO 30%",1,"['PAJA GRANADINA', 'CACAO']","['pasture', 'crop']",2
"CACAO 30%, PAJA GRANADINA 40%",1,"['CACAO', 'PAJA GRANADINA']","['crop', 'pasture']",2
"CACAO 45%, CAÑA DE AZUCAR 15%, PAJA GRANADINA 35%, GUAYAQUIL 5%",1,"['CACAO', 'CAÑA DE AZUCAR', 'PAJA GRANADINA', 'GUAYAQUIL']","['crop', 'crop', 'pasture', 'crop']",4
"CAFETO 40%, PAJA GRANADINA 30%",1,"['CAFE', 'PAJA GRANADINA']","['crop', 'pasture']",2
"CAFETO 40%, PASTO ELEFANTE 50%",1,"['CAFE', 'PASTO ELEFANTE']","['crop', 'pasture']",2
"CAFETO 40%, PLATANO 30%",1,"['CAFE', 'PLATANO']","['crop', 'crop']",2
"CAFETO 60%, GUAYAQUIL 30%",1,"['CAFE', 'GUAYAQUIL']","['crop', 'crop']",2
"CAÑA DE AZUCAR 25%, PAJA GRANADINA 40%, PLATANO 10%, GUAYAQUIL 5%",1,"['CAÑA DE AZUCAR', 'PAJA GRANADINA', 'PLATANO', 'GUAYAQUIL']","['crop', 'pasture', 'crop', 'crop']",4
"PAJA GRANADINA 30%, CACAO 50%",1,"['PAJA GRANADINA', 'CACAO']","['pasture', 'crop']",2
"CACAO 50%, CAÑA DE AZUCAR 30%, PLATANO 20%",1,"['CACAO', 'CAÑA DE AZUCAR', 'PLATANO']","['crop', 'crop', 'crop']",3
"CAFETO 60%, PLATANO 20%, PASTO ELEFANTE 20%",1,"['CAFE', 'PLATANO', 'PASTO ELEFANTE']","['crop', 'crop', 'pasture']",3
"CAFETO 70%, PLATANO 20%",1,"['CAFE', 'PLATANO']","['crop', 'crop']",2
"CAFETO 70%, PLATANO 30%",1,"['CAFE', 'PLATANO']","['crop', 'crop']",2
"PAJA GRANADINA 70%, CAÑA DE AZUCAR 10%",1,"['PAJA GRANADINA', 'CAÑA DE AZUCAR']","['pasture', 'crop']",2
"YUCA 20%, ARVEJA 20%",1,"['YUCA', 'ARVEJA']","['crop', 'crop']",2
FREJOL BAYO,1,['FREJOL BAYO'],['crop'],1
"PAJA CHILENA (40%), PLATANO (30%) CAÑA DE AZUCAR (30%)",1,"['PAJA CHILENA', 'PLATANO', 'CAÑA DE AZUCAR']","['pasture', 'crop', 'crop']",3
"PLATANO (40%), PAJA CHILENA (30%) GUAYAQUIL (30%)",1,"['PLATANO', 'PAJA CHILENA', 'GUAYAQUIL']","['crop', 'pasture', 'crop']",3
PAJA CHILENA 30% CAÑA DE AZUCAR 20% PLATANO 20,1,"['PAJA CHILENA', 'CAÑA DE AZUCAR', 'PLATANO']","['pasture', 'crop', 'crop']",3
PAJA CHILENA 60% YUCA 10% CAÑA DE AZUCAR 10%,1,"['PAJA CHILENA', 'YUCA', 'CAÑA DE AZUCAR']","['pasture', 'crop', 'crop']",3
PAJA CHILENA 70%PLATANO 30%,1,"['PAJA CHILENA', 'PLATANO']","['pasture', 'crop']",2
"PAJA CHILENA 70%, PASTO DE ELEFANTE 30%",1,"['PAJA CHILENA', 'PASTO ELEFANTE']","['pasture', 'pasture']",2
"CAÑA DE AZUCAR(30%), PAJA CHILENA(55%), PASTO SUDAN(5%)",1,"['CAÑA DE AZUCAR', 'PAJA CHILENA', 'PASTO SUDAN']","['crop', 'pasture', 'pasture']",3
PAPA CHILENA,1,['PAPA CHILENA'],['crop'],1
"PLATANO 15%,CAÑA DE AZUCAR 10%, GUAYAQUIL 10%, PASTO DE ELEFANTE 15%",1,"['PLATANO', 'CAÑA DE AZUCAR', 'GUAYAQUIL', 'PASTO ELEFANTE']","['crop', 'crop', 'crop', 'pasture']",4
"FREJOL DE PALO 50% , CAÑA DE AZUCAR 50%",1,"['FRIJOL DE PALO', 'CAÑA DE AZUCAR']","['crop', 'crop']",2
"GUAYAQUIL (70%) ,PAJA CHILENA( 30%)",1,"['GUAYAQUIL', 'PAJA CHILENA']","['crop', 'pasture']",2
PAJA CHICA,1,['PAJA CHICA'],['pasture'],1
"PAJA CHILENA ( 80%) CAÑA DE AZUCAR(10% ) , PLATANO(10%)",1,"['PAJA CHILENA', 'CAÑA DE AZUCAR', 'PLATANO']","['pasture', 'crop', 'crop']",3
"PASTO DE ELEFANTE (20%), PAJA CHILENA(10%)",1,"['PASTO ELEFANTE', 'PAJA CHILENA']","['pasture', 'pasture']",2
"PASTO DE ELEFANTE(80%), CAÑA DE AZUCAR (20%)",1,"['PASTO ELEFANTE', 'CAÑA DE AZUCAR']","['pasture', 'crop']",2
"PASTO DE ELEFANTE(80%), GUYAQUIL(20%)",1,"['PASTO ELEFANTE', 'GUYAQUIL']","['pasture', 'crop']",2
PLATANO (70%) Y CAÑA DE AZUCAR(30%),1,"['PLATANO', 'CAÑA DE AZUCAR']","['crop', 'crop']",2
GUAYAQUIL (35%) PAJA CHILENA(65%),1,"['GUAYAQUIL', 'PAJA CHILENA']","['crop', 'pasture']",2
"GUAYAQUIL(20%), PAJA CHILENA(80%)",1,"['GUAYAQUIL', 'PAJA CHILENA']","['crop', 'pasture']",2
"GUAYAQUIL(25%),PAJA CHILENA(75%)",1,"['GUAYAQUIL', 'PAJA CHILENA']","['crop', 'pasture']",2
PASTO DE  ELEFANTE(70%) PAJA CHILENA (20%) GUAYAQUIL( 10%),1,"['PASTO ELEFANTE', 'PAJA CHILENA', 'GUAYAQUIL']","['pasture', 'pasture', 'crop']",3
PASTO ELEFANTE 20% PLATANO 40% CAFETO 40%,1,"['PASTO ELEFANTE', 'PLATANO', 'CAFE']","['pasture', 'crop', 'crop']",3
PLATANO (40%) CAÑA DE AZUCAR (25%) PAJA CHILENA(25%),1,"['PLATANO', 'CAÑA DE AZUCAR', 'PAJA CHILENA']","['crop', 'crop', 'pasture']",3
PLATANO 20% GUAYAQUIL 30%,1,"['PLATANO', 'GUAYAQUIL']","['crop', 'crop']",2
PLATANO 30%GUAYAQUIL 30%,1,"['PLATANO', 'GUAYAQUIL']","['crop', 'crop']",2
"CAÑA DE AZUCAR (20%) , PAJA CASTILLA(30%)",1,"['CAÑA DE AZUCAR', 'PAJA CASTILLA']","['crop', 'pasture']",2
"CAÑA DE AZUCAR (20%) ,GUAYAQUIL(15%),PAJA CASTILLA(30%)",1,"['CAÑA DE AZUCAR', 'GUAYAQUIL', 'PAJA CASTILLA']","['crop', 'crop', 'pasture']",3
"CAÑA DE AZUCAR(15), PAJA CASTILLA (20), GUAYAQUIL (10)",1,"['CAÑA DE AZUCAR', 'PAJA CASTILLA', 'GUAYAQUIL']","['crop', 'pasture', 'crop']",3
"CAÑA DE AZUCAR(70%), PLATANO(30%)",1,"['CAÑA DE AZUCAR', 'PLATANO']","['crop', 'crop']",2
PAJA  CASTILLA,1,['PAJA CASTILLA'],['pasture'],1
"HUABO (15%), CHIRIMOYO(10%), PLATANO(50%) ,PAJA GIGANTE(15%), GUAYAQUIL(10%)",1,"['GUABO', 'CHIRIMOYA', 'PLATANO', 'PAJA GIGANTE', 'GUAYAQUIL']","['crop', 'crop', 'crop', 'pasture', 'crop']",5
"PAJA GIGANTE (70%), GUAYAQUIL(30%)",1,"['PAJA GIGANTE', 'GUAYAQUIL']","['pasture', 'crop']",2
"PAJA GIGANTE(85%), GUAYAQUIL(15%)",1,"['PAJA GIGANTE', 'GUAYAQUIL']","['pasture', 'crop']",2
"PLATANO(30%) CAÑA DE AZUCAR(30%), PAJA GIGANTE(15%) ,GUAYAQUIL (5%)",1,"['PLATANO', 'CAÑA DE AZUCAR', 'PAJA GIGANTE', 'GUAYAQUIL']","['crop', 'crop', 'pasture', 'crop']",4
ALGARROBO (15%) FAIQUE (10%),1,"['ALGARROBO', 'FAIQUE']","['crop', 'crop']",2
GRAMINIAS (20%),1,['GRAMINIAS'],['crop'],1
ARROZ 40% PLATANO 30 %YUCA 30%,1,"['ARROZ', 'PLATANO', 'YUCA']","['crop', 'crop', 'crop']",3
GRAMA(15) NUDILLO(25),1,"['GRAMA', 'NUDILLO']","['pasture', 'pasture']",2
"MANGO(20%) COCOTERO(20) LIMON(20),DATIL(10),CIRUELO(5)",1,"['MANGO', 'COCO', 'LIMON', 'DATIL', 'CIRUELA']","['crop', 'crop', 'crop', 'crop', 'crop']",5
PAJA GIGANTE PASTO ELEFANTE,1,['PAJA GIGANTE PASTO ELEFANTE'],['pasture'],1
"PASTO ELEFANTE (80%), CAÑA (20%)",1,"['PASTO ELEFANTE', 'CAÑA DE AZUCAR']","['pasture', 'crop']",2
CIPREZ,1,['CIPREZ'],['crop'],1
CAÑA (30%) CAFE(20%),1,"['CAÑA DE AZUCAR', 'CAFE']","['crop', 'crop']",2
FREJOL (50%) MAIZ(50),1,"['FRIJOL', 'MAIZ']","['crop', 'crop']",2
FREJOL BAYO MAIZ,1,['FREJOL BAYO MAIZ'],['crop'],1
FRIJOL BAYO MAIZ,1,['FRIJOL BAYO MAIZ'],['crop'],1
MAIZ FREJOL BAYO,1,['MAIZ FREJOL BAYO'],['crop'],1
MAIZ FRIJOL BAYO,1,['MAIZ FRIJOL BAYO'],['crop'],1
PLATANO CAÑA CAFE,1,"['PLATANO', 'CAÑA DE AZUCAR', 'CAFE']","['crop', 'crop', 'crop']",3
MAÍZ(60%),1,['MAIZ'],['crop'],1
GRAMA (20) NUDILLO (40),1,"['GRAMA', 'NUDILLO']","['pasture', 'pasture']",2
"MAÍZ (50%), FRIJOL(50%)",1,"['MAIZ', 'FRIJOL']","['crop', 'crop']",2
"MAÍZ(20%), FRIJOL(20%)",1,"['MAIZ', 'FRIJOL']","['crop', 'crop']",2
NUDILLO(50%) GRAS(50%),1,"['NUDILLO', 'GRAS']","['pasture', 'crop']",2
"PLÁTANO,CAFETO,CAÑA",1,"['PLATANO', 'CAFE', 'CAÑA DE AZUCAR']","['crop', 'crop', 'crop']",3
"PLÁTANOS50%), CAÑA(10%)",1,"['PLATANO', 'CAÑA DE AZUCAR']","['crop', 'crop']",2
"MAÍZ(20%),FRIJOL(40%)",1,"['MAIZ', 'FRIJOL']","['crop', 'crop']",2
"PLÁTANO, CAFÉ, CAÑA",1,"['PLATANO', 'CAFE', 'CAÑA DE AZUCAR']","['crop', 'crop', 'crop']",3
"PASTO CHILENO, P. ELEFANTE",1,"['PASTO CHILENO', 'P ELEFANTE']","['pasture', 'pasture']",2
"PASTO ELEFANTE, P. CHILENA",1,"['PASTO ELEFANTE', 'P CHILENA']","['pasture', 'crop']",2
MALEZA (20%),1,['MALEZA'],['crop'],1
ALGARROBO 85% OVERAL (15%),1,"['ALGARROBO', 'OVERAL']","['crop', 'crop']",2
MANGO 85%,1,['MANGO'],['crop'],1
LIMON (60) MANGO(40),1,"['LIMON', 'MANGO']","['crop', 'crop']",2
ERIAZO,1,['ERIAZO'],['fallow'],1
PLANTA PROCESADORA,1,['PLANTA PROCESADORA'],['crop'],1
"ALGARROBOS, FAIQUE",1,"['ALGARROBO', 'FAIQUE']","['crop', 'crop']",2
"MAIZ, BANANO, PASTOS, FREJOL",1,"['MAIZ', 'BANANO', 'PASTO', 'FRIJOL']","['crop', 'crop', 'pasture', 'crop']",4
"MAIZ, PLATANO, CAÑA",1,"['MAIZ', 'PLATANO', 'CAÑA DE AZUCAR']","['crop', 'crop', 'crop']",3
"MAIZ, PLATANO, LIMON, NARANJA",1,"['MAIZ', 'PLATANO', 'LIMON', 'NARANJA']","['crop', 'crop', 'crop', 'crop']",4
"BANANA,CAÑA DE AZUCAR, CAFE",1,"['BANANA', 'CAÑA DE AZUCAR', 'CAFE']","['crop', 'crop', 'crop']",3
ALFALFILLA Y GRASS REY,1,"['ALFALFILLA', 'GRASS REY']","['pasture', 'crop']",2
"CAÑA, MAIZ, CAFE",1,"['CAÑA DE AZUCAR', 'MAIZ', 'CAFE']","['crop', 'crop', 'crop']",3
REY GRAS Y ALFALFILLA,1,"['REY GRAS', 'ALFALFILLA']","['crop', 'pasture']",2
"REYGRAS, PAJA CHINA",1,"['REYGRAS', 'PAJA CHINA']","['pasture', 'pasture']",2
FRUTALES PLATANO PALTA,1,"['FRUTALES', 'PLATANO', 'PALTA']","['crop', 'crop', 'crop']",3
"FRUTALES, YUCA, PASTOS",1,"['FRUTALES', 'YUCA', 'PASTO']","['crop', 'crop', 'pasture']",3
ALFALFILLA  Y REY GRAAS,1,"['ALFALFILLA', 'REY GRAAS']","['pasture', 'crop']",2
FRUTALES GRANADILLLA Y CAÑA,1,"['FRUTALES GRANADILLLA', 'CAÑA DE AZUCAR']","['crop', 'crop']",2
"FRUTALES, GRANADILLAS",1,"['FRUTALES', 'GRANADILLA']","['crop', 'crop']",2
GRAMA REY GRAS,1,['GRAMA REY GRAS'],['pasture'],1
"MAIZ,",1,['MAIZ'],['crop'],1
"ARBOLES FRUTALES, CAFE",1,"['FRUTALES', 'CAFE']","['crop', 'crop']",2
REYGRAS  Y ALFALFILLA,1,"['REYGRAS', 'ALFALFILLA']","['pasture', 'pasture']",2
GUAYAQUILES,1,['GUAYAQUILES'],['crop'],1
"FREJOL, GRANADILLA, PLATANO",1,"['FRIJOL', 'GRANADILLA', 'PLATANO']","['crop', 'crop', 'crop']",3
"MAIZ, FREJOL, CAÑA",1,"['MAIZ', 'FRIJOL', 'CAÑA DE AZUCAR']","['crop', 'crop', 'crop']",3
REY GRAS Y PAJA CHILENA,1,"['REY GRAS', 'PAJA CHILENA']","['crop', 'pasture']",2
"        REY GRAS, PAJA CHILENA",1,"['REY GRAS', 'PAJA CHILENA']","['crop', 'pasture']",2
"FREJOL, MAIZ, CAÑA DE AZUCAR",1,"['FRIJOL', 'MAIZ', 'CAÑA DE AZUCAR']","['crop', 'crop', 'crop']",3
REY GRASS Y  PAJA CHILENA,1,"['REYGRAS', 'PAJA CHILENA']","['pasture', 'pasture']",2
"NOGAL, PALO GRANDE",1,"['NOGAL', 'PALO GRANDE']","['crop', 'crop']",2
PAJA CASTILLA REY GRASS,1,['PAJA CASTILLA REY GRASS'],['pasture'],1
"PAPA, MAIZ, FREJOL",1,"['PAPA', 'MAIZ', 'FRIJOL']","['crop', 'crop', 'crop']",3
"PLATANO, MAIZ, CAÑA",1,"['PLATANO', 'MAIZ', 'CAÑA DE AZUCAR']","['crop', 'crop', 'crop']",3
"GRAS, GRAMA, PAJILLA",1,"['GRAS', 'GRAMA', 'PAJILLA']","['crop', 'pasture', 'crop']",3
"LUCUMO, ROBLE, PINACEAS",1,"['LUCUMO', 'ROBLE', 'PINACEAS']","['crop', 'crop', 'crop']",3
ELEFANTE Y PAJA DE TORO,1,"['PASTO ELEFANTE', 'PAJA DE TORO']","['pasture', 'pasture']",2
"CAÑA, CAFE, YUCA, MANGO",1,"['CAÑA DE AZUCAR', 'CAFE', 'YUCA', 'MANGO']","['crop', 'crop', 'crop', 'crop']",4
"YUCA, CAFE, PLATANO, CAÑA",1,"['YUCA', 'CAFE', 'PLATANO', 'CAÑA DE AZUCAR']","['crop', 'crop', 'crop', 'crop']",4
"FAIQUE, ALBERJILLO",1,"['FAIQUE', 'ALBERJILLO']","['crop', 'crop']",2
"GRAMA, PAJA DE TORO Y ELEFANTE",1,"['GRAMA', 'PAJA DE TORO', 'PASTO ELEFANTE']","['pasture', 'pasture', 'pasture']",3
"PASTO ELEFANTE, PAJA TORO",1,"['PASTO ELEFANTE', 'PAJA TORO']","['pasture', 'pasture']",2
      ARROZ,1,['ARROZ'],['crop'],1
"MANGO,LIMON, ALFALFA",1,"['MANGO', 'LIMON', 'ALFALFA']","['crop', 'crop', 'pasture']",3
"EUCALIPTO, FAIQUILLO, PALO BLANCO",1,"['EUCALIPTO', 'FAIQUILLO', 'PALO BLANCO']","['crop', 'crop', 'crop']",3
"HIGUERON, FAIQUILLO, BEJUCO",1,"['HIGUERON', 'FAIQUILLO', 'BEJUCO']","['crop', 'crop', 'crop']",3
"LEGUMINOSAS,FREJOL DE PALO",1,"['MENESTRAS', 'FRIJOL DE PALO']","['crop', 'crop']",2
"FAIQUE, CHIRIMOYO",1,"['FAIQUE', 'CHIRIMOYA']","['crop', 'crop']",2
"TAILIN, HIGUERON",1,"['TAILIN', 'HIGUERON']","['crop', 'crop']",2
"PAJA,GRAMA,CORREDILLO",1,"['PAJA', 'GRAMA', 'CORREDILLO']","['pasture', 'pasture', 'crop']",3
"GRAMA,PAJA Y CORREDILLA",1,"['GRAMA', 'PAJA', 'CORREDILLA']","['pasture', 'pasture', 'crop']",3
"PASTO DE ELEFANTE, CORREDILLO,PAJA",1,"['PASTO ELEFANTE', 'CORREDILLO', 'PAJA']","['pasture', 'crop', 'pasture']",3
                          FREJOL CAUPI Y DE PALO,1,"['FRIJOL CAUPI', 'PALO']","['crop', 'crop']",2
LEGUMINISAS,1,['LEGUMINISAS'],['crop'],1
"ARROZ, MAIZ Y SOYA",1,"['ARROZ', 'MAIZ', 'SOYA']","['crop', 'crop', 'crop']",3
"ARROZ, SOYA, MAIZ",1,"['ARROZ', 'SOYA', 'MAIZ']","['crop', 'crop', 'crop']",3
LEGUNMINOSAS,1,['LEGUNMINOSAS'],['crop'],1
"MANGO, CACAO,Y PLATANO",1,"['MANGO', 'CACAO', 'PLATANO']","['crop', 'crop', 'crop']",3
                                                        LEGUMINOSAS,1,['MENESTRAS'],['crop'],1
"ARROZ,SOYA Y MAIZ",1,"['ARROZ', 'SOYA', 'MAIZ']","['crop', 'crop', 'crop']",3
"CACAO,MANGO",1,"['CACAO', 'MANGO']","['crop', 'crop']",2
"GRAMINEAS,LEGUMINOSAS",1,"['GRAMINEAS', 'MENESTRAS']","['pasture', 'crop']",2
"MANGO,PLATANOS,CACAO",1,"['MANGO', 'PLATANO', 'CACAO']","['crop', 'crop', 'crop']",3
"CACAO,GUAYAQUIL,PLATANO",1,"['CACAO', 'GUAYAQUIL', 'PLATANO']","['crop', 'crop', 'crop']",3
"CACAO,MANGO,PLATANOS",1,"['CACAO', 'MANGO', 'PLATANO']","['crop', 'crop', 'crop']",3
"CACAO,PLATANOS,MANGO",1,"['CACAO', 'PLATANO', 'MANGO']","['crop', 'crop', 'crop']",3
"MANGO, LIMON Y PLATANOS",1,"['MANGO', 'LIMON', 'PLATANO']","['crop', 'crop', 'crop']",3
"MANGO,CACAO",1,"['MANGO', 'CACAO']","['crop', 'crop']",2
SOYA MAIZ,1,"['SOYA', 'MAIZ']","['crop', 'crop']",2
ARROZ MAIZ,1,"['ARROZ', 'MAIZ']","['crop', 'crop']",2
"CACAO,MARACUYA,PLATANOS",1,"['CACAO', 'MARACUYA', 'PLATANO']","['crop', 'crop', 'crop']",3
"CACAO,PLATANO,MANGOS",1,"['CACAO', 'PLATANO', 'MANGO']","['crop', 'crop', 'crop']",3
"MAIZ,ARROZ,SOYA",1,"['MAIZ', 'ARROZ', 'SOYA']","['crop', 'crop', 'crop']",3
"PLATANO,CACAO",1,"['PLATANO', 'CACAO']","['crop', 'crop']",2
"CAFE, PLATANO, MANGO",1,"['CAFE', 'PLATANO', 'MANGO']","['crop', 'crop', 'crop']",3
"CAFE,PLATANO, MANGO, PALTA",1,"['CAFE', 'PLATANO', 'MANGO', 'PALTA']","['crop', 'crop', 'crop', 'crop']",4
"GRAMINEAS, PAJILLA",1,"['GRAMINEAS', 'PAJILLA']","['pasture', 'crop']",2
" MAIZ, FREJOL DE PALO Y YUCA",1,"['MAIZ', 'FRIJOL DE PALO', 'YUCA']","['crop', 'crop', 'crop']",3
"BANANO, CACAO Y GRAMALOTE",1,"['BANANO', 'CACAO', 'GRAMALOTE']","['crop', 'crop', 'pasture']",3
"CACAO, BANANO",1,"['CACAO', 'BANANO']","['crop', 'crop']",2
"MAIZ, FRIJOL DE PALO Y YUCA",1,"['MAIZ', 'FRIJOL DE PALO', 'YUCA']","['crop', 'crop', 'crop']",3
ASLBERJA PAPA,1,['ASLBERJA PAPA'],['crop'],1
DESCASNO,1,['DESCASNO'],['crop'],1
"EUCALIPTO, HIGUERON",1,"['EUCALIPTO', 'HIGUERON']","['crop', 'crop']",2
"GRAMA CRIOLLA, GRAMOTE",1,"['GRAMA CRIOLLA', 'GRAMOTE']","['pasture', 'crop']",2
"MAZI, TRIGO, PAPA",1,"['MAZI', 'TRIGO', 'PAPA']","['crop', 'crop', 'crop']",3
"PAPA , MAIZ",1,"['PAPA', 'MAIZ']","['crop', 'crop']",2
"PAPAS,CEBADA,OCAS",1,"['PAPA', 'CEBADA', 'OCA']","['crop', 'crop', 'crop']",3
"PINO, NOGAL, HIGUERON",1,"['PINO', 'NOGAL', 'HIGUERON']","['crop', 'crop', 'crop']",3
"CAÑA DE AZUCAR  (30%), MAIZ (30%)",1,"['CAÑA DE AZUCAR', 'MAIZ']","['crop', 'crop']",2
"EUCALIPTO, PAJUL, PALTON",1,"['EUCALIPTO', 'PAJUL', 'PALTON']","['crop', 'crop', 'crop']",3
"MANZANA (10%), GRANADILLA( 10%)",1,"['MANZANA', 'GRANADILLA']","['crop', 'crop']",2
RAMA CRIOLLA,1,['RAMA CRIOLLA'],['crop'],1
ZANAHORIA Y PAPA,1,"['ZANAHORIA', 'PAPA']","['crop', 'crop']",2
"GRAMALOTE , PASTO ELEFANTE",1,"['GRAMALOTE', 'PASTO ELEFANTE']","['pasture', 'pasture']",2
"GRANADILLA, CAÑA DE AZUCAR",1,"['GRANADILLA', 'CAÑA DE AZUCAR']","['crop', 'crop']",2
"GRANADILLA, CAÑA DE AZUCAR, PAPAYA",1,"['GRANADILLA', 'CAÑA DE AZUCAR', 'PAPAYA']","['crop', 'crop', 'crop']",3
"PAPA, REPOLLO, MAIZ",1,"['PAPA', 'REPOLLO', 'MAIZ']","['crop', 'crop', 'crop']",3
"PINO, MPAJUL",1,"['PINO', 'MPAJUL']","['crop', 'crop']",2
ZANAHORIA  REPOLLO,1,"['ZANAHORIA', 'REPOLLO']","['crop', 'crop']",2
"PALTON,ALISOS, PAJUL",1,"['PALTON', 'ALISO', 'PAJUL']","['crop', 'crop', 'crop']",3
"EUCALIPTO, PAJUL, HIGUERON, PINO",1,"['EUCALIPTO', 'PAJUL', 'HIGUERON', 'PINO']","['crop', 'crop', 'crop', 'crop']",4
"EUCALIPTO, PAJUL, PARZON",1,"['EUCALIPTO', 'PAJUL', 'PARZON']","['crop', 'crop', 'crop']",3
"EUCALIPTO, PALJON",1,"['EUCALIPTO', 'PALJON']","['crop', 'crop']",2
"GRAMALOTE, GRAMA CRIOLLO",1,"['GRAMALOTE', 'GRAMA CRIOLLA']","['pasture', 'pasture']",2
"LUCUMO (20%), MANZANA (10%), GRANADILLA (10%)",1,"['LUCUMO', 'MANZANA', 'GRANADILLA']","['crop', 'crop', 'crop']",3
"ALCANFOR, PINO",1,"['ALCANFOR', 'PINO']","['crop', 'crop']",2
                  CAÑA PLATANO,1,"['CAÑA DE AZUCAR', 'PLATANO']","['crop', 'crop']",2
     REPOLLO MAIZ,1,"['REPOLLO', 'MAIZ']","['crop', 'crop']",2
BARBECHOI,1,['BARBECHOI'],['fallow'],1
CAÑA GRANADILLA,1,"['CAÑA DE AZUCAR', 'GRANADILLA']","['crop', 'crop']",2
EUCALIPTO PAJUL ALISOS,1,['EUCALIPTO PAJUL ALISOS'],['crop'],1
"LUCUMO (5%), PLATANO (5%)",1,"['LUCUMO', 'PLATANO']","['crop', 'crop']",2
"MAIZ, ZAMBUMBA",1,"['MAIZ', 'ZAMBUMBA']","['crop', 'crop']",2
REPOLLO ZAPALLO,1,"['REPOLLO', 'ZAPALLO']","['crop', 'crop']",2
"TRIGO (30%), FRIJOL (15%), CAÑA DE AZUCAR (10%",1,"['TRIGO', 'FRIJOL', 'CAÑA DE AZUCAR (']","['crop', 'crop', 'crop']",3
"MAIZ (20%), ELEFANTE (15%), CAÑA (15%)",1,"['MAIZ', 'PASTO ELEFANTE', 'CAÑA DE AZUCAR']","['crop', 'pasture', 'crop']",3
PAJUL ALISO,1,['PAJUL ALISO'],['crop'],1
 PAPA ZAMBUMBA,1,['PAPA ZAMBUMBA'],['crop'],1
EUCALIPTO ALISO,1,"['EUCALIPTO', 'ALISO']","['crop', 'crop']",2
EUCALIPTO PAJUL,1,['EUCALIPTO PAJUL'],['crop'],1
"EUCALIPTO, PAJUL, MALISO",1,"['EUCALIPTO', 'PAJUL', 'MALISO']","['crop', 'crop', 'crop']",3
GRAMA CRIOLLA  PASTO ELEFANTE,1,['GRAMA CRIOLLA PASTO ELEFANTE'],['pasture'],1
"GRAMA CRIOLLA (80%), NUDILLO (20%)",1,"['GRAMA CRIOLLA', 'NUDILLO']","['pasture', 'pasture']",2
GRAMALOTE GRAMA CRIOLLA,1,['GRAMALOTE GRAMA CRIOLLA'],['pasture'],1
MAIZ   PAPA,1,"['MAIZ', 'PAPA']","['crop', 'crop']",2
"MAIZ (45%), ZAPALLO (5%)",1,"['MAIZ', 'ZAPALLO']","['crop', 'crop']",2
"PAJA AZUL (60%), GRAMA CRIOLLA (40%)",1,"['PAJA AZUL', 'GRAMA CRIOLLA']","['pasture', 'pasture']",2
"PAJUL, ALISOS",1,"['PAJUL', 'ALISO']","['crop', 'crop']",2
"PAJUL, PINO, HIGUERON",1,"['PAJUL', 'PINO', 'HIGUERON']","['crop', 'crop', 'crop']",3
PINO CIPRES ALISO,1,"['PINO', 'CIPRES', 'ALISO']","['crop', 'crop', 'crop']",3
EUCALIPTO PAJUL PINO,1,['EUCALIPTO PAJUL PINO'],['crop'],1
EUCALITO CIPRES GRAMA CRIOLLA,1,['EUCALITO CIPRES GRAMA CRIOLLA'],['pasture'],1
"FRIJOL BAYO (50%), ALVERJA (50%)",1,"['FRIJOL BAYO', 'ARVEJA']","['crop', 'crop']",2
PINO PAJUL HIGUERN NOGAL,1,['PINO PAJUL HIGUERN NOGAL'],['crop'],1
                                GRAMALOTE,1,['GRAMALOTE'],['pasture'],1
"   ALCANFOR, EUCALIPTO",1,"['ALCANFOR', 'EUCALIPTO']","['crop', 'crop']",2
"EUCALIPTO,ALCANFOR",1,"['EUCALIPTO', 'ALCANFOR']","['crop', 'crop']",2
"EUCALIPTO,HIGUERON, PAJUL",1,"['EUCALIPTO', 'HIGUERON', 'PAJUL']","['crop', 'crop', 'crop']",3
"GRAMA CRIOLLA (30%), PAJA BLANCA (25%)",1,"['GRAMA CRIOLLA', 'PAJA BLANCA']","['pasture', 'pasture']",2
"MAIZ (40%), FRIJOL BAYO (5%)",1,"['MAIZ', 'FRIJOL BAYO']","['crop', 'crop']",2
"REPOLLO, ZAPALLO, Y PAPA10",1,"['REPOLLO', 'ZAPALLO', 'PAPA']","['crop', 'crop', 'crop']",3
AJO PAPA,1,"['AJO', 'PAPA']","['crop', 'crop']",2
"ALCANFOR (40%), NOGAL (20%)",1,"['ALCANFOR', 'NOGAL']","['crop', 'crop']",2
ALCANFOR CIPRES,1,"['ALCANFOR', 'CIPRES']","['crop', 'crop']",2
"ALISO, ALCANFOR Y PAJUL",1,"['ALISO', 'ALCANFOR', 'PAJUL']","['crop', 'crop', 'crop']",3
"ALISO, NOGAL Y PAJUL",1,"['ALISO', 'NOGAL', 'PAJUL']","['crop', 'crop', 'crop']",3
EUCALIPTO NOGAL,1,"['EUCALIPTO', 'NOGAL']","['crop', 'crop']",2
"GRAMALOTE,GRAMA CRIOLLA",1,"['GRAMALOTE', 'GRAMA CRIOLLA']","['pasture', 'pasture']",2
MAIZ PAJUL COL,1,['MAIZ PAJUL COL'],['crop'],1
OCA MAIZ,1,"['OCA', 'MAIZ']","['crop', 'crop']",2
"PAPA (10%), TRIGO (80%)",1,"['PAPA', 'TRIGO']","['crop', 'crop']",2
PAPA ALVEJA,1,['PAPA ALVEJA'],['crop'],1
PAPA ALVERSA,1,['PAPA ALVERSA'],['crop'],1
PINO PAJUL HIGUERON,1,['PINO PAJUL HIGUERON'],['crop'],1
TRIGO OCA,1,"['TRIGO', 'OCA']","['crop', 'crop']",2
"ZAPALLO,OCA,ZANAHORIA",1,"['ZAPALLO', 'OCA', 'ZANAHORIA']","['crop', 'crop', 'crop']",3
          EUCALIPTO ALCANFOR,1,"['EUCALIPTO', 'ALCANFOR']","['crop', 'crop']",2
EUCALIPTO PAJUL HIGUERON,1,['EUCALIPTO PAJUL HIGUERON'],['crop'],1
TERRENO ARADO MAIZ,1,['TERRENO ARADO MAIZ'],['land_prep'],1
MANGO 50%  LIMON  50%,1,"['MANGO', 'LIMON']","['crop', 'crop']",2
MANGO 50% LIMON 15 %  CACAO 35%,1,"['MANGO', 'LIMON', 'CACAO']","['crop', 'crop', 'crop']",3
      MANGO  30% LIMON  30%,1,"['MANGO', 'LIMON']","['crop', 'crop']",2
 MANGO 35% PLATANO 35%,1,"['MANGO', 'PLATANO']","['crop', 'crop']",2
ARROZ 15% MAIZ 15%,1,"['ARROZ', 'MAIZ']","['crop', 'crop']",2
ARROZ 20% MAIZ  20%,1,"['ARROZ', 'MAIZ']","['crop', 'crop']",2
MAIZ 10%,1,['MAIZ'],['crop'],1
MAIZ 25%  YUCA 25%,1,"['MAIZ', 'YUCA']","['crop', 'crop']",2
MAIZ CACAO,1,"['MAIZ', 'CACAO']","['crop', 'crop']",2
"MAIZ, PAPA, ALBERJA",1,"['MAIZ', 'PAPA', 'ARVEJA']","['crop', 'crop', 'crop']",3
         PARA TRIGO,1,['PARA TRIGO'],['crop'],1
        MANGO 35% CACAO 35%,1,"['MANGO', 'CACAO']","['crop', 'crop']",2
 SIEMBRA DE MAIZ,1,['MAIZ'],['crop'],1
MANGO 35% CACAO 35%,1,"['MANGO', 'CACAO']","['crop', 'crop']",2
MANGO 50 % CAACAO 30%,1,"['MANGO', 'CAACAO']","['crop', 'crop']",2
MANGO 85% LIMON 15%,1,"['MANGO', 'LIMON']","['crop', 'crop']",2
YUCA 15% MAIZ 15%,1,"['YUCA', 'MAIZ']","['crop', 'crop']",2
      MANGO 40% CACAO 40%,1,"['MANGO', 'CACAO']","['crop', 'crop']",2
MAIZ 10 %  YUCA 10%,1,"['MAIZ', 'YUCA']","['crop', 'crop']",2
MANGO 50% LIMON 50 %,1,"['MANGO', 'LIMON']","['crop', 'crop']",2
MANGO 55% LIMON 20%,1,"['MANGO', 'LIMON']","['crop', 'crop']",2
YUCA MAIZ ARROZ,1,"['YUCA', 'MAIZ', 'ARROZ']","['crop', 'crop', 'crop']",3
"ALCALFOR,LUCUMO",1,"['ALCALFOR', 'LUCUMO']","['crop', 'crop']",2
"ALCANFOR,LUCUMOS",1,"['ALCANFOR', 'LUCUMOS']","['crop', 'crop']",2
"MAIZ, TRIGO, ARVEJA, PAPA",1,"['MAIZ', 'TRIGO', 'ARVEJA', 'PAPA']","['crop', 'crop', 'crop', 'crop']",4
PARA SEMBRAS,1,['PARA SEMBRAS'],['crop'],1
"PINOS , LUCUMOS",1,"['PINO', 'LUCUMOS']","['crop', 'crop']",2
"PINOS, LUCUMOS",1,"['PINO', 'LUCUMOS']","['crop', 'crop']",2
SAMBUMBA,1,['SAMBUMBA'],['crop'],1
"ZANAHORIA, TRIGO, MAÌZ",1,"['ZANAHORIA', 'TRIGO', 'MAIZ']","['crop', 'crop', 'crop']",3
 MANGO,1,['MANGO'],['crop'],1
 YUCA,1,['YUCA'],['crop'],1
"FREJOL, MAIZ, ARVEJA",1,"['FRIJOL', 'MAIZ', 'ARVEJA']","['crop', 'crop', 'crop']",3
"MAIZ, REPOLLO",1,"['MAIZ', 'REPOLLO']","['crop', 'crop']",2
"MAIZ, TRIGO , FREJOL",1,"['MAIZ', 'TRIGO', 'FRIJOL']","['crop', 'crop', 'crop']",3
PARA  SEMBRAR MAIZ,1,['PARA SEMBRAR MAIZ'],['crop'],1
"SAMBUMBA, MAIZ",1,"['SAMBUMBA', 'MAIZ']","['crop', 'crop']",2
    CACAO 50% MANGO 50%,1,"['CACAO', 'MANGO']","['crop', 'crop']",2
"CAMOTE, PAPA, MAIZ",1,"['CAMOTE', 'PAPA', 'MAIZ']","['crop', 'crop', 'crop']",3
"MAIZ, TRIGO , ALBERJA",1,"['MAIZ', 'TRIGO', 'ARVEJA']","['crop', 'crop', 'crop']",3
PARA SEMBRAR TRIGO Y MAIZ,1,"['PARA SEMBRAR TRIGO', 'MAIZ']","['crop', 'crop']",2
"PAPA CHILGRA,SORGO",1,"['PAPA CHILGRA', 'SORGO']","['crop', 'crop']",2
MAIZ TRIGIO PAPA,1,['MAIZ TRIGIO PAPA'],['crop'],1
                     MANGO,1,['MANGO'],['crop'],1
CAÑ,1,['CAÑ'],['crop'],1
MANGO(50%) CACAO(50%),1,"['MANGO', 'CACAO']","['crop', 'crop']",2
MANGO(50%)CACAO(25%) LIMON(25%),1,"['MANGO', 'CACAO', 'LIMON']","['crop', 'crop', 'crop']",3
"PALOI, BLANCO, ALISO",1,"['PALOI', 'BLANCO', 'ALISO']","['crop', 'crop', 'crop']",3
          MANGO 80% CACAO 20%,1,"['MANGO', 'CACAO']","['crop', 'crop']",2
     MANGO,1,['MANGO'],['crop'],1
MAIZ 25 % ARROZ 25%,1,"['MAIZ', 'ARROZ']","['crop', 'crop']",2
MANGO 50 % CACAO,1,"['MANGO', 'CACAO']","['crop', 'crop']",2
MANGO 50 % CACAO %,1,"['MANGO', 'CACAO']","['crop', 'crop']",2
MANGO 50% PLATANO 50%,1,"['MANGO', 'PLATANO']","['crop', 'crop']",2
"PALO BLANCO, EUCALIPTO, NARANJO",1,"['PALO BLANCO', 'EUCALIPTO', 'NARANJA']","['crop', 'crop', 'crop']",3
"TRIGO , PAPA",1,"['TRIGO', 'PAPA']","['crop', 'crop']",2
"TRIGO,MAIZ,ALBERJA",1,"['TRIGO', 'MAIZ', 'ARVEJA']","['crop', 'crop', 'crop']",3
                                                                                 MANGO,1,['MANGO'],['crop'],1
                                                 MANGO,1,['MANGO'],['crop'],1
"PALO BLANCO, EUCALIPTO",1,"['PALO BLANCO', 'EUCALIPTO']","['crop', 'crop']",2
"PALO, BLANCO, EUCALIPTO",1,"['PALO', 'BLANCO', 'EUCALIPTO']","['crop', 'crop', 'crop']",3
EUCALIPTOS - FORESTALES,1,"['EUCALIPTO', 'FORESTALES']","['crop', 'crop']",2
EUCALIPTOS - PINOS,1,"['EUCALIPTO', 'PINO']","['crop', 'crop']",2
EUCALIPTOS-PINOS,1,"['EUCALIPTO', 'PINO']","['crop', 'crop']",2
GRAMA CRIOLLA PAJA CHILENA,1,['GRAMA CRIOLLA PAJA CHILENA'],['pasture'],1
MAIZ 30%,1,['MAIZ'],['crop'],1
"MAIZ, TRIGO, ARBEJA",1,"['MAIZ', 'TRIGO', 'ARVEJA']","['crop', 'crop', 'crop']",3
PECHUGUERO,1,['PECHUGUERO'],['crop'],1
 ARROZ 10% MIZ 10%,1,"['ARROZ', 'MIZ']","['crop', 'crop']",2
"MAIZ, LEGUMINOSA",1,"['MAIZ', 'MENESTRAS']","['crop', 'crop']",2
MARACUYA 50% LIMON 50%,1,"['MARACUYA', 'LIMON']","['crop', 'crop']",2
            MANGO,1,['MANGO'],['crop'],1
MAIZ},1,['MAIZ}'],['crop'],1
MANGO 90 %  CACAO 10%,1,"['MANGO', 'CACAO']","['crop', 'crop']",2
MANGO 85%  CACAO 15,1,"['MANGO', 'CACAO']","['crop', 'crop']",2
MANGO 95%,1,['MANGO'],['crop'],1
MANGO95% CACAO  5%,1,"['MANGO', 'CACAO']","['crop', 'crop']",2
MANGO 50 % CACAO 50%,1,"['MANGO', 'CACAO']","['crop', 'crop']",2
 PREPARACION DEL SUELO,1,['PREPARACION DEL SUELO'],['land_prep'],1
MANGO 50%CACAO 25% LIMON 25%,1,"['MANGO', 'CACAO', 'LIMON']","['crop', 'crop', 'crop']",3
MONGO 50% LIMON 25% CACAO 25%,1,"['MONGO', 'LIMON', 'CACAO']","['crop', 'crop', 'crop']",3
MANGO(65%)LIMON(35%),1,"['MANGO', 'LIMON']","['crop', 'crop']",2
LIMON  80%  MANGO  20%,1,"['LIMON', 'MANGO']","['crop', 'crop']",2
LIMON 80%      MANGO 20%,1,"['LIMON', 'MANGO']","['crop', 'crop']",2
                                     MANGO,1,['MANGO'],['crop'],1
            MANGO 95% - CACAO 5%,1,"['MANGO', 'CACAO']","['crop', 'crop']",2
MAIZ  20%,1,['MAIZ'],['crop'],1
MANGO  80%,1,['MANGO'],['crop'],1
MANGO 95 %  CACAO 5 %,1,"['MANGO', 'CACAO']","['crop', 'crop']",2
MANGO 85 % CACAO 15%,1,"['MANGO', 'CACAO']","['crop', 'crop']",2
"PLATANO,     CAFE",1,"['PLATANO', 'CAFE']","['crop', 'crop']",2
             GRAMA CRIOLLA,1,['GRAMA CRIOLLA'],['pasture'],1
"GAYAQUIL,NARANJA",1,"['GAYAQUIL', 'NARANJA']","['crop', 'crop']",2
"HUAYAQUIL,CAFE",1,"['HUAYAQUIL', 'CAFE']","['crop', 'crop']",2
MAIZ CAMOTE LEGUMINOSA,1,"['MAIZ', 'CAMOTE', 'MENESTRAS']","['crop', 'crop', 'crop']",3
"MAIZ, CAMOTE, LEGUMINOSA",1,"['MAIZ', 'CAMOTE', 'MENESTRAS']","['crop', 'crop', 'crop']",3
PALO BLANCO   PUCHUGUERO,1,['PALO BLANCO PUCHUGUERO'],['crop'],1
PASTO MEJORADOS(ELEFANTE),1,['PASTO MEJORADOS'],['pasture'],1
PLATANO    Y  PALTA,1,"['PLATANO', 'PALTA']","['crop', 'crop']",2
"PLATANO,CAÑA Y CAFE",1,"['PLATANO', 'CAÑA DE AZUCAR', 'CAFE']","['crop', 'crop', 'crop']",3
GRAMA CHILENA.PASTO CASTILLA,1,['GRAMA CHILENA PASTO CASTILLA'],['pasture'],1
PLATANO CAFE NARANJO,1,"['PLATANO', 'CAFE', 'NARANJA']","['crop', 'crop', 'crop']",3
PASTOS MEJORADOS(ELEFANTE),1,['PASTOS MEJORADOS'],['pasture'],1
"GRAMA,  PAJA",1,"['GRAMA', 'PAJA']","['pasture', 'pasture']",2
PLATANIO,1,['PLATANIO'],['crop'],1
"PLATANO ,CAÑA",1,"['PLATANO', 'CAÑA DE AZUCAR']","['crop', 'crop']",2
"PLATANO,CAFE Y CAÑA DE AZUCAR",1,"['PLATANO', 'CAFE', 'CAÑA DE AZUCAR']","['crop', 'crop', 'crop']",3
"CAÑA , PLATANO , CAFE",1,"['CAÑA DE AZUCAR', 'PLATANO', 'CAFE']","['crop', 'crop', 'crop']",3
CAÑA DE AZUCAR GUAYAQUIL PLATANO,1,['CAÑA DE AZUCAR GUAYAQUIL PLATANO'],['crop'],1
"CAÑA,GUAYAQUIL,PLATANO",1,"['CAÑA DE AZUCAR', 'GUAYAQUIL', 'PLATANO']","['crop', 'crop', 'crop']",3
GRAMA CRIOOLA,1,['GRAMA CRIOOLA'],['pasture'],1
"PLATANO ,CAÑA DE AZUCAR",1,"['PLATANO', 'CAÑA DE AZUCAR']","['crop', 'crop']",2
           PLATANO CAFE,1,"['PLATANO', 'CAFE']","['crop', 'crop']",2
       PAJA CHILENA,1,['PAJA CHILENA'],['pasture'],1
                MAIZ,1,['MAIZ'],['crop'],1
   MAIZ  LEGUMINOSAS,1,"['MAIZ', 'MENESTRAS']","['crop', 'crop']",2
CAÑA DE AZUCAR .PLATANO,1,['CAÑA DE AZUCAR PLATANO'],['crop'],1
  CAÑA GUAYAQUIL,1,['GUAYAQUIL'],['crop'],1
GIUABO,1,['GIUABO'],['crop'],1
"MAIZ , SARANDAJA",1,"['MAIZ', 'ZARANDAJA']","['crop', 'crop']",2
PLATANO            CAFE,1,"['PLATANO', 'CAFE']","['crop', 'crop']",2
PLATANO     CAÑA AZUCAR,1,['PLATANO CAÑA AZUCAR'],['crop'],1
PLATANO   NARANJO,1,"['PLATANO', 'NARANJA']","['crop', 'crop']",2
"PLATANO, CAÑA DE  AZUCAR",1,"['PLATANO', 'CAÑA DE AZUCAR']","['crop', 'crop']",2
"CAFE ,PLATANO",1,"['CAFE', 'PLATANO']","['crop', 'crop']",2
GRAMA CHILENA-PASTO CASTILLA,1,"['GRAMA CHILENA', 'PASTO CASTILLA']","['pasture', 'pasture']",2
GUAYAQUIL PIÑAL PALO BLANCO,1,['GUAYAQUIL PIÑAL PALO BLANCO'],['crop'],1
PLATANIO CAFE,1,['PLATANIO CAFE'],['crop'],1
"YUCA , MAIZ",1,"['YUCA', 'MAIZ']","['crop', 'crop']",2
"GRAMA CHILENA , PASTO CASTILLA",1,"['GRAMA CHILENA', 'PASTO CASTILLA']","['pasture', 'pasture']",2
"PIÑAN, HIGUERON",1,"['PIÑAN', 'HIGUERON']","['crop', 'crop']",2
ARANDULO,1,['ARANDULO'],['crop'],1
"CAFE,GUAYAQUIL",1,"['CAFE', 'GUAYAQUIL']","['crop', 'crop']",2
"ALGARROBO, ZAPOE, FAIQUE",1,"['ALGARROBO', 'ZAPOE', 'FAIQUE']","['crop', 'crop', 'crop']",3
"ALGARROBO, ZAPOTE, FAIQUE,",1,"['ALGARROBO', 'ZAPOTE', 'FAIQUE']","['crop', 'crop', 'crop']",3
"PLATANO, GUAYAQUIL, CAÑA",1,"['PLATANO', 'GUAYAQUIL', 'CAÑA DE AZUCAR']","['crop', 'crop', 'crop']",3
"ARVERJA, TRIGO ,FREJOL",1,"['ARVEJA', 'TRIGO', 'FRIJOL']","['crop', 'crop', 'crop']",3
"ARVERJA,CEBADA",1,"['ARVEJA', 'CEBADA']","['crop', 'crop']",2
"CAÑA DE AZUCAR,   PLATANO",1,"['CAÑA DE AZUCAR', 'PLATANO']","['crop', 'crop']",2
GRAMA CHILANA,1,['GRAMA CHILANA'],['pasture'],1
PLATANO     CAFE,1,"['PLATANO', 'CAFE']","['crop', 'crop']",2
PLATANO    CAÑA  DE AZUCAR,1,['PLATANO CAÑA DE AZUCAR'],['crop'],1
PLATANO - CAÑA - GUAYAQUIL,1,"['PLATANO', 'CAÑA DE AZUCAR', 'GUAYAQUIL']","['crop', 'crop', 'crop']",3
PLATANO - GUAYAQUIL,1,"['PLATANO', 'GUAYAQUIL']","['crop', 'crop']",2
PUCHUGUEROS - PIÑANES - ARRAYAN,1,"['PUCHUGUEROS', 'PIÑANES', 'ARRAYAN']","['crop', 'crop', 'crop']",3
                       GRAMA CHILENA,1,['GRAMA CHILENA'],['pasture'],1
CAÑA - GUAYAQUIL - EUCALIPTO,1,"['CAÑA DE AZUCAR', 'GUAYAQUIL', 'EUCALIPTO']","['crop', 'crop', 'crop']",3
GRAMA  CHILENA,1,['GRAMA CHILENA'],['pasture'],1
PLATANO - YUCA,1,"['PLATANO', 'YUCA']","['crop', 'crop']",2
"CAÑA DE AZUCAR, GUAYAQUIL,PLATANO",1,"['CAÑA DE AZUCAR', 'GUAYAQUIL', 'PLATANO']","['crop', 'crop', 'crop']",3
"GFRAM,A CHILENA",1,"['GFRAM', 'A CHILENA']","['crop', 'crop']",2
PLATANO - GRANADILLA,1,"['PLATANO', 'GRANADILLA']","['crop', 'crop']",2
"CAFE,CAÑA Y PLATANO",1,"['CAFE', 'CAÑA DE AZUCAR', 'PLATANO']","['crop', 'crop', 'crop']",3
"CAÑA , HUAYAQUIL",1,"['CAÑA DE AZUCAR', 'HUAYAQUIL']","['crop', 'crop']",2
PIÑAÑ,1,['PIÑAÑ'],['crop'],1
"PAPA , ZANAHORIA",1,"['PAPA', 'ZANAHORIA']","['crop', 'crop']",2
"PLTANO,CAÑA,CAFE",1,"['PLTANO', 'CAÑA DE AZUCAR', 'CAFE']","['crop', 'crop', 'crop']",3
          MAIZ,1,['MAIZ'],['crop'],1
"ALGARROBO, ZAPOTE, SUTUYO, PALO VERDE",1,"['ALGARROBO', 'ZAPOTE', 'SUTUYO', 'PALO VERDE']","['crop', 'crop', 'crop', 'crop']",4
          PLATANO 50%  PAJA CHILENA 50%,1,"['PLATANO', 'PAJA CHILENA']","['crop', 'pasture']",2
EUCALIIPTO,1,['EUCALIIPTO'],['crop'],1
"EUCALIPTOS, PALTON",1,"['EUCALIPTO', 'PALTON']","['crop', 'crop']",2
GRAMA CRIOLL,1,['GRAMA CRIOLL'],['pasture'],1
"GUAYACAN,  GUAYAQUIL",1,"['GUAYACAN', 'GUAYAQUIL']","['crop', 'crop']",2
PAJA CHILENA 40% PLATANO 40%,1,"['PAJA CHILENA', 'PLATANO']","['pasture', 'crop']",2
"PAJA CHILENA, CAÑA",1,"['PAJA CHILENA', 'CAÑA DE AZUCAR']","['pasture', 'crop']",2
"PALTO, DURAZNO",1,"['PALTA', 'DURAZNO']","['crop', 'crop']",2
"PALTON, PALO BLANCO",1,"['PALTON', 'PALO BLANCO']","['crop', 'crop']",2
"PALTON, PUCHUGUERO",1,"['PALTON', 'PUCHUGUERO']","['crop', 'crop']",2
"PLATANO, CAFE, GUAYAQUIL",1,"['PLATANO', 'CAFE', 'GUAYAQUIL']","['crop', 'crop', 'crop']",3
"GRAMA CHILENA, PASTO NATURAL",1,"['GRAMA CHILENA', 'PASTO NATURAL']","['pasture', 'pasture']",2
"LIMON, MANGO, PLATANO, GUAYABA",1,"['LIMON', 'MANGO', 'PLATANO', 'GUAYABA']","['crop', 'crop', 'crop', 'crop']",4
"TAMARINDO, SABILA, PAPAYA, GUABA",1,"['TAMARINDO', 'SABILA', 'PAPAYA', 'GUABO']","['crop', 'crop', 'crop', 'crop']",4
"     ALGARROBO, ZAPOTE",1,"['ALGARROBO', 'ZAPOTE']","['crop', 'crop']",2
FREJOLES DE PALO,1,['FREJOLES DE PALO'],['crop'],1
"TAMARINDO, ALGARROBOS, LIMON , SAPOTE",1,"['TAMARINDO', 'ALGARROBO', 'LIMON', 'SAPOTE']","['crop', 'crop', 'crop', 'crop']",4
 PREPARACION DEL TERRENO,1,['PREPARACION'],['land_prep'],1
PREPARACION DEL SUELO/DESCANSO,1,"['PREPARACION DEL SUELO', 'DESCANSO']","['land_prep', 'fallow']",2
PREPARACION DEL TERRENO /  DESCANSO,1,"['PREPARACION', 'DESCANSO']","['land_prep', 'fallow']",2
PREPARACION DEL TERRENO/ DESCANSO,1,"['PREPARACION', 'DESCANSO']","['land_prep', 'fallow']",2
PRERACION DEL TERRENO,1,['PRERACION DEL TERRENO'],['crop'],1
TERRENOS DEL ESTADO,1,['TERRENOS DEL ESTADO'],['crop'],1
MANGO 25% PALTO 25%,1,"['MANGO', 'PALTA']","['crop', 'crop']",2
YUCA 25 % MAIZ 25 %,1,"['YUCA', 'MAIZ']","['crop', 'crop']",2
GRAMOLOTE,1,['GRAMOLOTE'],['crop'],1
MAIZ 10 % - MARACUYA 10%,1,"['MAIZ', 'MARACUYA']","['crop', 'crop']",2
MAIZ 10%  - MARACUYA 10%,1,"['MAIZ', 'MARACUYA']","['crop', 'crop']",2
MAIZ 10% -MARACUYA 10%,1,"['MAIZ', 'MARACUYA']","['crop', 'crop']",2
PALTO 10% - NARANJA  10%,1,"['PALTA', 'NARANJA']","['crop', 'crop']",2
PALTO 10% NARANJA 10%,1,"['PALTA', 'NARANJA']","['crop', 'crop']",2
PALTO 10% -NARANJO 10%,1,"['PALTA', 'NARANJA']","['crop', 'crop']",2
"CEDRO, ROBLE",1,"['CEDRO', 'ROBLE']","['crop', 'crop']",2
"MANGO, NARANJO",1,"['MANGO', 'NARANJA']","['crop', 'crop']",2
"PALTO, CAFE, PLATANO",1,"['PALTA', 'CAFE', 'PLATANO']","['crop', 'crop', 'crop']",3
        CACAO 50% MANGO 50%,1,"['CACAO', 'MANGO']","['crop', 'crop']",2
"CAÑA DE AZUCAR, PLATANO Y PAJA CHILENA",1,"['CAÑA DE AZUCAR', 'PLATANO', 'PAJA CHILENA']","['crop', 'crop', 'pasture']",3
"CAÑA, PASTO ELEFANTE, SUDAN",1,"['CAÑA DE AZUCAR', 'PASTO ELEFANTE', 'SUDAN']","['crop', 'pasture', 'crop']",3
"GRAMA CHILENA, CAFE, PLATANO",1,"['GRAMA CHILENA', 'CAFE', 'PLATANO']","['pasture', 'crop', 'crop']",3
GUAYAQUIL 10 %,1,['GUAYAQUIL'],['crop'],1
"HUABO, PIÑAN",1,"['GUABO', 'PIÑAN']","['crop', 'crop']",2
"LUCUMA, NARANJA,GUAYAQUIL",1,"['LUCUMA', 'NARANJA', 'GUAYAQUIL']","['crop', 'crop', 'crop']",3
"MAIZ 50 %,    YUCA  40 %",1,"['MAIZ', 'YUCA']","['crop', 'crop']",2
"MANGO, ACHOTE, CITRICOS",1,"['MANGO', 'ACHOTE', 'CITRICOS']","['crop', 'crop', 'crop']",3
"NUDILLO,PAJA CHILENA",1,"['NUDILLO', 'PAJA CHILENA']","['pasture', 'pasture']",2
"PIÑAN, ALISOS",1,"['PIÑAN', 'ALISO']","['crop', 'crop']",2
"PLATANO, CAFE, HUABO",1,"['PLATANO', 'CAFE', 'GUABO']","['crop', 'crop', 'crop']",3
"PLATANO, CAFE, HUABOS",1,"['PLATANO', 'CAFE', 'GUABO']","['crop', 'crop', 'crop']",3
"PIÑAN, HUABOS, HUAYABOS",1,"['PIÑAN', 'GUABO', 'HUAYABOS']","['crop', 'crop', 'crop']",3
"CACAO, HUABA, MARACUYA",1,"['CACAO', 'GUABO', 'MARACUYA']","['crop', 'crop', 'crop']",3
"CAFE, PALTO",1,"['CAFE', 'PALTA']","['crop', 'crop']",2
"PLATANO, CAÑA DE AZUCAR, PAJA CHILENA Y PAJA DE CORTE",1,"['PLATANO', 'CAÑA DE AZUCAR', 'PAJA CHILENA', 'PAJA DE CORTE']","['crop', 'crop', 'pasture', 'pasture']",4
"BANANO, CAÑA Y CAFE",1,"['BANANO', 'CAÑA DE AZUCAR', 'CAFE']","['crop', 'crop', 'crop']",3
CAÑA DE AZUCAR-BANANO,1,"['CAÑA DE AZUCAR', 'BANANO']","['crop', 'crop']",2
CAÑA.,1,['CAÑA DE AZUCAR'],['crop'],1
HUABOS 40% PIÑON 40%,1,"['GUABO', 'PIÑON']","['crop', 'crop']",2
PAJA CHINA,1,['PAJA CHINA'],['pasture'],1
PASTO CHILENO-CASTILLA,1,"['PASTO CHILENO', 'CASTILLA']","['pasture', 'crop']",2
"CAÑA DE AZUCAR, CAFE, PLATANOS",1,"['CAÑA DE AZUCAR', 'CAFE', 'PLATANO']","['crop', 'crop', 'crop']",3
"CHIRIMOYO, HUABOS",1,"['CHIRIMOYA', 'GUABO']","['crop', 'crop']",2
MAIZ 80% FREJOL 20%,1,"['MAIZ', 'FRIJOL']","['crop', 'crop']",2
"PLATANO, CAFE, PAJA CHILENA",1,"['PLATANO', 'CAFE', 'PAJA CHILENA']","['crop', 'crop', 'pasture']",3
 PLATANO Y PAJA CHILENA,1,"['PLATANO', 'PAJA CHILENA']","['crop', 'pasture']",2
"CACAO,  PLATANO",1,"['CACAO', 'PLATANO']","['crop', 'crop']",2
"CAÑA, PAJA CHILENA",1,"['CAÑA DE AZUCAR', 'PAJA CHILENA']","['crop', 'pasture']",2
"PALO BLANCO, PIÑAN",1,"['PALO BLANCO', 'PIÑAN']","['crop', 'crop']",2
 CAÑA Y BANANO,1,"['CAÑA DE AZUCAR', 'BANANO']","['crop', 'crop']",2
"CAÑA, EUCALIPTO",1,"['CAÑA DE AZUCAR', 'EUCALIPTO']","['crop', 'crop']",2
"SUDAN, PAJA DE CORTE",1,"['SUDAN', 'PAJA DE CORTE']","['crop', 'pasture']",2
               CAFE,1,['CAFE'],['crop'],1
CAÑA 50 % BANANO 50%,1,"['CAÑA DE AZUCAR', 'BANANO']","['crop', 'crop']",2
"GUAYAQUIL, LANCHE",1,"['GUAYAQUIL', 'LANCHE']","['crop', 'crop']",2
PALTO 25% NARANJO 50% CAFE 50%,1,"['PALTA', 'NARANJA', 'CAFE']","['crop', 'crop', 'crop']",3
"PASTO CHILENO, BANANO Y CAÑA",1,"['PASTO CHILENO', 'BANANO', 'CAÑA DE AZUCAR']","['pasture', 'crop', 'crop']",3
PASTO ELEFANTE Y PASTO CHILENA,1,"['PASTO ELEFANTE', 'PASTO CHILENA']","['pasture', 'pasture']",2
"PLATANO, CAÑA DE AZUCAR, PAJA CHILENA",1,"['PLATANO', 'CAÑA DE AZUCAR', 'PAJA CHILENA']","['crop', 'crop', 'pasture']",3
"PLATANO, GUAYAQUIL Y SUDAN",1,"['PLATANO', 'GUAYAQUIL', 'SUDAN']","['crop', 'crop', 'crop']",3
          GRAMA CHILENA,1,['GRAMA CHILENA'],['pasture'],1
        CAÑA 50% BANANO 50%,1,"['CAÑA DE AZUCAR', 'BANANO']","['crop', 'crop']",2
"BABANO, CACACO",1,"['BABANO', 'CACACO']","['crop', 'crop']",2
"CAÑA, PASTO ELEFANTE Y PAJA CHILENA",1,"['CAÑA DE AZUCAR', 'PASTO ELEFANTE', 'PAJA CHILENA']","['crop', 'pasture', 'pasture']",3
"FREJOL, YUCA, MAIZ",1,"['FRIJOL', 'YUCA', 'MAIZ']","['crop', 'crop', 'crop']",3
GRAMA   CHILENA,1,['GRAMA CHILENA'],['pasture'],1
"PASTO DE ELEFANTE, PLATANO , PAJA CHIILENA",1,"['PASTO ELEFANTE', 'PLATANO', 'PAJA CHIILENA']","['pasture', 'crop', 'pasture']",3
"PIÑAN , HUABOS",1,"['PIÑAN', 'GUABO']","['crop', 'crop']",2
"PLATANO, PASTO ELEFANTE Y PAJA CHILENA",1,"['PLATANO', 'PASTO ELEFANTE', 'PAJA CHILENA']","['crop', 'pasture', 'pasture']",3
"YUCA, FREJOL, MAIZ",1,"['YUCA', 'FRIJOL', 'MAIZ']","['crop', 'crop', 'crop']",3
"YUCA, MANGO, PLATANO",1,"['YUCA', 'MANGO', 'PLATANO']","['crop', 'crop', 'crop']",3
APSTO ELEFANTE,1,['APSTO ELEFANTE'],['pasture'],1
            BANANO,1,['BANANO'],['crop'],1
"HUABO, YACUGUERO, HIGUERON",1,"['GUABO', 'YACUGUERO', 'HIGUERON']","['crop', 'crop', 'crop']",3
"HUABOS, YACUGUEROS",1,"['GUABO', 'YACUGUEROS']","['crop', 'crop']",2
"YACUGUERO, CONDORSILLO",1,"['YACUGUERO', 'CONDORSILLO']","['crop', 'crop']",2
"HUABO, HIGUIRON",1,"['GUABO', 'HIGUIRON']","['crop', 'crop']",2
PASTO ELEFANTE Y PLATANO,1,"['PASTO ELEFANTE', 'PLATANO']","['pasture', 'crop']",2
"PLATANO, CAFE, PASTO DE ELFANTE",1,"['PLATANO', 'CAFE', 'PASTO DE ELFANTE']","['crop', 'crop', 'pasture']",3
"CAFE, PALTA, PLATANO",1,"['CAFE', 'PALTA', 'PLATANO']","['crop', 'crop', 'crop']",3
CEDRO ALCANFOR,1,['CEDRO ALCANFOR'],['crop'],1
"HUABO, PUCHUGERO",1,"['GUABO', 'PUCHUGERO']","['crop', 'crop']",2
"PLATANO, CAÑA Y PAJA CHILENA",1,"['PLATANO', 'CAÑA DE AZUCAR', 'PAJA CHILENA']","['crop', 'crop', 'pasture']",3
"EUCALIPTO, SAUSE",1,"['EUCALIPTO', 'SAUSE']","['crop', 'crop']",2
"HUABO, HIGUERON",1,"['GUABO', 'HIGUERON']","['crop', 'crop']",2
"PAJA CHILENA, PLATANO",1,"['PAJA CHILENA', 'PLATANO']","['pasture', 'crop']",2
"PAJA CHILENA,GRAMA CRIOLL",1,"['PAJA CHILENA', 'GRAMA CRIOLL']","['pasture', 'pasture']",2
"PAJA CHILENA, PLATANO Y CAFE",1,"['PAJA CHILENA', 'PLATANO', 'CAFE']","['pasture', 'crop', 'crop']",3
"CEDRO, NOBLE",1,"['CEDRO', 'NOBLE']","['crop', 'crop']",2
"PALTO, CAFE",1,"['PALTA', 'CAFE']","['crop', 'crop']",2
"ALGARROBO, FAIQUE, SAPOTE, PALO VERDE",1,"['ALGARROBO', 'FAIQUE', 'SAPOTE', 'PALO VERDE']","['crop', 'crop', 'crop', 'crop']",4
"CAÑA DE AZUCAR 60%, BANANO 40%",1,"['CAÑA DE AZUCAR', 'BANANO']","['crop', 'crop']",2
                                              LIMO,1,['LIMO'],['crop'],1
ANTES CULTIVO DE MAIZ,1,['ANTES CULTIVO DE MAIZ'],['crop'],1
CAMPAÑA ANTERIOR MAIZ,1,['CAMPAÑA ANTERIOR MAIZ'],['crop'],1
"FREJOL CAUP ,FREJOL DE PALO",1,"['FREJOL CAUP', 'FRIJOL DE PALO']","['crop', 'crop']",2
"            PINO, CIPRES, ALCANFOR",1,"['PINO', 'CIPRES', 'ALCANFOR']","['crop', 'crop', 'crop']",3
PECHUGUEROS,1,['PECHUGUEROS'],['crop'],1
            PIÑAN,1,['PIÑAN'],['crop'],1
"       CAFE, BANANO",1,"['CAFE', 'BANANO']","['crop', 'crop']",2
 GUAYAQUIL,1,['GUAYAQUIL'],['crop'],1
" PAJA CHILENA,PLATANO,CAFE",1,"['PAJA CHILENA', 'PLATANO', 'CAFE']","['pasture', 'crop', 'crop']",3
"ALCANFOR,ROBLE",1,"['ALCANFOR', 'ROBLE']","['crop', 'crop']",2
"ALCANFOR,ROBLE,HIGUERON",1,"['ALCANFOR', 'ROBLE', 'HIGUERON']","['crop', 'crop', 'crop']",3
"BANANO, GUAYAQUIL",1,"['BANANO', 'GUAYAQUIL']","['crop', 'crop']",2
CUCHARILLO,1,['CUCHARILLO'],['crop'],1
GRAMA CHILENA 50% PASTO ELEFANTE 40%,1,"['GRAMA CHILENA', 'PASTO ELEFANTE']","['pasture', 'pasture']",2
GRAMA CHILENA Y PAJA ELEFANTE,1,"['GRAMA CHILENA', 'PAJA ELEFANTE']","['pasture', 'pasture']",2
GRAMA CHILENA Y PAJA GIGANTE,1,"['GRAMA CHILENA', 'PAJA GIGANTE']","['pasture', 'pasture']",2
"GRAMA GIGANTE, CAÑA Y PASTO ELEFANTE",1,"['GRAMA GIGANTE', 'CAÑA DE AZUCAR', 'PASTO ELEFANTE']","['pasture', 'crop', 'pasture']",3
GRAMALUTE Y PASTO ELEFANTE,1,"['GRAMALUTE', 'PASTO ELEFANTE']","['pasture', 'pasture']",2
GUAYAQUIL- PASTO ELEFANTE,1,"['GUAYAQUIL', 'PASTO ELEFANTE']","['crop', 'pasture']",2
GUAYAQUIL PUCHUGUERO,1,['GUAYAQUIL PUCHUGUERO'],['crop'],1
"GUAYAQUIL,PAJA CHLENA",1,"['GUAYAQUIL', 'PAJA CHLENA']","['crop', 'pasture']",2
HGUERON,1,['HGUERON'],['crop'],1
"HIGUERON, GUAYAQUIL, CHIRIMOYO",1,"['HIGUERON', 'GUAYAQUIL', 'CHIRIMOYA']","['crop', 'crop', 'crop']",3
MAIZ Y FRIJOL BAYO,1,"['MAIZ', 'FRIJOL BAYO']","['crop', 'crop']",2
"MAIZ, PLATANO, CAFE",1,"['MAIZ', 'PLATANO', 'CAFE']","['crop', 'crop', 'crop']",3
"NARANJA, CAÑA, CAFE",1,"['NARANJA', 'CAÑA DE AZUCAR', 'CAFE']","['crop', 'crop', 'crop']",3
"NARANJO, CAFE",1,"['NARANJA', 'CAFE']","['crop', 'crop']",2
NUBILLO,1,['NUBILLO'],['crop'],1
"PAJA  CUSQUEÑA, PASTO ELEFANTE",1,"['PAJA CUSQUEÑA', 'PASTO ELEFANTE']","['pasture', 'pasture']",2
PAJA CHILENA Y NUDILLO,1,"['PAJA CHILENA', 'NUDILLO']","['pasture', 'pasture']",2
"PAJA CHILENA,NARANJO,PLATANO",1,"['PAJA CHILENA', 'NARANJA', 'PLATANO']","['pasture', 'crop', 'crop']",3
"PAJA CHILENA,PLATANO,NARANJO",1,"['PAJA CHILENA', 'PLATANO', 'NARANJA']","['pasture', 'crop', 'crop']",3
"PAJA CULQUEÑA, PASTO ELEFANTE",1,"['PAJA CULQUEÑA', 'PASTO ELEFANTE']","['pasture', 'pasture']",2
PAJA ELEFANTE Y GRAMA CHILENA,1,"['PAJA ELEFANTE', 'GRAMA CHILENA']","['pasture', 'pasture']",2
PALTANO  40% CAFE 40%,1,"['PALTANO', 'CAFE']","['crop', 'crop']",2
PASTO ELEFANTE PASTO GIGANTE,1,['PASTO ELEFANTE PASTO GIGANTE'],['pasture'],1
"PASTO, PLATANO, CAFE",1,"['PASTO', 'PLATANO', 'CAFE']","['pasture', 'crop', 'crop']",3
PIÑAMES,1,['PIÑAMES'],['crop'],1
PLANO 50% CAFE 25%  PAJA DE CORTE 25%,1,"['PLANO', 'CAFE', 'PAJA DE CORTE']","['crop', 'crop', 'pasture']",3
PUCHUGERO,1,['PUCHUGERO'],['crop'],1
PUCHUGUERO NOGAL,1,['PUCHUGUERO NOGAL'],['crop'],1
"ROBLE,HIGUERON",1,"['ROBLE', 'HIGUERON']","['crop', 'crop']",2
ZURA PUCHUGUERO,1,['ZURA PUCHUGUERO'],['crop'],1
HABAS 30%- TRIGO 70%,1,"['HABA', 'TRIGO']","['crop', 'crop']",2
"BORDEADO, SURCADO Y NIVELADO",1,"['BORDEADO', 'SURCADO', 'NIVELACION']","['crop', 'crop', 'land_prep']",3
LIMPIEZA DE MALEZA Y DESMONTE,1,"['LIMPIEZA DE MALEZA', 'DESMONTE']","['land_prep', 'crop']",2
GRADE0,1,['GRADE'],['land_prep'],1
FRIJOL CAUPI MAIZ FRIJOL PALO SANDIA,1,['FRIJOL CAUPI MAIZ FRIJOL PALO SANDIA'],['crop'],1
FRIJOL CAUPI SANDIA,1,['FRIJOL CAUPI SANDIA'],['crop'],1
FREJOL CANARIO,1,['FREJOL CANARIO'],['crop'],1
"CAÑA,CAFE,PAJA CHILENA,GUAYAQUIL",1,"['CAÑA DE AZUCAR', 'CAFE', 'PAJA CHILENA', 'GUAYAQUIL']","['crop', 'crop', 'pasture', 'crop']",4
"GUAYAQUIL,PAJA CHILENA,CAFE",1,"['GUAYAQUIL', 'PAJA CHILENA', 'CAFE']","['crop', 'pasture', 'crop']",3
"CAFE,CAÑA,PAJA CHILENA,GUAYAQUIL",1,"['CAFE', 'CAÑA DE AZUCAR', 'PAJA CHILENA', 'GUAYAQUIL']","['crop', 'crop', 'pasture', 'crop']",4
"PASTO CHILENO,ASTO ELEFANTE",1,"['PASTO CHILENO', 'ASTO ELEFANTE']","['pasture', 'pasture']",2
"PLATANO,PAJA CHILENA,CAÑA",1,"['PLATANO', 'PAJA CHILENA', 'CAÑA DE AZUCAR']","['crop', 'pasture', 'crop']",3
"PLATANO,PASTO  CHILENO",1,"['PLATANO', 'PASTO CHILENO']","['crop', 'pasture']",2
"CAFE,PLATANO,GUAYAQUIL",1,"['CAFE', 'PLATANO', 'GUAYAQUIL']","['crop', 'crop', 'crop']",3
"CAÑA,PAJA CHILENA",1,"['CAÑA DE AZUCAR', 'PAJA CHILENA']","['crop', 'pasture']",2
"GUABO,FORESTAL",1,"['GUABO', 'FORESTAL']","['crop', 'crop']",2
"GUAYAQUIL,GRAMA SPP",1,"['GUAYAQUIL', 'GRAMA SPP']","['crop', 'pasture']",2
"GUAYAQUIL,HIGUERON,PIÑAN",1,"['GUAYAQUIL', 'HIGUERON', 'PIÑAN']","['crop', 'crop', 'crop']",3
"PAJA CHILENA,CAÑA DE AZUCAR",1,"['PAJA CHILENA', 'CAÑA DE AZUCAR']","['pasture', 'crop']",2
"PAJA DE CORTE,PIÑAN,GUAYAQUIL",1,"['PAJA DE CORTE', 'PIÑAN', 'GUAYAQUIL']","['pasture', 'crop', 'crop']",3
"PASTO ELEFANTE,  CAÑA",1,"['PASTO ELEFANTE', 'CAÑA DE AZUCAR']","['pasture', 'crop']",2
"CAFE,PAJA CHILENA,CAÑA",1,"['CAFE', 'PAJA CHILENA', 'CAÑA DE AZUCAR']","['crop', 'pasture', 'crop']",3
"CAÑA DE AZUCAR,PAJA DE CORTE",1,"['CAÑA DE AZUCAR', 'PAJA DE CORTE']","['crop', 'pasture']",2
"CAÑA,CAFE,PAJA CHILENA",1,"['CAÑA DE AZUCAR', 'CAFE', 'PAJA CHILENA']","['crop', 'crop', 'pasture']",3
"CAÑA,PLATANO,CAFE,PASTO CHILENO",1,"['CAÑA DE AZUCAR', 'PLATANO', 'CAFE', 'PASTO CHILENO']","['crop', 'crop', 'crop', 'pasture']",4
"GRAMA CHILENA,",1,['GRAMA CHILENA'],['pasture'],1
"GUAYAQUIL,PASTO ELEFANTE,PIÑAN",1,"['GUAYAQUIL', 'PASTO ELEFANTE', 'PIÑAN']","['crop', 'pasture', 'crop']",3
"LECHUGA,REPOLLO",1,"['LECHUGA', 'REPOLLO']","['crop', 'crop']",2
"PAJA CHILENA,PLATANO,CAFE",1,"['PAJA CHILENA', 'PLATANO', 'CAFE']","['pasture', 'crop', 'crop']",3
"PASTO  ELEFANTE,GUAYAQUIL",1,"['PASTO ELEFANTE', 'GUAYAQUIL']","['pasture', 'crop']",2
"PASTO ELEFANTE,GUAYAQUIL,",1,"['PASTO ELEFANTE', 'GUAYAQUIL']","['pasture', 'crop']",2
"PLATANO 80%,CAFE20%",1,"['PLATANO', 'CAFE']","['crop', 'crop']",2
"PLATANO,CAFE,PAJA DE CORTE",1,"['PLATANO', 'CAFE', 'PAJA DE CORTE']","['crop', 'crop', 'pasture']",3
"PLATANO80%,CAFE20%",1,"['PLATANO', 'CAFE']","['crop', 'crop']",2
"BANANO,CAFE,PAJA CHILENA",1,"['BANANO', 'CAFE', 'PAJA CHILENA']","['crop', 'crop', 'pasture']",3
"BANANO,PAJA CHILENA",1,"['BANANO', 'PAJA CHILENA']","['crop', 'pasture']",2
"PASTO ELEFANTE,CAÑA DE AZUCAR",1,"['PASTO ELEFANTE', 'CAÑA DE AZUCAR']","['pasture', 'crop']",2
"PASTO,BANANO",1,"['PASTO', 'BANANO']","['pasture', 'crop']",2
"BANANO,CAÑA,CAFE",1,"['BANANO', 'CAÑA DE AZUCAR', 'CAFE']","['crop', 'crop', 'crop']",3
"BANANO,CAÑA,CAFE+",1,"['BANANO', 'CAÑA DE AZUCAR', 'CAFE']","['crop', 'crop', 'crop']",3
"CAÑA, PASTO CHILENO",1,"['CAÑA DE AZUCAR', 'PASTO CHILENO']","['crop', 'pasture']",2
"GUAYAQUIL,HIGUERON, PIÑAN",1,"['GUAYAQUIL', 'HIGUERON', 'PIÑAN']","['crop', 'crop', 'crop']",3
"HIGUERON, GUAYAQUIL",1,"['HIGUERON', 'GUAYAQUIL']","['crop', 'crop']",2
"HIGUERON, PIÑAN",1,"['HIGUERON', 'PIÑAN']","['crop', 'crop']",2
"PAPA,YUCA,MAIZ",1,"['PAPA', 'YUCA', 'MAIZ']","['crop', 'crop', 'crop']",3
"PASTO CHILENO,  PASTO ELEFANTE",1,"['PASTO CHILENO', 'PASTO ELEFANTE']","['pasture', 'pasture']",2
"PLATANO,CANA",1,"['PLATANO', 'CAÑA DE AZUCAR']","['crop', 'crop']",2
"BANANO,CAÑA AZUCAR",1,"['BANANO', 'CAÑA DE AZUCAR']","['crop', 'crop']",2
"CAÑA,GUAAQUIL",1,"['CAÑA DE AZUCAR', 'GUAAQUIL']","['crop', 'crop']",2
"GUAYAQUIL,PASTO ELEFANTE",1,"['GUAYAQUIL', 'PASTO ELEFANTE']","['crop', 'pasture']",2
"PASTO CHILENO,PASTO   ELEFANTE",1,"['PASTO CHILENO', 'PASTO ELEFANTE']","['pasture', 'pasture']",2
"PLATA,CAÑA,CAFE",1,"['PLATA', 'CAÑA DE AZUCAR', 'CAFE']","['crop', 'crop', 'crop']",3
"PLATANO,CAFE,PASTO CHILENO",1,"['PLATANO', 'CAFE', 'PASTO CHILENO']","['crop', 'crop', 'pasture']",3
"PLATANO,GUAYAQUIL,PASTO ELEFANTE",1,"['PLATANO', 'GUAYAQUIL', 'PASTO ELEFANTE']","['crop', 'crop', 'pasture']",3
"PLATANOCAÑA,PASTO CHILENO",1,"['PLATANOCAÑA', 'PASTO CHILENO']","['crop', 'pasture']",2
"CAÑA,PAJA  DE  CORTE",1,"['CAÑA DE AZUCAR', 'PAJA DE CORTE']","['crop', 'pasture']",2
"PASTO   CHILENO,PASTO  ELEFANTE",1,"['PASTO CHILENO', 'PASTO ELEFANTE']","['pasture', 'pasture']",2
"PASTO  CHILENO ,PASTO ELEFANTE",1,"['PASTO CHILENO', 'PASTO ELEFANTE']","['pasture', 'pasture']",2
"VETERRAGA,COLIFLOR,REPOLLO",1,"['VETERRAGA', 'COLIFLOR', 'REPOLLO']","['crop', 'crop', 'crop']",3
"CAÑA,PLATANO,PASTO  CHILENO",1,"['CAÑA DE AZUCAR', 'PLATANO', 'PASTO CHILENO']","['crop', 'crop', 'pasture']",3
"PLATANO,PASTO CHILENO",1,"['PLATANO', 'PASTO CHILENO']","['crop', 'pasture']",2
                LIMON,1,['LIMON'],['crop'],1
LIMON 80% -  MANGO 20%,1,"['LIMON', 'MANGO']","['crop', 'crop']",2
"LIMON, TAMARINDO",1,"['LIMON', 'TAMARINDO']","['crop', 'crop']",2
"GRA,MA CRIOLLA",1,"['GRA', 'MA CRIOLLA']","['crop', 'crop']",2
20 PLANTAS DE ALGARROBO,1,['PLANTAS DE ALGARROBO'],['crop'],1
"LIMON, PAPAYA",1,"['LIMON', 'PAPAYA']","['crop', 'crop']",2
"         PALO VERDE, ZAPOTE, ALGARROBO Y OTROS",1,"['PALO VERDE', 'ZAPOTE', 'ALGARROBO', 'SIN ESPECIFICAR']","['crop', 'crop', 'crop', 'unspecified']",4
   DESCANSO,1,['DESCANSO'],['fallow'],1
FRIJOL- MAIZ,1,"['FRIJOL', 'MAIZ']","['crop', 'crop']",2
SUTERRENO EN PERIDO DE LABORES CULTURALES,1,['SUTERRENO EN PERIDO DE LABORES CULTURALES'],['crop'],1
TERRENO EN PERIODO DE LABORES CULTURALES,1,['TERRENO EN PERIODO DE LABORES CULTURALES'],['crop'],1
             TERRENO EN DESCANSO,1,['DESCANSO'],['fallow'],1
MAIZ 40% Y ZAMBUMBA 40%,1,"['MAIZ', 'ZAMBUMBA']","['crop', 'crop']",2
"FRIJOL, MAIZ, YUCA",1,"['FRIJOL', 'MAIZ', 'YUCA']","['crop', 'crop', 'crop']",3
"MAIZ, ARVERJA, CEBOLLA Y TRIGO",1,"['MAIZ', 'ARVEJA', 'CEBOLLA', 'TRIGO']","['crop', 'crop', 'crop', 'crop']",4
SORGO Y ZACATE CHINO,1,"['SORGO', 'ZACATE CHINO']","['crop', 'pasture']",2
GRAS CRIOLLO,1,['GRAS CRIOLLO'],['crop'],1
"BANANO,CAFE,CAÑA",1,"['BANANO', 'CAFE', 'CAÑA DE AZUCAR']","['crop', 'crop', 'crop']",3
"CAFE,PASTO ELEFANTE",1,"['CAFE', 'PASTO ELEFANTE']","['crop', 'pasture']",2
"MAIZ,SAMBUMBA",1,"['MAIZ', 'SAMBUMBA']","['crop', 'crop']",2
                                 GRAMA CRIOLLA,1,['GRAMA CRIOLLA'],['pasture'],1
 PLATANO 40% - CAFE 40%,1,"['PLATANO', 'CAFE']","['crop', 'crop']",2
CAFE Y GRANADILLA,1,"['CAFE', 'GRANADILLA']","['crop', 'crop']",2
"CAÑA,CAFE Y PLATANO",1,"['CAÑA DE AZUCAR', 'CAFE', 'PLATANO']","['crop', 'crop', 'crop']",3
"MAIZ, FREJOL, PASTOS",1,"['MAIZ', 'FRIJOL', 'PASTO']","['crop', 'crop', 'pasture']",3
"PLATANO, CAFE, CAÑA.",1,"['PLATANO', 'CAFE', 'CAÑA DE AZUCAR']","['crop', 'crop', 'crop']",3
PINO Y CEDRO,1,"['PINO', 'CEDRO']","['crop', 'crop']",2
                   GRAMA CRIOLLA,1,['GRAMA CRIOLLA'],['pasture'],1
"ALISO, PINO Y CIPRES",1,"['ALISO', 'PINO', 'CIPRES']","['crop', 'crop', 'crop']",3
"CAFE 25%, PLATANO 25%",1,"['CAFE', 'PLATANO']","['crop', 'crop']",2
"CAFE 90%, PLATANO 10%",1,"['CAFE', 'PLATANO']","['crop', 'crop']",2
GRAMA CRUIOLLA,1,['GRAMA CRUIOLLA'],['pasture'],1
"MAIZ, FREJOL Y ARVERJA",1,"['MAIZ', 'FRIJOL', 'ARVEJA']","['crop', 'crop', 'crop']",3
"MAIZ, PAPA Y ARVERJA",1,"['MAIZ', 'PAPA', 'ARVEJA']","['crop', 'crop', 'crop']",3
PAPA Y ARVERJA,1,"['PAPA', 'ARVEJA']","['crop', 'crop']",2
PASTO GRAMA,1,"['PASTO', 'GRAMA']","['pasture', 'pasture']",2
"PINO, ALCANFOR Y CEDRO",1,"['PINO', 'ALCANFOR', 'CEDRO']","['crop', 'crop', 'crop']",3
"PINOS, ALISOS  Y  CIPRES",1,"['PINO', 'ALISO', 'CIPRES']","['crop', 'crop', 'crop']",3
"CAFE 10% , PLATANO 10 %",1,"['CAFE', 'PLATANO']","['crop', 'crop']",2
"CAFE80%, PLATANO 10%",1,"['CAFE', 'PLATANO']","['crop', 'crop']",2
"CAÑA 15%, PLATANO 15%",1,"['CAÑA DE AZUCAR', 'PLATANO']","['crop', 'crop']",2
GRAMA RIOLLA,1,['GRAMA RIOLLA'],['pasture'],1
"MAIZ 5%, ARVEJA 5%",1,"['MAIZ', 'ARVEJA']","['crop', 'crop']",2
PINOS Y CIPRES,1,"['PINO', 'CIPRES']","['crop', 'crop']",2
"YUCA 15%, MAIZ 15%",1,"['YUCA', 'MAIZ']","['crop', 'crop']",2
"MAIZ , HABA",1,"['MAIZ', 'HABA']","['crop', 'crop']",2
"BANANO 50%, CAFE 50%.",1,"['BANANO', 'CAFE']","['crop', 'crop']",2
BANANO Y CAÑA,1,"['BANANO', 'CAÑA DE AZUCAR']","['crop', 'crop']",2
MAIZ Y ZAMBUMBA,1,"['MAIZ', 'ZAMBUMBA']","['crop', 'crop']",2
PINOS 15% Y ALCANFOR 5%.,1,"['PINO', 'ALCANFOR']","['crop', 'crop']",2
SORGO Y GRAMA CRIOLLA,1,"['SORGO', 'GRAMA CRIOLLA']","['crop', 'pasture']",2
"SORGO, GRAMA CRIOLLA",1,"['SORGO', 'GRAMA CRIOLLA']","['crop', 'pasture']",2
MAIZ Y YUCA.,1,"['MAIZ', 'YUCA']","['crop', 'crop']",2
"PINOS, ALISOS, CIPRESES.",1,"['PINO', 'ALISO', 'CIPRES']","['crop', 'crop', 'crop']",3
MAIZ 10% Y HABA 10%.,1,"['MAIZ', 'HABA']","['crop', 'crop']",2
"MAIZ 10%, TRIGO 10% Y ZAMBUMBA 10%",1,"['MAIZ', 'TRIGO', 'ZAMBUMBA']","['crop', 'crop', 'crop']",3
"MAIZ 10%, TRIGO 10%, ZAMBUMBA 10%.",1,"['MAIZ', 'TRIGO', 'ZAMBUMBA']","['crop', 'crop', 'crop']",3
"MAIZ, FREJOL Y PAPA",1,"['MAIZ', 'FRIJOL', 'PAPA']","['crop', 'crop', 'crop']",3
"MANGO, LIMON, PAPAYO",1,"['MANGO', 'LIMON', 'PAPAYA']","['crop', 'crop', 'crop']",3
MORTALIZAS,1,['MORTALIZAS'],['crop'],1
CAFE / BANANO,1,"['CAFE', 'BANANO']","['crop', 'crop']",2
"CAFE 20%, PAST 80%",1,"['CAFE', 'PAST']","['crop', 'crop']",2
"CAFE 20%, PASTO 80%",1,"['CAFE', 'PASTO']","['crop', 'pasture']",2
CAFE 50% - BANANO 30% - CAÑA 20%,1,"['CAFE', 'BANANO', 'CAÑA DE AZUCAR']","['crop', 'crop', 'crop']",3
CAFE 50%- BANANO 50%,1,"['CAFE', 'BANANO']","['crop', 'crop']",2
CAMOTE- MAIZ,1,"['CAMOTE', 'MAIZ']","['crop', 'crop']",2
"CAÑA 80%, CAFE 20%",1,"['CAÑA DE AZUCAR', 'CAFE']","['crop', 'crop']",2
MAIZ },1,['MAIZ }'],['crop'],1
"PASTO 50%, CAFE 50%",1,"['PASTO', 'CAFE']","['pasture', 'crop']",2
PINO / EUCALIPTO,1,"['PINO', 'EUCALIPTO']","['crop', 'crop']",2
"CAFE 20%, PLATANO 20%, CAÑA 20%",1,"['CAFE', 'PLATANO', 'CAÑA DE AZUCAR']","['crop', 'crop', 'crop']",3
CAFE 40%- YUCA 20% - ZAMBUMBA 20%,1,"['CAFE', 'YUCA', 'ZAMBUMBA']","['crop', 'crop', 'crop']",3
"MAIZ 15%, ZAMBUMBA 20%, CAFE 20%",1,"['MAIZ', 'ZAMBUMBA', 'CAFE']","['crop', 'crop', 'crop']",3
"MAIZ 60%, ZAMBUMBA 10%,CAFE 20%",1,"['MAIZ', 'ZAMBUMBA', 'CAFE']","['crop', 'crop', 'crop']",3
MAIZ- YUCA,1,"['MAIZ', 'YUCA']","['crop', 'crop']",2
"ROBLE 40%, ZACATE CHINO 40%",1,"['ROBLE', 'ZACATE CHINO']","['crop', 'pasture']",2
YUCA- CAMOTE,1,"['YUCA', 'CAMOTE']","['crop', 'crop']",2
"ZACATE CHINO 20%, ROBLE 35%",1,"['ZACATE CHINO', 'ROBLE']","['pasture', 'crop']",2
ZURUMBO,1,['ZURUMBO'],['crop'],1
"CAFE 40%, GRAMA CRIOLLA 60%",1,"['CAFE', 'GRAMA CRIOLLA']","['crop', 'pasture']",2
"                         NARANJO 15%, LIMO 15%",1,"['NARANJA', 'LIMO']","['crop', 'crop']",2
BANANO . CAFE,1,"['BANANO', 'CAFE']","['crop', 'crop']",2
"BANANO, CAFE, NARAJO",1,"['BANANO', 'CAFE', 'NARAJO']","['crop', 'crop', 'crop']",3
CAÑA . BANANO,1,"['CAÑA DE AZUCAR', 'BANANO']","['crop', 'crop']",2
GRAMA NATURAL,1,['GRAMA NATURAL'],['pasture'],1
GRAMADO CRIOLLO,1,['GRAMADO CRIOLLO'],['pasture'],1
"MAIZ, YUCA. BANANO",1,"['MAIZ', 'YUCA', 'BANANO']","['crop', 'crop', 'crop']",3
"NARANJO 15%, LIMO 15%",1,"['NARANJA', 'LIMO']","['crop', 'crop']",2
"                              MAIZ 30%, PAPA30%",1,"['MAIZ', 'PAPA']","['crop', 'crop']",2
"CAFE, NARANJO, LIMA",1,"['CAFE', 'NARANJA', 'LIMA']","['crop', 'crop', 'crop']",3
"CAFE, PLATANO, CAÑA, PASTO MELQUERON",1,"['CAFE', 'PLATANO', 'CAÑA DE AZUCAR', 'MELQUERON']","['crop', 'crop', 'crop', 'pasture']",4
"CAMOTE 15%, ZANAHORIA 15%",1,"['CAMOTE', 'ZANAHORIA']","['crop', 'crop']",2
"CAÑA 35%, BANANO 35%",1,"['CAÑA DE AZUCAR', 'BANANO']","['crop', 'crop']",2
"CAÑA 40%, BANANO 40%",1,"['CAÑA DE AZUCAR', 'BANANO']","['crop', 'crop']",2
"MAIZ (50%), YUCA (50%)",1,"['MAIZ', 'YUCA']","['crop', 'crop']",2
"MAIZ 10%, ALBERJA 10%",1,"['MAIZ', 'ARVEJA']","['crop', 'crop']",2
"PAJA, MELQUERON, YARAGUA",1,"['PAJA', 'MELQUERON', 'YARAGUA']","['pasture', 'pasture', 'pasture']",3
PASTO MELQUERO,1,['PASTO MELQUERO'],['pasture'],1
"YUCA (50%), MAIZ (50%)",1,"['YUCA', 'MAIZ']","['crop', 'crop']",2
"YUCA 40%, ARVEJA 40%",1,"['YUCA', 'ARVEJA']","['crop', 'crop']",2
"  CAMOTE, ZANAHORIA",1,"['CAMOTE', 'ZANAHORIA']","['crop', 'crop']",2
"CAMOTE 5%, ZANAHORIA 5%",1,"['CAMOTE', 'ZANAHORIA']","['crop', 'crop']",2
"CAÑA, GRAMA CRIOLLA",1,"['CAÑA DE AZUCAR', 'GRAMA CRIOLLA']","['crop', 'pasture']",2
"CAÑA, PLATANO, PASTO MELQUERON",1,"['CAÑA DE AZUCAR', 'PLATANO', 'MELQUERON']","['crop', 'crop', 'pasture']",3
ERVEJA,1,['ERVEJA'],['crop'],1
"MAIZ 20%,YUCA 20%",1,"['MAIZ', 'YUCA']","['crop', 'crop']",2
"MAIZ 30, ALBERJA 30",1,"['MAIZ', 'ARVEJA']","['crop', 'crop']",2
"PLATANO (25%), CAÑA (25%), CAFE (25%)",1,"['PLATANO', 'CAÑA DE AZUCAR', 'CAFE']","['crop', 'crop', 'crop']",3
YUCA - ALVERJA,1,"['YUCA', 'ARVEJA']","['crop', 'crop']",2
"CAFE 30, PALTANO 40",1,"['CAFE', 'PALTANO']","['crop', 'crop']",2
"CAFE 30, PLATANO 40",1,"['CAFE', 'PLATANO']","['crop', 'crop']",2
"CAÑA, ARVEJA, MAIZ",1,"['CAÑA DE AZUCAR', 'ARVEJA', 'MAIZ']","['crop', 'crop', 'crop']",3
MAIZ- ARVEJA-YUCA,1,"['MAIZ', 'ARVEJA', 'YUCA']","['crop', 'crop', 'crop']",3
"MAIZ, ARVEJA, YUCA",1,"['MAIZ', 'ARVEJA', 'YUCA']","['crop', 'crop', 'crop']",3
"NARANJA, CAÑA",1,"['NARANJA', 'CAÑA DE AZUCAR']","['crop', 'crop']",2
PASTO MELQUERON-GRAMA CRIOLLA,1,"['MELQUERON', 'GRAMA CRIOLLA']","['pasture', 'pasture']",2
"ZACATE CHINO, PASTO MELQUERO",1,"['ZACATE CHINO', 'PASTO MELQUERO']","['pasture', 'pasture']",2
GRAMAS S Y P,1,['GRAMAS S'],['pasture'],1
"MAIZ 10%, FREJOL10%, TRIGO 10%",1,"['MAIZ', 'FRIJOL', 'TRIGO']","['crop', 'crop', 'crop']",3
"MAIZ, ARVEJA, OLLUCO",1,"['MAIZ', 'ARVEJA', 'OLLUCO']","['crop', 'crop', 'crop']",3
"TRIGO, MAIZ, YUCA",1,"['TRIGO', 'MAIZ', 'YUCA']","['crop', 'crop', 'crop']",3
ARVEJA. TRIGO,1,"['ARVEJA', 'TRIGO']","['crop', 'crop']",2
MAIZ- FRIJOL- TRIGO,1,"['MAIZ', 'FRIJOL', 'TRIGO']","['crop', 'crop', 'crop']",3
PINOS 50%- CIPRES 50%,1,"['PINO', 'CIPRES']","['crop', 'crop']",2
"PINOS 50%, CIPRES 50%",1,"['PINO', 'CIPRES']","['crop', 'crop']",2
YUCA- CAÑA,1,"['YUCA', 'CAÑA DE AZUCAR']","['crop', 'crop']",2
MAIZ - TRIGO - ALVERJA,1,"['MAIZ', 'TRIGO', 'ARVEJA']","['crop', 'crop', 'crop']",3
PASTI PIKUYA,1,['PASTI PIKUYA'],['crop'],1
"CAMOTE, ZANAHORIA, MAIZ",1,"['CAMOTE', 'ZANAHORIA', 'MAIZ']","['crop', 'crop', 'crop']",3
"CAÑA 30%, BANANO 35%, CAFE 35%",1,"['CAÑA DE AZUCAR', 'BANANO', 'CAFE']","['crop', 'crop', 'crop']",3
"MAIZ 10%, ALBERJA 10%, TRIGO 10%",1,"['MAIZ', 'ARVEJA', 'TRIGO']","['crop', 'crop', 'crop']",3
"MAIZ 10%, TRIGO 10%, ARVEJA 10%, ZAMBUMBA 10%",1,"['MAIZ', 'TRIGO', 'ARVEJA', 'ZAMBUMBA']","['crop', 'crop', 'crop', 'crop']",4
"MAIZ 15%, TRIGO 15%, PAPA 20%",1,"['MAIZ', 'TRIGO', 'PAPA']","['crop', 'crop', 'crop']",3
"MAIZ 20%, ALBERJA 20%",1,"['MAIZ', 'ARVEJA']","['crop', 'crop']",2
"MELQUERON 50%, PIKUY 50%",1,"['MELQUERON', 'PIKUY']","['pasture', 'crop']",2
OLLUCO- OCA,1,"['OLLUCO', 'OCA']","['crop', 'crop']",2
"OTOCO, ALBERJA, TRIGO",1,"['OTOCO', 'ARVEJA', 'TRIGO']","['crop', 'crop', 'crop']",3
"OTOCO, ARBEJA, TRIGO",1,"['OTOCO', 'ARVEJA', 'TRIGO']","['crop', 'crop', 'crop']",3
PALTA 20%- CAÑA 20%,1,"['PALTA', 'CAÑA DE AZUCAR']","['crop', 'crop']",2
"PALTANO, CAFE",1,"['PALTANO', 'CAFE']","['crop', 'crop']",2
PICUY .- SURAL,1,"['PICUY', 'SURAL']","['crop', 'crop']",2
"PICUY 20%, SURAL 20%",1,"['PICUY', 'SURAL']","['crop', 'crop']",2
"PICUY 25%, SURAL 25%",1,"['PICUY', 'SURAL']","['crop', 'crop']",2
"PIKUY 30%, YARAGUA 30%",1,"['PIKUY', 'YARAGUA']","['crop', 'pasture']",2
SURAL,1,['SURAL'],['crop'],1
          PASTO,1,['PASTO'],['pasture'],1
ARVEJA TRIGO,1,"['ARVEJA', 'TRIGO']","['crop', 'crop']",2
ARVEJA- TRIGO,1,"['ARVEJA', 'TRIGO']","['crop', 'crop']",2
"EUCALIPTO 20%, CIPRES 20%",1,"['EUCALIPTO', 'CIPRES']","['crop', 'crop']",2
GRAMINEAS CRIOLLA,1,['GRAMINEAS CRIOLLA'],['pasture'],1
GRAMINIA CRIOLLA,1,['GRAMINIA CRIOLLA'],['crop'],1
GRAMINIA GRIOLLA,1,['GRAMINIA GRIOLLA'],['crop'],1
GRAMINIAS CRIOLLAS,1,['GRAMINIAS CRIOLLAS'],['crop'],1
"MAIZ 10%, TRIGO 10%, ARVEJA 10%",1,"['MAIZ', 'TRIGO', 'ARVEJA']","['crop', 'crop', 'crop']",3
"MAIZ 15%, PAPA 15%",1,"['MAIZ', 'PAPA']","['crop', 'crop']",2
MAIZ 20%- FRIJOL 10%,1,"['MAIZ', 'FRIJOL']","['crop', 'crop']",2
MAIZ- ARVEJA- TRIGO,1,"['MAIZ', 'ARVEJA', 'TRIGO']","['crop', 'crop', 'crop']",3
MELQUERON- PLATANO - CAFE,1,"['MELQUERON', 'PLATANO', 'CAFE']","['pasture', 'crop', 'crop']",3
"PINO 10%, EUCALIPTO 10%, CIPRES 10%",1,"['PINO', 'EUCALIPTO', 'CIPRES']","['crop', 'crop', 'crop']",3
"PINO 5%, CIPRES 5%, EUCALIPTO 10%",1,"['PINO', 'CIPRES', 'EUCALIPTO']","['crop', 'crop', 'crop']",3
"TRIGO 10%, ARVEJA 10%, MAIZ 10%",1,"['TRIGO', 'ARVEJA', 'MAIZ']","['crop', 'crop', 'crop']",3
TTRIGO,1,['TTRIGO'],['crop'],1
YARAGUA - PICUY- PASTO ELEFANTE,1,"['YARAGUA', 'PICUY', 'PASTO ELEFANTE']","['pasture', 'crop', 'pasture']",3
YARAGUA- PICUY- PASTO ELEFANTE,1,"['YARAGUA', 'PICUY', 'PASTO ELEFANTE']","['pasture', 'crop', 'pasture']",3
 PASTO MELKERON,1,['MELQUERON'],['pasture'],1
CULTIVO UVA,1,['UVA'],['crop'],1
CULTIVO VID,1,['UVA'],['crop'],1
PASLTO MELQUERON,1,['PASLTO MELQUERON'],['pasture'],1
PASTO MILQUERON,1,['PASTO MILQUERON'],['pasture'],1
PLATANO- CAFE - PASTO SUDAN,1,"['PLATANO', 'CAFE', 'PASTO SUDAN']","['crop', 'crop', 'pasture']",3
YARAGUAQ,1,['YARAGUAQ'],['pasture'],1
PÍCUY,1,['PICUY'],['crop'],1
MAIZ- TIRGO- PAPA,1,"['MAIZ', 'TIRGO', 'PAPA']","['crop', 'crop', 'crop']",3
BANANO- NARANJA,1,"['BANANO', 'NARANJA']","['crop', 'crop']",2
PASTO ELEFANTE Y CASTILLA,1,"['PASTO ELEFANTE', 'CASTILLA']","['pasture', 'crop']",2
"FRIJOL, SOYA",1,"['FRIJOL', 'SOYA']","['crop', 'crop']",2
MAQIZ,1,['MAQIZ'],['crop'],1
"SOYA, MAIZ, YUCA",1,"['SOYA', 'MAIZ', 'YUCA']","['crop', 'crop', 'crop']",3
"ARROZ, MAIZ, SOYA",1,"['ARROZ', 'MAIZ', 'SOYA']","['crop', 'crop', 'crop']",3
CAMPAÑA AGRICOLA ANTERIOR CULTIVO DE ALGODON,1,['CAMPAÑA AGRICOLA ANTERIOR CULTIVO DE ALGODON'],['crop'],1
CAMPAÑA ANTERIOR CULTIVOS DE ALGODON.,1,['CAMPAÑA ANTERIOR CULTIVOS DE ALGODON'],['crop'],1
                 BANANO ORGANICO,1,['BANANO'],['crop'],1
BANANO  ORGANICO,1,['BANANO'],['crop'],1
BANANO OPRGANICO,1,['BANANO OPRGANICO'],['crop'],1
"ALGARROBO, ZAPOTE Y FAIQUE",1,"['ALGARROBO', 'ZAPOTE', 'FAIQUE']","['crop', 'crop', 'crop']",3
MANGO  50% - LIMON 50%,1,"['MANGO', 'LIMON']","['crop', 'crop']",2
PINO 40% - EUCALIPTO 60%,1,"['PINO', 'EUCALIPTO']","['crop', 'crop']",2
"CAÑA 10&, PAJA CASTILLA 80%",1,"['CAÑA DE AZUCAR', 'PAJA CASTILLA']","['crop', 'pasture']",2
"CAÑA 50%, PAJA CASTILLA 50%",1,"['CAÑA DE AZUCAR', 'PAJA CASTILLA']","['crop', 'pasture']",2
"GRAMA CRIOLLA, CAÑA",1,"['GRAMA CRIOLLA', 'CAÑA DE AZUCAR']","['pasture', 'crop']",2
PASTOS 80% CAÑA DE AZUCAR 10%,1,"['PASTO', 'CAÑA DE AZUCAR']","['pasture', 'crop']",2
CAFE 20% CAÑA 80%,1,"['CAFE', 'CAÑA DE AZUCAR']","['crop', 'crop']",2
"CAÑA 30%, GRAMA 70%",1,"['CAÑA DE AZUCAR', 'GRAMA']","['crop', 'pasture']",2
"CAÑA 50%, CAFE 50%",1,"['CAÑA DE AZUCAR', 'CAFE']","['crop', 'crop']",2
CULTIVO DE LIMON Y PLATANO,1,"['LIMON', 'PLATANO']","['crop', 'crop']",2
"GRAMA, GRAMALOTE",1,"['GRAMA', 'GRAMALOTE']","['pasture', 'pasture']",2
"MAIZ 20%, CAMOTE 20%, CAÑA 20%",1,"['MAIZ', 'CAMOTE', 'CAÑA DE AZUCAR']","['crop', 'crop', 'crop']",3
MAIZ 60%; YUCA 40%,1,"['MAIZ', 'YUCA']","['crop', 'crop']",2
MAIZ 80%; YUCA 20%,1,"['MAIZ', 'YUCA']","['crop', 'crop']",2
"PAJA CEROSA 90%, PLATANO 10%",1,"['PAJA CEROSA', 'PLATANO']","['pasture', 'crop']",2
CAMOTE 30%,1,['CAMOTE'],['crop'],1
"CHIRIMOYA, LIMA, LUCUMA",1,"['CHIRIMOYA', 'LIMA', 'LUCUMA']","['crop', 'crop', 'crop']",3
"CAFE 35%, MAIZ 35%",1,"['CAFE', 'MAIZ']","['crop', 'crop']",2
"CAÑA ,PLATANO",1,"['CAÑA DE AZUCAR', 'PLATANO']","['crop', 'crop']",2
"CAÑA 70%, PLATANO 30%",1,"['CAÑA DE AZUCAR', 'PLATANO']","['crop', 'crop']",2
"CAÑA 80%, PLATANO 10%",1,"['CAÑA DE AZUCAR', 'PLATANO']","['crop', 'crop']",2
"GRAMA CRIOLLA 50%, PAJA CEROSA 50%",1,"['GRAMA CRIOLLA', 'PAJA CEROSA']","['pasture', 'pasture']",2
"CAÑA 30%, PAJA CASTILLA 70%",1,"['CAÑA DE AZUCAR', 'PAJA CASTILLA']","['crop', 'pasture']",2
"CAÑA 80%, PLATANO 20%",1,"['CAÑA DE AZUCAR', 'PLATANO']","['crop', 'crop']",2
"PAJA CASTILLA 50%, PAJA CEROSA 50%",1,"['PAJA CASTILLA', 'PAJA CEROSA']","['pasture', 'pasture']",2
"PASTO CASTILLA 50%, PAJA CEROSA 50%",1,"['PASTO CASTILLA', 'PAJA CEROSA']","['pasture', 'pasture']",2
CAÑA 30% MAIZ 30%,1,"['CAÑA DE AZUCAR', 'MAIZ']","['crop', 'crop']",2
GRAMA - YARAGUA,1,"['GRAMA', 'YARAGUA']","['pasture', 'pasture']",2
TRIGO 50%- MAIZ 50%,1,"['TRIGO', 'MAIZ']","['crop', 'crop']",2
"YUCA 20%, MAIZ 10%",1,"['YUCA', 'MAIZ']","['crop', 'crop']",2
ALFALFILLAY GRAMA,1,['ALFALFILLAY GRAMA'],['pasture'],1
CAFE (30)  BANANO(30),1,"['CAFE', 'BANANO']","['crop', 'crop']",2
"CAFE (50) ,BANANO (50)",1,"['CAFE', 'BANANO']","['crop', 'crop']",2
"CAFE 80%, CAÑA 20%",1,"['CAFE', 'CAÑA DE AZUCAR']","['crop', 'crop']",2
CAÑA 10% - PASTO 90%,1,"['CAÑA DE AZUCAR', 'PASTO']","['crop', 'pasture']",2
CAÑA 70%- BANANO 30%,1,"['CAÑA DE AZUCAR', 'BANANO']","['crop', 'crop']",2
CAÑA 90% - CAFE 10%,1,"['CAÑA DE AZUCAR', 'CAFE']","['crop', 'crop']",2
"PLATANO 05%, PAJA CEROSA 95%",1,"['PLATANO', 'PAJA CEROSA']","['crop', 'pasture']",2
"CAÑA(50%), BANANO(50%)",1,"['CAÑA DE AZUCAR', 'BANANO']","['crop', 'crop']",2
"GRAMA CRIOLLA 70%, CAÑA 1O%",1,"['GRAMA CRIOLLA', 'CAÑA DE AZUCAR']","['pasture', 'crop']",2
CAFE 20% - CAÑA 80%,1,"['CAFE', 'CAÑA DE AZUCAR']","['crop', 'crop']",2
"MAIZ 60%, TRIGO 40%",1,"['MAIZ', 'TRIGO']","['crop', 'crop']",2
"MAIZ,ARBEJA",1,"['MAIZ', 'ARVEJA']","['crop', 'crop']",2
"TRIGO, ARBEJA",1,"['TRIGO', 'ARVEJA']","['crop', 'crop']",2
"TRIGO 30%, MAIZ 20%",1,"['TRIGO', 'MAIZ']","['crop', 'crop']",2
"GRAMA CHINA 50%, YARAGUA 50%",1,"['GRAMA CHINA', 'YARAGUA']","['pasture', 'pasture']",2
"GRAMA, PAJA CRIOLLA",1,"['GRAMA', 'PAJA CRIOLLA']","['pasture', 'pasture']",2
GRAMALOTE -,1,['GRAMALOTE'],['pasture'],1
GRAMALOTE - PASTO CRIOLLO,1,"['GRAMALOTE', 'PASTO CRIOLLO']","['pasture', 'pasture']",2
"LMON, PLATANO",1,"['LMON', 'PLATANO']","['crop', 'crop']",2
PAJA CEROSA 50% GRAMA CRIOLLA 50%,1,"['PAJA CEROSA', 'GRAMA CRIOLLA']","['pasture', 'pasture']",2
"PAJA CHILENA, GRAMALOTE",1,"['PAJA CHILENA', 'GRAMALOTE']","['pasture', 'pasture']",2
"PAJA CRIOLLA , GRAMALOTE",1,"['PAJA CRIOLLA', 'GRAMALOTE']","['pasture', 'pasture']",2
PASTA CHILENA - GRAMALOTE,1,"['PASTA CHILENA', 'GRAMALOTE']","['crop', 'pasture']",2
"CAÑA 35%, MAIZ 35%",1,"['CAÑA DE AZUCAR', 'MAIZ']","['crop', 'crop']",2
"MAIZ 30%, OLLUCIO 30%",1,"['MAIZ', 'OLLUCIO']","['crop', 'crop']",2
"TRIGO 30%, MAIZ 70%",1,"['TRIGO', 'MAIZ']","['crop', 'crop']",2
MAIZ- CAMOTE- CAÑA,1,"['MAIZ', 'CAMOTE', 'CAÑA DE AZUCAR']","['crop', 'crop', 'crop']",3
"ALGARROBO, PALO VERDE ZAPOTE",1,"['ALGARROBO', 'PALO VERDE ZAPOTE']","['crop', 'crop']",2
"ALGARROBO, PALO VERDE, ZAPOTE",1,"['ALGARROBO', 'PALO VERDE', 'ZAPOTE']","['crop', 'crop', 'crop']",3
"CAFE 20%,  LIMON 20%",1,"['CAFE', 'LIMON']","['crop', 'crop']",2
"CAFE 20%, BANANO 20%",1,"['CAFE', 'BANANO']","['crop', 'crop']",2
"CAFE 3%,CAÑA 30, BANANO 15, CHIRIMOYA",1,"['CAFE', 'CAÑA DE AZUCAR', 'BANANO', 'CHIRIMOYA']","['crop', 'crop', 'crop', 'crop']",4
GRAMA ALFALFILLA,1,"['GRAMA', 'ALFALFILLA']","['pasture', 'pasture']",2
PAJA CEROSA- CAÑA,1,"['PAJA CEROSA', 'CAÑA DE AZUCAR']","['pasture', 'crop']",2
PASTO CRIOLO,1,['PASTO CRIOLO'],['pasture'],1
MANGO 100,1,['MANGO'],['crop'],1
PREPARACION/DESCANSO,1,"['PREPARACION', 'DESCANSO']","['land_prep', 'fallow']",2
"TAMARINDO, COCO",1,"['TAMARINDO', 'COCO']","['crop', 'crop']",2
"VESTIGIOS, FREJOLES Y MAIZ",1,"['VESTIGIOS', 'FRIJOL', 'MAIZ']","['crop', 'crop', 'crop']",3
"CAFE 30%,MERQUERON 70%",1,"['CAFE', 'MELQUERON']","['crop', 'pasture']",2
MEKERON - YARAGUA,1,"['MEKERON', 'YARAGUA']","['crop', 'pasture']",2
"PAPA 90%, ARVEJA 10%",1,"['PAPA', 'ARVEJA']","['crop', 'crop']",2
"PAPA 90%, ARVERJA 10%",1,"['PAPA', 'ARVEJA']","['crop', 'crop']",2
"PAPA 90%,ARVEJA 10%",1,"['PAPA', 'ARVEJA']","['crop', 'crop']",2
PASTO MELQERON,1,['PASTO MELQERON'],['pasture'],1
JARAGUA - MELQUERON,1,"['JARAGUA', 'MELQUERON']","['crop', 'pasture']",2
MERKERON- YARAGUA,1,"['MELQUERON', 'YARAGUA']","['pasture', 'pasture']",2
CAFE- NRANAJA - LIMON,1,"['CAFE', 'NRANAJA', 'LIMON']","['crop', 'crop', 'crop']",3
CAÑA PLATANO - CAFE,1,"['CAÑA DE AZUCAR', 'PLATANO', 'CAFE']","['crop', 'crop', 'crop']",3
CIPREX,1,['CIPREX'],['crop'],1
M+LQUERON,1,['LQUERON'],['crop'],1
PASTO JARAGUA,1,['PASTO JARAGUA'],['pasture'],1
MELQUERON- YARAGUA,1,"['MELQUERON', 'YARAGUA']","['pasture', 'pasture']",2
MERQUERON - YARAGUA,1,"['MELQUERON', 'YARAGUA']","['pasture', 'pasture']",2
MAIZ- ARVEJA - TRIGO- FREJOL -,1,"['MAIZ', 'ARVEJA', 'TRIGO', 'FRIJOL']","['crop', 'crop', 'crop', 'crop']",4
MELKERON - GRAMA CHINA,1,"['MELQUERON', 'GRAMA CHINA']","['pasture', 'pasture']",2
ARVEJA- TRIGO- MAIZ,1,"['ARVEJA', 'TRIGO', 'MAIZ']","['crop', 'crop', 'crop']",3
"CAFE 50%,CAÑA 50%",1,"['CAFE', 'CAÑA DE AZUCAR']","['crop', 'crop']",2
BANANO 50% - NARANJA 50%,1,"['BANANO', 'NARANJA']","['crop', 'crop']",2
ARROZ 50%- MAIZ 30%,1,"['ARROZ', 'MAIZ']","['crop', 'crop']",2
"CACAO 20%, LIMON 20%, PLATANO 20%, NARANJA 20%",1,"['CACAO', 'LIMON', 'PLATANO', 'NARANJA']","['crop', 'crop', 'crop', 'crop']",4
"CACAO 40%, PLATANO 20%, LIMON 20%",1,"['CACAO', 'PLATANO', 'LIMON']","['crop', 'crop', 'crop']",3
"CACAO, CIRUELO",1,"['CACAO', 'CIRUELA']","['crop', 'crop']",2
"CACAO, PLATANO, LIMOM",1,"['CACAO', 'PLATANO', 'LIMOM']","['crop', 'crop', 'crop']",3
CAMOTE - YUCA - CEBOLLA,1,"['CAMOTE', 'YUCA', 'CEBOLLA']","['crop', 'crop', 'crop']",3
"CAMOTE 10%, YUCA 10%",1,"['CAMOTE', 'YUCA']","['crop', 'crop']",2
CAMOTE- YUCA - CEBOLLA,1,"['CAMOTE', 'YUCA', 'CEBOLLA']","['crop', 'crop', 'crop']",3
"CAMOTE, YUCA",1,"['CAMOTE', 'YUCA']","['crop', 'crop']",2
"FREJOL 10%, YUCA 10%",1,"['FRIJOL', 'YUCA']","['crop', 'crop']",2
LIMA- NARANJA - CACAO,1,"['LIMA', 'NARANJA', 'CACAO']","['crop', 'crop', 'crop']",3
LIMON - MANGO - PLATANO,1,"['LIMON', 'MANGO', 'PLATANO']","['crop', 'crop', 'crop']",3
LIMON-  MANGO. PLATANO -,1,"['LIMON', 'MANGO', 'PLATANO']","['crop', 'crop', 'crop']",3
MARACUYA - MAIZ - YUCA,1,"['MARACUYA', 'MAIZ', 'YUCA']","['crop', 'crop', 'crop']",3
"NARANJA 20%, LIMON 60%, PLATANO 20%",1,"['NARANJA', 'LIMON', 'PLATANO']","['crop', 'crop', 'crop']",3
"NARANJA 20%, LIMON 60%, PLATANO 20&%",1,"['NARANJA', 'LIMON', 'PLATANO']","['crop', 'crop', 'crop']",3
"ALGARROBO, VICHAYO, ZAPOTE",1,"['ALGARROBO', 'VICHAYO', 'ZAPOTE']","['crop', 'crop', 'crop']",3
ARROZ 50% - MAIZ 30%,1,"['ARROZ', 'MAIZ']","['crop', 'crop']",2
LIMON HINDU,1,['LIMON HINDU'],['crop'],1
"LIMPIEZA, NIVELACION, GRADEO",1,"['LIMPIEZA', 'NIVELACION', 'GRADEO']","['land_prep', 'land_prep', 'land_prep']",3
"PLATANO , MANGO , NARANJA",1,"['PLATANO', 'MANGO', 'NARANJA']","['crop', 'crop', 'crop']",3
"PLATANO , NARANJA",1,"['PLATANO', 'NARANJA']","['crop', 'crop']",2
 PATO CHILENO,1,['PATO CHILENO'],['crop'],1
DESCANSO +,1,['DESCANSO'],['fallow'],1
PASTO CHILENO - CAÑA,1,"['PASTO CHILENO', 'CAÑA DE AZUCAR']","['pasture', 'crop']",2
PASTO CHILENO +,1,['PASTO CHILENO'],['pasture'],1
"MARACUYA 40%, LIMON 30%, PAPAYA 10%, CACAO 10%",1,"['MARACUYA', 'LIMON', 'PAPAYA', 'CACAO']","['crop', 'crop', 'crop', 'crop']",4
"MARACUYA 40%, LIMON 40%, CACAO 20%",1,"['MARACUYA', 'LIMON', 'CACAO']","['crop', 'crop', 'crop']",3
PLATANO - MANGO - NARANJA,1,"['PLATANO', 'MANGO', 'NARANJA']","['crop', 'crop', 'crop']",3
"ALGARROBO, ZAPOTE, PALO VERDE, OVERAL",1,"['ALGARROBO', 'ZAPOTE', 'PALO VERDE', 'OVERAL']","['crop', 'crop', 'crop', 'crop']",4
CAÑA - GRAMA CRIOLLA,1,"['CAÑA DE AZUCAR', 'GRAMA CRIOLLA']","['crop', 'pasture']",2
CAÑA- GRAMA CRIOLLA,1,"['CAÑA DE AZUCAR', 'GRAMA CRIOLLA']","['crop', 'pasture']",2
PAPA- FRIJOL,1,"['PAPA', 'FRIJOL']","['crop', 'crop']",2
+GRAMA CRIOLLA,1,['GRAMA CRIOLLA'],['pasture'],1
BANANO- GRAMA CRIOLLA,1,"['BANANO', 'GRAMA CRIOLLA']","['crop', 'pasture']",2
"FREJOL , ARVEJA",1,"['FRIJOL', 'ARVEJA']","['crop', 'crop']",2
MANZANO,1,['MANZANO'],['crop'],1
CAFE 50% .- BANANO 50%,1,"['CAFE', 'BANANO']","['crop', 'crop']",2
FREJOL 90% - PAPA 10%,1,"['FRIJOL', 'PAPA']","['crop', 'crop']",2
GRAMA CRIOLLA 50% - BANANO 50%,1,"['GRAMA CRIOLLA', 'BANANO']","['pasture', 'crop']",2
BANANO 20% - CAÑA 30%,1,"['BANANO', 'CAÑA DE AZUCAR']","['crop', 'crop']",2
PAJA CHILENA Y PAJA CRIOLLA,1,"['PAJA CHILENA', 'PAJA CRIOLLA']","['pasture', 'pasture']",2
CULTIVOS DE VID,1,['CULTIVOS DE VID'],['crop'],1
"ALBERJA, TRIGO, MAIZ",1,"['ARVEJA', 'TRIGO', 'MAIZ']","['crop', 'crop', 'crop']",3
ARVEJA 50% CEBADA 50%,1,"['ARVEJA', 'CEBADA']","['crop', 'crop']",2
PASTO ELEFANTE Ç,1,['PASTO ELEFANTE Ç'],['pasture'],1
PASTO CHILENO 80%  PLATANO 20%,1,"['PASTO CHILENO', 'PLATANO']","['pasture', 'crop']",2
PASTO ELEFANTE 20% PLATANO 80%,1,"['PASTO ELEFANTE', 'PLATANO']","['pasture', 'crop']",2
PASTO ELEFANTE 60% PLATANO 40%,1,"['PASTO ELEFANTE', 'PLATANO']","['pasture', 'crop']",2
GRAMA CASTILLO,1,['GRAMA CASTILLO'],['pasture'],1
"BANANO 10, CAÑA  10",1,"['BANANO', 'CAÑA DE AZUCAR']","['crop', 'crop']",2
CAFE 10%- BANANO 10% PASTO ELEFANTE 80%,1,"['CAFE', 'BANANO', 'PASTO ELEFANTE']","['crop', 'crop', 'pasture']",3
PATO NATURAL,1,['PATO NATURAL'],['crop'],1
"PLATANO 25, CAFE 25",1,"['PLATANO', 'CAFE']","['crop', 'crop']",2
"PLATANO 30, CAÑA",1,"['PLATANO', 'CAÑA DE AZUCAR']","['crop', 'crop']",2
"PLATANO 30, CAÑA 60",1,"['PLATANO', 'CAÑA DE AZUCAR']","['crop', 'crop']",2
"PLATANO 50, NARANJO",1,"['PLATANO', 'NARANJA']","['crop', 'crop']",2
"PLATANO, CAFE, PALTA",1,"['PLATANO', 'CAFE', 'PALTA']","['crop', 'crop', 'crop']",3
TUÑALI,1,['TUÑALI'],['crop'],1
BANANO 20% - CAÑA 20% - CAFE 60%,1,"['BANANO', 'CAÑA DE AZUCAR', 'CAFE']","['crop', 'crop', 'crop']",3
"CAFE 30, PLATANO",1,"['CAFE', 'PLATANO']","['crop', 'crop']",2
"HIGUERON, PASTO",1,"['HIGUERON', 'PASTO']","['crop', 'pasture']",2
PASTO ELEFANTE 50% - PLATANO 50%,1,"['PASTO ELEFANTE', 'PLATANO']","['pasture', 'crop']",2
PASTO GRANDE,1,['PASTO GRANDE'],['pasture'],1
"PSATO CASTILLA, GRAMA CRIOLLA",1,"['PSATO CASTILLA', 'GRAMA CRIOLLA']","['crop', 'pasture']",2
TERRENIO EN PREPARACION,1,['TERRENIO EN PREPARACION'],['land_prep'],1
TERRENOEN PREPARACION,1,['TERRENOEN PREPARACION'],['land_prep'],1
"CAÑA . GUAYAQUIL, PLATANO, CAFE",1,"['GUAYAQUIL', 'PLATANO', 'CAFE']","['crop', 'crop', 'crop']",3
POASTO CASTILLA,1,['POASTO CASTILLA'],['crop'],1
"CAÑA 40, PASTO 20",1,"['CAÑA DE AZUCAR', 'PASTO']","['crop', 'pasture']",2
"PAJA CASTILLA 60, PLATANO 40",1,"['PAJA CASTILLA', 'PLATANO']","['pasture', 'crop']",2
"PLATANO 50, PAJA CASTILLA 50",1,"['PLATANO', 'PAJA CASTILLA']","['crop', 'pasture']",2
"PLATANO 70, PAJA CASTILA 30",1,"['PLATANO', 'PAJA CASTILA']","['crop', 'pasture']",2
PASTO ELEFANTE 50% GRAMA CHINA 50%,1,"['PASTO ELEFANTE', 'GRAMA CHINA']","['pasture', 'pasture']",2
"PASTO ELFANTE, MAIZ",1,"['PASTO ELEFANTE', 'MAIZ']","['pasture', 'crop']",2
"BANANO (50%), CAFE (50%)",1,"['BANANO', 'CAFE']","['crop', 'crop']",2
"BANANO 50%,CAFE 50%",1,"['BANANO', 'CAFE']","['crop', 'crop']",2
"CAÑA 50%, PLATANO 50%",1,"['CAÑA DE AZUCAR', 'PLATANO']","['crop', 'crop']",2
"PLATANO 30, CAÑA 40%",1,"['PLATANO', 'CAÑA DE AZUCAR']","['crop', 'crop']",2
PSATO CHILENO,1,['PSATO CHILENO'],['crop'],1
"CAFE 30%, PLATANO30%",1,"['CAFE', 'PLATANO']","['crop', 'crop']",2
"PAJA CHILENA  70%,    CAÑA DE AZUCAR 30 %",1,"['PAJA CHILENA', 'CAÑA DE AZUCAR']","['pasture', 'crop']",2
PAJA CHILENA 100 %,1,['PAJA CHILENA'],['pasture'],1
"CAFE 50%, BANANO 50 %",1,"['CAFE', 'BANANO']","['crop', 'crop']",2
"PALO BLANCO 45%, PUCHUGUERO 45%",1,"['PALO BLANCO', 'PUCHUGUERO']","['crop', 'crop']",2
"PLATANO 20%, CAFE 20 %, CAÑA 20%, PAJA CHILENA 40%",1,"['PLATANO', 'CAFE', 'CAÑA DE AZUCAR', 'PAJA CHILENA']","['crop', 'crop', 'crop', 'pasture']",4
"PLATANO 25%, CAFE 25%, CAÑA 20%, PAJA CHILENA  30%",1,"['PLATANO', 'CAFE', 'CAÑA DE AZUCAR', 'PAJA CHILENA']","['crop', 'crop', 'crop', 'pasture']",4
"PLATANO 35, CAE 35 %, CAÑA 25 % GRANADILLA 5 %",1,"['PLATANO', 'CAE', 'CAÑA DE AZUCAR', 'GRANADILLA']","['crop', 'crop', 'crop', 'crop']",4
CEDRO  10 %     EUCALIPTO 20%       ROBLE 20%,1,"['CEDRO', 'EUCALIPTO', 'ROBLE']","['crop', 'crop', 'crop']",3
GUABOS,1,['GUABO'],['crop'],1
"PLATANO 20, CAFE 20 %, PAJA CHILENA 50 %",1,"['PLATANO', 'CAFE', 'PAJA CHILENA']","['crop', 'crop', 'pasture']",3
"PUCHUGERO 5%, HUABOS 5%",1,"['PUCHUGERO', 'GUABO']","['crop', 'crop']",2
"PUCHUGUERO 10%, HUABAS 5%, LUCUMA 5%",1,"['PUCHUGUERO', 'GUABO', 'LUCUMA']","['crop', 'crop', 'crop']",3
ARRAYAN PUCHUGUERA,1,['ARRAYAN PUCHUGUERA'],['crop'],1
BANANO 30%. GRAMA 70%,1,"['BANANO', 'GRAMA']","['crop', 'pasture']",2
"BANANO 50%, CAFE 30%",1,"['BANANO', 'CAFE']","['crop', 'crop']",2
"BANANO 50%, GRAMA 50%",1,"['BANANO', 'GRAMA']","['crop', 'pasture']",2
PÑASTO ELEFANTE,1,['PÑASTO ELEFANTE'],['pasture'],1
"BANANO 30%., CAÑA DE AZUCAR 70%",1,"['BANANO', 'CAÑA DE AZUCAR']","['crop', 'crop']",2
"BANANO 80%, CAFE 20%",1,"['BANANO', 'CAFE']","['crop', 'crop']",2
"BANANO 70%, PALTO 30%",1,"['BANANO', 'PALTA']","['crop', 'crop']",2
PLANTACIONES DE ALGARROBO,1,['PLANTACIONES DE ALGARROBO'],['crop'],1
PSTO CHILENO,1,['PSTO CHILENO'],['crop'],1
"CULTIVO MAIZ, PASTO ELEFANTE",1,"['MAIZ', 'PASTO ELEFANTE']","['crop', 'pasture']",2
"CULTIVO MAIZ, PASTO ELFANTE",1,"['MAIZ', 'PASTO ELEFANTE']","['crop', 'pasture']",2
CULTIVO DE CAMOTE,1,['CAMOTE'],['crop'],1
PLANTACION DE ALGARROBO,1,['PLANTACION DE ALGARROBO'],['crop'],1
"CAFE 7%, GRAMA CASTILLA 30%",1,"['CAFE', 'GRAMA CASTILLA']","['crop', 'pasture']",2
"BANANO 10 %, GRAMA 80 %",1,"['BANANO', 'GRAMA']","['crop', 'pasture']",2
"BANANO 20%, GRAMA CRIOLLA 80%",1,"['BANANO', 'GRAMA CRIOLLA']","['crop', 'pasture']",2
"BANANO 30%, SUDAN 30%, PAJA CHILENA 40%",1,"['BANANO', 'SUDAN', 'PAJA CHILENA']","['crop', 'crop', 'pasture']",3
"BANANO 40%, SUDAN 40%",1,"['BANANO', 'SUDAN']","['crop', 'crop']",2
"BANANO 45%, SUDAN 35%",1,"['BANANO', 'SUDAN']","['crop', 'crop']",2
"BANANO 70%, CAFE 30%",1,"['BANANO', 'CAFE']","['crop', 'crop']",2
"BANANO 80 %, CAFE 20%",1,"['BANANO', 'CAFE']","['crop', 'crop']",2
"CAFE 40%, PLATANO 30%",1,"['CAFE', 'PLATANO']","['crop', 'crop']",2
PACA SILVESTRE,1,['PACA SILVESTRE'],['crop'],1
"PAJA CHILENA 40%, PLATANO 35%",1,"['PAJA CHILENA', 'PLATANO']","['pasture', 'crop']",2
"PAJA CHILENA 60%, SUDAN 10%",1,"['PAJA CHILENA', 'SUDAN']","['pasture', 'crop']",2
"PLATANO 40%, PAJA CHILENA 30%",1,"['PLATANO', 'PAJA CHILENA']","['crop', 'pasture']",2
"PLATANO 40%, PAJA CHILENA 40%",1,"['PLATANO', 'PAJA CHILENA']","['crop', 'pasture']",2
"BANANO 40%, CAFE 60%",1,"['BANANO', 'CAFE']","['crop', 'crop']",2
"CAFE 30%, GRAMA CHILENA 70%",1,"['CAFE', 'GRAMA CHILENA']","['crop', 'pasture']",2
"MAIZ 50%, MANI 10%",1,"['MAIZ', 'MANI']","['crop', 'crop']",2
"MAIZ 50%, MANI 30%",1,"['MAIZ', 'MANI']","['crop', 'crop']",2
"MAIZ 50%,MANI 30%",1,"['MAIZ', 'MANI']","['crop', 'crop']",2
PAJA CHILENA 20%,1,['PAJA CHILENA'],['pasture'],1
"FAIQUE 40%, PAJA CHILENA 40%",1,"['FAIQUE', 'PAJA CHILENA']","['crop', 'pasture']",2
"GRAMA CHILENA 30%, FAIQUE 20%",1,"['GRAMA CHILENA', 'FAIQUE']","['pasture', 'crop']",2
"MAIZ 25%, MANI 25%",1,"['MAIZ', 'MANI']","['crop', 'crop']",2
"PASTO ELEFANTE 40%, GRAMA CRIOLLA 60%",1,"['PASTO ELEFANTE', 'GRAMA CRIOLLA']","['pasture', 'pasture']",2
"PASTO ELEFANTE 90%, CAÑA DE AZUCAR 10%",1,"['PASTO ELEFANTE', 'CAÑA DE AZUCAR']","['pasture', 'crop']",2
"CAÑA DE AZUCAR 30%, PASTO 40%",1,"['CAÑA DE AZUCAR', 'PASTO']","['crop', 'pasture']",2
GUAYURO,1,['GUAYURO'],['crop'],1
"PAJA 30%, GRAMA 30%",1,"['PAJA', 'GRAMA']","['pasture', 'pasture']",2
"PASTO CASTILLA, ELEFANTE",1,"['PASTO CASTILLA', 'PASTO ELEFANTE']","['pasture', 'pasture']",2
"YUCA 20%, MAIZ 20%",1,"['YUCA', 'MAIZ']","['crop', 'crop']",2
"GRAMA CRIOLLA 80%, PASTO ELEFANTE 20%",1,"['GRAMA CRIOLLA', 'PASTO ELEFANTE']","['pasture', 'pasture']",2
"GRAMA CRIOLLA 80%, CAÑA DE AZUCAR 20%",1,"['GRAMA CRIOLLA', 'CAÑA DE AZUCAR']","['pasture', 'crop']",2
"MAIZ 70% , MANI 10%",1,"['MAIZ', 'MANI']","['crop', 'crop']",2
"MANI 60%, MAIZ 20%",1,"['MANI', 'MAIZ']","['crop', 'crop']",2
"PASTO ELEFANTE 20%, PLATANO 20%, CAFE 20%",1,"['PASTO ELEFANTE', 'PLATANO', 'CAFE']","['pasture', 'crop', 'crop']",3
"ALGARROBO, FAIQUE Y OTROS",1,"['ALGARROBO', 'FAIQUE', 'SIN ESPECIFICAR']","['crop', 'crop', 'unspecified']",3
AREA DESTINADA A PASTOS NATURALES Y ACTIVIDADES,1,"['AREA DESTINADA A PASTOS NATURALES', 'ACTIVIDADES']","['pasture', 'crop']",2
ALGARROBO Y FAIQUE,1,"['ALGARROBO', 'FAIQUE']","['crop', 'crop']",2
AJI Y PIMIENTO,1,"['AJI', 'PIMIENTO']","['crop', 'crop']",2
"ALGARROBO , ZAPATA, VICHAYO",1,"['ALGARROBO', 'ZAPATA', 'VICHAYO']","['crop', 'crop', 'crop']",3
"ALGARROBO, , ZAPOTE Y VICHAYO",1,"['ALGARROBO', 'ZAPOTE', 'VICHAYO']","['crop', 'crop', 'crop']",3
PIMIENTO MARRON,1,['PIMIENTO MARRON'],['crop'],1
VID  VARIEDAD CRIMSON,1,['VID VARIEDAD CRIMSON'],['crop'],1
VID (VARIEDAD CRIMSON),1,['UVA'],['crop'],1
VID (VAR. CRIMSON),1,['UVA'],['crop'],1
PLANTACION DE TAMARINDO Y COCO,1,"['PLANTACION DE TAMARINDO', 'COCO']","['crop', 'crop']",2
PLATANO 15 % - PASTO ELEFANTE 85%,1,"['PLATANO', 'PASTO ELEFANTE']","['crop', 'pasture']",2
"BANANO 80, CAFE 10, GRANADILLA 10",1,"['BANANO', 'CAFE', 'GRANADILLA']","['crop', 'crop', 'crop']",3
PLATANO 70% - CAFE  30%,1,"['PLATANO', 'CAFE']","['crop', 'crop']",2
PLATANO- CAFE- PASTO ELEFANTE,1,"['PLATANO', 'CAFE', 'PASTO ELEFANTE']","['crop', 'crop', 'pasture']",3
"BANANO 70, GUAYAQUIL 30",1,"['BANANO', 'GUAYAQUIL']","['crop', 'crop']",2
CAFE 20% - PLATANO 20% - PAJA CHILENA 60%,1,"['CAFE', 'PLATANO', 'PAJA CHILENA']","['crop', 'crop', 'pasture']",3
PASTO ELEFANTE  - PLATANO - CAFE,1,"['PASTO ELEFANTE', 'PLATANO', 'CAFE']","['pasture', 'crop', 'crop']",3
"PASTO ELEFANTE 70, CAFE 10, BANANO 10, GUAYAQUIL 10",1,"['PASTO ELEFANTE', 'CAFE', 'BANANO', 'GUAYAQUIL']","['pasture', 'crop', 'crop', 'crop']",4
"BANANO 60, CAFE 40",1,"['BANANO', 'CAFE']","['crop', 'crop']",2
PASTO GIGANTE 60% - PLATANO 20% - CAÑA 20%,1,"['PASTO GIGANTE', 'PLATANO', 'CAÑA DE AZUCAR']","['pasture', 'crop', 'crop']",3
}PASTO ELEFANTE,1,['}PASTO ELEFANTE'],['pasture'],1
"BANANO 60,  CAFE 40",1,"['BANANO', 'CAFE']","['crop', 'crop']",2
"BANANO 70, CAFE 20, NARANJA 10",1,"['BANANO', 'CAFE', 'NARANJA']","['crop', 'crop', 'crop']",3
"BANANO 80, CAFE 20",1,"['BANANO', 'CAFE']","['crop', 'crop']",2
PLATANO _ CAFE,1,['PLATANO _ CAFE'],['crop'],1
CEDRO CRIOLLO,1,['CEDRO CRIOLLO'],['crop'],1
TRIGO- ARVEJA-MAIZ,1,"['TRIGO', 'ARVEJA', 'MAIZ']","['crop', 'crop', 'crop']",3
EUCALIPTO - NOGAL,1,"['EUCALIPTO', 'NOGAL']","['crop', 'crop']",2
MAIZ 30 - FRIJOL 70,1,"['MAIZ', 'FRIJOL']","['crop', 'crop']",2
MAIZ 40 FRIJOL 60,1,"['MAIZ', 'FRIJOL']","['crop', 'crop']",2
"MAIZ 70, FRIJOL 30",1,"['MAIZ', 'FRIJOL']","['crop', 'crop']",2
PAJA CHILENA - PASTO ELEFANTE,1,"['PAJA CHILENA', 'PASTO ELEFANTE']","['pasture', 'pasture']",2
PLATANO 10% - PASTO GIGANTE 80%,1,"['PLATANO', 'PASTO GIGANTE']","['crop', 'pasture']",2
CIPRES . EUCALIPTO  NOGAL,1,"['CIPRES', 'EUCALIPTO', 'NOGAL']","['crop', 'crop', 'crop']",3
CIPRES EUCALIPTO NOGAL,1,"['CIPRES', 'EUCALIPTO', 'NOGAL']","['crop', 'crop', 'crop']",3
PASTO ELEFANTE 20% - PAJA CHILENA 80%,1,"['PASTO ELEFANTE', 'PAJA CHILENA']","['pasture', 'pasture']",2
}ARVEJA,1,['}ARVEJA'],['crop'],1
ALCANFOR - PINO,1,"['ALCANFOR', 'PINO']","['crop', 'crop']",2
"TRIGO 15%, ALBERJA 15%, OCA 15%, MAIZ 15%, FREJOL 15%, ZANAHORIA 10%",1,"['TRIGO', 'ARVEJA', 'OCA', 'MAIZ', 'FRIJOL', 'ZANAHORIA']","['crop', 'crop', 'crop', 'crop', 'crop', 'crop']",6
"TRIGO 15%, ALBERJA 15%, OCA 20%, FREJOL 20%, ZANAHORIA 05%, MAIZ 05%",1,"['TRIGO', 'ARVEJA', 'OCA', 'FRIJOL', 'ZANAHORIA', 'MAIZ']","['crop', 'crop', 'crop', 'crop', 'crop', 'crop']",6
"TRIGO 20%, ALBERJA 20%, OCA 10%, MAIZ 10%",1,"['TRIGO', 'ARVEJA', 'OCA', 'MAIZ']","['crop', 'crop', 'crop', 'crop']",4
"TRIGO 30%, ALBERJA 10%, OCA 10%, MAIZ 10%",1,"['TRIGO', 'ARVEJA', 'OCA', 'MAIZ']","['crop', 'crop', 'crop', 'crop']",4
TRIGPO- ARVEJA - OCA - MAIZ,1,"['TRIGPO', 'ARVEJA', 'OCA', 'MAIZ']","['crop', 'crop', 'crop', 'crop']",4
GRAMA CRIOLLA Ç,1,['GRAMA CRIOLLA Ç'],['pasture'],1
"MAIZ 10%, AJO 10%, HABAS 20%",1,"['MAIZ', 'AJO', 'HABA']","['crop', 'crop', 'crop']",3
"MAIZ 10%, OCA 10%, TRIGO 20%",1,"['MAIZ', 'OCA', 'TRIGO']","['crop', 'crop', 'crop']",3
"MAIZ 50%, ALBERJA 50%",1,"['MAIZ', 'ARVEJA']","['crop', 'crop']",2
CASERIO EL NARANJO,1,['CASERIO EL NARANJO'],['crop'],1
"CIPRES 10%, GUAYAQUIL 10%",1,"['CIPRES', 'GUAYAQUIL']","['crop', 'crop']",2
"FREJOL 30%, MAIZ 10%",1,"['FRIJOL', 'MAIZ']","['crop', 'crop']",2
GRAVILLEA,1,['GRAVILLEA'],['crop'],1
"LIMON 10%, GRAMA CHINA 40%",1,"['LIMON', 'GRAMA CHINA']","['crop', 'pasture']",2
"MAIZ 15%, PAPA 15%, FREJOL 15%, ALVERJA 15%",1,"['MAIZ', 'PAPA', 'FRIJOL', 'ARVEJA']","['crop', 'crop', 'crop', 'crop']",4
"MAIZ 40%, ZANAHORIA 40%",1,"['MAIZ', 'ZANAHORIA']","['crop', 'crop']",2
P CHILENA - PASTO GIGANTE 30,1,"['P CHILENA', 'PASTO GIGANTE']","['crop', 'pasture']",2
P. GIGANTE - PINO,1,"['P GIGANTE', 'PINO']","['crop', 'crop']",2
"PAPA 10%, MAIZ 10%, FREJOL 10%, ALVERJA 20%",1,"['PAPA', 'MAIZ', 'FRIJOL', 'ARVEJA']","['crop', 'crop', 'crop', 'crop']",4
PASTO GIGANTE - PIN,1,"['PASTO GIGANTE', 'PIN']","['pasture', 'crop']",2
PINO 5% - EUCALIPTO 5%,1,"['PINO', 'EUCALIPTO']","['crop', 'crop']",2
"PLATANO 30%, CAÑA 30%",1,"['PLATANO', 'CAÑA DE AZUCAR']","['crop', 'crop']",2
ARVEJA 30% - MAIZ 70%,1,"['ARVEJA', 'MAIZ']","['crop', 'crop']",2
"FRIJOL 50, ZANAHORIA 50",1,"['FRIJOL', 'ZANAHORIA']","['crop', 'crop']",2
"MAIZ 20%, ALBERJA 10%",1,"['MAIZ', 'ARVEJA']","['crop', 'crop']",2
"MAIZ 20%, TRIGO 20%, ALBERJA 20%",1,"['MAIZ', 'TRIGO', 'ARVEJA']","['crop', 'crop', 'crop']",3
"MAIZ 20%, TRIGO 20%, ALBERJA 20&",1,"['MAIZ', 'TRIGO', 'ARVEJA']","['crop', 'crop', 'crop']",3
MAIZ 30% - FREJOL 70%,1,"['MAIZ', 'FRIJOL']","['crop', 'crop']",2
"MIAZ 20%, TRIGO 20%, ALBERJA 20%",1,"['MIAZ', 'TRIGO', 'ARVEJA']","['crop', 'crop', 'crop']",3
PLATANO 25% - PASTO ELEFANTE 75%,1,"['PLATANO', 'PASTO ELEFANTE']","['crop', 'pasture']",2
"TRIGO 20%, ALBERJA 20%, MAIZ 20%",1,"['TRIGO', 'ARVEJA', 'MAIZ']","['crop', 'crop', 'crop']",3
"TRIGO 20%, MAIZ 20%, ALBERJA 20%",1,"['TRIGO', 'MAIZ', 'ARVEJA']","['crop', 'crop', 'crop']",3
"TRIGO 40%, MAIZ 30%",1,"['TRIGO', 'MAIZ']","['crop', 'crop']",2
"ALBERJA 60, PAPA 40",1,"['ARVEJA', 'PAPA']","['crop', 'crop']",2
"CAFE 10%, AJO 40%",1,"['CAFE', 'AJO']","['crop', 'crop']",2
"EUCALIPTP, ALISO",1,"['EUCALIPTP', 'ALISO']","['crop', 'crop']",2
EUCALPTO,1,['EUCALPTO'],['crop'],1
GRAVILEA,1,['GRAVILEA'],['crop'],1
"MAIZ 40, AJO 60",1,"['MAIZ', 'AJO']","['crop', 'crop']",2
PALTON 40-  PUCHUGUERO,1,"['PALTON', 'PUCHUGUERO']","['crop', 'crop']",2
"PINO 40%, CIIPRES 30%",1,"['PINO', 'CIIPRES']","['crop', 'crop']",2
"PLATANO 25%, CAFE 25%, LUCUMO 25%",1,"['PLATANO', 'CAFE', 'LUCUMO']","['crop', 'crop', 'crop']",3
"ARVERJA 30%, FREJOL 30%",1,"['ARVEJA', 'FRIJOL']","['crop', 'crop']",2
"EUCALIPTO 10%, PINO 10%",1,"['EUCALIPTO', 'PINO']","['crop', 'crop']",2
MAIZ TRIGP,1,['MAIZ TRIGP'],['crop'],1
"TRIGO 50%, FREJOL 50%",1,"['TRIGO', 'FRIJOL']","['crop', 'crop']",2
CEREZO,1,['CEREZO'],['crop'],1
CAÑA DE AZUCAR PARA ETANOL,1,['CAÑA DE AZUCAR PARA ETANOL'],['crop'],1
"CACAO, PAJA DE CORTE",1,"['CACAO', 'PAJA DE CORTE']","['crop', 'pasture']",2
"YUCA, Y  FRIJOLES",1,"['YUCA', 'FRIJOL']","['crop', 'crop']",2
"CAMOTE, ARVEJA, MAIZ",1,"['CAMOTE', 'ARVEJA', 'MAIZ']","['crop', 'crop', 'crop']",3
"ALCANFOR , CIPRES",1,"['ALCANFOR', 'CIPRES']","['crop', 'crop']",2
BANANO + CAFE+ GUAYAQUIL,1,"['BANANO', 'CAFE', 'GUAYAQUIL']","['crop', 'crop', 'crop']",3
"CAÑA, BANANA",1,"['CAÑA DE AZUCAR', 'BANANA']","['crop', 'crop']",2
"PALTO, CAÑA",1,"['PALTA', 'CAÑA DE AZUCAR']","['crop', 'crop']",2
BANANO + CAFE,1,"['BANANO', 'CAFE']","['crop', 'crop']",2
CAÑA DE AZUCAR+BANANO,1,"['CAÑA DE AZUCAR', 'BANANO']","['crop', 'crop']",2
"FRIJOLES, PAPA",1,"['FRIJOL', 'PAPA']","['crop', 'crop']",2
"MIAZ, FRJOL",1,"['MIAZ', 'FRIJOL']","['crop', 'crop']",2
"PALO BLANCO,CEDRO,PINO,PASTO NUDILLO",1,"['PALO BLANCO', 'CEDRO', 'PINO', 'PASTO', 'NUDILLO']","['crop', 'crop', 'crop', 'pasture', 'pasture']",5
"PINO,CEDRO,PALO BLANCO,GRAMA CHILENA",1,"['PINO', 'CEDRO', 'PALO BLANCO', 'GRAMA CHILENA']","['crop', 'crop', 'crop', 'pasture']",4
"ARVEJAS, PAPA",1,"['ARVEJA', 'PAPA']","['crop', 'crop']",2
"CIPRES , ALCANFORES",1,"['CIPRES', 'ALCANFOR']","['crop', 'crop']",2
"PAPA, ARVEJAS",1,"['PAPA', 'ARVEJA']","['crop', 'crop']",2
"PASTO ELEFANTE , GRAMA",1,"['PASTO ELEFANTE', 'GRAMA']","['pasture', 'pasture']",2
"PLATANO , YUCA, CAMOTE",1,"['PLATANO', 'YUCA', 'CAMOTE']","['crop', 'crop', 'crop']",3
"MAIZ,PLATANO",1,"['MAIZ', 'PLATANO']","['crop', 'crop']",2
"PASTO DE ELEFANTE, MAIZ",1,"['PASTO ELEFANTE', 'MAIZ']","['pasture', 'crop']",2
"BANANA, CAFE",1,"['BANANA', 'CAFE']","['crop', 'crop']",2
"CIPRES, EUCALIPTO",1,"['CIPRES', 'EUCALIPTO']","['crop', 'crop']",2
PASTO ELEFANTE Y GRAMA CHINA,1,"['PASTO ELEFANTE', 'GRAMA CHINA']","['pasture', 'pasture']",2
"CIPRES , YUMBE , EUCALIPTO",1,"['CIPRES', 'YUMBE', 'EUCALIPTO']","['crop', 'crop', 'crop']",3
"ARVEJA, ZANAHORIA",1,"['ARVEJA', 'ZANAHORIA']","['crop', 'crop']",2
"GRAMALOTE 50%, PAJA CHIILENA 50%",1,"['GRAMALOTE', 'PAJA CHIILENA']","['pasture', 'pasture']",2
"PASTO ELEFANTE 50%, GRAMALOTE50%",1,"['PASTO ELEFANTE', 'GRAMALOTE']","['pasture', 'pasture']",2
"PASTO ELEFANTE,PASTO CASTILLA",1,"['PASTO ELEFANTE', 'PASTO CASTILLA']","['pasture', 'pasture']",2
"PLATANO, EUCALIPTO",1,"['PLATANO', 'EUCALIPTO']","['crop', 'crop']",2
     GRAMA CRIOLLA,1,['GRAMA CRIOLLA'],['pasture'],1
"     GRAMALOTE, PAJA CHILENA",1,"['GRAMALOTE', 'PAJA CHILENA']","['pasture', 'pasture']",2
"GRAMA CRIOLLA , PAJA CHILENA",1,"['GRAMA CRIOLLA', 'PAJA CHILENA']","['pasture', 'pasture']",2
GRAMA CRIOLLA/PAJA CHILENA,1,"['GRAMA CRIOLLA', 'PAJA CHILENA']","['pasture', 'pasture']",2
"GRAMALOTE, PASTO ELEFANTE",1,"['GRAMALOTE', 'PASTO ELEFANTE']","['pasture', 'pasture']",2
"GUAYAQUIL,PASTO CHILENO",1,"['GUAYAQUIL', 'PASTO CHILENO']","['crop', 'pasture']",2
"PASTO CHILENO,ELEFANTE",1,"['PASTO CHILENO', 'PASTO ELEFANTE']","['pasture', 'pasture']",2
PASTO SACATE,1,['PASTO SACATE'],['pasture'],1
"BANANO,NARANJO",1,"['BANANO', 'NARANJA']","['crop', 'crop']",2
"BANANO 50%, Y CAFE 50%",1,"['BANANO', 'CAFE']","['crop', 'crop']",2
"BANANO,CAFE,PASTO CASTILLA",1,"['BANANO', 'CAFE', 'PASTO CASTILLA']","['crop', 'crop', 'pasture']",3
"GRAMALOTE, PASTO GIGANTE",1,"['GRAMALOTE', 'PASTO GIGANTE']","['pasture', 'pasture']",2
"PAJA CASTILLA, PAJA GIGANTE",1,"['PAJA CASTILLA', 'PAJA GIGANTE']","['pasture', 'pasture']",2
"PASTO CRIOLLO, PASTO GIGANTE",1,"['PASTO CRIOLLO', 'PASTO GIGANTE']","['pasture', 'pasture']",2
PASTO EFELEFANTE,1,['PASTO EFELEFANTE'],['pasture'],1
PAJA CATILLA,1,['PAJA CATILLA'],['pasture'],1
"SORGO,PAJA CHILENA",1,"['SORGO', 'PAJA CHILENA']","['crop', 'pasture']",2
CAÑA Y BANANO,1,"['CAÑA DE AZUCAR', 'BANANO']","['crop', 'crop']",2
"PASTO ELEFANTE, PLATANO, CAÑA",1,"['PASTO ELEFANTE', 'PLATANO', 'CAÑA DE AZUCAR']","['pasture', 'crop', 'crop']",3
"GRAMA CHILENA,PASTO ELEFANTE",1,"['GRAMA CHILENA', 'PASTO ELEFANTE']","['pasture', 'pasture']",2
"BANANO,CAFE,GRAMA CHILENA ,GUAYAQUIL.",1,"['BANANO', 'CAFE', 'GRAMA CHILENA', 'GUAYAQUIL']","['crop', 'crop', 'pasture', 'crop']",4
"BANANO,CAFE,MAIZ,PIÑAN",1,"['BANANO', 'CAFE', 'MAIZ', 'PIÑAN']","['crop', 'crop', 'crop', 'crop']",4
"GRAMA CHILENA,CAÑA,BANANO",1,"['GRAMA CHILENA', 'CAÑA DE AZUCAR', 'BANANO']","['pasture', 'crop', 'crop']",3
"GRAMA CHILENA,YUCA",1,"['GRAMA CHILENA', 'YUCA']","['pasture', 'crop']",2
"MAIZ,FREJOL,ARVEJA",1,"['MAIZ', 'FRIJOL', 'ARVEJA']","['crop', 'crop', 'crop']",3
PAJA CHILENA /PAJA GIGANTE,1,"['PAJA CHILENA', 'PAJA GIGANTE']","['pasture', 'pasture']",2
"PASTO CHILENO,YUCA",1,"['PASTO CHILENO', 'YUCA']","['pasture', 'crop']",2
"PASTO ELEFANTE, RIOLLA",1,"['PASTO ELEFANTE', 'RIOLLA']","['pasture', 'crop']",2
"PASTO ELEFANTE,MAIZ,YUCA.",1,"['PASTO ELEFANTE', 'MAIZ', 'YUCA']","['pasture', 'crop', 'crop']",3
"PASTO ELFENTE, PLATANO.",1,"['PASTO ELFENTE', 'PLATANO']","['pasture', 'crop']",2
"YUCA,ZANAHORIA",1,"['YUCA', 'ZANAHORIA']","['crop', 'crop']",2
"      PASTO ELEFANTE 50%, PAJA CHILENA 50%",1,"['PASTO ELEFANTE', 'PAJA CHILENA']","['pasture', 'pasture']",2
"PALTO,CAFE,MAIZ,EUCALIPTO",1,"['PALTA', 'CAFE', 'MAIZ', 'EUCALIPTO']","['crop', 'crop', 'crop', 'crop']",4
FREJOLES,1,['FRIJOL'],['crop'],1
GRAMA CHIENA,1,['GRAMA CHIENA'],['pasture'],1
"GRAMA CHILENA,BANANO",1,"['GRAMA CHILENA', 'BANANO']","['pasture', 'crop']",2
NN,1,['NN'],['crop'],1
PAST CHILENO,1,['PAST CHILENO'],['crop'],1
"NUDILLO(50%),GRAMA(50%)",1,"['NUDILLO', 'GRAMA']","['pasture', 'pasture']",2
"BRACARIA 50%, P SUDAN 50%",1,"['BRACARIA', 'P SUDAN']","['crop', 'crop']",2
"PASTO NUDILLO,PALTON,PUCHUGUERO",1,"['PASTO', 'NUDILLO', 'PALTON', 'PUCHUGUERO']","['pasture', 'pasture', 'crop', 'crop']",4
"FAIQUE,CIPRECES",1,"['FAIQUE', 'CIPRECES']","['crop', 'crop']",2
"MAIZ, OCAS",1,"['MAIZ', 'OCA']","['crop', 'crop']",2
"OCA, ZANAHORIA",1,"['OCA', 'ZANAHORIA']","['crop', 'crop']",2
PASTO CHILENO Y CAÑA,1,"['PASTO CHILENO', 'CAÑA DE AZUCAR']","['pasture', 'crop']",2
"PASTO CHILENO, Y CAÑA",1,"['PASTO CHILENO', 'CAÑA DE AZUCAR']","['pasture', 'crop']",2
"PASTO ELEFANTE,PLATANO",1,"['PASTO ELEFANTE', 'PLATANO']","['pasture', 'crop']",2
"EUCALIPTO , GALILEA",1,"['EUCALIPTO', 'GALILEA']","['crop', 'crop']",2
"PLATANO,NARANJA",1,"['PLATANO', 'NARANJA']","['crop', 'crop']",2
"PASTO ELEFANTE,GRAMA,",1,"['PASTO ELEFANTE', 'GRAMA']","['pasture', 'pasture']",2
"TRIGO,ARVEJA",1,"['TRIGO', 'ARVEJA']","['crop', 'crop']",2
"PLATANO,PASTO GIGANTE",1,"['PLATANO', 'PASTO GIGANTE']","['crop', 'pasture']",2
"PASTO EFEFANTE,GRAMA CHILENA",1,"['PASTO EFEFANTE', 'GRAMA CHILENA']","['pasture', 'pasture']",2
"CAFE,PLATANO,GRAMA CHILENA",1,"['CAFE', 'PLATANO', 'GRAMA CHILENA']","['crop', 'crop', 'pasture']",3
PASTO ELEFANTE GRAMA CHILENA,1,['PASTO ELEFANTE GRAMA CHILENA'],['pasture'],1
PASTO ELEFNTE,1,['PASTO ELEFNTE'],['pasture'],1
"ARVEJAS,TRIGO , MAIZ",1,"['ARVEJA', 'TRIGO', 'MAIZ']","['crop', 'crop', 'crop']",3
"TRIGO , ARVEJA , FREJOL",1,"['TRIGO', 'ARVEJA', 'FRIJOL']","['crop', 'crop', 'crop']",3
"YUCA ,MAIZ",1,"['YUCA', 'MAIZ']","['crop', 'crop']",2
"MAIZ , TRIGO",1,"['MAIZ', 'TRIGO']","['crop', 'crop']",2
"TRIGO, ARVEJAS",1,"['TRIGO', 'ARVEJA']","['crop', 'crop']",2
"BANANI, CAFE",1,"['BANANI', 'CAFE']","['crop', 'crop']",2
"CAFE1CAFE, PLATANO",1,"['CAFE', 'PLATANO']","['crop', 'crop']",2
"PALTANO,CAFE",1,"['PALTANO', 'CAFE']","['crop', 'crop']",2
"PASTO CASTILLA, PASTO CHILENO",1,"['PASTO CASTILLA', 'PASTO CHILENO']","['pasture', 'pasture']",2
"ARVEJAS , HABAS",1,"['ARVEJA', 'HABA']","['crop', 'crop']",2
" BANANO, CAFE",1,"['BANANO', 'CAFE']","['crop', 'crop']",2
BANANO CAFE,1,"['BANANO', 'CAFE']","['crop', 'crop']",2
"YUCA,FREJOL",1,"['YUCA', 'FRIJOL']","['crop', 'crop']",2
GRQAMA CHILENA,1,['GRQAMA CHILENA'],['crop'],1
"MAIZ , ARVEJAS",1,"['MAIZ', 'ARVEJA']","['crop', 'crop']",2
"MAIZ. FREJOL, TRIGO",1,"['MAIZ', 'FRIJOL', 'TRIGO']","['crop', 'crop', 'crop']",3
PALTO . BANANO,1,"['PALTA', 'BANANO']","['crop', 'crop']",2
"PALTO, GRAMA  CHILENA, BANANO",1,"['PALTA', 'GRAMA CHILENA', 'BANANO']","['crop', 'pasture', 'crop']",3
"GRAMA CHILENA,GUAYAQUIL",1,"['GRAMA CHILENA', 'GUAYAQUIL']","['pasture', 'crop']",2
"NARANJO,GRAMA CASTILLA,GUAYAQUIL,YUCA",1,"['NARANJA', 'GRAMA CASTILLA', 'GUAYAQUIL', 'YUCA']","['crop', 'pasture', 'crop', 'crop']",4
"YUCA,MAIZ,FREJOL",1,"['YUCA', 'MAIZ', 'FRIJOL']","['crop', 'crop', 'crop']",3
