year,era,feature,n,mean,std,p10,median,p90,flagged_year,balanced
1996,L5 only,NDVI_median,3434,0.37211317630038837,0.11605067480316265,0.23395327255129814,0.36749928444623947,0.5230018913745882,False,True
1996,L5 only,NDVI_amp,3434,0.3179886520020642,0.1337800550882175,0.1377907156944275,0.3157261908054352,0.4928426802158356,False,True
1996,L5 only,BSI_max,3434,0.09822730169130353,0.0642363439027841,0.01757466197013855,0.1128130815923214,0.15484458655118943,False,True
1996,L5 only,B_median,3434,0.07742298838677591,0.02002524962192747,0.051249620318412785,0.07714499533176422,0.09882462173700333,False,True
1996,L5 only,B_amp,3434,0.04822291169330764,0.022140275956678963,0.028809001296758653,0.04355999827384949,0.07239925712347031,False,True
1996,L5 only,G_median,3434,0.11196900055519737,0.02740089081469503,0.07752450034022332,0.11182250082492828,0.1396483689546585,False,True
1996,L5 only,G_amp,3434,0.05564991399498269,0.025529078435789648,0.03137749433517456,0.050572507083415985,0.0866621196269989,False,True
1996,L5 only,R_median,3434,0.12102080521542073,0.03510911822210544,0.0780387431383133,0.1195293739438057,0.15931775346398355,False,True
1996,L5 only,R_amp,3434,0.07778390679436849,0.03136352821949756,0.04242286831140518,0.07439436763525009,0.11499674320220948,False,True
1996,L5 only,NIR_median,3434,0.2656743652016428,0.03172212265823874,0.22947505488991737,0.26815998554229736,0.2999871402978897,False,True
1996,L5 only,NIR_amp,3434,0.1156758462351703,0.053075987522546365,0.05771149694919586,0.10685126483440399,0.1829079985618592,False,True
1996,L5 only,SWIR1_median,3434,0.21477996044828576,0.0444063752667626,0.17248611748218537,0.20775280892848969,0.2697110027074814,False,True
1996,L5 only,SWIR1_amp,3434,0.11224946771934412,0.050171753398608965,0.05473324805498123,0.10474751144647598,0.17878849357366564,False,True
1996,L5 only,SWIR2_median,3434,0.14272662990736837,0.045127535256949604,0.09627125114202499,0.13559624552726746,0.19519837349653243,False,True
1996,L5 only,SWIR2_amp,3434,0.11001536134689022,0.04256587398774703,0.056732505559921265,0.10708499699831009,0.16449263021349908,False,True
1997,L5 only,NDVI_median,1875,0.36462251231372356,0.14968461553618703,0.17972108125686645,0.3455010950565338,0.5800057888031007,True,True
1997,L5 only,NDVI_amp,1875,0.2644224773031349,0.14875123578482383,0.07424009144306183,0.2513989210128784,0.4756219506263733,True,True
1997,L5 only,BSI_max,1875,0.09129412809674395,0.07861466462268786,-0.017839920520782468,0.1064218282699585,0.16995589435100558,True,True
1997,L5 only,B_median,1875,0.08174843324422837,0.0243552814229818,0.047596247494220735,0.08268624544143677,0.10956337749958041,True,True
1997,L5 only,B_amp,1875,0.06043212583065033,0.05844241069131422,0.017357993125915527,0.038995012640953064,0.14623949527740504,True,True
1997,L5 only,G_median,1875,0.11541760342319807,0.03464659980859074,0.06727799773216248,0.1156037449836731,0.1560150057077408,True,True
1997,L5 only,G_amp,1875,0.06395603210528691,0.055200415936778095,0.019241753220558166,0.04729999601840973,0.13718374073505402,True,True
1997,L5 only,R_median,1875,0.12608013847668967,0.04465288516460767,0.06846599876880646,0.12478874623775482,0.18188149631023415,True,True
1997,L5 only,R_amp,1875,0.0784039605140686,0.0559750485126521,0.026559501886367798,0.06285123527050018,0.15395599603652957,True,True
1997,L5 only,NIR_median,1875,0.2710202311595281,0.04422781141661756,0.2095506265759468,0.27608001232147217,0.3217217683792114,True,True
1997,L5 only,NIR_amp,1875,0.11268549961249033,0.07240430173085442,0.034842512011528014,0.0958375334739685,0.2131305128335953,True,True
1997,L5 only,SWIR1_median,1875,0.24047046115001042,0.052407978656463544,0.17086499631404878,0.24055000394582748,0.305879008769989,True,True
1997,L5 only,SWIR1_amp,1875,0.10607971726258596,0.06836815199221155,0.03279927372932434,0.09195999801158905,0.20055750310420994,True,True
1997,L5 only,SWIR2_median,1875,0.16272140284776687,0.05467721100418202,0.09352950155735015,0.15724562108516693,0.23749198615550998,True,True
1997,L5 only,SWIR2_amp,1875,0.09992454457680384,0.05994617562728223,0.03180374801158905,0.09040626883506775,0.1776775062084198,True,True
1998,L5 only,NDVI_median,3434,0.4621396866964961,0.12212931294128188,0.29875807762145995,0.46871259063482285,0.611076033115387,False,True
1998,L5 only,NDVI_amp,3434,0.3369136179424985,0.12936557325285974,0.16543952226638795,0.33314522355794907,0.5064348131418228,False,True
1998,L5 only,BSI_max,3434,0.036983571615580024,0.08292415350193917,-0.07500293403863907,0.05117938295006752,0.12816082239151003,False,True
1998,L5 only,B_median,3434,0.06878039836623187,0.01748566878583511,0.047999124974012375,0.0673687495291233,0.091279998421669,False,True
1998,L5 only,B_amp,3434,0.07388672234146625,0.06741186692632924,0.03204162567853928,0.062438756227493286,0.10722112879157068,False,True
1998,L5 only,G_median,3434,0.10031404737524155,0.022500567725848616,0.07590268477797509,0.0981687530875206,0.12870886847376825,False,True
1998,L5 only,G_amp,3434,0.07452400800667326,0.05160214948507249,0.02985536903142929,0.0638274997472763,0.11846586167812348,False,True
1998,L5 only,R_median,3434,0.09992148622818374,0.029796163470656962,0.06764443218708038,0.09500624984502792,0.14039980992674828,False,True
1998,L5 only,R_amp,3434,0.09145569134596898,0.05288870074596724,0.037724488973617555,0.08412250876426697,0.14043424278497696,False,True
1998,L5 only,NIR_median,3434,0.2742876271604971,0.03967374051034715,0.2260327532887459,0.2741481214761734,0.32161174416542054,False,True
1998,L5 only,NIR_amp,3434,0.14864965210395908,0.07239205928697469,0.06675627082586288,0.13770626485347748,0.24706003367900856,False,True
1998,L5 only,SWIR1_median,3434,0.20087986933821395,0.04700375279601581,0.14130251109600067,0.20115280896425247,0.26086906120181086,False,True
1998,L5 only,SWIR1_amp,3434,0.14141963518196993,0.06398844068315024,0.061333265900611875,0.1357950046658516,0.22835450619459155,False,True
1998,L5 only,SWIR2_median,3434,0.11525045387472917,0.03935826804801646,0.06911499798297882,0.10929249227046967,0.16899293437600138,False,True
1998,L5 only,SWIR2_amp,3434,0.11656990360271188,0.05126958557127041,0.05138649046421051,0.11400812864303589,0.18237999081611633,False,True
1999,L5 + L7,NDVI_median,3434,0.4321722121747622,0.11198791456106481,0.2898609980940819,0.43333763629198074,0.5775657385587692,False,True
1999,L5 + L7,NDVI_amp,3434,0.3385796578825155,0.1515688885283934,0.14953300058841706,0.321577712893486,0.5535091802477837,False,True
1999,L5 + L7,BSI_max,3434,0.07129586648111666,0.07308597297007192,-0.02449214234948158,0.08225679397583008,0.1516138955950737,False,True
1999,L5 + L7,B_median,3434,0.06399697379301854,0.015307264817297014,0.046344997733831404,0.062267497181892395,0.08314137607812883,False,True
1999,L5 + L7,B_amp,3434,0.05772058830645866,0.03718627142124699,0.029896625876426698,0.051947496831417084,0.0851826123893261,False,True
1999,L5 + L7,G_median,3434,0.09622766095526564,0.02008634927240394,0.0743124932050705,0.09447000920772552,0.1205592527985573,False,True
1999,L5 + L7,G_amp,3434,0.06602933484329758,0.03277661313189781,0.034571626037359235,0.061063751578330994,0.0986727610230446,False,True
1999,L5 + L7,R_median,3434,0.10119632806197182,0.027604881516905686,0.07068937346339225,0.09742625057697296,0.13651750534772872,False,True
1999,L5 + L7,R_amp,3434,0.08669637362095736,0.03700286918504445,0.04535437971353531,0.08338688313961029,0.1284909948706627,False,True
1999,L5 + L7,NIR_median,3434,0.2673277700353516,0.03431839953051889,0.22616200149059296,0.2672387510538101,0.3088146269321442,False,True
1999,L5 + L7,NIR_amp,3434,0.1388106984875545,0.060600275072525196,0.06281825453042984,0.13572628051042557,0.2182496339082718,False,True
1999,L5 + L7,SWIR1_median,3434,0.20600082333230596,0.04559736381435212,0.1508532539010048,0.20213250815868378,0.266369067132473,False,True
1999,L5 + L7,SWIR1_amp,3434,0.14104264834651645,0.06180254635376634,0.06455074548721314,0.13637251406908035,0.2244247734546662,False,True
1999,L5 + L7,SWIR2_median,3434,0.12584262870872653,0.039488649644454796,0.07782287746667862,0.12201812118291855,0.1786406308412552,False,True
1999,L5 + L7,SWIR2_amp,3434,0.1126968269157736,0.04647318813014941,0.05519662648439407,0.1094912439584732,0.17283611893653872,False,True
2000,L5 + L7,NDVI_median,3434,0.37006892323663193,0.13750069552749689,0.2176450051367283,0.34091321378946304,0.5782500743865968,False,True
2000,L5 + L7,NDVI_amp,3434,0.3830760177751015,0.145389721454791,0.17823626697063447,0.3954634368419647,0.5674330472946167,False,True
2000,L5 + L7,BSI_max,3434,0.10165485619249108,0.06884940624327372,0.01878684535622597,0.115163903683424,0.16810151338577276,False,True
2000,L5 + L7,B_median,3434,0.07596705373903834,0.019726997052649582,0.04664887152612209,0.07794938236474991,0.09695463031530381,False,True
2000,L5 + L7,B_amp,3434,0.06287769742861138,0.03506847402862924,0.03304537534713745,0.05475250631570816,0.10152313783764841,False,True
2000,L5 + L7,G_median,3434,0.10897189482664674,0.025465003819743117,0.07437575608491898,0.11154748499393463,0.13660549372434616,False,True
2000,L5 + L7,G_amp,3434,0.07092099119548403,0.033741759278507824,0.03926725164055824,0.06367625296115875,0.10992850363254549,False,True
2000,L5 + L7,R_median,3434,0.12066714684861339,0.03624980842215321,0.07087912559509277,0.12377125024795532,0.16241424530744553,False,True
2000,L5 + L7,R_amp,3434,0.09086968231215058,0.03965886540748378,0.04734676629304886,0.08481000363826752,0.14146550148725515,False,True
2000,L5 + L7,NIR_median,3434,0.26626241254638155,0.03350174811346891,0.2210538789629936,0.269583135843277,0.306138876080513,False,True
2000,L5 + L7,NIR_amp,3434,0.12525565111678771,0.06836997504644753,0.04551662802696228,0.11435188353061676,0.22139016091823582,False,True
2000,L5 + L7,SWIR1_median,3434,0.22700372849030764,0.049290766393231905,0.1548765003681183,0.2316434420645237,0.28326162993907933,False,True
2000,L5 + L7,SWIR1_amp,3434,0.12065571142348636,0.05659796715646733,0.05342288166284561,0.11448250710964203,0.19527203142642985,False,True
2000,L5 + L7,SWIR2_median,3434,0.15087413759853302,0.04831008022286008,0.07919650226831436,0.15338531136512756,0.21055643036961558,False,True
2000,L5 + L7,SWIR2_amp,3434,0.1121370371650247,0.0467284879754415,0.05421624183654785,0.10914062708616257,0.1748065114021302,False,True
2001,L5 + L7,NDVI_median,3434,0.45087845109828384,0.1363403781555681,0.27918046712875366,0.4444332420825958,0.6347818076610565,False,True
2001,L5 + L7,NDVI_amp,3434,0.4362222650142611,0.16645831864854027,0.20541004836559296,0.43860549479722977,0.6559923849999906,False,True
2001,L5 + L7,BSI_max,3434,0.09446148807602854,0.07446053124907893,-0.000665105023654172,0.11028967052698135,0.1663493648171425,False,True
2001,L5 + L7,B_median,3434,0.062438104712839865,0.016846039916910558,0.04217325374484062,0.062019988894462585,0.0825693726539612,False,True
2001,L5 + L7,B_amp,3434,0.07037018679503305,0.06367814830244752,0.03179826140403748,0.054504990577697754,0.10967276096344004,False,True
2001,L5 + L7,G_median,3434,0.09189525785778384,0.02248366976807948,0.0650030605494976,0.09149999171495438,0.11812962740659715,False,True
2001,L5 + L7,G_amp,3434,0.0762442075319254,0.06159999537607857,0.035043247044086456,0.061847493052482605,0.11588498651981362,False,True
2001,L5 + L7,R_median,3434,0.09872834519610615,0.03226253588189137,0.057665369287133214,0.09764625132083893,0.13882337659597396,False,True
2001,L5 + L7,R_amp,3434,0.10318752908270999,0.06318475040638842,0.051369999349117276,0.09169186651706696,0.14800638183951378,False,True
2001,L5 + L7,NIR_median,3434,0.2691589845002704,0.03434561247280044,0.22728950679302215,0.26928749680519104,0.31185477972030645,False,True
2001,L5 + L7,NIR_amp,3434,0.1590520326735915,0.07487600410446758,0.07099262326955795,0.1484106183052063,0.2597663998603821,False,True
2001,L5 + L7,SWIR1_median,3434,0.20473974725328078,0.045297590517366586,0.14067275002598761,0.20777000486850739,0.25877562388777736,False,True
2001,L5 + L7,SWIR1_amp,3434,0.1313835130630188,0.06291276803284986,0.06193825304508209,0.1229800134897232,0.2061510160565377,False,True
2001,L5 + L7,SWIR2_median,3434,0.12648735913335757,0.04275897160755717,0.06649081110954284,0.12694749236106873,0.17919750064611434,False,True
2001,L5 + L7,SWIR2_amp,3434,0.12069699312703999,0.05289751870439584,0.060268983244895935,0.11675811558961868,0.1813391223549843,False,True
2002,L5 + L7,NDVI_median,3434,0.4109867689165574,0.13637076676412893,0.2521828576922417,0.390179306268692,0.606912887096405,False,True
2002,L5 + L7,NDVI_amp,3434,0.3605873994487719,0.17162302814651825,0.14379775822162627,0.34358957409858704,0.6038394797593356,False,True
2002,L5 + L7,BSI_max,3434,0.06460078349263841,0.07461983877833483,-0.02907291818410158,0.07676270604133606,0.14532249569892886,False,True
2002,L5 + L7,B_median,3434,0.06870162034440888,0.017955608794782512,0.043622493743896484,0.06925250589847565,0.0883374959230423,False,True
2002,L5 + L7,B_amp,3434,0.06940572297262396,0.0991602356608382,0.02585412636399269,0.04794623702764511,0.08905600011348726,False,True
2002,L5 + L7,G_median,3434,0.09907150241542535,0.023963453064094885,0.0681524969637394,0.09922061860561371,0.12492212802171708,False,True
2002,L5 + L7,G_amp,3434,0.06937044519599121,0.08131721372475217,0.025830759108066557,0.05079936236143112,0.09529850482940676,False,True
2002,L5 + L7,R_median,3434,0.10854184704772525,0.03328758620356257,0.06620412692427635,0.10743968188762665,0.1486821234226227,False,True
2002,L5 + L7,R_amp,3434,0.0923095933841319,0.08255378876153861,0.03679502010345459,0.07445625960826874,0.13344512283802035,False,True
2002,L5 + L7,NIR_median,3434,0.2704433462602598,0.03575738606272643,0.22591037675738335,0.271542489528656,0.31212428510189055,False,True
2002,L5 + L7,NIR_amp,3434,0.1332370871347123,0.08426075426905477,0.039723753929138184,0.11917125433683395,0.2412327751517296,False,True
2002,L5 + L7,SWIR1_median,3434,0.2113383539166382,0.045303097522759427,0.15130769163370134,0.21195686608552933,0.26610439717769624,False,True
2002,L5 + L7,SWIR1_amp,3434,0.11602615983587194,0.0647201304389807,0.04303888082504272,0.10393624752759933,0.2055542528629303,False,True
2002,L5 + L7,SWIR2_median,3434,0.13074570695067397,0.04158875598085081,0.07659017965197563,0.13043312728405,0.1830942511558533,False,True
2002,L5 + L7,SWIR2_amp,3434,0.10048256261652823,0.04883786145314579,0.04224276021122932,0.09532874822616577,0.16345174312591554,False,True
2003,L5 + L7,NDVI_median,3434,0.40741894947420254,0.1422322277091989,0.2241444393992424,0.3993159979581833,0.5993490815162659,False,True
2003,L5 + L7,NDVI_amp,3434,0.32667871455628866,0.1680592394217026,0.09635520279407501,0.3295380771160126,0.5517924085259438,False,True
2003,L5 + L7,BSI_max,3434,0.07453397873826668,0.08043174194653367,-0.038272544369101526,0.09257933497428894,0.1565560519695282,False,True
2003,L5 + L7,B_median,3434,0.06952774714750125,0.01865754297841553,0.04784580804407597,0.06842749565839767,0.09362849146127702,False,True
2003,L5 + L7,B_amp,3434,0.04825250449903357,0.026136027679752143,0.021422484517097475,0.044158127158880234,0.07612138390541077,False,True
2003,L5 + L7,G_median,3434,0.09988701487818151,0.02456397283025251,0.07342150807380676,0.09763937443494797,0.13106013238430025,False,True
2003,L5 + L7,G_amp,3434,0.0558691614230983,0.02666905205965337,0.02515149563550949,0.0529787540435791,0.08768237531185152,False,True
2003,L5 + L7,R_median,3434,0.10821887035189705,0.03619022623256775,0.06603911593556404,0.1045556291937828,0.15707787647843363,False,True
2003,L5 + L7,R_amp,3434,0.07967248963854934,0.03606227779648419,0.035180744528770444,0.07682125270366669,0.12755599766969683,False,True
2003,L5 + L7,NIR_median,3434,0.2596990658652664,0.0338060461787021,0.21624000370502472,0.26052187383174896,0.30009714365005496,False,True
2003,L5 + L7,NIR_amp,3434,0.11072943227698655,0.05648564485993173,0.0422124907374382,0.1043693870306015,0.18548614233732227,False,True
2003,L5 + L7,SWIR1_median,3434,0.20731718186234832,0.05463991514168523,0.13667286783456803,0.20656687393784523,0.2772776171565056,False,True
2003,L5 + L7,SWIR1_amp,3434,0.11672771483850673,0.057713813348296596,0.045544110238552094,0.11167062073945999,0.19362062662839896,False,True
2003,L5 + L7,SWIR2_median,3434,0.13245117539365275,0.051666531834745476,0.06653480455279351,0.13041937351226807,0.19948356375098228,False,True
2003,L5 + L7,SWIR2_amp,3434,0.10236240040790778,0.04915556682615063,0.03440113514661789,0.10246500372886658,0.1670446313917637,False,True
2004,L5 + L7,NDVI_median,3434,0.3773881819605801,0.136150371671563,0.20776228606700897,0.36749887466430664,0.5571081757545473,False,True
2004,L5 + L7,NDVI_amp,3434,0.2738879260291922,0.14836707023778795,0.08722233921289443,0.25765058398246765,0.4861407734453678,False,True
2004,L5 + L7,BSI_max,3434,0.08116974670663225,0.07528418494833819,-0.013203009869903326,0.09062501788139343,0.16466438621282578,False,True
2004,L5 + L7,B_median,3434,0.07534107653099781,0.020844082825219785,0.049772872030735014,0.07429186999797821,0.10145086646080018,False,True
2004,L5 + L7,B_amp,3434,0.04905911180937644,0.020603961579946567,0.026160764694213866,0.04753375053405762,0.070327128469944,False,True
2004,L5 + L7,G_median,3434,0.10778428790098231,0.027550697038987,0.07411725521087646,0.1071612536907196,0.1414881192147732,False,True
2004,L5 + L7,G_amp,3434,0.05463414399271172,0.023990191675560914,0.026798759400844575,0.05223625898361206,0.08401250839233398,False,True
2004,L5 + L7,R_median,3434,0.12043669839467187,0.038239994113332614,0.07342563420534134,0.11864937096834183,0.16840924620628359,False,True
2004,L5 + L7,R_amp,3434,0.07236941359681172,0.03466088453152095,0.030377873778343202,0.06880499422550201,0.11726961582899094,False,True
2004,L5 + L7,NIR_median,3434,0.26919497640659173,0.03315949296683951,0.22605682015419007,0.2728246971964836,0.3051915049552918,False,True
2004,L5 + L7,NIR_amp,3434,0.09605598430614105,0.05817638372399133,0.031083285808563232,0.08410875499248505,0.17883801311254513,False,True
2004,L5 + L7,SWIR1_median,3434,0.22819718404363323,0.04951083875850015,0.17346787303686143,0.22090812772512436,0.2928488150238991,False,True
2004,L5 + L7,SWIR1_amp,3434,0.10487985259478497,0.05698350874645626,0.036536508798599245,0.09911686927080154,0.17895213961601258,False,True
2004,L5 + L7,SWIR2_median,3434,0.15211286899364126,0.05122058122319912,0.0924129918217659,0.14595000073313713,0.2206620037555695,False,True
2004,L5 + L7,SWIR2_amp,3434,0.09405143465901018,0.04833279171948711,0.0350982517004013,0.09006250649690628,0.15579850524663927,False,True
2005,L5 + L7,NDVI_median,3434,0.3770279424545997,0.1358882343808811,0.2113903820514679,0.3662889748811722,0.5614716708660127,False,True
2005,L5 + L7,NDVI_amp,3434,0.376492952882181,0.16626048200740037,0.13928661197423936,0.3859983831644058,0.5930542424321176,False,True
2005,L5 + L7,BSI_max,3434,0.10360984385437035,0.0650661517576166,0.027591090649366382,0.11653435230255127,0.16464631408452987,False,True
2005,L5 + L7,B_median,3434,0.07685315180038323,0.020242049935991966,0.050281614810228345,0.07739249616861343,0.10060249269008636,False,True
2005,L5 + L7,B_amp,3434,0.05796748205984687,0.03445735616708353,0.030909989774227143,0.05266938358545303,0.08107962906360626,False,True
2005,L5 + L7,G_median,3434,0.1086530182792669,0.027076693611814064,0.07482537478208542,0.10912062227725983,0.14067412391304973,False,True
2005,L5 + L7,G_amp,3434,0.06558331262253021,0.0357462044569275,0.03278824388980865,0.06062375009059906,0.09874424636363983,False,True
2005,L5 + L7,R_median,3434,0.12156567395809575,0.03894964766649167,0.07272575497627258,0.12130656465888023,0.16997125595808033,False,True
2005,L5 + L7,R_amp,3434,0.0920993945039006,0.040803134045479396,0.046795377135276796,0.08930625766515732,0.13477751165628432,False,True
2005,L5 + L7,NIR_median,3434,0.27003287986771407,0.02910195959391958,0.23254474699497224,0.27267687022686005,0.30300802290439605,False,True
2005,L5 + L7,NIR_amp,3434,0.13087361721440186,0.06142595674246413,0.0541928693652153,0.12543438374996185,0.2129187881946564,False,True
2005,L5 + L7,SWIR1_median,3434,0.22585796858805102,0.050702318613443584,0.1618175059556961,0.2226475030183792,0.2927113249897957,False,True
2005,L5 + L7,SWIR1_amp,3434,0.1283608042853616,0.060417842235980915,0.0562017485499382,0.1200924962759018,0.21069952100515368,False,True
2005,L5 + L7,SWIR2_median,3434,0.15069407182780892,0.051645737585799295,0.08340536952018737,0.1489337533712387,0.21611831188201905,False,True
2005,L5 + L7,SWIR2_amp,3434,0.12103714760507896,0.05106191791169453,0.058610734343528745,0.11790625751018524,0.18625614047050482,False,True
2006,L5 + L7,NDVI_median,3434,0.4000124452135541,0.13036045175240454,0.23677039071917533,0.39723818004131317,0.5623751521110536,False,True
2006,L5 + L7,NDVI_amp,3434,0.3395991852100457,0.1514425226106527,0.1390072137117386,0.33519305661320686,0.5385735929012299,False,True
2006,L5 + L7,BSI_max,3434,0.08287118426737974,0.07182480755825943,-0.003382569295354186,0.09320805966854095,0.1594537988305092,False,True
2006,L5 + L7,B_median,3434,0.07342326762257757,0.018820474882274472,0.048718251287937164,0.07321248948574066,0.09521319195628167,False,True
2006,L5 + L7,B_amp,3434,0.05527156509836538,0.023829343066854074,0.028164131939411162,0.05196124315261841,0.08658649846911433,False,True
2006,L5 + L7,G_median,3434,0.10529038668477264,0.025092803686956842,0.0735864982008934,0.10486499965190887,0.13445637524127962,False,True
2006,L5 + L7,G_amp,3434,0.06125715945998666,0.025518847540618797,0.03092787563800812,0.05839625000953674,0.09379838109016418,False,True
2006,L5 + L7,R_median,3434,0.11538513907679966,0.035124257148965186,0.07322762235999107,0.11312874406576157,0.1585896857082844,False,True
2006,L5 + L7,R_amp,3434,0.08506752283951885,0.03442184331952958,0.04214238226413727,0.08265812695026398,0.12960062921047213,False,True
2006,L5 + L7,NIR_median,3434,0.2720892392879978,0.0302859765199442,0.23335875123739241,0.2745228186249733,0.3069288209080696,False,True
2006,L5 + L7,NIR_amp,3434,0.11361713441881803,0.05906999602472156,0.04619724601507187,0.10408753901720047,0.19369076788425452,False,True
2006,L5 + L7,SWIR1_median,3434,0.2199987140730952,0.045204531815737865,0.16795138120651246,0.2148168683052063,0.2781115710735321,False,True
2006,L5 + L7,SWIR1_amp,3434,0.11588860860329835,0.05324475693183514,0.05264323204755783,0.1093125194311142,0.18964412510395054,False,True
2006,L5 + L7,SWIR2_median,3434,0.1433934567612257,0.0438391269806241,0.09016899168491363,0.13927093520760536,0.19943819120526315,False,True
2006,L5 + L7,SWIR2_amp,3434,0.10637096257692655,0.04512435346659891,0.04877124130725861,0.10355126112699509,0.164917503297329,False,True
2007,L5 + L7,NDVI_median,3434,0.45217223832276354,0.15881173461426623,0.2471272900700569,0.4488097131252289,0.668595239520073,False,True
2007,L5 + L7,NDVI_amp,3434,0.3594607832219428,0.16779379037096756,0.1320965439081192,0.3622838482260704,0.5841102190315725,False,True
2007,L5 + L7,BSI_max,3434,0.08370768491120154,0.08291270351077604,-0.023410191014409065,0.09935265779495239,0.16917826682329182,False,True
2007,L5 + L7,B_median,3434,0.0637748017961384,0.020490955835793977,0.03895575031638145,0.06273500621318817,0.08904081210494043,False,True
2007,L5 + L7,B_amp,3434,0.04684567768679987,0.022383393297972953,0.022334133088588715,0.04375937581062317,0.07410425245761872,False,True
2007,L5 + L7,G_median,3434,0.09535297640232097,0.027118747014818218,0.06449775621294976,0.09365187585353851,0.12806674540042878,False,True
2007,L5 + L7,G_amp,3434,0.05410894930544952,0.02550982375153003,0.024176621437072755,0.05095750093460083,0.08704435974359515,False,True
2007,L5 + L7,R_median,3434,0.10232424476966652,0.03919284828002064,0.055684002488851546,0.09833375364542007,0.15242486372590067,False,True
2007,L5 + L7,R_amp,3434,0.08006250299187892,0.03483992565887767,0.03627662733197212,0.07732313126325607,0.1266980186104775,False,True
2007,L5 + L7,NIR_median,3434,0.27530939470874616,0.03191068061744286,0.23714893981814383,0.276293121278286,0.31181626915931704,False,True
2007,L5 + L7,NIR_amp,3434,0.12936326786528582,0.06364990808890883,0.05103453695774078,0.12331003695726395,0.21726928651332864,False,True
2007,L5 + L7,SWIR1_median,3434,0.20841031119088552,0.04849110170511551,0.1481204368174076,0.2035762518644333,0.2702829957008362,False,True
2007,L5 + L7,SWIR1_amp,3434,0.11141193314440805,0.05919198927752783,0.04275563806295395,0.10154373943805695,0.19595263749361044,False,True
2007,L5 + L7,SWIR2_median,3434,0.13150075002940645,0.05026162858285406,0.0710166335105896,0.12476468086242676,0.19480924606323244,False,True
2007,L5 + L7,SWIR2_amp,3434,0.1022968578413259,0.047681914119110096,0.04093374907970428,0.10014811903238297,0.16428500413894653,False,True
2008,L5 + L7,NDVI_median,3434,0.4285730980239032,0.1655890796583979,0.2236175134778023,0.4102431535720825,0.6619864016771317,False,True
2008,L5 + L7,NDVI_amp,3434,0.3119061089174504,0.15796512432901696,0.11171492338180541,0.29731956124305725,0.5330504149198534,False,True
2008,L5 + L7,BSI_max,3434,0.05205326539818715,0.09149460904545328,-0.07917992547154426,0.07255099341273308,0.14740685373544693,False,True
2008,L5 + L7,B_median,3434,0.07064518124628845,0.021534129274688667,0.04300374537706375,0.07115000113844872,0.0970288708806038,False,True
2008,L5 + L7,B_amp,3434,0.0622797546258449,0.07223227639089781,0.023034021258354187,0.04964438080787659,0.09541126489639286,False,True
2008,L5 + L7,G_median,3434,0.10266962988941074,0.028153635024217215,0.06648874282836914,0.10373405739665031,0.13673887550830843,False,True
2008,L5 + L7,G_amp,3434,0.06557393076856191,0.050190544507468376,0.025011245906352998,0.05639562010765076,0.10159873813390735,False,True
2008,L5 + L7,R_median,3434,0.1120078700063582,0.04253057065159623,0.05715593323111534,0.1121043749153614,0.16568262800574304,False,True
2008,L5 + L7,R_amp,3434,0.08616203341110196,0.055160560917809846,0.03363250195980072,0.07820999622344971,0.13623499423265456,False,True
2008,L5 + L7,NIR_median,3434,0.27804869121340864,0.0404819417534089,0.2301879957318306,0.27567437291145325,0.32900857031345365,False,True
2008,L5 + L7,NIR_amp,3434,0.1240255143026939,0.07161973389313747,0.043764904141426086,0.11097625643014908,0.21936198621988298,False,True
2008,L5 + L7,SWIR1_median,3434,0.22007760433311996,0.054294319713874314,0.14103574752807618,0.2241462506353855,0.2854891359806061,False,True
2008,L5 + L7,SWIR1_amp,3434,0.11882081801851753,0.06109133984799217,0.04759010821580887,0.11048123240470886,0.19910138845443726,False,True
2008,L5 + L7,SWIR2_median,3434,0.13984232120884146,0.052507908090046,0.06772074848413467,0.13889624923467636,0.20851387381553654,False,True
2008,L5 + L7,SWIR2_amp,3434,0.10395413776669797,0.05359525720825335,0.04131325781345367,0.09837435930967331,0.16865613460540774,False,True
2009,L5 + L7,NDVI_median,1890,0.4695108964063582,0.16406996574386534,0.2520886711776257,0.4685094580054283,0.695101311802864,True,True
2009,L5 + L7,NDVI_amp,1890,0.3277555658871298,0.1655534813111103,0.10353176593780518,0.32718802988529205,0.5493432730436325,True,True
2009,L5 + L7,BSI_max,1890,0.07052136409987678,0.09728858085969254,-0.05787265412509441,0.08741564676165581,0.1749176323413849,True,True
2009,L5 + L7,B_median,1890,0.06105961607049697,0.02142202913969076,0.03248706012964249,0.059902504086494446,0.08806387037038803,True,True
2009,L5 + L7,B_amp,1890,0.051884177524261374,0.03419446413832121,0.01996500715613365,0.0432368740439415,0.09307237714529039,True,True
2009,L5 + L7,G_median,1890,0.09068316933181551,0.028159646803404947,0.05331074073910713,0.08943406492471695,0.1259334281086922,True,True
2009,L5 + L7,G_amp,1890,0.058111152376132034,0.03447026014690107,0.023827384412288665,0.05022187530994415,0.10173760950565346,True,True
2009,L5 + L7,R_median,1890,0.09884258671885444,0.04117628463441644,0.0466557502746582,0.09547030925750732,0.1528909981250763,True,True
2009,L5 + L7,R_amp,1890,0.08274181713424032,0.044509615237425595,0.0321997344493866,0.07506124675273895,0.1421970114111901,True,True
2009,L5 + L7,NIR_median,1890,0.2735604551931222,0.03841918522861054,0.22429817467927932,0.2770184427499771,0.31678140461444854,True,True
2009,L5 + L7,NIR_amp,1890,0.12578511330737638,0.07546740496256453,0.03709475994110108,0.11391189694404602,0.23399751186370848,True,True
2009,L5 + L7,SWIR1_median,1890,0.21725167449189242,0.05453341574719421,0.1517428755760193,0.2117643728852272,0.29307088106870655,True,True
2009,L5 + L7,SWIR1_amp,1890,0.12407696447359821,0.06658032141681157,0.042810626327991486,0.11792000383138657,0.21781514436006555,True,True
2009,L5 + L7,SWIR2_median,1890,0.133737380826284,0.05103464382583541,0.07319875061511993,0.1264868825674057,0.20659299343824386,True,True
2009,L5 + L7,SWIR2_amp,1890,0.10338873915256015,0.05182725459789304,0.036850015819072726,0.1009456217288971,0.169538863748312,True,True
2010,L5 + L7,NDVI_median,3434,0.4228560803246554,0.14949871980668114,0.2308215528726578,0.41621915996074677,0.6236163377761841,False,True
2010,L5 + L7,NDVI_amp,3434,0.3635296276342026,0.16861394980745315,0.1341785781085491,0.3682246655225754,0.584716135263443,False,True
2010,L5 + L7,BSI_max,3434,0.07472454657011958,0.07639604152422882,-0.022898927703499793,0.08801189810037613,0.1526102587580681,False,True
2010,L5 + L7,B_median,3434,0.06900405009962232,0.02009616857447443,0.04416768439114094,0.0680837482213974,0.0947560027241707,False,True
2010,L5 + L7,B_amp,3434,0.06700279974380273,0.06466455716828191,0.026441243290901185,0.05422312021255493,0.09755350202322008,False,True
2010,L5 + L7,G_median,3434,0.10014488765005462,0.026403169216789056,0.06851000040769577,0.09910374879837036,0.13332887440919877,False,True
2010,L5 + L7,G_amp,3434,0.07401275955873933,0.061051047519987425,0.029649127274751663,0.063167504966259,0.10869924426078797,False,True
2010,L5 + L7,R_median,3434,0.10976372932690864,0.038006069919029585,0.06286150217056274,0.10764249041676521,0.16001762077212334,False,True
2010,L5 + L7,R_amp,3434,0.0982785494168206,0.0638971720549018,0.03962751179933548,0.09003499895334244,0.14700675308704378,False,True
2010,L5 + L7,NIR_median,3434,0.27298927227936653,0.03129973625826561,0.23582825362682341,0.2743750065565109,0.30834919959306717,False,True
2010,L5 + L7,NIR_amp,3434,0.12820772620120852,0.07410660674667921,0.044741155207157136,0.11789249628782272,0.21822214275598525,False,True
2010,L5 + L7,SWIR1_median,3434,0.21523343627414318,0.04821192477572184,0.1556519977748394,0.21217000484466553,0.27503018826246267,False,True
2010,L5 + L7,SWIR1_amp,3434,0.1296884877174381,0.0666209078103608,0.05063575208187103,0.1230349987745285,0.21350312381982806,False,True
2010,L5 + L7,SWIR2_median,3434,0.13519845476691883,0.04692458063588491,0.0762924998998642,0.13102437555789948,0.1971261247992516,False,True
2010,L5 + L7,SWIR2_amp,3434,0.11412289912444114,0.054497820995935246,0.04803150296211243,0.11228249222040176,0.17585836797952656,False,True
2011,L5 + L7,NDVI_median,1460,0.4577172053977847,0.2036926215497606,0.18762062266469,0.4378199279308319,0.749684888124466,True,True
2011,L5 + L7,NDVI_amp,1460,0.2890787039374716,0.15125342173501863,0.09529576376080513,0.2799453064799309,0.49711830615997316,True,True
2011,L5 + L7,BSI_max,1460,0.059103986820418744,0.1051205429025939,-0.09207242652773856,0.0774262547492981,0.17897374927997592,True,True
2011,L5 + L7,B_median,1460,0.06542460746450783,0.02763640797477951,0.028395747765898705,0.06659531220793724,0.09902537316083909,True,True
2011,L5 + L7,B_amp,1460,0.05457958985783466,0.04037270688722087,0.019350381195545198,0.04692875221371651,0.09289776533842087,True,True
2011,L5 + L7,G_median,1460,0.09605631136067518,0.03528572596148656,0.05008499324321747,0.09681437164545059,0.1381585590541363,True,True
2011,L5 + L7,G_amp,1460,0.060969732222083496,0.04078210290414043,0.021744228899478912,0.05411998927593231,0.10291186571121225,True,True
2011,L5 + L7,R_median,1460,0.10417776795180693,0.050605200359130714,0.03918399438261986,0.10265124589204788,0.16698749363422394,True,True
2011,L5 + L7,R_amp,1460,0.07945188030804673,0.047163587485217005,0.030403998494148255,0.07092936336994171,0.13350013196468352,True,True
2011,L5 + L7,NIR_median,1460,0.2717493473513894,0.03986655497189373,0.22098512649536134,0.27249812334775925,0.3178731501102448,True,True
2011,L5 + L7,NIR_amp,1460,0.1382134011244937,0.07465344892386055,0.05235726237297058,0.12623875588178635,0.24656915217638017,True,True
2011,L5 + L7,SWIR1_median,1460,0.22358471522082204,0.05460520621832879,0.16039712876081466,0.2176699936389923,0.30045738965272906,True,True
2011,L5 + L7,SWIR1_amp,1460,0.12407121839486573,0.0685029812194262,0.04595250338315964,0.11369189620018005,0.21716065704822543,True,True
2011,L5 + L7,SWIR2_median,1460,0.14200131098854624,0.05778439702158731,0.07602918520569801,0.1341249942779541,0.2244033731520176,True,True
2011,L5 + L7,SWIR2_amp,1460,0.10130654548435178,0.054535043552562716,0.0403342604637146,0.09384375810623169,0.17195747494697589,True,True
2012,L7 only,NDVI_median,2983,0.3654661758843731,0.16532619362594447,0.1877851039171219,0.3198874145746231,0.6204493403434754,True,True
2012,L7 only,NDVI_amp,2983,0.3298745419209625,0.15203284282476243,0.13357077240943907,0.3250577375292778,0.5313302353024483,True,True
2012,L7 only,BSI_max,2983,0.081717119377414,0.0794085588174177,-0.031794513761997226,0.10198286175727844,0.15927164852619172,True,True
2012,L7 only,B_median,2983,0.07720411803412269,0.022759370811127756,0.04435262680053711,0.07913875579833984,0.10325900614261628,True,True
2012,L7 only,B_amp,2983,0.07535924723024061,0.039119331855732714,0.032537996768951416,0.07471752166748047,0.10998350381851198,True,True
2012,L7 only,G_median,2983,0.1092978162023492,0.02873092287906318,0.06868874728679657,0.11135499179363251,0.1418882489204407,True,True
2012,L7 only,G_amp,2983,0.07862160618857493,0.038926993201174084,0.03560149073600769,0.0765874981880188,0.11555499434471131,True,True
2012,L7 only,R_median,2983,0.12220091012812603,0.04056956571029921,0.06473150551319122,0.12554500997066498,0.16918611526489258,True,True
2012,L7 only,R_amp,2983,0.09655368580360202,0.044550607166029835,0.047421008348464966,0.09231747686862946,0.14523300230503083,True,True
2012,L7 only,NIR_median,2983,0.2706907229648514,0.03899133039389744,0.22124500572681427,0.2709512561559677,0.31843000650405884,True,True
2012,L7 only,NIR_amp,2983,0.14369709515008117,0.06801088748730814,0.06239748299121857,0.13593252003192902,0.23312851488590242,True,True
2012,L7 only,SWIR1_median,2983,0.22894604973172805,0.042682445000632556,0.17791187316179274,0.22658000886440277,0.28236649036407474,True,True
2012,L7 only,SWIR1_amp,2983,0.1351198368910931,0.06436060557765237,0.059718990325927736,0.12523502111434937,0.2263442844152451,True,True
2012,L7 only,SWIR2_median,2983,0.15209446609534755,0.044216650331494946,0.09564699828624726,0.1504874974489212,0.2085894972085953,True,True
2012,L7 only,SWIR2_amp,2983,0.11625220456250834,0.050514266798986074,0.05523650348186493,0.11156749725341797,0.18311148881912231,True,True
2013,L7 only,NDVI_median,3434,0.40567870499011854,0.1553628733805232,0.2080535888671875,0.3964262157678604,0.6186731398105622,False,True
2013,L7 only,NDVI_amp,3434,0.3425345702561125,0.17189722803283117,0.10907714068889618,0.3399050831794739,0.5779710844159127,False,True
2013,L7 only,BSI_max,3434,0.07849669289902107,0.08146930701173138,-0.029306368529796598,0.09435715898871422,0.16176272481679918,False,True
2013,L7 only,B_median,3434,0.07257313601646613,0.02121256220749596,0.04485518410801888,0.07299593091011047,0.09740355685353279,False,True
2013,L7 only,B_amp,3434,0.04869540177619797,0.026626291897924863,0.018899369239807128,0.04497624933719635,0.08360962271690368,False,True
2013,L7 only,G_median,3434,0.10589327244006692,0.02832016867735982,0.07048313170671464,0.10661812871694565,0.13870168551802636,False,True
2013,L7 only,G_amp,3434,0.05701191686245683,0.028911828180145146,0.022540359199047087,0.05396188050508499,0.09463850706815721,False,True
2013,L7 only,R_median,3434,0.11733001485102455,0.04101281240243436,0.06431074142456054,0.11716437339782715,0.16772106364369394,False,True
2013,L7 only,R_amp,3434,0.08240956063265709,0.04046327561646682,0.03285150229930878,0.07862937450408936,0.1355090111494065,False,True
2013,L7 only,NIR_median,3434,0.276454767465036,0.033223237375687324,0.2335732400417328,0.2780737429857254,0.3147202610969544,False,True
2013,L7 only,NIR_amp,3434,0.11091955169714254,0.06379256428258633,0.03537324219942093,0.10063625872135162,0.20068129897117618,False,True
2013,L7 only,SWIR1_median,3434,0.227871238130883,0.049553443364212815,0.16771694347262384,0.22462407127022743,0.2905456945300102,False,True
2013,L7 only,SWIR1_amp,3434,0.11079582657467577,0.05880619797127488,0.042211142182350156,0.10383313149213791,0.19041278362274172,False,True
2013,L7 only,SWIR2_median,3434,0.14901251215259906,0.05090673076531321,0.0860405646264553,0.14457499235868454,0.2140221282839776,False,True
2013,L7 only,SWIR2_amp,3434,0.09949928155222047,0.04711019169441222,0.040259987115859985,0.0967312604188919,0.1611005038022995,False,True
2014,L7 only,NDVI_median,3434,0.34016998125273834,0.1547746058882274,0.1780646547675133,0.30120380222797394,0.588189995288849,False,True
2014,L7 only,NDVI_amp,3434,0.2976851822108308,0.1626750542832286,0.08550749346613884,0.2904701605439186,0.5211345449090005,False,True
2014,L7 only,BSI_max,3434,0.10194651745604871,0.07106332770940763,0.016057157889008522,0.11731401458382607,0.16792691797018058,False,True
2014,L7 only,B_median,3434,0.07644363503250086,0.02088453431388116,0.046532001346349716,0.07746125012636185,0.09821274951100352,False,True
2014,L7 only,B_amp,3434,0.04621120454200007,0.02840070046256028,0.019175755232572554,0.03946249559521675,0.08104249611496925,False,True
2014,L7 only,G_median,3434,0.11029906247958897,0.02800901145778308,0.07263499945402145,0.11113500595092773,0.1394558735191822,False,True
2014,L7 only,G_amp,3434,0.05440436203377706,0.029984495264472416,0.023049129545688628,0.048454999923706055,0.09322774112224581,False,True
2014,L7 only,R_median,3434,0.12540458274129768,0.039473237592903346,0.06969387382268906,0.1274493709206581,0.1685701310634613,False,True
2014,L7 only,R_amp,3434,0.07652904920553355,0.03744950955502701,0.032163992524147034,0.07235249876976013,0.12401402443647387,False,True
2014,L7 only,NIR_median,3434,0.25811205151717054,0.03434971076335777,0.21400150656700134,0.25836654752492905,0.30077501237392423,False,True
2014,L7 only,NIR_amp,3434,0.11842481522936424,0.06422206079950181,0.04128571152687073,0.11012374609708786,0.2045477539300919,False,True
2014,L7 only,SWIR1_median,3434,0.23243025189561767,0.0438832948706295,0.1831176236271858,0.22799281775951385,0.28715081661939623,False,True
2014,L7 only,SWIR1_amp,3434,0.1190374908349371,0.06771078822165914,0.04179863333702088,0.10580627620220184,0.21425663083791735,False,True
2014,L7 only,SWIR2_median,3434,0.15899069168771432,0.046637790243901314,0.10138486921787263,0.15681250393390656,0.2142159938812256,False,True
2014,L7 only,SWIR2_amp,3434,0.10295172095142552,0.0505949269440248,0.040303999185562135,0.09982500225305557,0.16659500300884247,False,True
2015,L7 only,NDVI_median,3434,0.39842083855560856,0.15876853300651037,0.20323924943804741,0.3781386911869049,0.6270463615655899,False,True
2015,L7 only,NDVI_amp,3434,0.36784946014556813,0.1853421419053028,0.1081444412469864,0.37820519506931305,0.6094397008419038,False,True
2015,L7 only,BSI_max,3434,0.08857763929064162,0.07934956296657104,-0.020626992173492908,0.10808993130922318,0.16314718574285508,False,True
2015,L7 only,B_median,3434,0.07381926498326473,0.02138231452649084,0.04590225145220757,0.07437780499458313,0.09815499186515808,False,True
2015,L7 only,B_amp,3434,0.05716242170179383,0.04364570910008464,0.02098250389099121,0.049108121544122696,0.09796462655067444,False,True
2015,L7 only,G_median,3434,0.10710120214454191,0.02913260400725658,0.07074024677276611,0.10797937959432602,0.14016400128602985,False,True
2015,L7 only,G_amp,3434,0.06584463432977973,0.044987934551933964,0.024208250641822814,0.059200629591941833,0.10693099647760393,False,True
2015,L7 only,R_median,3434,0.11961998704041966,0.04187369150770945,0.06484563276171684,0.1202787533402443,0.16910500824451447,False,True
2015,L7 only,R_amp,3434,0.09118584049871027,0.05086624254752476,0.03294498175382614,0.0888456180691719,0.14239087775349618,False,True
2015,L7 only,NIR_median,3434,0.2783472550925503,0.03569433224167476,0.23440305814146994,0.2779809385538101,0.3226210027933121,False,True
2015,L7 only,NIR_amp,3434,0.1324861753985815,0.0744386062242095,0.04549327343702316,0.12093125283718109,0.23515113145112995,False,True
2015,L7 only,SWIR1_median,3434,0.23134116924557147,0.04657095688297848,0.1736644983291626,0.2283778116106987,0.291254509985447,False,True
2015,L7 only,SWIR1_amp,3434,0.12532970995301068,0.06429131991051626,0.04817036241292953,0.11888249963521957,0.21081639230251314,False,True
2015,L7 only,SWIR2_median,3434,0.1508421470325963,0.04835125150572506,0.09081248939037323,0.14856593310832977,0.21079500764608392,False,True
2015,L7 only,SWIR2_amp,3434,0.11185987534551477,0.05148171976177288,0.04417049288749695,0.11212436854839325,0.1755352392792702,False,True
2016,L7 only,NDVI_median,3434,0.4017587652989708,0.14484894489174524,0.22296475172042846,0.3891836479306221,0.5986845761537553,False,True
2016,L7 only,NDVI_amp,3434,0.4323466006039867,0.19010378470785422,0.16357264369726182,0.44247470051050186,0.6713634524494411,False,True
2016,L7 only,BSI_max,3434,0.1005005326754075,0.07589777784513262,0.007207828015089035,0.12011951580643654,0.16941997706890108,False,True
2016,L7 only,B_median,3434,0.06863914275662317,0.01995875569506702,0.044930125772953036,0.0671900063753128,0.093737131357193,False,True
2016,L7 only,B_amp,3434,0.08459349265175638,0.10082487033432405,0.03201824650168419,0.06323625519871712,0.1118521243333817,False,True
2016,L7 only,G_median,3434,0.10146118773730015,0.02723158343068894,0.07110118120908737,0.09869124740362167,0.1359152525663376,False,True
2016,L7 only,G_amp,3434,0.0920537293248039,0.07721603111143825,0.03839960396289826,0.07541187852621078,0.12876326888799675,False,True
2016,L7 only,R_median,3434,0.112392377788521,0.03906235594975419,0.06767400056123733,0.10840561985969543,0.16298968940973282,False,True
2016,L7 only,R_amp,3434,0.12453697322193592,0.09546625183789524,0.05459575653076172,0.10793061926960945,0.1704229980707169,False,True
2016,L7 only,NIR_median,3434,0.2715512945115497,0.033802422696739005,0.2295582562685013,0.27187252044677734,0.31282139122486113,False,True
2016,L7 only,NIR_amp,3434,0.17034829949258232,0.0736602155694282,0.08200639635324478,0.16352875530719757,0.2636796444654465,False,True
2016,L7 only,SWIR1_median,3434,0.22039885206899812,0.049329182771039794,0.16198661774396897,0.21569687500596046,0.2854080229997635,False,True
2016,L7 only,SWIR1_amp,3434,0.17481388907335008,0.08165955531443143,0.08012398630380631,0.1648969054222107,0.2713480323553087,False,True
2016,L7 only,SWIR2_median,3434,0.14115872135278473,0.04835675162629877,0.0831619918346405,0.13543469086289406,0.20490174293518068,False,True
2016,L7 only,SWIR2_amp,3434,0.14741095730434967,0.07268271439503808,0.06952000558376312,0.13835251331329346,0.2160509824752808,False,True
2017,L7 only,NDVI_median,3434,0.4440142530790624,0.14329260071290326,0.2688498079776764,0.4294884502887726,0.6489279448986054,False,True
2017,L7 only,NDVI_amp,3434,0.3461150016637555,0.15943561502670842,0.14367372244596482,0.3325277715921402,0.5665262013673783,False,True
2017,L7 only,BSI_max,3434,0.061504663522675855,0.08078390155018784,-0.04544048421084881,0.0760326124727726,0.14708310961723328,False,True
2017,L7 only,B_median,3434,0.06565838350101343,0.0167077377191348,0.044864127039909364,0.06609000265598297,0.08356693089008332,False,True
2017,L7 only,B_amp,3434,0.0621328281090054,0.06890346880957955,0.020267488807439803,0.04349811375141144,0.10930012986063962,False,True
2017,L7 only,G_median,3434,0.09654508610068883,0.02205432272684886,0.0701641246676445,0.0966528095304966,0.11989856362342835,False,True
2017,L7 only,G_amp,3434,0.06826437461251218,0.06709254047645195,0.022962489724159242,0.05120500922203064,0.11384037435054793,False,True
2017,L7 only,R_median,3434,0.10449103882290037,0.03286677831897248,0.06397387385368347,0.10424281284213066,0.14372250214219093,False,True
2017,L7 only,R_amp,3434,0.09197781553050426,0.06867418962185208,0.03784550130367279,0.07782500237226486,0.1420223712921144,False,True
2017,L7 only,NIR_median,3434,0.27771853570526395,0.04224390814462776,0.22291975021362304,0.27794311940670013,0.32917426228523256,False,True
2017,L7 only,NIR_amp,3434,0.1453942060817725,0.07686824465705662,0.059482519328594205,0.13292814046144485,0.24491776376962665,False,True
2017,L7 only,SWIR1_median,3434,0.21595746917941921,0.043667098228708595,0.1604074366390705,0.2152981236577034,0.2690867602825165,False,True
2017,L7 only,SWIR1_amp,3434,0.13052156723571434,0.0707542416864732,0.049311642348766324,0.11990000307559967,0.22143000364303603,False,True
2017,L7 only,SWIR2_median,3434,0.1316836558967985,0.03899958976481387,0.08276393488049508,0.12994156405329704,0.17988293692469598,False,True
2017,L7 only,SWIR2_amp,3434,0.11145514691325559,0.058745135899625156,0.044539009034633634,0.10477499663829803,0.17848051190376285,False,True
2018,L7 only,NDVI_median,3434,0.40076438577419354,0.1416045423524514,0.23878439962863923,0.379465714097023,0.6065233767032624,False,True
2018,L7 only,NDVI_amp,3434,0.336009764121126,0.17269171985065435,0.10793590545654298,0.3277279809117317,0.5769752204418184,False,True
2018,L7 only,BSI_max,3434,0.08470776166117673,0.07820591565111945,-0.018961778096854686,0.1007690541446209,0.16111152172088625,False,True
2018,L7 only,B_median,3434,0.06859960843118458,0.018142861840455327,0.04411062151193619,0.06961344182491302,0.08856849670410158,False,True
2018,L7 only,B_amp,3434,0.06308767102098979,0.058217582148967995,0.026541633903980254,0.05358375236392021,0.09645349383354189,False,True
2018,L7 only,G_median,3434,0.10146091330685827,0.024484963868605273,0.07095474600791932,0.10221124440431595,0.12898249924182892,False,True
2018,L7 only,G_amp,3434,0.07203939791180813,0.050675835848267445,0.030733996629714967,0.06404751539230347,0.11288749724626541,False,True
2018,L7 only,R_median,3434,0.11382806739928802,0.035624945556584124,0.0679723784327507,0.11384373903274536,0.15641650259494788,False,True
2018,L7 only,R_amp,3434,0.09586928543365134,0.05566120425512502,0.04124726057052613,0.0888456255197525,0.1501197516918183,False,True
2018,L7 only,NIR_median,3434,0.2705153720578136,0.03804770837082682,0.22303662970662116,0.27124687284231186,0.3141400218009949,False,True
2018,L7 only,NIR_amp,3434,0.14848056116212435,0.06666280969903429,0.06711511313915253,0.14289002120494843,0.23253590315580375,False,True
2018,L7 only,SWIR1_median,3434,0.22659590932332851,0.04404785869321569,0.17545475214719772,0.2225787527859211,0.2825961410999298,False,True
2018,L7 only,SWIR1_amp,3434,0.1487695336055464,0.06965679812644816,0.061675611138343814,0.14401064813137054,0.23935588896274568,False,True
2018,L7 only,SWIR2_median,3434,0.14697919561200595,0.042127443668228536,0.09487563222646714,0.14468500018119812,0.19998405873775485,False,True
2018,L7 only,SWIR2_amp,3434,0.12081024842852066,0.05370740393215446,0.053114871680736545,0.11878624558448792,0.1864843934774399,False,True
2019,L7 only,NDVI_median,3434,0.42424097998489735,0.14579876013687326,0.23959987238049507,0.4164203107357025,0.6215272575616837,False,True
2019,L7 only,NDVI_amp,3434,0.38639649002347415,0.18142958102803375,0.11825555860996247,0.41006171703338623,0.6098480671644211,False,True
2019,L7 only,BSI_max,3434,0.09530783313793761,0.08134317779408984,-0.0207075048238039,0.11768306791782379,0.1694129526615143,False,True
2019,L7 only,B_median,3434,0.06502452646325199,0.017238032749732374,0.045073124766349795,0.06423718854784966,0.0855923116207123,False,True
2019,L7 only,B_amp,3434,0.057595065806275825,0.04511532559122536,0.025675374269485473,0.047760628163814545,0.09218411892652514,False,True
2019,L7 only,G_median,3434,0.0955637629704206,0.02292710212716844,0.06973513513803482,0.09433937072753906,0.12253375351428986,False,True
2019,L7 only,G_amp,3434,0.06659665667757296,0.04606778237932907,0.030771112442016604,0.05796313285827637,0.10057987719774253,False,True
2019,L7 only,R_median,3434,0.10349945514205242,0.03355827500421587,0.06523474752902984,0.10059906169772148,0.14553751051425934,False,True
2019,L7 only,R_amp,3434,0.09229783082449235,0.0502602533670793,0.043664492666721344,0.08498875796794891,0.14130049720406532,False,True
2019,L7 only,NIR_median,3434,0.2609544360883269,0.036531278868377856,0.21867787688970566,0.25968313589692116,0.3026312589645386,False,True
2019,L7 only,NIR_amp,3434,0.14806035942526563,0.06837315499815043,0.06644549369812011,0.14156315475702286,0.23555262237787247,False,True
2019,L7 only,SWIR1_median,3434,0.20725902072525537,0.046189486490552885,0.1529432564973831,0.20331501215696335,0.26789118647575383,False,True
2019,L7 only,SWIR1_amp,3434,0.1283318782089648,0.062458073506279424,0.05320149064064026,0.12138500809669495,0.21158362925052646,False,True
2019,L7 only,SWIR2_median,3434,0.13087451399288244,0.04473218850150347,0.07759805619716645,0.12553124874830246,0.18985925912857057,False,True
2019,L7 only,SWIR2_amp,3434,0.110072859338917,0.04875833731217032,0.047693245112895966,0.10813000798225403,0.16921713501214983,False,True
2020,L7 only,NDVI_median,3434,0.4298570085140002,0.14893582969409186,0.22738460749387743,0.43583614379167557,0.6213162034749985,False,True
2020,L7 only,NDVI_amp,3434,0.36912782256148136,0.1853968111895129,0.11639858931303024,0.3639156222343445,0.6275450259447098,False,True
2020,L7 only,BSI_max,3434,0.08941904688891333,0.079799572587917,-0.016878832317888733,0.10770945996046066,0.16618874669075015,False,True
2020,L7 only,B_median,3434,0.0650071325360965,0.018844984798481516,0.04512399658560753,0.06201999634504318,0.08952687606215479,False,True
2020,L7 only,B_amp,3434,0.059346193526901334,0.031402305290850085,0.02896988093852997,0.05428498983383179,0.09001849442720418,False,True
2020,L7 only,G_median,3434,0.09635878644393292,0.025616484670003676,0.0705614984035492,0.09244874864816666,0.12923481613397597,False,True
2020,L7 only,G_amp,3434,0.0683096080701679,0.0346270092541028,0.03382501006126404,0.06356625258922577,0.10414111837744715,False,True
2020,L7 only,R_median,3434,0.10441355165647398,0.03769231652076177,0.06375937461853028,0.09757062792778015,0.15535088032484054,False,True
2020,L7 only,R_amp,3434,0.09145662424154037,0.04224322131527811,0.044365741312503815,0.08680375292897224,0.14087837040424347,False,True
2020,L7 only,NIR_median,3434,0.26751774871677386,0.0345607086135296,0.2248186230659485,0.2682597041130066,0.30730351209640505,False,True
2020,L7 only,NIR_amp,3434,0.1501331515957362,0.0677616970362784,0.06435002833604812,0.1455712616443634,0.23857625871896743,False,True
2020,L7 only,SWIR1_median,3434,0.20695894492608938,0.04955456051908896,0.15097287595272063,0.1997365653514862,0.2748679399490357,False,True
2020,L7 only,SWIR1_amp,3434,0.1336963166595026,0.062345844582938334,0.0580016165971756,0.1286725252866745,0.21266301274299634,False,True
2020,L7 only,SWIR2_median,3434,0.13067297300407377,0.0508716000743661,0.07362362891435623,0.12287406995892525,0.19927387237548833,False,True
2020,L7 only,SWIR2_amp,3434,0.11301474268648537,0.049551708703217665,0.05324000120162964,0.11023375391960144,0.1725350335240364,False,True
2021,L7 only,NDVI_median,3434,0.4395371184889911,0.1605742363284483,0.22810958772897721,0.4356543868780136,0.6601742923259736,False,True
2021,L7 only,NDVI_amp,3434,0.42745542235598366,0.2123834440392835,0.12871759682893752,0.435522235929966,0.6997571632266044,False,True
2021,L7 only,BSI_max,3434,0.07684148437500715,0.08433384884806276,-0.03237091898918152,0.0967167317867279,0.15878886580467225,False,True
2021,L7 only,B_median,3434,0.06328797605958315,0.019322902607332406,0.03913037367165089,0.06259750202298164,0.08622480630874636,False,True
2021,L7 only,B_amp,3434,0.0927525500359581,0.1376279587318548,0.028861260414123537,0.06065812706947327,0.10746587961912156,False,True
2021,L7 only,G_median,3434,0.09418575564289794,0.02613451128920253,0.06373325288295746,0.09348687529563904,0.123838621377945,False,True
2021,L7 only,G_amp,3434,0.09731177462131461,0.11831225835739015,0.033536252379417424,0.06858499348163605,0.11886461526155476,False,True
2021,L7 only,R_median,3434,0.10040789523016039,0.037049718236748554,0.05613500326871872,0.09766687452793121,0.14661962762475017,False,True
2021,L7 only,R_amp,3434,0.1215910392210764,0.1308479004634198,0.04213824570178985,0.09303249418735504,0.15974062383174897,False,True
2021,L7 only,NIR_median,3434,0.2604589296952888,0.041042836138757685,0.21033987998962403,0.26048749685287476,0.3091755911707878,False,True
2021,L7 only,NIR_amp,3434,0.18623513887632567,0.10684476748281933,0.07320500910282135,0.1711256504058838,0.2970467746257782,False,True
2021,L7 only,SWIR1_median,3434,0.19781452808127753,0.04522828204315427,0.1502399891614914,0.19125625491142273,0.26024619936943055,False,True
2021,L7 only,SWIR1_amp,3434,0.1484189424956685,0.10284971165981358,0.05946325957775116,0.12784750014543533,0.227691787481308,False,True
2021,L7 only,SWIR2_median,3434,0.12385910892849337,0.0450456616161648,0.07480062618851661,0.11653187870979309,0.18459849655628205,False,True
2021,L7 only,SWIR2_amp,3434,0.12757291458655598,0.09056788090577186,0.05305025428533554,0.11042626202106476,0.18339889198541642,False,True
2022,L7 only,NDVI_median,3434,0.41656780537233046,0.14465357833114365,0.23219767063856125,0.4123953729867935,0.6166785061359408,False,True
2022,L7 only,NDVI_amp,3434,0.39504897895261265,0.177304217653315,0.14597486555576325,0.3962477520108223,0.6291406393051149,False,True
2022,L7 only,BSI_max,3434,0.06009847155631368,0.07988407648445098,-0.04339169301092625,0.07079442590475082,0.14933330565690997,False,True
2022,L7 only,B_median,3434,0.06800125716020877,0.020660589150395266,0.04066487364470959,0.06842062622308731,0.0917227551341057,False,True
2022,L7 only,B_amp,3434,0.12204070228282698,0.11168032271636989,0.03681288063526154,0.07744000852108002,0.2803790450096131,False,True
2022,L7 only,G_median,3434,0.09715740951119847,0.027564459216532083,0.06357787400484086,0.0973471850156784,0.12799868509173395,False,True
2022,L7 only,G_amp,3434,0.12209609779000422,0.11073185981590285,0.03734225630760193,0.0798874944448471,0.27652075141668336,False,True
2022,L7 only,R_median,3434,0.10596140155793278,0.03781680724605729,0.05820850729942322,0.10506436973810196,0.1513908714056015,False,True
2022,L7 only,R_amp,3434,0.14280126656931225,0.11151706676713201,0.05171651691198349,0.10854250192642212,0.2908812537789346,False,True
2022,L7 only,NIR_median,3434,0.266077791232709,0.04102363338047806,0.220344378054142,0.2701365798711777,0.3091652870178223,False,True
2022,L7 only,NIR_amp,3434,0.18203479368142006,0.09976714638718068,0.07186986058950424,0.1655018925666809,0.31206727921962757,False,True
2022,L7 only,SWIR1_median,3434,0.19711234733943997,0.047207290325808934,0.14630956649780275,0.19352500140666962,0.2555099993944169,False,True
2022,L7 only,SWIR1_amp,3434,0.17149131716243668,0.09633088387361097,0.06916249245405197,0.15107811242341995,0.30174378156661996,False,True
2022,L7 only,SWIR2_median,3434,0.12493866239443864,0.04540764588732405,0.07376249134540558,0.11959812045097351,0.18108812645077707,False,True
2022,L7 only,SWIR2_amp,3434,0.1462865708201655,0.08563532783007886,0.05994037687778473,0.12703625857830048,0.26435203179717076,False,True
2023,L7 only,NDVI_median,3434,0.4599447927183331,0.1403558618548978,0.2911366865038872,0.45299002528190613,0.6409240990877155,False,True
2023,L7 only,NDVI_amp,3434,0.46068949163043094,0.17607340249635764,0.2240554392337799,0.4622312933206558,0.6927988089621068,False,True
2023,L7 only,BSI_max,3434,0.03934363468797804,0.08787422156774008,-0.07243742570281028,0.05106186866760254,0.13910463601350787,False,True
2023,L7 only,B_median,3434,0.06904158667684573,0.02643600276875359,0.0409962460398674,0.06699751317501068,0.09273199886083607,False,True
2023,L7 only,B_amp,3434,0.14680845632793324,0.13508192881185765,0.03138300180435181,0.0993024930357933,0.35393603891134273,False,True
2023,L7 only,G_median,3434,0.0905698056901758,0.02962681789582292,0.06064776182174683,0.08988436311483383,0.11869750916957855,False,True
2023,L7 only,G_amp,3434,0.14012413542450827,0.1259706707782283,0.03469263017177582,0.09853937476873398,0.32524252980947493,False,True
2023,L7 only,R_median,3434,0.09488297937829514,0.03616817842912575,0.05129636824131012,0.09473124891519547,0.13295350521802904,False,True
2023,L7 only,R_amp,3434,0.15705993936012563,0.13060768254257904,0.051397502422332764,0.11403562128543854,0.34929125681519513,False,True
2023,L7 only,NIR_median,3434,0.26173792321215417,0.05934498164900105,0.20134187042713164,0.26370157301425934,0.3254267141222954,False,True
2023,L7 only,NIR_amp,3434,0.20280644629556355,0.10413962117265363,0.08968575596809387,0.18649813532829285,0.3353721588850022,False,True
2023,L7 only,SWIR1_median,3434,0.18186360639050803,0.04780398444359751,0.1354738786816597,0.18238061666488647,0.23153205737471583,False,True
2023,L7 only,SWIR1_amp,3434,0.16581827174301542,0.09806611582618832,0.0702624961733818,0.14288312941789627,0.30585640668869046,False,True
2023,L7 only,SWIR2_median,3434,0.10670375245003313,0.037754594753748365,0.06548774689435959,0.10549406334757805,0.1489914923906327,False,True
2023,L7 only,SWIR2_amp,3434,0.1401006647374266,0.08231778787651485,0.06137726455926895,0.11971437186002731,0.2555575430393222,False,True
1996,L5 only,NDVI_median,7568,0.3952723637075079,0.12927625034036228,0.24911402240395547,0.38051627576351166,0.5822005450725556,False,False
1996,L5 only,NDVI_amp,7568,0.32412911990810533,0.13393239854389893,0.1430488869547844,0.32363638281822205,0.5004641622304916,False,False
1996,L5 only,BSI_max,7568,0.08718939826787923,0.08331119790351788,-0.011547419056296344,0.10819719731807709,0.15403913855552676,False,False
1996,L5 only,B_median,7568,0.07282494657710352,0.020787923645420064,0.039135877043008804,0.07498624920845032,0.0943325012922287,False,False
1996,L5 only,B_amp,7568,0.045229413516102775,0.02049889595403187,0.0253096342086792,0.042212486267089844,0.06748914122581483,False,False
1996,L5 only,G_median,7568,0.10605609238326912,0.028320947790558534,0.060935118794441225,0.10927874594926834,0.1346055544912815,False,False
1996,L5 only,G_amp,7568,0.05225490218611241,0.024521687457517646,0.027711741626262665,0.048186883330345154,0.08029998242855071,False,False
1996,L5 only,R_median,7568,0.11369113149229697,0.03565962703724907,0.05980968549847603,0.11565875262022018,0.15159162729978562,False,False
1996,L5 only,R_amp,7568,0.07427256418309365,0.03190883452110385,0.03766675591468811,0.07139000296592712,0.10969476103782655,False,False
1996,L5 only,NIR_median,7568,0.26297183239923094,0.032700530121077855,0.2242397516965866,0.26550623774528503,0.29864788949489596,False,False
1996,L5 only,NIR_amp,7568,0.11712932368508101,0.05582514980408905,0.05617837756872177,0.10771749913692474,0.188804030418396,False,False
1996,L5 only,SWIR1_median,7568,0.20706158332195898,0.04430834995459482,0.15994199663400652,0.20224937796592712,0.2621182382106781,False,False
1996,L5 only,SWIR1_amp,7568,0.10874782963390078,0.05057856933734156,0.05115000456571579,0.1014612466096878,0.17635614275932313,False,False
1996,L5 only,SWIR2_median,7568,0.13467902505236734,0.0439971831176425,0.08123494610190392,0.1306118741631508,0.18583049774169924,False,False
1996,L5 only,SWIR2_amp,7568,0.10592858090280037,0.0437800261630871,0.05164501070976257,0.10390875488519669,0.1616353839635849,False,False
1997,L5 only,NDVI_median,3686,0.39568765350120727,0.16604808968764034,0.19658150523900986,0.37008415162563324,0.6414681971073151,True,False
1997,L5 only,NDVI_amp,3686,0.2642048556132182,0.14760959777560365,0.08280361443758011,0.24463258683681488,0.47178689390420914,True,False
1997,L5 only,BSI_max,3686,0.08224933190916583,0.09551974556168027,-0.05924712121486664,0.10298974066972733,0.18090008944272995,True,False
1997,L5 only,B_median,3686,0.07574124585147857,0.025404575831660687,0.04038437083363533,0.07780500128865242,0.10565562546253204,True,False
1997,L5 only,B_amp,3686,0.058320302716332546,0.058888221655374204,0.01728375256061554,0.037647515535354614,0.13328562676906586,True,False
1997,L5 only,G_median,3686,0.10694954736634273,0.03601416201114706,0.05667811632156372,0.10974624752998352,0.1501128114759922,True,False
1997,L5 only,G_amp,3686,0.061240516113833895,0.05493403787216648,0.018280625343322754,0.04402751475572586,0.1310649961233139,True,False
1997,L5 only,R_median,3686,0.11625235874713179,0.046308954208479094,0.05338500440120697,0.11653187498450279,0.17426813021302223,True,False
1997,L5 only,R_amp,3686,0.07503225525807765,0.05634105579107715,0.02494250237941742,0.058382488787174225,0.14850686490535736,True,False
1997,L5 only,NIR_median,3686,0.2662802021172276,0.0456871554867071,0.2037893757224083,0.2703634425997734,0.3213999941945076,True,False
1997,L5 only,NIR_amp,3686,0.11349327515808706,0.07263480299328112,0.036911897361278534,0.09622248262166977,0.2167000100016594,True,False
1997,L5 only,SWIR1_median,3686,0.23407156416581368,0.05496409172952864,0.1609271876513958,0.23259562626481056,0.3038412556052208,True,False
1997,L5 only,SWIR1_amp,3686,0.10580510768798855,0.06753915678323433,0.034127503633499146,0.08987686038017273,0.2003512680530548,True,False
1997,L5 only,SWIR2_median,3686,0.15521969152508355,0.05628469037131871,0.08149001002311707,0.15039469301700592,0.23062936961650848,True,False
1997,L5 only,SWIR2_amp,3686,0.0961884361849941,0.05907310138449702,0.030676260590553284,0.08531186729669571,0.17516811937093735,True,False
1998,L5 only,NDVI_median,6994,0.46784748934626935,0.12151579012486499,0.30620289444923404,0.4736250042915344,0.6155925095081329,False,False
1998,L5 only,NDVI_amp,6994,0.32672954233818546,0.12861326656960823,0.1587327539920807,0.3225867301225662,0.496945358812809,False,False
1998,L5 only,BSI_max,6994,0.029674384404683417,0.08707668430857425,-0.09182021990418433,0.043951280415058136,0.12760798782110214,False,False
1998,L5 only,B_median,6994,0.06712494010394954,0.01716745603739165,0.04668943360447884,0.06591124832630157,0.08909787237644194,False,False
1998,L5 only,B_amp,6994,0.06955200837046752,0.05555167835630724,0.03094575554132462,0.06104999780654907,0.10135125145316123,False,False
1998,L5 only,G_median,6994,0.09806020301200763,0.022184522642370103,0.0731423705816269,0.09619563072919846,0.1261499971151352,False,False
1998,L5 only,G_amp,6994,0.0708394032935773,0.04747412294059878,0.0279124915599823,0.06235625594854355,0.11268399953842162,False,False
1998,L5 only,R_median,6994,0.09702584412016033,0.029026963241687864,0.06587618887424469,0.09222187101840973,0.13620812371373175,False,False
1998,L5 only,R_amp,6994,0.08655989966372575,0.0497008681688228,0.03536500483751297,0.07992875576019287,0.13508961200714112,False,False
1998,L5 only,NIR_median,6994,0.2706812372655401,0.03915851720985569,0.22275955155491828,0.270810317248106,0.31756927967071535,False,False
1998,L5 only,NIR_amp,6994,0.14359540960061437,0.0720769190641504,0.061810392141342166,0.13114751875400543,0.24220764040946957,False,False
1998,L5 only,SWIR1_median,6994,0.19517956358242927,0.04805270149246086,0.1344825029373169,0.19450124353170395,0.2570286840200424,False,False
1998,L5 only,SWIR1_amp,6994,0.13632347245458573,0.06276466024584311,0.05883074551820755,0.12952499836683273,0.22190712988376618,False,False
1998,L5 only,SWIR2_median,6994,0.11150128550375824,0.03976075865311798,0.06589750945568085,0.10502311587333679,0.16644711941480636,False,False
1998,L5 only,SWIR2_amp,6994,0.11130477764375012,0.05085991634869094,0.04877399802207947,0.10771749913692474,0.17778338640928268,False,False
1999,L5 + L7,NDVI_median,7552,0.44879483677628373,0.12220322466172047,0.2965113028883934,0.44405069202184677,0.6113699674606324,False,False
1999,L5 + L7,NDVI_amp,7552,0.3290481551944525,0.15082936217398865,0.1437184065580368,0.3083369731903076,0.5461642041802407,False,False
1999,L5 + L7,BSI_max,7552,0.05868391032653788,0.08654042051922146,-0.05383329093456268,0.07484577968716621,0.14783319085836416,False,False
1999,L5 + L7,B_median,7552,0.06084944926285169,0.015491696451203046,0.04211137816309929,0.05943499878048897,0.08037487864494325,False,False
1999,L5 + L7,B_amp,7552,0.05366188141130605,0.03157422005775753,0.026442628353834152,0.04988500848412514,0.07905699312686923,False,False
1999,L5 + L7,G_median,7552,0.09224817268372813,0.02079030338535405,0.06617249697446823,0.09121125936508179,0.11732868030667305,False,False
1999,L5 + L7,G_amp,7552,0.061977383184396675,0.030410821417412227,0.030579985678195955,0.05868500471115112,0.09289500117301941,False,False
1999,L5 + L7,R_median,7552,0.09609814903450246,0.028354353427092003,0.062308745086193086,0.09346624463796616,0.13179300278425218,False,False
1999,L5 + L7,R_amp,7552,0.08144797838955992,0.03574214193272101,0.039300255477428436,0.07902126014232635,0.12349975854158403,False,False
1999,L5 + L7,NIR_median,7552,0.2651251247576911,0.03358422805997882,0.22388776242733002,0.2650421969592571,0.306246155500412,False,False
1999,L5 + L7,NIR_amp,7552,0.13545470600020362,0.059195463594691224,0.060548117756843566,0.13150502741336823,0.21496612876653673,False,False
1999,L5 + L7,SWIR1_median,7552,0.2005292063951887,0.045752919407077194,0.14638931006193162,0.1956150010228157,0.2627211846411228,False,False
1999,L5 + L7,SWIR1_amp,7552,0.1363550402308909,0.06038047014915488,0.06086162924766541,0.1307418942451477,0.21726239323616028,False,False
1999,L5 + L7,SWIR2_median,7552,0.12065127871090041,0.03979432870224051,0.07401137351989746,0.11573436856269836,0.17542587518692018,False,False
1999,L5 + L7,SWIR2_amp,7552,0.10741459697848028,0.04559325773009446,0.05027274191379547,0.10469251126050949,0.1675891280174256,False,False
2000,L5 + L7,NDVI_median,7575,0.3998840755209474,0.15455413548854183,0.22675681710243226,0.36707600951194763,0.6372426867485047,False,False
2000,L5 + L7,NDVI_amp,7575,0.3728431709408268,0.14222018787551585,0.18047795295715333,0.37913867831230164,0.5567988216876985,False,False
2000,L5 + L7,BSI_max,7575,0.08719327072701645,0.08544915727052119,-0.018409635499119753,0.10777635872364044,0.16485687494277954,False,False
2000,L5 + L7,B_median,7575,0.07145334319411331,0.021453970809048407,0.036464251577854156,0.07464250922203064,0.09535413384437562,False,False
2000,L5 + L7,B_amp,7575,0.058679440577234766,0.032286154091432484,0.029870501160621645,0.05227750539779663,0.09205900430679323,False,False
2000,L5 + L7,G_median,7575,0.10311318754362982,0.02785732774401765,0.059143504500389105,0.10697562247514725,0.13395999372005463,False,False
2000,L5 + L7,G_amp,7575,0.0666809641764109,0.03236983359929415,0.03600300550460816,0.0602249950170517,0.10310850143432619,False,False
2000,L5 + L7,R_median,7575,0.1125910735882745,0.03867243181209597,0.05483012199401856,0.11666250228881836,0.15879525244235992,False,False
2000,L5 + L7,R_amp,7575,0.08547079192234738,0.038672407315604874,0.04340049773454666,0.07986004650592804,0.13336399793624878,False,False
2000,L5 + L7,NIR_median,7575,0.26409786015453907,0.03381921630800856,0.219150872528553,0.26761001348495483,0.3031427621841431,False,False
2000,L5 + L7,NIR_amp,7575,0.12529473318125156,0.06769217682035238,0.04805352091789246,0.11277748644351959,0.22194152772426606,False,False
2000,L5 + L7,SWIR1_median,7575,0.2175997469222585,0.05057162860766359,0.1448967471718788,0.22138937562704086,0.2787749767303467,False,False
2000,L5 + L7,SWIR1_amp,7575,0.11793335381317453,0.056869829935213154,0.051727503538131714,0.11041249334812164,0.19279149472713478,False,False
2000,L5 + L7,SWIR2_median,7575,0.1410656440931775,0.0492691110403254,0.07068251073360443,0.14310374855995178,0.20480549633502962,False,False
2000,L5 + L7,SWIR2_amp,7575,0.10700153740719207,0.04670172734026905,0.05016550719738007,0.10249251127243042,0.16927350461483007,False,False
2001,L5 + L7,NDVI_median,7558,0.47975899220068924,0.14712062720323094,0.28958486020565033,0.4762856364250183,0.6754928439855575,False,False
2001,L5 + L7,NDVI_amp,7558,0.42342683570900624,0.16551928954592526,0.20080481469631195,0.42094263434410095,0.6512047708034515,False,False
2001,L5 + L7,BSI_max,7558,0.08089582719650634,0.0919416017935077,-0.036044538766145696,0.10302213951945305,0.16440333724021913,False,False
2001,L5 + L7,B_median,7558,0.058413999579545205,0.017351701225103665,0.03562756218016148,0.05740000307559967,0.08005999028682709,False,False
2001,L5 + L7,B_amp,7558,0.06058735824228279,0.04833848638602993,0.029809992015361785,0.05149375647306442,0.08434250429272652,False,False
2001,L5 + L7,G_median,7558,0.08663423313160648,0.023387621737658102,0.05663274079561234,0.08616499602794647,0.11523251235485077,False,False
2001,L5 + L7,G_amp,7558,0.06689371276162831,0.04723584110701907,0.03283500671386719,0.05846499651670456,0.09724825471639634,False,False
2001,L5 + L7,R_median,7558,0.09137097984398601,0.03303158797846144,0.05119462162256241,0.08921749889850616,0.1340012475848198,False,False
2001,L5 + L7,R_amp,7558,0.0923543545149107,0.05086585170433649,0.04618212655186653,0.08569000661373138,0.1349273681640625,False,False
2001,L5 + L7,NIR_median,7558,0.26623060398018683,0.03459138946322919,0.2223415605723858,0.26698438823223114,0.30800201296806334,False,False
2001,L5 + L7,NIR_amp,7558,0.15233884412784462,0.0701582725247,0.06927388161420822,0.14275936782360077,0.24875537902116776,False,False
2001,L5 + L7,SWIR1_median,7558,0.19653073817168193,0.04666183764335298,0.13485168740153314,0.197687815874815,0.25509062185883524,False,False
2001,L5 + L7,SWIR1_amp,7558,0.12488593251207071,0.058714748427147745,0.05699927508831024,0.11813998967409134,0.197738753259182,False,False
2001,L5 + L7,SWIR2_median,7558,0.11831404050685451,0.04358389734033536,0.06224000006914139,0.11677248775959015,0.1752278745174408,False,False
2001,L5 + L7,SWIR2_amp,7558,0.11199141171723644,0.049015701775143285,0.05252499431371689,0.1093675047159195,0.17036663442850114,False,False
2002,L5 + L7,NDVI_median,7058,0.4168357957360623,0.1411610487492425,0.25255728214979173,0.3962633013725281,0.622921347618103,False,False
2002,L5 + L7,NDVI_amp,7058,0.35475236554208345,0.16911971816768276,0.14095161557197572,0.33736128732562065,0.5970490276813507,False,False
2002,L5 + L7,BSI_max,7058,0.056776040236167426,0.08053493351260108,-0.04389155730605125,0.0716838538646698,0.14006882309913635,False,False
2002,L5 + L7,B_median,7058,0.06753293583399177,0.017557717080760617,0.042052249610424045,0.06869561970233917,0.08677001297473907,False,False
2002,L5 + L7,B_amp,7058,0.05846404345253771,0.07269960251944424,0.02428249791264534,0.045897506177425385,0.08073312118649484,False,False
2002,L5 + L7,G_median,7058,0.09754669901957912,0.023571893767066646,0.0651756301522255,0.09866031631827354,0.1232666313648224,False,False
2002,L5 + L7,G_amp,7058,0.060202371323791026,0.06095321858203342,0.024612486362457275,0.04851001501083374,0.08732074797153473,False,False
2002,L5 + L7,R_median,7058,0.10586759406037693,0.03256031632471141,0.06141637712717057,0.10558000206947327,0.1445475071668625,False,False
2002,L5 + L7,R_amp,7058,0.08265484262180754,0.06426494641105354,0.03385248780250549,0.07088124752044678,0.12512224018573762,False,False
2002,L5 + L7,NIR_median,7058,0.2684666653474876,0.03548116225132406,0.22313355430960655,0.2703806310892105,0.3091116338968277,False,False
2002,L5 + L7,NIR_amp,7058,0.12923276628776392,0.07760191693672157,0.04081961661577225,0.11690936237573624,0.23043077290058137,False,False
2002,L5 + L7,SWIR1_median,7058,0.20524733432310774,0.04483195590416609,0.1470713011920452,0.2064637541770935,0.2601190060377121,False,False
2002,L5 + L7,SWIR1_amp,7058,0.11251841204704864,0.06170075315351735,0.04112626165151596,0.1021212562918663,0.19837401062250137,False,False
2002,L5 + L7,SWIR2_median,7058,0.1257201183711876,0.04125599293560653,0.07191174030303955,0.12474406510591507,0.17815249115228654,False,False
2002,L5 + L7,SWIR2_amp,7058,0.09630057294545581,0.04662687401264062,0.03986674845218659,0.09221439063549042,0.15773999691009521,False,False
2003,L5 + L7,NDVI_median,7375,0.4359192355648946,0.15165325856981565,0.2380176991224289,0.4307486265897751,0.6354407548904419,False,False
2003,L5 + L7,NDVI_amp,7375,0.3212867397888232,0.17062396564448123,0.09296310544013978,0.31741273403167725,0.5534707121551038,False,False
2003,L5 + L7,BSI_max,7375,0.060683212926954735,0.09614534409110143,-0.07442709803581235,0.08238214254379272,0.155071097612381,False,False
2003,L5 + L7,B_median,7375,0.06513992430547537,0.019321147593191906,0.040212498605251314,0.0640687495470047,0.09009750187397003,False,False
2003,L5 + L7,B_amp,7375,0.044646193551815164,0.02493928260765892,0.018040001392364502,0.04130500555038452,0.0707657516002655,False,False
2003,L5 + L7,G_median,7375,0.0943676181162818,0.025594635441009525,0.061410874128341675,0.09282688051462173,0.1270382434129715,False,False
2003,L5 + L7,G_amp,7375,0.05188327164367094,0.026535237957227946,0.020589235424995425,0.04925251007080078,0.08360000252723694,False,False
2003,L5 + L7,R_median,7375,0.10072508974802696,0.03666944840740532,0.059408876299858096,0.09625749289989471,0.15048750191926957,False,False
2003,L5 + L7,R_amp,7375,0.07479615992711762,0.03689521097315599,0.028671514987945568,0.07211875915527344,0.12261149883270264,False,False
2003,L5 + L7,NIR_median,7375,0.25807089098833375,0.03463802867252668,0.2134762555360794,0.2592775225639343,0.29901500344276427,False,False
2003,L5 + L7,NIR_amp,7375,0.10612694251739373,0.05580803116315078,0.03756499886512756,0.10052625834941864,0.1807245045900345,False,False
2003,L5 + L7,SWIR1_median,7375,0.1980425113207203,0.055007409255283087,0.13195524960756302,0.19489999115467072,0.2715328812599182,False,False
2003,L5 + L7,SWIR1_amp,7375,0.11041387105998346,0.05788255369720442,0.03960275352001191,0.10455501079559326,0.18953551054000856,False,False
2003,L5 + L7,SWIR2_median,7375,0.12327592601664995,0.05144835867990604,0.06333999335765839,0.11744624376296997,0.19279075860977174,False,False
2003,L5 + L7,SWIR2_amp,7375,0.09587171461824644,0.05086780747578499,0.027568751573562627,0.09502626955509186,0.1618539869785309,False,False
2004,L5 + L7,NDVI_median,6730,0.39679570934398967,0.14776054885416479,0.21993120536208152,0.381232388317585,0.5992198288440704,False,False
2004,L5 + L7,NDVI_amp,6730,0.27633395554825807,0.14741004736679864,0.09486637562513352,0.25652676820755005,0.49061076343059545,False,False
2004,L5 + L7,BSI_max,6730,0.07150443743197614,0.08567956179852945,-0.03618146851658821,0.08559568598866463,0.1619472309947014,False,False
2004,L5 + L7,B_median,6730,0.07219346986881514,0.021808768120907082,0.043454750627279284,0.07220875844359398,0.09961249083280563,False,False
2004,L5 + L7,B_amp,6730,0.04799596504329041,0.020831802892235886,0.0239250048995018,0.04677750915288925,0.0706777647137642,False,False
2004,L5 + L7,G_median,6730,0.10338278009679396,0.029198666620921555,0.06314612478017807,0.10402625799179077,0.1383338749408722,False,False
2004,L5 + L7,G_amp,6730,0.054040160590303955,0.024520621841788805,0.02529999613761902,0.05145248770713806,0.08423250913619995,False,False
2004,L5 + L7,R_median,6730,0.1148649188873938,0.03955270821637181,0.06338467970490456,0.11443499475717545,0.164086252450943,False,False
2004,L5 + L7,R_amp,6730,0.0714884079594226,0.03543412181769323,0.029259979724884033,0.06781499832868576,0.11682000756263733,False,False
2004,L5 + L7,NIR_median,6730,0.2669874260210353,0.03432511701920991,0.2220796212553978,0.27071061730384827,0.3049323379993439,False,False
2004,L5 + L7,NIR_amp,6730,0.09964323994132065,0.05933312163759361,0.03231256604194641,0.08847438544034958,0.1834332570433617,False,False
2004,L5 + L7,SWIR1_median,6730,0.22263531012773335,0.04980017761052344,0.16392742916941644,0.2169550061225891,0.2867802441120148,False,False
2004,L5 + L7,SWIR1_amp,6730,0.10498531701549732,0.057541219891474496,0.036624479293823245,0.09806501865386963,0.18051962554454806,False,False
2004,L5 + L7,SWIR2_median,6730,0.14598187628917583,0.05082691579370333,0.08368105590343476,0.14088311791419983,0.21116213351488117,False,False
2004,L5 + L7,SWIR2_amp,6730,0.09254912652551331,0.04831537533190949,0.03364215791225434,0.08762874454259872,0.15547262579202653,False,False
2005,L5 + L7,NDVI_median,7556,0.40398690565215606,0.14950997808518282,0.2245301529765129,0.38764288276433945,0.6047341823577881,False,False
2005,L5 + L7,NDVI_amp,7556,0.37945435951015105,0.16598420077914736,0.14598891139030457,0.38906969130039215,0.5968379750847816,False,False
2005,L5 + L7,BSI_max,7556,0.09042890422439537,0.08484202532265182,-0.0032670771470293403,0.11068133264780045,0.16208314895629883,False,False
2005,L5 + L7,B_median,7556,0.07210066782970272,0.020997985877988977,0.04275624826550484,0.07286874949932098,0.09661843627691269,False,False
2005,L5 + L7,B_amp,7556,0.053728716979429415,0.029725387739025402,0.026826247572898865,0.05048311874270439,0.07730249688029289,False,False
2005,L5 + L7,G_median,7556,0.10262786552296185,0.028109360032575664,0.06330561637878418,0.10392312705516815,0.13528000563383102,False,False
2005,L5 + L7,G_amp,7556,0.06117591256440443,0.03204564958120873,0.02798125147819519,0.05797000974416733,0.09325937181711197,False,False
2005,L5 + L7,R_median,7556,0.11346771187889017,0.0395014971582623,0.06372156366705894,0.11313218623399734,0.16184499859809875,False,False
2005,L5 + L7,R_amp,7556,0.0873546605597434,0.039106201422091424,0.0405418798327446,0.08568312972784042,0.13041186332702637,False,False
2005,L5 + L7,NIR_median,7556,0.2678320007443097,0.029964402988997437,0.2286631241440773,0.27060750871896744,0.3027343899011612,False,False
2005,L5 + L7,NIR_amp,7556,0.13068892138227703,0.0617262223757451,0.05407191812992096,0.12474001944065094,0.215627521276474,False,False
2005,L5 + L7,SWIR1_median,7556,0.2173462039556861,0.050175662709023974,0.1558775044977665,0.21359312534332275,0.2827350050210953,False,False
2005,L5 + L7,SWIR1_amp,7556,0.12305102017725379,0.0591624046127072,0.051039986312389374,0.11618750542402267,0.20482690632343292,False,False
2005,L5 + L7,SWIR2_median,7556,0.14179669611418275,0.051046576993952535,0.07682530954480171,0.13852499797940254,0.20780780538916588,False,False
2005,L5 + L7,SWIR2_amp,7556,0.11518083822796621,0.05023305855468879,0.05009124428033829,0.11378123611211777,0.17996688187122345,False,False
2006,L5 + L7,NDVI_median,7571,0.41889794168986694,0.144049063345418,0.2443181872367859,0.4078725725412369,0.611133337020874,False,False
2006,L5 + L7,NDVI_amp,7571,0.3304234497814858,0.15188275117027342,0.12650299072265625,0.3251490741968155,0.5310009121894836,False,False
2006,L5 + L7,BSI_max,7571,0.0699015277316923,0.08851189433014903,-0.033704724162817,0.08512970060110092,0.15727227926254272,False,False
2006,L5 + L7,B_median,7571,0.06991999240951563,0.019978121449774663,0.040459997951984406,0.07093000411987305,0.09295061975717545,False,False
2006,L5 + L7,B_amp,7571,0.05191595153766238,0.023651922054296767,0.02441999316215515,0.04925251007080078,0.0829399973154068,False,False
2006,L5 + L7,G_median,7571,0.10070954003999766,0.026545953513412733,0.06081687659025192,0.10247249901294708,0.1313749998807907,False,False
2006,L5 + L7,G_amp,7571,0.058121760772510904,0.025820179934330906,0.02672998607158661,0.05560500919818878,0.09160250425338745,False,False
2006,L5 + L7,R_median,7571,0.10956749593362501,0.03642596200764052,0.06200625002384186,0.1092512458562851,0.15446124970912933,False,False
2006,L5 + L7,R_amp,7571,0.08087898989131406,0.035504647334253514,0.03614875674247742,0.07888375967741013,0.127297505736351,False,False
2006,L5 + L7,NIR_median,7571,0.2689856093516124,0.031122239909392665,0.22826436907052994,0.2718449831008911,0.30418503284454346,False,False
2006,L5 + L7,NIR_amp,7571,0.11382712364165286,0.0595876741453941,0.045539990067481995,0.10441751778125763,0.194039985537529,False,False
2006,L5 + L7,SWIR1_median,7571,0.21436663382832935,0.04612810822828972,0.15906749665737152,0.20977750420570374,0.2748425006866455,False,False
2006,L5 + L7,SWIR1_amp,7571,0.11409091333026002,0.05486178600818858,0.04892247915267944,0.10723628103733063,0.1888974905014038,False,False
2006,L5 + L7,SWIR2_median,7571,0.13782377245443184,0.044596805381760855,0.0825899988412857,0.1338018774986267,0.19576624035835266,False,False
2006,L5 + L7,SWIR2_amp,7571,0.10242255805954563,0.04625708538046578,0.04339498281478882,0.10033376514911652,0.16161750257015228,False,False
2007,L5 + L7,NDVI_median,7335,0.4756746165373127,0.16276216503885949,0.26884318590164186,0.4705844521522522,0.7063985228538513,False,False
2007,L5 + L7,NDVI_amp,7335,0.3565688201175189,0.1646760969064808,0.13660784363746645,0.35587260127067566,0.5779582023620606,False,False
2007,L5 + L7,BSI_max,7335,0.06735706722567765,0.09531953536132051,-0.06506342291831968,0.08744890242815018,0.16360260248184205,False,False
2007,L5 + L7,B_median,7335,0.0605204008555201,0.019954737382220183,0.034575000405311584,0.06004001200199127,0.085372993350029,False,False
2007,L5 + L7,B_amp,7335,0.04463412187785296,0.02102922472092894,0.021152999997138978,0.04192373901605606,0.07008650600910188,False,False
2007,L5 + L7,G_median,7335,0.0909616160439486,0.0266597842008622,0.05704249441623688,0.09039999544620514,0.12378500401973724,False,False
2007,L5 + L7,G_amp,7335,0.0515623768424614,0.024791922942334545,0.022968006134033204,0.048289984464645386,0.08390247821807861,False,False
2007,L5 + L7,R_median,7335,0.09629830898845285,0.03817608120323508,0.04849137514829636,0.09398874640464783,0.14566949605941773,False,False
2007,L5 + L7,R_amp,7335,0.07658528294909464,0.035198036807153825,0.03368750214576721,0.07326000928878784,0.12340899705886842,False,False
2007,L5 + L7,NIR_median,7335,0.27521722708519575,0.03254742361407417,0.2357759952545166,0.27564001083374023,0.3132325291633606,False,False
2007,L5 + L7,NIR_amp,7335,0.13031111127292533,0.06406234398214762,0.05123253166675568,0.12476752698421478,0.2173380106687546,False,False
2007,L5 + L7,SWIR1_median,7335,0.20158153445331028,0.046863232363342416,0.1426499992609024,0.1972237527370453,0.2619449973106384,False,False
2007,L5 + L7,SWIR1_amp,7335,0.10878278990342817,0.059530846407978934,0.04032049179077148,0.09831249713897705,0.19392450749874118,False,False
2007,L5 + L7,SWIR2_median,7335,0.12418362314278932,0.04796137537469078,0.06559500098228455,0.11823000013828278,0.18598725199699404,False,False
2007,L5 + L7,SWIR2_amp,7335,0.09789384856119233,0.04779502476932213,0.03695448338985444,0.09420125186443329,0.1615019977092743,False,False
2008,L5 + L7,NDVI_median,6435,0.4538980064622728,0.17708474704695082,0.23049136996269226,0.437613382935524,0.7022624373435974,False,False
2008,L5 + L7,NDVI_amp,6435,0.29633423434483597,0.15335616886212633,0.11038189530372622,0.27604609727859497,0.5188230752944947,False,False
2008,L5 + L7,BSI_max,6435,0.036907617262816494,0.10430822937666784,-0.12458003163337707,0.06263948976993561,0.14641710519790652,False,False
2008,L5 + L7,B_median,6435,0.06699601954548232,0.02289223143911695,0.03506174981594086,0.06743749976158142,0.09553700387477876,False,False
2008,L5 + L7,B_amp,6435,0.05761422501368956,0.06822970775304067,0.020361006259918216,0.04626873880624771,0.08895700573921204,False,False
2008,L5 + L7,G_median,6435,0.09761968612404599,0.030201070371289804,0.055759625136852266,0.09876000881195068,0.13497750461101532,False,False
2008,L5 + L7,G_amp,6435,0.06136387027481682,0.04761472086913092,0.023366746306419373,0.05224999785423279,0.09785324633121491,False,False
2008,L5 + L7,R_median,6435,0.10523435607228339,0.04417157660729117,0.04831261858344078,0.10458999872207642,0.16324200034141542,False,False
2008,L5 + L7,R_amp,6435,0.08001947941225263,0.05288830849612921,0.03042049407958985,0.07152751088142395,0.13042699098587038,False,False
2008,L5 + L7,NIR_median,6435,0.27532710877609695,0.03984339226425699,0.2270227551460266,0.2742375135421753,0.3234487533569336,False,False
2008,L5 + L7,NIR_amp,6435,0.1208784011092034,0.06917953886115788,0.04328499734401703,0.10852876305580139,0.2132955223321916,False,False
2008,L5 + L7,SWIR1_median,6435,0.21446830548907586,0.0534202539234918,0.14075799882411957,0.21757374703884125,0.2807990074157715,False,False
2008,L5 + L7,SWIR1_amp,6435,0.11304389112733924,0.06073716530521761,0.041233503818511964,0.10564126074314117,0.19499424099922183,False,False
2008,L5 + L7,SWIR2_median,6435,0.13431322411594226,0.05212020258079733,0.06639799475669861,0.13206250965595245,0.2045731320977211,False,False
2008,L5 + L7,SWIR2_amp,6435,0.09724450971534665,0.05305624595835125,0.0337589979171753,0.09201499819755554,0.16418048143386843,False,False
2009,L5 + L7,NDVI_median,3758,0.5150190911574478,0.18212942166740687,0.27162058651447296,0.5113765895366669,0.769802850484848,True,False
2009,L5 + L7,NDVI_amp,3758,0.3040311132716793,0.163377066974541,0.09403191506862642,0.2890970855951309,0.5349301308393478,True,False
2009,L5 + L7,BSI_max,3758,0.04309111293658061,0.12319397006251555,-0.15903189629316328,0.07352975383400917,0.1743074923753739,True,False
2009,L5 + L7,B_median,3758,0.05484236541693359,0.022397281337991026,0.025232563167810442,0.05459500104188919,0.08420287966728211,True,False
2009,L5 + L7,B_amp,3758,0.04674005541333878,0.03291096506601206,0.016134244203567506,0.03902250528335571,0.08462162464857102,True,False
2009,L5 + L7,G_median,3758,0.08238252348991675,0.029738940189428686,0.04140875265002251,0.08254187926650047,0.12016324400901796,True,False
2009,L5 + L7,G_amp,3758,0.0533478781085277,0.03379549858347526,0.01977937072515488,0.045464374125003815,0.0961028777062893,True,False
2009,L5 + L7,R_median,3758,0.08788416821444174,0.04279733509750678,0.0318359985947609,0.08535031229257584,0.14467675387859347,True,False
2009,L5 + L7,R_amp,3758,0.07489157130841628,0.044901955737030534,0.026177242398262027,0.06651562452316284,0.13537287563085557,True,False
2009,L5 + L7,NIR_median,3758,0.2711855621949956,0.03940207931476031,0.21989612504839898,0.27420998364686966,0.31659439504146575,True,False
2009,L5 + L7,NIR_amp,3758,0.12871572545403936,0.07895161227442266,0.03813837617635727,0.11351314187049866,0.243681637942791,True,False
2009,L5 + L7,SWIR1_median,3758,0.2093133675405372,0.054704236839490626,0.14484175071120262,0.20251063257455826,0.2869713604450226,True,False
2009,L5 + L7,SWIR1_amp,3758,0.12001341895188912,0.06639926138471008,0.039389622211456296,0.1123099997639656,0.21130039691925048,True,False
2009,L5 + L7,SWIR2_median,3758,0.12505673018183525,0.050884227580150924,0.0655606210231781,0.11652499809861183,0.19853412732481956,True,False
2009,L5 + L7,SWIR2_amp,3758,0.09612595824848914,0.05236328759840526,0.03223001509904862,0.09088750928640366,0.16686175763607028,True,False
2010,L5 + L7,NDVI_median,7302,0.44876127421062095,0.15880352812973286,0.24841831177473067,0.4379311800003052,0.6696061491966248,False,False
2010,L5 + L7,NDVI_amp,7302,0.3508316941047355,0.16963694048593847,0.122941155731678,0.34994836151599884,0.5781217947602273,False,False
2010,L5 + L7,BSI_max,7302,0.06021138312085437,0.09301142143957021,-0.0645724780857563,0.0804356262087822,0.15104173421859743,False,False
2010,L5 + L7,B_median,7302,0.06474265621802115,0.02086623213266266,0.03520887047052383,0.0646393746137619,0.09113974198698999,False,False
2010,L5 + L7,B_amp,7302,0.06115880111037003,0.05939859909769073,0.02120388001203537,0.05154188349843025,0.08899000212550164,False,False
2010,L5 + L7,G_median,7302,0.09466697909835838,0.02759328722947862,0.055193130671978,0.09479313343763351,0.1291323855519295,False,False
2010,L5 + L7,G_amp,7302,0.06813354065355554,0.056228237610665754,0.024639993906021118,0.059475623071193695,0.10200849771499636,False,False
2010,L5 + L7,R_median,7302,0.10260955396079505,0.03863565096358632,0.05225750133395195,0.10096343979239464,0.152879998087883,False,False
2010,L5 + L7,R_amp,7302,0.09137312108479895,0.06036560363020021,0.03299999237060547,0.08465874940156937,0.14167725145816804,False,False
2010,L5 + L7,NIR_median,7302,0.2712454310090566,0.032303226089121694,0.23205388709902763,0.27313750982284546,0.30759501457214355,False,False
2010,L5 + L7,NIR_amp,7302,0.12545482240876443,0.07255690735322076,0.0433455228805542,0.11530754715204239,0.21499637812376038,False,False
2010,L5 + L7,SWIR1_median,7302,0.20855871855067787,0.04852432051716697,0.1498055025935173,0.2046624943614006,0.2703943803906441,False,False
2010,L5 + L7,SWIR1_amp,7302,0.12581878620544482,0.06620902508694246,0.04712264835834503,0.11957687139511108,0.20725653469562536,False,False
2010,L5 + L7,SWIR2_median,7302,0.12859148151766467,0.04664931336512476,0.07128749787807465,0.12397062033414841,0.19051856696605685,False,False
2010,L5 + L7,SWIR2_amp,7302,0.10856794689276127,0.054341002444007636,0.04200762808322907,0.10643874853849411,0.17187360972166063,False,False
2011,L5 + L7,NDVI_median,3294,0.5094923787961223,0.21726730129054234,0.22050915583968161,0.49836626648902893,0.8009317457675935,True,False
2011,L5 + L7,NDVI_amp,3294,0.2739556607037232,0.1499384519895708,0.09025754183530808,0.25994402170181274,0.47851084917783737,True,False
2011,L5 + L7,BSI_max,3294,0.025431907673504076,0.1254910515218376,-0.17418828308582307,0.05553260259330273,0.16547583043575287,True,False
2011,L5 + L7,B_median,3294,0.05876209658107471,0.027619949389478766,0.0250111848115921,0.0567881278693676,0.0945483759045601,True,False
2011,L5 + L7,B_amp,3294,0.04975984389167087,0.03808362385385575,0.016755741834640504,0.04205437749624252,0.08723961859941487,True,False
2011,L5 + L7,G_median,3294,0.0873381677058225,0.035512112326817946,0.04196287542581558,0.0859449952840805,0.1321298696100712,True,False
2011,L5 + L7,G_amp,3294,0.05525214227994211,0.03942529256206789,0.018631254136562348,0.047946251928806305,0.09845412969589237,True,False
2011,L5 + L7,R_median,3294,0.09252936680053102,0.05022840676209417,0.030558621883392336,0.08906624466180801,0.15581012666225436,True,False
2011,L5 + L7,R_amp,3294,0.07167856516480518,0.0468363493687063,0.022933632880449296,0.06342187523841858,0.12809637635946275,True,False
2011,L5 + L7,NIR_median,3294,0.27359042788952426,0.040797817988609285,0.22141824364662172,0.2749903127551079,0.3217410296201706,True,False
2011,L5 + L7,NIR_amp,3294,0.13087377582552873,0.0739108595419957,0.04701401889324188,0.11627690494060516,0.238330101966858,True,False
2011,L5 + L7,SWIR1_median,3294,0.21288856806297987,0.0532044066999484,0.14939162135124207,0.20899374783039093,0.2828917443752289,True,False
2011,L5 + L7,SWIR1_amp,3294,0.11196150409502192,0.06672223945074136,0.03892897516489029,0.09739125519990921,0.205420882999897,True,False
2011,L5 + L7,SWIR2_median,3294,0.130654903181897,0.05515500243468039,0.06688200682401657,0.12346187978982925,0.20019856169819833,True,False
2011,L5 + L7,SWIR2_amp,3294,0.09027600199499851,0.05412817737071817,0.03077661246061325,0.0798875093460083,0.1606742471456528,True,False
2012,L7 only,NDVI_median,6352,0.3934267029827179,0.1875031125610141,0.18925500735640527,0.3376714438199997,0.6921434760093689,True,False
2012,L7 only,NDVI_amp,6352,0.3133189995051124,0.14869769726795284,0.12550011277198792,0.3043246418237686,0.5145363688468934,True,False
2012,L7 only,BSI_max,6352,0.06596266054993906,0.0961111801981307,-0.07581287324428558,0.09470744803547859,0.15607839971780776,True,False
2012,L7 only,B_median,6352,0.07248875719638218,0.02413206006670736,0.03588193506002426,0.0755775049328804,0.10063000023365021,True,False
2012,L7 only,B_amp,6352,0.06870482812731782,0.03714084817920685,0.02499747574329376,0.06803499907255173,0.10609501451253892,True,False
2012,L7 only,G_median,6352,0.10322721879718173,0.030678354960067687,0.05630275011062622,0.10703406482934952,0.13877868354320527,True,False
2012,L7 only,G_amp,6352,0.07214460102020193,0.03720171122587342,0.027627867460250855,0.07066811621189117,0.11192225813865662,True,False
2012,L7 only,R_median,6352,0.11416484719208003,0.04278472079691946,0.04992136806249618,0.11919249594211578,0.16427737027406694,True,False
2012,L7 only,R_amp,6352,0.08905674434578989,0.04313461085591238,0.03646499067544937,0.08684501051902771,0.1387292638421059,True,False
2012,L7 only,NIR_median,6352,0.26759588900104314,0.03952867808402849,0.2176479995250702,0.2678643800318241,0.31625547111034397,True,False
2012,L7 only,NIR_amp,6352,0.14018017968270804,0.0658513223304534,0.05958013534545899,0.13385628163814545,0.2278622716665268,True,False
2012,L7 only,SWIR1_median,6352,0.22241942777582244,0.04238575988172017,0.16930300146341323,0.2208668738603592,0.27558499574661255,True,False
2012,L7 only,SWIR1_amp,6352,0.13091463870333708,0.06427964437893711,0.05300763547420502,0.12197625637054443,0.2224667593836785,True,False
2012,L7 only,SWIR2_median,6352,0.14492555325076698,0.04398533962400601,0.08660981059074402,0.14466437697410583,0.2014106169342995,True,False
2012,L7 only,SWIR2_amp,6352,0.11010010459903694,0.051056190828428105,0.04513988643884659,0.1063700020313263,0.17750149667263038,True,False
2013,L7 only,NDVI_median,7476,0.4334628159873419,0.16344545946085978,0.22935888916254044,0.41909441351890564,0.6642375737428665,False,False
2013,L7 only,NDVI_amp,7476,0.3385526198300061,0.17040974551875968,0.11741317808628082,0.33069276809692383,0.5785042867064476,False,False
2013,L7 only,BSI_max,7476,0.06365930523933765,0.09503588791264418,-0.06608167290687561,0.08454498276114464,0.15642446279525757,False,False
2013,L7 only,B_median,7476,0.0688226092213126,0.021851331607013882,0.036630623042583466,0.07021500170230865,0.09480001032352448,False,False
2013,L7 only,B_amp,7476,0.04614948514308791,0.0242202155816106,0.01900249719619751,0.04301688075065613,0.07651875168085098,False,False
2013,L7 only,G_median,7476,0.10082368838808606,0.02927753553457403,0.05804624781012535,0.10306375473737717,0.13494999706745148,False,False
2013,L7 only,G_amp,7476,0.05488100110360363,0.02731948427540852,0.022838756442070007,0.051933739334344864,0.0907018780708313,False,False
2013,L7 only,R_median,7476,0.1102829369725814,0.041431630419549795,0.05419624596834183,0.11046124994754791,0.16177624836564064,False,False
2013,L7 only,R_amp,7476,0.07977760615551803,0.039353336169418995,0.03181751072406769,0.07614749670028687,0.13030874729156494,False,False
2013,L7 only,NIR_median,7476,0.27628823471992586,0.032750239583768145,0.23413562774658203,0.27800844609737396,0.31412625312805176,False,False
2013,L7 only,NIR_amp,7476,0.11037935959967526,0.06155603482844467,0.038616880774497986,0.10048502683639526,0.19711311906576157,False,False
2013,L7 only,SWIR1_median,7476,0.22081830428884333,0.0480861332149345,0.16000937670469284,0.21883531287312508,0.282288134098053,False,False
2013,L7 only,SWIR1_amp,7476,0.1103710001568749,0.0572958471130211,0.043738752603530884,0.10346873849630356,0.18779750168323517,False,False
2013,L7 only,SWIR2_median,7476,0.14128672204554926,0.04885727341732327,0.0788087546825409,0.136998750269413,0.20416750013828278,False,False
2013,L7 only,SWIR2_amp,7476,0.09700983023263988,0.046369461870471175,0.03917374461889267,0.09341061115264893,0.15714187920093536,False,False
2014,L7 only,NDVI_median,7486,0.36806055578628855,0.17187421026372196,0.1889379732310772,0.31959278881549835,0.6571188867092133,False,False
2014,L7 only,NDVI_amp,7486,0.29808356121337587,0.15586543224727353,0.09732769057154655,0.2869838923215866,0.5132138058543205,False,False
2014,L7 only,BSI_max,7486,0.08837490992206264,0.08572844845347957,-0.028318896889686584,0.11070055142045021,0.16481689363718033,False,False
2014,L7 only,B_median,7486,0.07260027421713512,0.021635744643330387,0.0374625027179718,0.07566343992948532,0.09514375776052475,False,False
2014,L7 only,B_amp,7486,0.04284592013932504,0.02506406435400216,0.01856251060962677,0.03762000426650047,0.07356937229633331,False,False
2014,L7 only,G_median,7486,0.10516757765327533,0.02908460241942153,0.0589296892285347,0.10865999758243561,0.1354656219482422,False,False
2014,L7 only,G_amp,7486,0.05118999780100232,0.027551381850006055,0.022385001182556152,0.04636501520872116,0.08505062013864517,False,False
2014,L7 only,R_median,7486,0.11828135628369668,0.04100444877375113,0.053391873836517334,0.12334500253200531,0.16310998797416687,False,False
2014,L7 only,R_amp,7486,0.07318783631673191,0.03650724723299999,0.03133624792098999,0.0685918852686882,0.1175762489438057,False,False
2014,L7 only,NIR_median,7486,0.2579995833612001,0.03430454370505031,0.2140125036239624,0.25831499695777893,0.30070625245571136,False,False
2014,L7 only,NIR_amp,7486,0.11880715590466989,0.06466198597945153,0.042363762855529785,0.10926437377929688,0.20608501136302948,False,False
2014,L7 only,SWIR1_median,7486,0.22607700194991306,0.04332363438146719,0.17360125482082367,0.22316999733448029,0.27988187968730927,False,False
2014,L7 only,SWIR1_amp,7486,0.11715563034254091,0.06688497994073023,0.041029997169971466,0.10493998974561691,0.20992126315832138,False,False
2014,L7 only,SWIR2_median,7486,0.15125597811461036,0.04579794133219417,0.08905594423413277,0.1516837552189827,0.20497187599539757,False,False
2014,L7 only,SWIR2_amp,7486,0.10008693820862345,0.050617207994026345,0.03858937323093414,0.09581686556339264,0.16399626433849335,False,False
2015,L7 only,NDVI_median,6603,0.41704494569365425,0.1634762717474937,0.2130943477153778,0.4005722999572754,0.655013918876648,False,False
2015,L7 only,NDVI_amp,6603,0.3612683788206723,0.18442471277306258,0.10882099270820618,0.36375783383846283,0.6059773847460747,False,False
2015,L7 only,BSI_max,6603,0.07951515044533249,0.08862484398437982,-0.04323210492730141,0.10344395041465759,0.16206323504447936,False,False
2015,L7 only,B_median,6603,0.07155035267293895,0.021296746240402013,0.04220899939537048,0.07255248725414276,0.09625611901283264,False,False
2015,L7 only,B_amp,6603,0.05371700675333519,0.038094899435220854,0.0206030011177063,0.04753375053405762,0.08781849443912507,False,False
2015,L7 only,G_median,6603,0.10382029084864212,0.029052873329158856,0.06508899629116058,0.10525000095367432,0.13713349997997284,False,False
2015,L7 only,G_amp,6603,0.06204126440705124,0.03999261358437741,0.02334749698638916,0.05684250593185425,0.10116700530052186,False,False
2015,L7 only,R_median,6603,0.11488545944063154,0.04168213627397348,0.05872274190187455,0.11702686548233032,0.16450699865818025,False,False
2015,L7 only,R_amp,6603,0.08678808088092646,0.04776978540750369,0.031185001134872437,0.08417748659849167,0.13741198480129244,False,False
2015,L7 only,NIR_median,6603,0.27831561544208516,0.035979047082530094,0.23425249755382538,0.278142511844635,0.32274752855300903,False,False
2015,L7 only,NIR_amp,6603,0.12840194560787127,0.07117567616018895,0.04678027331829071,0.11701250076293945,0.22561551332473756,False,False
2015,L7 only,SWIR1_median,6603,0.2277506973273408,0.046173871143987924,0.17052949368953704,0.2254524976015091,0.286342990398407,False,False
2015,L7 only,SWIR1_amp,6603,0.12060263796266454,0.062524867369972,0.04584249258041382,0.1143449991941452,0.2043965041637421,False,False
2015,L7 only,SWIR2_median,6603,0.14640052840576268,0.047140674494922125,0.08507325351238251,0.1444375067949295,0.2054558724164963,False,False
2015,L7 only,SWIR2_amp,6603,0.10759794121142971,0.050864429134790654,0.0417725145816803,0.10711249709129333,0.1708794951438904,False,False
2016,L7 only,NDVI_median,7516,0.4218081194689837,0.15390245803572467,0.23743242770433426,0.4032926484942436,0.6418663561344147,False,False
2016,L7 only,NDVI_amp,7516,0.42172727713800356,0.1867156433438735,0.1626824215054512,0.4295954927802086,0.6630789861083031,False,False
2016,L7 only,BSI_max,7516,0.08862824306857896,0.09089113298590085,-0.03511783853173256,0.1143593080341816,0.1690075621008873,False,False
2016,L7 only,B_median,7516,0.065126898275721,0.019630399719203568,0.038259997963905334,0.06463249027729034,0.08901124447584152,False,False
2016,L7 only,B_amp,7516,0.07399557137831117,0.08041554613725889,0.029314998537302017,0.06030751019716263,0.09950187429785728,False,False
2016,L7 only,G_median,7516,0.0964485861231167,0.026843798276358355,0.06029437482357025,0.09572812914848328,0.12854936718940735,False,False
2016,L7 only,G_amp,7516,0.0828045447073984,0.06505066908934443,0.03425126522779465,0.07195375859737396,0.11765874177217484,False,False
2016,L7 only,R_median,7516,0.10582159321106863,0.03821072702404656,0.05746874958276749,0.10345562547445297,0.15349187701940536,False,False
2016,L7 only,R_amp,7516,0.11267588945415948,0.08038879763206057,0.04738937318325043,0.10172249376773834,0.16230500116944313,False,False
2016,L7 only,NIR_median,7516,0.26759702047534356,0.03421486710645356,0.2245587483048439,0.26755499839782715,0.31023501604795456,False,False
2016,L7 only,NIR_amp,7516,0.162869462182328,0.06974139313813632,0.07777000218629837,0.15709376335144043,0.2505525201559067,False,False
2016,L7 only,SWIR1_median,7516,0.21367529049384873,0.04841830477294649,0.15733500197529793,0.2082684338092804,0.2774309366941452,False,False
2016,L7 only,SWIR1_amp,7516,0.165654987694538,0.07847655041123208,0.07138311117887497,0.15910813957452774,0.26059690117836,False,False
2016,L7 only,SWIR2_median,7516,0.13479697251342487,0.047025728592925226,0.07869875431060791,0.12879687920212746,0.19737500697374344,False,False
2016,L7 only,SWIR2_amp,7516,0.13735191864538948,0.06815295931561924,0.06014937162399292,0.13208938017487526,0.20533563196659088,False,False
2017,L7 only,NDVI_median,6686,0.45498020836073294,0.1533305955776636,0.2695734277367592,0.4338536113500595,0.6839249432086945,False,False
2017,L7 only,NDVI_amp,6686,0.3367501256781715,0.15531481270673345,0.14141546189785004,0.32175399363040924,0.5558796897530556,False,False
2017,L7 only,BSI_max,6686,0.05532196292698484,0.08960813801748775,-0.07084490731358528,0.0746135339140892,0.14659298211336136,False,False
2017,L7 only,B_median,6686,0.06351713779472391,0.01742512704994217,0.038033124059438705,0.06490062177181244,0.08211905509233475,False,False
2017,L7 only,B_amp,6686,0.0564764187669294,0.058773130296054306,0.020233124494552612,0.042673125863075256,0.0877043679356575,False,False
2017,L7 only,G_median,6686,0.09339124938980695,0.023191539060856213,0.06083749234676361,0.09507499635219574,0.11796188354492188,False,False
2017,L7 only,G_amp,6686,0.06271642021948515,0.05792372961143585,0.02231624722480774,0.05002249777317047,0.09970125555992126,False,False
2017,L7 only,R_median,6686,0.1003633058409009,0.033685102336157534,0.05356375500559807,0.10181593522429466,0.13902001082897186,False,False
2017,L7 only,R_amp,6686,0.08555345379669724,0.06045764950144913,0.035131245851516724,0.07519188523292542,0.13069375604391098,False,False
2017,L7 only,NIR_median,6686,0.27285864752208333,0.04257417384205171,0.2177250012755394,0.2734743729233742,0.32495440542697906,False,False
2017,L7 only,NIR_amp,6686,0.1396789613151725,0.07187764549693405,0.05836185812950134,0.12941501289606094,0.233220636844635,False,False
2017,L7 only,SWIR1_median,6686,0.21130814249514462,0.0441842373097458,0.1545368693768978,0.2108362466096878,0.26596687734127045,False,False
2017,L7 only,SWIR1_amp,6686,0.12808121124133712,0.06668090334921566,0.04928002506494522,0.12005128711462021,0.21337251365184784,False,False
2017,L7 only,SWIR2_median,6686,0.1283044297768529,0.03932807706067594,0.07803875207901001,0.1263974979519844,0.1778431162238121,False,False
2017,L7 only,SWIR2_amp,6686,0.10788338975838797,0.05473185771068597,0.042844995856285095,0.10404625535011292,0.1682175099849701,False,False
2018,L7 only,NDVI_median,7485,0.4205327273077103,0.1517342160101572,0.246956205368042,0.3938116878271103,0.6506904542446137,False,False
2018,L7 only,NDVI_amp,7485,0.32833679389019893,0.1679003870208975,0.11349222660064699,0.31516727805137634,0.5668308943510055,False,False
2018,L7 only,BSI_max,7485,0.07186415350298646,0.08862832578636543,-0.04892242997884749,0.09285412728786469,0.15764693319797518,False,False
2018,L7 only,B_median,7485,0.06547852824171464,0.01896627478664041,0.03644499480724335,0.06725876033306122,0.08652662634849549,False,False
2018,L7 only,B_amp,7485,0.056119001829472874,0.04384371988549489,0.02430175244808197,0.04966500401496887,0.08685050308704378,False,False
2018,L7 only,G_median,7485,0.09714568594822744,0.025692753555788796,0.05803249776363373,0.09946125745773315,0.12539512664079666,False,False
2018,L7 only,G_amp,7485,0.06500247819728666,0.04096884270544043,0.028371751308441162,0.059179991483688354,0.10232750475406646,False,False
2018,L7 only,R_median,7485,0.1078829342468269,0.036648492782236364,0.05495249330997467,0.10989062488079071,0.15149950087070466,False,False
2018,L7 only,R_amp,7485,0.08772902755575651,0.04827979688507559,0.03707549571990967,0.08195000886917114,0.13887499570846557,False,False
2018,L7 only,NIR_median,7485,0.26751349735694,0.03729012117336044,0.22074999511241913,0.2679399847984314,0.31220950484275817,False,False
2018,L7 only,NIR_amp,7485,0.14396184733412468,0.064664241346522,0.06384951174259186,0.1392187625169754,0.2274030297994614,False,False
2018,L7 only,SWIR1_median,7485,0.22047752131301718,0.04439414647069655,0.16745500266551971,0.21684499084949493,0.2771965116262436,False,False
2018,L7 only,SWIR1_amp,7485,0.1426803188317604,0.06853322892269524,0.05809378027915955,0.1360975056886673,0.2339040279388428,False,False
2018,L7 only,SWIR2_median,7485,0.14117733973987356,0.04210897218063755,0.08663800060749054,0.14003749936819077,0.193601992726326,False,False
2018,L7 only,SWIR2_amp,7485,0.11403711169719219,0.05266686245994326,0.0490215003490448,0.11153998970985413,0.17895350605249408,False,False
2019,L7 only,NDVI_median,7561,0.4465435676368079,0.15504307522799193,0.2502344250679016,0.43712159991264343,0.6644933223724365,False,False
2019,L7 only,NDVI_amp,7561,0.38168020161211064,0.1770957434208251,0.1399291455745697,0.3894258141517639,0.6091827899217606,False,False
2019,L7 only,BSI_max,7561,0.08278742871097848,0.09397055595550005,-0.05876754969358444,0.11188523471355438,0.16711299121379852,False,False
2019,L7 only,B_median,7561,0.06180122846286932,0.01821384335602304,0.03636249899864197,0.06177249550819397,0.08308498561382294,False,False
2019,L7 only,B_amp,7561,0.05245273980162885,0.03656070598109867,0.025767505168914795,0.04607626050710678,0.07660125941038132,False,False
2019,L7 only,G_median,7561,0.09135186350675917,0.02427609819857683,0.05801874399185181,0.0913349986076355,0.11938498914241791,False,False
2019,L7 only,G_amp,7561,0.061088502215907114,0.0396088917072152,0.030002489686012268,0.05489000678062439,0.08986999094486237,False,False
2019,L7 only,R_median,7561,0.09780251402139364,0.03452061552215367,0.05393500626087189,0.09598250687122345,0.14082124829292297,False,False
2019,L7 only,R_amp,7561,0.0860255282619078,0.04577528225016954,0.040947481989860535,0.08087751269340515,0.12955249845981598,False,False
2019,L7 only,NIR_median,7561,0.2591370753899577,0.03561642892935567,0.21651498973369598,0.2584043890237808,0.3009124994277954,False,False
2019,L7 only,NIR_amp,7561,0.13867419243603846,0.0669552983096121,0.056952521204948425,0.13439249992370605,0.22404251992702484,False,False
2019,L7 only,SWIR1_median,7561,0.200495697915625,0.04611872593785857,0.14805375039577484,0.19558750092983246,0.26100999116897583,False,False
2019,L7 only,SWIR1_amp,7561,0.12104854823900994,0.06252761300536526,0.04595251381397247,0.1130799949169159,0.2044762372970581,False,False
2019,L7 only,SWIR2_median,7561,0.12438275719438655,0.04421634182419715,0.07297874987125397,0.11900000274181366,0.18277250230312347,False,False
2019,L7 only,SWIR2_amp,7561,0.1037636203993141,0.048960329836911336,0.04052125662565231,0.10290500521659851,0.16392749547958374,False,False
2020,L7 only,NDVI_median,7294,0.44956960156054,0.1503181837789531,0.2451254606246948,0.45622047781944275,0.6441217094659805,False,False
2020,L7 only,NDVI_amp,7294,0.3754342709972378,0.1871014354198704,0.12336685210466387,0.36890482902526855,0.6339386492967605,False,False
2020,L7 only,BSI_max,7294,0.07730019846028019,0.0930622202819206,-0.04810520894825457,0.10152910649776459,0.16282998770475388,False,False
2020,L7 only,B_median,7294,0.0625551143772992,0.018381705385634894,0.04243037477135658,0.05954499542713165,0.08656924664974212,False,False
2020,L7 only,B_amp,7294,0.05692258672004763,0.028734508184975322,0.027554993331432343,0.05317812040448189,0.08644213005900382,False,False
2020,L7 only,G_median,7294,0.09273277805908219,0.02530370216579136,0.0645857572555542,0.08959562331438065,0.1244635634124279,False,False
2020,L7 only,G_amp,7294,0.06582134310079497,0.032072660141820496,0.031913742423057556,0.0622050017118454,0.10137461721897124,False,False
2020,L7 only,R_median,7294,0.09903896073543898,0.03708415324388254,0.058467690646648404,0.09218062832951546,0.14989142715930937,False,False
2020,L7 only,R_amp,7294,0.08869779723550085,0.0415615422275289,0.040387877821922304,0.085098747164011,0.13827000558376312,False,False
2020,L7 only,NIR_median,7294,0.26673980356222937,0.03502637065062199,0.22325112521648408,0.26796063780784607,0.30746853947639463,False,False
2020,L7 only,NIR_amp,7294,0.1524245424514311,0.06849281753452514,0.06496189981698991,0.14894000440835953,0.24255964756011963,False,False
2020,L7 only,SWIR1_median,7294,0.19992423838620926,0.0493555889811827,0.14653162509202958,0.19184748828411102,0.268187515437603,False,False
2020,L7 only,SWIR1_amp,7294,0.13251187871760592,0.06202200759363759,0.05738150477409363,0.1266375035047531,0.21292423009872435,False,False
2020,L7 only,SWIR2_median,7294,0.12327032006228987,0.049437188762609795,0.07030162066221238,0.1133728139102459,0.19212250411510468,False,False
2020,L7 only,SWIR2_amp,7294,0.11043543967157643,0.04922521003640931,0.05065498650074005,0.10775189101696014,0.17071176320314407,False,False
2021,L7 only,NDVI_median,7543,0.4652495000705994,0.1685204033446001,0.24218095541000367,0.45863044261932373,0.7024634003639221,False,False
2021,L7 only,NDVI_amp,7543,0.41290677725210734,0.20826414104443258,0.12983272075653077,0.4099014550447464,0.6927407756447792,False,False
2021,L7 only,BSI_max,7543,0.058978542608437885,0.10058710182669647,-0.08963990658521652,0.0860271081328392,0.1544627368450165,False,False
2021,L7 only,B_median,7543,0.05971534193069806,0.02006707021558579,0.030557247996330264,0.05981999635696411,0.0831702470779419,False,False
2021,L7 only,B_amp,7543,0.07341186081847129,0.09975651994710642,0.0246537446975708,0.056718744337558746,0.09518850445747376,False,False
2021,L7 only,G_median,7543,0.08923806761353556,0.027373407030037787,0.048781493306159975,0.09017999470233917,0.11987450122833254,False,False
2021,L7 only,G_amp,7543,0.07966862570326003,0.08965502232940854,0.028990504145622254,0.06397874653339386,0.10557249188423157,False,False
2021,L7 only,R_median,7543,0.09382011262934799,0.037750760913381254,0.042750754952430726,0.0921737402677536,0.14023687839508056,False,False
2021,L7 only,R_amp,7543,0.10169843122527057,0.0999607143261069,0.035733497142791754,0.0855800211429596,0.14437225759029387,False,False
2021,L7 only,NIR_median,7543,0.25728769199365836,0.04234861683675469,0.20499249994754792,0.25829437375068665,0.30785350799560546,False,False
2021,L7 only,NIR_amp,7543,0.1711594785240037,0.09090173371328655,0.07010021805763245,0.1624150425195694,0.2679325133562088,False,False
2021,L7 only,SWIR1_median,7543,0.1902513521190436,0.0458736248846683,0.1388329952955246,0.1849449947476387,0.2511237561702728,False,False
2021,L7 only,SWIR1_amp,7543,0.13309984350356976,0.08300598894090118,0.05500275194644928,0.12045003473758698,0.20497403740882875,False,False
2021,L7 only,SWIR2_median,7543,0.11646932775153969,0.04458519815450317,0.06605149209499359,0.10896249115467072,0.1771625131368637,False,False
2021,L7 only,SWIR2_amp,7543,0.11198349521364155,0.07279545425989027,0.045693999528884886,0.10320750623941422,0.16770875453948975,False,False
2022,L7 only,NDVI_median,7310,0.44405878575470314,0.15710091291261705,0.2458038106560707,0.43245929479599,0.671279749274254,False,False
2022,L7 only,NDVI_amp,7310,0.3936665498253785,0.16977981530397218,0.15931056737899782,0.3942317068576813,0.616693089902401,False,False
2022,L7 only,BSI_max,7310,0.04806290872711219,0.09177202075280558,-0.07066447734832762,0.06423357874155045,0.14683552980422976,False,False
2022,L7 only,B_median,7310,0.06388862402307025,0.021801584949908234,0.030984874069690707,0.06572561711072922,0.08855887204408647,False,False
2022,L7 only,B_amp,7310,0.1075660814512037,0.09956660666470696,0.033123753219842914,0.07031749188899994,0.2464219897985459,False,False
2022,L7 only,G_median,7310,0.09167207729596283,0.02911326655543004,0.0471699982881546,0.09420875087380409,0.12312637716531755,False,False
2022,L7 only,G_amp,7310,0.108481062650069,0.09867270471404391,0.03374251574277878,0.07356250286102295,0.24420275986194612,False,False
2022,L7 only,R_median,7310,0.09883686007037452,0.03928876236032022,0.04150018841028214,0.10023469105362892,0.145014987885952,False,False
2022,L7 only,R_amp,7310,0.1291253942746552,0.10049546353917131,0.04573249667882919,0.09956374764442444,0.260907631367445,False,False
2022,L7 only,NIR_median,7310,0.2626801541515928,0.043505357127483726,0.20941725969314576,0.2676650136709213,0.30877751410007476,False,False
2022,L7 only,NIR_amp,7310,0.1762643040113263,0.09362228146762258,0.071024289727211,0.16152125597000122,0.29902403503656394,False,False
2022,L7 only,SWIR1_median,7310,0.19021479714554818,0.04861172019343201,0.13298237025737764,0.18851999938488007,0.2492640569806099,False,False
2022,L7 only,SWIR1_amp,7310,0.16379335206282286,0.09327502863378571,0.06676311492919923,0.14474624395370483,0.28672601580619816,False,False
2022,L7 only,SWIR2_median,7310,0.11822583601439293,0.045139423335496885,0.06370849832892418,0.11443500220775604,0.17392092645168306,False,False
2022,L7 only,SWIR2_amp,7310,0.13831547309737524,0.08352028916147126,0.055544507503509526,0.1190750002861023,0.2465402588248253,False,False
2023,L7 only,NDVI_median,6840,0.48212888861369146,0.15862861878660153,0.2969336673617363,0.465982049703598,0.7234361916780474,False,False
2023,L7 only,NDVI_amp,6840,0.4464054814656925,0.1811181038745396,0.1943491816520691,0.45254072546958923,0.6829447530210019,False,False
2023,L7 only,BSI_max,6840,0.028838177564558618,0.10119002526393493,-0.1067927025258541,0.047101689502596855,0.13692581951618196,False,False
2023,L7 only,B_median,6840,0.06469075820403315,0.02661109253073875,0.027202248573303226,0.06527874618768692,0.08878300413489344,False,False
2023,L7 only,B_amp,6840,0.13285160734813814,0.12644831530299444,0.02552674263715744,0.09442812949419022,0.30053103119134905,False,False
2023,L7 only,G_median,6840,0.08515619465329669,0.03147720547275644,0.035274877026677136,0.08800749480724335,0.11480006724596024,False,False
2023,L7 only,G_amp,6840,0.1278062976504627,0.11825423216749208,0.027113626897335055,0.09306686744093895,0.2776620507240297,False,False
2023,L7 only,R_median,6840,0.08866377453597492,0.03816752259566891,0.027950243651866935,0.09149312227964401,0.12835550308227542,False,False
2023,L7 only,R_amp,6840,0.14305110955338554,0.12306223680979846,0.03778224587440491,0.1088862493634224,0.2954146414995194,False,False
2023,L7 only,NIR_median,6840,0.2538223386622355,0.06253034685052747,0.18326268494129183,0.2594803161919117,0.31892502307891846,False,False
2023,L7 only,NIR_amp,6840,0.19649626067376624,0.10080069287502184,0.08586187213659287,0.18173375725746155,0.32098687142133714,False,False
2023,L7 only,SWIR1_median,6840,0.17490086491595497,0.05167498402468692,0.11482963263988495,0.17848248779773712,0.22746894210577012,False,False
2023,L7 only,SWIR1_amp,6840,0.1592600998321646,0.09424641692391124,0.06441600024700166,0.1393425017595291,0.2842455103993416,False,False
2023,L7 only,SWIR2_median,6840,0.10175243085304722,0.03992033887278245,0.05348880961537362,0.10106312483549118,0.1469716250896454,False,False
2023,L7 only,SWIR2_amp,6840,0.13264017692217003,0.08013220371681407,0.05117749795317651,0.11635250598192215,0.2357011191546918,False,False
