year,era,feature,n,mean,std,p10,median,p90,flagged_year,balanced
1999,L5 + L7,NDVI_median,3558,0.3724921206708635,0.15727170105569743,0.18828191012144088,0.35474004596471786,0.5793461561203004,False,True
1999,L5 + L7,NDVI_amp,3558,0.34294762382714195,0.1410673841047172,0.16405573561787606,0.3378865495324135,0.5313199803233147,False,True
1999,L5 + L7,BSI_max,3558,0.11017706929603026,0.10062350170731085,-0.018743105046451086,0.12342598661780357,0.2294755265116692,False,True
1999,L5 + L7,B_median,3558,0.0724555109954738,0.024190574131673224,0.042005499452352525,0.07156593725085258,0.10331950336694717,False,True
1999,L5 + L7,B_amp,3558,0.0960851763723237,0.089984023998749,0.034416264295578,0.07457999885082245,0.1658222556114198,False,True
1999,L5 + L7,G_median,3558,0.10321445440210741,0.030110949224724837,0.06509174704551697,0.10181249678134918,0.13988075405359268,False,True
1999,L5 + L7,G_amp,3558,0.09783136953943697,0.06872333329876244,0.04048001766204834,0.07981187105178833,0.16756026893854153,False,True
1999,L5 + L7,R_median,3558,0.11835615898620185,0.040997411582054284,0.06651693657040597,0.11650437861680984,0.1708319962024689,False,True
1999,L5 + L7,R_amp,3558,0.11419426989252142,0.06908367941505382,0.051389250159263614,0.09868373721837997,0.1859467372298241,False,True
1999,L5 + L7,NIR_median,3558,0.2623402949939825,0.049997558042131136,0.2016870029270649,0.2592156082391739,0.32766863256692885,False,True
1999,L5 + L7,NIR_amp,3558,0.1494655185465467,0.0706632764257265,0.07157565057277682,0.1366887390613556,0.24495077431201936,False,True
1999,L5 + L7,SWIR1_median,3558,0.24003135003337972,0.05908390703303082,0.16916136890649797,0.23446562141180038,0.320982700586319,False,True
1999,L5 + L7,SWIR1_amp,3558,0.15713838117847354,0.07280860869277497,0.07177912890911103,0.14711812883615494,0.2559837713837624,False,True
1999,L5 + L7,SWIR2_median,3558,0.16505809431919696,0.05586429375607645,0.0947298750281334,0.161054365336895,0.2395599976181984,False,True
1999,L5 + L7,SWIR2_amp,3558,0.14058497733634934,0.062012228710158844,0.06672600358724595,0.1331000030040741,0.2210532754659653,False,True
2000,L5 + L7,NDVI_median,3558,0.37651830107683526,0.15333133763013732,0.19821639582514763,0.36008334904909134,0.5711902171373369,False,True
2000,L5 + L7,NDVI_amp,3558,0.4146814566133847,0.15754337637705948,0.21045421985909343,0.4122704677283764,0.6194173205643893,False,True
2000,L5 + L7,BSI_max,3558,0.12423256923030361,0.09470411055037017,0.0020005926256999396,0.13911604136228561,0.23257911503314974,False,True
2000,L5 + L7,B_median,3558,0.07026255400270275,0.022462152473930647,0.043814994394779205,0.06823499500751495,0.09930724501609804,False,True
2000,L5 + L7,B_amp,3558,0.14446994355508555,0.15185706367042032,0.04525676220655441,0.09613999724388123,0.3032026641070844,False,True
2000,L5 + L7,G_median,3558,0.09948262595218209,0.028071587330116114,0.06661799326539039,0.09731625765562057,0.13312400281429293,False,True
2000,L5 + L7,G_amp,3558,0.14050575394126857,0.1139235907926939,0.051770140230655674,0.10382626205682755,0.2967250272631647,False,True
2000,L5 + L7,R_median,3558,0.11366131253113332,0.038538555632127415,0.06747874617576599,0.11143749952316284,0.16117811501026155,False,True
2000,L5 + L7,R_amp,3558,0.1588884658772266,0.11595820322269329,0.06590511798858643,0.12467125058174133,0.3146907806396486,False,True
2000,L5 + L7,NIR_median,3558,0.2586696201546967,0.0486325362369575,0.20272924304008483,0.25566813349723816,0.3235862821340561,False,True
2000,L5 + L7,NIR_amp,3558,0.18924275456083298,0.09215543579018722,0.09055887013673783,0.17140749841928482,0.30999101400375373,False,True
2000,L5 + L7,SWIR1_median,3558,0.23296848879294693,0.055873863333022876,0.1632942482829094,0.2288418747484684,0.3072457879781723,False,True
2000,L5 + L7,SWIR1_amp,3558,0.19479558096299218,0.08993462585655856,0.09083937853574753,0.18049626052379608,0.31556252762675296,False,True
2000,L5 + L7,SWIR2_median,3558,0.15836339221640106,0.05230171851253006,0.09241299629211426,0.15554750710725784,0.22769787758588791,False,True
2000,L5 + L7,SWIR2_amp,3558,0.1724931836010969,0.0765195178924978,0.0861121341586113,0.16219498962163925,0.2742465049028397,False,True
2001,L5 + L7,NDVI_median,3558,0.4064470614417089,0.1512059756032952,0.22429752424359323,0.3954116702079773,0.6078872263431551,False,True
2001,L5 + L7,NDVI_amp,3558,0.4104195458816236,0.15813678982981028,0.21006149798631668,0.40646367659792304,0.6208088427782059,False,True
2001,L5 + L7,BSI_max,3558,0.11954681351294161,0.09614263656039455,-0.005858303047716617,0.12993986159563065,0.23687040358781816,False,True
2001,L5 + L7,B_median,3558,0.06668348497637307,0.022557899564574345,0.040805123001337054,0.0643024891614914,0.09494643881917002,False,True
2001,L5 + L7,B_amp,3558,0.15335460372181203,0.17115096414878986,0.044559618830680846,0.09187749773263931,0.35003652125597023,False,True
2001,L5 + L7,G_median,3558,0.09591893939601866,0.027936152847948464,0.06313718184828758,0.09374812245368958,0.12896324396133424,False,True
2001,L5 + L7,G_amp,3558,0.1502936327533651,0.13723177100282502,0.05083925276994705,0.09948813170194626,0.34579326957464224,False,True
2001,L5 + L7,R_median,3558,0.10857055093956972,0.038043067563861326,0.06286630406975746,0.10597187280654907,0.15566506013274195,False,True
2001,L5 + L7,R_amp,3558,0.16890133319693781,0.1405114089399051,0.06481887400150299,0.12205875664949417,0.3634565159678461,False,True
2001,L5 + L7,NIR_median,3558,0.2632167185078249,0.04915217936940085,0.20535550713539125,0.26189687103033066,0.3290209606289864,False,True
2001,L5 + L7,NIR_amp,3558,0.2041767368081616,0.11226098942622123,0.09509775936603547,0.17612376064062119,0.3481775164604189,False,True
2001,L5 + L7,SWIR1_median,3558,0.2292212172546971,0.05515138402997645,0.16191100627183913,0.22496093437075615,0.3026890099048615,False,True
2001,L5 + L7,SWIR1_amp,3558,0.20020392896453607,0.09890467126255355,0.09208236783742907,0.1822974905371666,0.3463515162467957,False,True
2001,L5 + L7,SWIR2_median,3558,0.15269490226186044,0.05068269926785455,0.088219253718853,0.15011968836188316,0.21917836889624598,False,True
2001,L5 + L7,SWIR2_amp,3558,0.1753593935867318,0.08224331072831853,0.08646549284458162,0.15967875719070435,0.2932737484574318,False,True
2002,L5 + L7,NDVI_median,3558,0.40674832580164033,0.15597261683315317,0.22235943600535393,0.39168132096529007,0.6174156457185747,False,True
2002,L5 + L7,NDVI_amp,3558,0.3839902333385561,0.17482784899449721,0.1741953194141388,0.36977721005678177,0.612502862326801,False,True
2002,L5 + L7,BSI_max,3558,0.10514366159661877,0.11873708981167483,-0.034198070317506754,0.11781943961977959,0.22555654942989356,False,True
2002,L5 + L7,B_median,3558,0.06810546206638109,0.02259888611393773,0.04111518450081349,0.06688062101602554,0.0968783125281334,False,True
2002,L5 + L7,B_amp,3558,0.15548666026977223,0.18863239512740704,0.0348149836063385,0.08052000403404236,0.42207276523113274,False,True
2002,L5 + L7,G_median,3558,0.09623277404184855,0.02741062652104125,0.06300999224185944,0.09494436532258987,0.12847788482904435,False,True
2002,L5 + L7,G_amp,3558,0.1482496396494488,0.15201286572470915,0.03981586396694183,0.08685187995433807,0.39895878285169617,False,True
2002,L5 + L7,R_median,3558,0.10981566043797841,0.03819108694004205,0.06275013536214828,0.10761500895023346,0.1568399965763092,False,True
2002,L5 + L7,R_amp,3558,0.16751475820025746,0.1553438504475586,0.05319462269544602,0.11283937841653824,0.4178347438573838,False,True
2002,L5 + L7,NIR_median,3558,0.2677983147494742,0.04996638978617863,0.20807387828826904,0.26435813307762146,0.33385751098394395,False,True
2002,L5 + L7,NIR_amp,3558,0.18264659040593378,0.12348981783800919,0.06725673079490661,0.14738626778125763,0.3604260340332986,False,True
2002,L5 + L7,SWIR1_median,3558,0.23097137247011726,0.05489709604661729,0.1662738710641861,0.22463438287377357,0.305749785900116,False,True
2002,L5 + L7,SWIR1_amp,3558,0.1733313449263204,0.10211577557738757,0.06660638749599457,0.14953124523162842,0.3179055392742157,False,True
2002,L5 + L7,SWIR2_median,3558,0.15480606865395383,0.051888869334053796,0.09062618538737298,0.15058718994259834,0.22409399300813676,False,True
2002,L5 + L7,SWIR2_amp,3558,0.15281194758597821,0.08432838997865141,0.06261751055717468,0.13523811474442482,0.2728852838277818,False,True
2003,L5 + L7,NDVI_median,3558,0.3633573071053749,0.1608485746974082,0.1824672229588032,0.33599481731653214,0.5923856645822525,False,True
2003,L5 + L7,NDVI_amp,3558,0.3451655213926206,0.15844035395188058,0.1390323281288147,0.3375929072499275,0.5528083741664886,False,True
2003,L5 + L7,BSI_max,3558,0.11996031880747637,0.10778683158835183,-0.024317639693617818,0.13687827438116074,0.24548644423484806,False,True
2003,L5 + L7,B_median,3558,0.07141380740131736,0.021859659210365204,0.04492875188589096,0.07008437812328339,0.0988823726773262,False,True
2003,L5 + L7,B_amp,3558,0.10669991218010115,0.13896781178847742,0.03538012951612473,0.0686812549829483,0.1755820013582708,False,True
2003,L5 + L7,G_median,3558,0.10124204268531393,0.027934990409939502,0.0674368143081665,0.09942687302827835,0.13494999706745148,False,True
2003,L5 + L7,G_amp,3558,0.10641086114933813,0.10527320591529366,0.03998087719082832,0.07792124152183533,0.17451774030923844,False,True
2003,L5 + L7,R_median,3558,0.11873847319775414,0.04047807754047207,0.0686296284198761,0.1167450025677681,0.16961375027894976,False,True
2003,L5 + L7,R_amp,3558,0.12442152173022261,0.10745061377549475,0.04919199198484421,0.09850499033927917,0.19354911744594577,False,True
2003,L5 + L7,NIR_median,3558,0.2591916761785628,0.05054670160413665,0.19871700406074524,0.2565206289291382,0.3257986426353455,False,True
2003,L5 + L7,NIR_amp,3558,0.14952573066283104,0.09446937712170177,0.06099089980125428,0.1265481412410736,0.25851650983095176,False,True
2003,L5 + L7,SWIR1_median,3558,0.2455683012711258,0.06290472640408418,0.16955668553709985,0.23689594119787216,0.3306950330734253,False,True
2003,L5 + L7,SWIR1_amp,3558,0.1572697736226554,0.08689748122228623,0.06085750460624695,0.14462938159704208,0.26458438932895667,False,True
2003,L5 + L7,SWIR2_median,3558,0.17142042011219408,0.05964248172051106,0.09559062793850899,0.16636187583208084,0.2533704936504364,False,True
2003,L5 + L7,SWIR2_amp,3558,0.13820134361702247,0.07176583616276189,0.0571738675236702,0.13006126135587692,0.21903062164783482,False,True
2004,L5 + L7,NDVI_median,3558,0.37278339095825164,0.15480818131309618,0.18243937566876411,0.3586453050374985,0.5822573006153107,False,True
2004,L5 + L7,NDVI_amp,3558,0.36750639861597917,0.1646644309732712,0.1539982721209526,0.3651081696152687,0.5802413117111428,False,True
2004,L5 + L7,BSI_max,3558,0.12450210190144236,0.09895530299763301,-0.0041286001913249494,0.13745566457509995,0.2391858458518982,False,True
2004,L5 + L7,B_median,3558,0.0715661376291711,0.022366092641490608,0.04534880742430687,0.0691906176507473,0.10042787939310074,False,True
2004,L5 + L7,B_amp,3558,0.1299525240123138,0.15132052986661088,0.041122119128704074,0.08448687940835953,0.2560190282762054,False,True
2004,L5 + L7,G_median,3558,0.10096487045673389,0.028426104102182288,0.06755093261599542,0.09891469404101372,0.13626519292593003,False,True
2004,L5 + L7,G_amp,3558,0.12676905183317355,0.10524887456366995,0.04929236471652985,0.09417374059557915,0.25586413443088557,False,True
2004,L5 + L7,R_median,3558,0.11531515414038691,0.03912026686877598,0.0689018726348877,0.1123003177344799,0.1649119392037392,False,True
2004,L5 + L7,R_amp,3558,0.14115088741269388,0.10666969612509106,0.05994999408721924,0.10990376025438309,0.2646746352314949,False,True
2004,L5 + L7,NIR_median,3558,0.25866778450795547,0.050214524671596254,0.20001499056816102,0.2574143707752228,0.32503208965063096,False,True
2004,L5 + L7,NIR_amp,3558,0.1736101561685068,0.09217747364622626,0.07589174509048462,0.15625502169132233,0.28983627706766135,False,True
2004,L5 + L7,SWIR1_median,3558,0.2357112819024222,0.05779471351173468,0.16476000621914863,0.22972531989216805,0.31691063195466995,False,True
2004,L5 + L7,SWIR1_amp,3558,0.17748855248286258,0.08546212128081988,0.0788589894771576,0.16590750217437744,0.29104352593421945,False,True
2004,L5 + L7,SWIR2_median,3558,0.16309657462146457,0.05499063178592842,0.09417024552822113,0.15873750299215317,0.23805162757635118,False,True
2004,L5 + L7,SWIR2_amp,3558,0.158087430068487,0.07367070662390168,0.07322423905134201,0.14855501055717468,0.25230564028024677,False,True
2005,L5 + L7,NDVI_median,3558,0.3524054113219002,0.1520389956533711,0.17921212166547776,0.33080994337797165,0.5507862627506256,False,True
2005,L5 + L7,NDVI_amp,3558,0.34772874012379984,0.15514263254853866,0.1527261130511761,0.33707547187805176,0.5537353167310357,False,True
2005,L5 + L7,BSI_max,3558,0.12371389019829673,0.09865465982016132,-0.0007196312013547721,0.13870570063591003,0.23565741777420043,False,True
2005,L5 + L7,B_median,3558,0.07373164664218941,0.02210457611133941,0.047051750123500824,0.07199562340974808,0.10082249343395233,False,True
2005,L5 + L7,B_amp,3558,0.1111917869240766,0.11793554653624393,0.04374426901340485,0.07754312828183174,0.18828150331974036,False,True
2005,L5 + L7,G_median,3558,0.10396367496590456,0.028901320391522344,0.06902425289154053,0.1025412529706955,0.13874019160866738,False,True
2005,L5 + L7,G_amp,3558,0.11296887213532814,0.08839453654786546,0.049317122995853425,0.08739500492811203,0.1888328731060028,False,True
2005,L5 + L7,R_median,3558,0.12084295357744503,0.040512078076113185,0.07215100079774857,0.11817843094468117,0.17176150232553483,False,True
2005,L5 + L7,R_amp,3558,0.13029923714684796,0.08872458575484454,0.061711379885673524,0.10857687890529633,0.20557351261377338,False,True
2005,L5 + L7,NIR_median,3558,0.25793790815585516,0.050749054539145674,0.19843100607395173,0.2555581144988537,0.32462027072906496,False,True
2005,L5 + L7,NIR_amp,3558,0.1595744343287091,0.08333153419433188,0.07440675944089889,0.14403127878904343,0.2662907853722573,False,True
2005,L5 + L7,SWIR1_median,3558,0.24125116806898209,0.06259764695690363,0.16438943892717361,0.23438313603401184,0.3295125365257263,False,True
2005,L5 + L7,SWIR1_amp,3558,0.17188058705804654,0.07772729953532283,0.08226487934589387,0.16099877655506134,0.2756366387009621,False,True
2005,L5 + L7,SWIR2_median,3558,0.16863734368496627,0.05839279734447375,0.09507088512182235,0.16311687231063843,0.2500292725861073,False,True
2005,L5 + L7,SWIR2_amp,3558,0.1543146775864764,0.06549037564181275,0.07743174582719803,0.14744126051664352,0.23727003186941156,False,True
2006,L5 + L7,NDVI_median,3558,0.378746908680984,0.15210361747440485,0.20298980325460433,0.3601764068007469,0.5810822933912277,False,True
2006,L5 + L7,NDVI_amp,3558,0.38714645758955235,0.16252085539189448,0.17782029807567598,0.3776579648256302,0.6009402513504029,False,True
2006,L5 + L7,BSI_max,3558,0.1191623988639061,0.0980696262345984,-0.0010338217485696055,0.13199742883443832,0.23274124413728714,False,True
2006,L5 + L7,B_median,3558,0.07065584340529069,0.021843867354835404,0.04365000128746033,0.0696718767285347,0.09728325605392457,False,True
2006,L5 + L7,B_amp,3558,0.1334178157301516,0.1701142610337662,0.03916962593793869,0.08059562370181084,0.2765977695584298,False,True
2006,L5 + L7,G_median,3558,0.10032430732808065,0.02783970758856798,0.06604462042450905,0.09947501122951508,0.13312949985265732,False,True
2006,L5 + L7,G_amp,3558,0.12986406186797633,0.12670105141313034,0.04413198977708817,0.08978749811649323,0.27650976926088333,False,True
2006,L5 + L7,R_median,3558,0.11494357358327134,0.03909852297729335,0.0670848123729229,0.11270249634981155,0.1643303133547306,False,True
2006,L5 + L7,R_amp,3558,0.14966357951672846,0.13248908116972197,0.0571546271443367,0.11146437376737595,0.2902734994888307,False,True
2006,L5 + L7,NIR_median,3558,0.26115660996141227,0.049277505559637766,0.20191524773836136,0.25934626162052155,0.3246924504637718,False,True
2006,L5 + L7,NIR_amp,3558,0.17981114496485848,0.10718326272039037,0.07502273470163345,0.15460500121116638,0.30593749284744265,False,True
2006,L5 + L7,SWIR1_median,3558,0.23424277757831072,0.05987598797085957,0.16127713173627853,0.2285737469792366,0.31632695645093917,False,True
2006,L5 + L7,SWIR1_amp,3558,0.17894390815928654,0.09187937912046111,0.07500900328159335,0.16258690506219864,0.30336213111877447,False,True
2006,L5 + L7,SWIR2_median,3558,0.15851328184303606,0.054811759148774564,0.0908104307949543,0.15358124300837517,0.23508301824331285,False,True
2006,L5 + L7,SWIR2_amp,3558,0.15674729205504637,0.0734930358850734,0.07003836408257484,0.14777813851833344,0.2533478677272797,False,True
2007,L5 + L7,NDVI_median,3558,0.3923666191308541,0.15843219640689965,0.2087620235979557,0.37602630257606506,0.6077271223068238,False,True
2007,L5 + L7,NDVI_amp,3558,0.36801505331437456,0.1561538368998945,0.16244312822818757,0.36770128458738327,0.5677124548703433,False,True
2007,L5 + L7,BSI_max,3558,0.11551291707151683,0.10143798411920564,-0.005216110777109858,0.13270783424377441,0.2264980405569077,False,True
2007,L5 + L7,B_median,3558,0.0683837621218874,0.021746572112847452,0.04182880818843842,0.06701811403036118,0.09446312338113787,False,True
2007,L5 + L7,B_amp,3558,0.1209898885483987,0.14635197113639234,0.039201249927282335,0.07708249986171722,0.21741363257169738,False,True
2007,L5 + L7,G_median,3558,0.09870770461689796,0.028391884754389543,0.064149871468544,0.09781469032168388,0.1318232536315918,False,True
2007,L5 + L7,G_amp,3558,0.12086160301307804,0.11428851029830857,0.04461599886417389,0.08685187995433807,0.21639887988567355,False,True
2007,L5 + L7,R_median,3558,0.11113822819825268,0.03944334931074637,0.06314750015735626,0.10826124995946884,0.1595803797245026,False,True
2007,L5 + L7,R_amp,3558,0.13870311594825235,0.11742909859576545,0.05684250146150589,0.10615000128746033,0.22996189445257206,False,True
2007,L5 + L7,NIR_median,3558,0.258781817476273,0.04866187856406162,0.2019633710384369,0.25641751289367676,0.3241520658135414,False,True
2007,L5 + L7,NIR_amp,3558,0.17260230510187255,0.09830133424987421,0.07463504523038864,0.15078940242528915,0.2923635348677636,False,True
2007,L5 + L7,SWIR1_median,3558,0.23039791135179186,0.05738297434630793,0.1600671276450157,0.22572749853134155,0.3095667719841004,False,True
2007,L5 + L7,SWIR1_amp,3558,0.1730240739530194,0.09031128657852829,0.07469273954629899,0.1576712504029274,0.2887857794761658,False,True
2007,L5 + L7,SWIR2_median,3558,0.15627074302155827,0.05453711279749458,0.08802124708890915,0.15119219571352005,0.2299336299300194,False,True
2007,L5 + L7,SWIR2_amp,3558,0.15283350483370403,0.07380794446294674,0.06989673972129821,0.1423950046300888,0.24337914735078817,False,True
2008,L5 + L7,NDVI_median,3558,0.4131704803906039,0.16496206775001093,0.20638526380062103,0.40055739134550095,0.6379784673452378,False,True
2008,L5 + L7,NDVI_amp,3558,0.3779552877575594,0.16229379261945678,0.17507483065128326,0.36404862999916077,0.6019170358777046,False,True
2008,L5 + L7,BSI_max,3558,0.10802782519886202,0.10279798172961167,-0.029687774926424024,0.12672097235918045,0.22099199891090396,False,True
2008,L5 + L7,B_median,3558,0.06482166798807316,0.021930046489060367,0.03737174607813359,0.06412030756473541,0.09177912622690201,False,True
2008,L5 + L7,B_amp,3558,0.1275486100450401,0.1598147961855996,0.03297938108444214,0.07859499752521515,0.2596385046839714,False,True
2008,L5 + L7,G_median,3558,0.09510722745078008,0.028330767657740355,0.0596378080546856,0.0943324938416481,0.12924031838774683,False,True
2008,L5 + L7,G_amp,3558,0.1269307606542057,0.13010765309607342,0.037145622074604034,0.08655624091625214,0.26455138623714447,False,True
2008,L5 + L7,R_median,3558,0.1070078565587801,0.040484690396307324,0.05626562386751175,0.10353125631809235,0.15976325422525406,False,True
2008,L5 + L7,R_amp,3558,0.14563331797827891,0.1345857486176833,0.05046111792325974,0.10537312924861908,0.2746576309204102,False,True
2008,L5 + L7,NIR_median,3558,0.2630463120992965,0.05153324151311182,0.20153713151812552,0.2606043964624405,0.3321786388754845,False,True
2008,L5 + L7,NIR_amp,3558,0.17492542142795,0.1102789779262471,0.07210777997970581,0.14691877365112305,0.3060186415910721,False,True
2008,L5 + L7,SWIR1_median,3558,0.22590096740490803,0.05749170202936575,0.1560830645263195,0.22183281928300858,0.3047033816576004,False,True
2008,L5 + L7,SWIR1_amp,3558,0.1678454437140771,0.08957806716528058,0.07407947480678559,0.1507275104522705,0.28646476864814757,False,True
2008,L5 + L7,SWIR2_median,3558,0.15028590083901236,0.05443522065468697,0.0822696253657341,0.1459568664431572,0.22447623908519748,False,True
2008,L5 + L7,SWIR2_amp,3558,0.15061098586573166,0.07333274608726605,0.06954200118780136,0.13985124230384827,0.24508135914802553,False,True
2009,L5 + L7,NDVI_median,3509,0.3977251567098321,0.1588411873861497,0.21388361901044844,0.37797319889068604,0.61136714220047,True,True
2009,L5 + L7,NDVI_amp,3509,0.3761166366416812,0.16415135820120882,0.16457264423370363,0.36917729675769806,0.5875679135322571,True,True
2009,L5 + L7,BSI_max,3509,0.11291008882841339,0.10542098973961588,-0.015179177187383172,0.1299588978290558,0.2257765680551529,True,True
2009,L5 + L7,B_median,3509,0.06624275785768667,0.02172123841844661,0.03858174830675125,0.0656912624835968,0.09237999916076663,True,True
2009,L5 + L7,B_amp,3509,0.1438287758918935,0.20183678167312133,0.03155074268579483,0.07779748737812042,0.3169540047645574,True,True
2009,L5 + L7,G_median,3509,0.09517185097089449,0.02812885024894792,0.05923975259065628,0.09480687230825424,0.1274810060858727,True,True
2009,L5 + L7,G_amp,3509,0.132206765546796,0.13764952881595943,0.03649801313877106,0.08670750260353088,0.3136665225028995,True,True
2009,L5 + L7,R_median,3509,0.10949083984250627,0.03944483185145831,0.05953399837017059,0.1080550104379654,0.15922975540161136,True,True
2009,L5 + L7,R_amp,3509,0.1523761675611083,0.14376124690597267,0.051603755354881285,0.10890001058578491,0.3184197664260865,True,True
2009,L5 + L7,NIR_median,3509,0.25952860242274456,0.0493792370192217,0.20009749829769136,0.2564449906349182,0.325954020023346,True,True
2009,L5 + L7,NIR_amp,3509,0.18103424648242855,0.11878504143775576,0.06396224200725556,0.1550450176000595,0.3214640080928803,True,True
2009,L5 + L7,SWIR1_median,3509,0.23226676958706788,0.0597150215590092,0.16039850413799286,0.22688250243663788,0.31403962373733524,True,True
2009,L5 + L7,SWIR1_amp,3509,0.18035721179043748,0.09796006084014292,0.07239924967288972,0.16310250759124756,0.31330201923847206,True,True
2009,L5 + L7,SWIR2_median,3509,0.15775316413497273,0.05538454372388952,0.08843237906694412,0.15326501429080963,0.23423874378204346,True,True
2009,L5 + L7,SWIR2_amp,3509,0.15598176002723263,0.08106148720901771,0.06802399754524231,0.14277997612953186,0.2703965276479724,True,True
2010,L5 + L7,NDVI_median,3558,0.391888206592484,0.1641645895398242,0.1947596922516823,0.37496185302734375,0.6182054981589319,False,True
2010,L5 + L7,NDVI_amp,3558,0.3540741584138329,0.15613914504667367,0.153251188993454,0.3480389714241028,0.5517929419875145,False,True
2010,L5 + L7,BSI_max,3558,0.11516463982275472,0.09845238918825674,-0.014579930156469325,0.13001379370689392,0.22612877786159516,False,True
2010,L5 + L7,B_median,3558,0.06788070651086413,0.02183317082244664,0.04129462838172913,0.06652311980724335,0.09498080834746363,False,True
2010,L5 + L7,B_amp,3558,0.1120229118983688,0.14595113388721476,0.03652961701154709,0.0725175105035305,0.18632901161909105,False,True
2010,L5 + L7,G_median,3558,0.09640875908411609,0.028488057723114156,0.06150781512260437,0.09424656629562378,0.13091986924409868,False,True
2010,L5 + L7,G_amp,3558,0.10882098293701473,0.10146370986797464,0.04087599664926529,0.08124874532222748,0.18583814203739168,False,True
2010,L5 + L7,R_median,3558,0.11070839009085956,0.04081923868884995,0.06050612479448319,0.10719563066959381,0.16256412714719773,False,True
2010,L5 + L7,R_amp,3558,0.12647029273567942,0.1054396494439088,0.05142500624060631,0.10045750439167023,0.19959911704063418,False,True
2010,L5 + L7,NIR_median,3558,0.2589308762333412,0.04991689534825826,0.19968775212764742,0.25677499175071716,0.326048880815506,False,True
2010,L5 + L7,NIR_amp,3558,0.15628183489438185,0.0922939459826659,0.0671549990773201,0.13392503559589386,0.2733307659626008,False,True
2010,L5 + L7,SWIR1_median,3558,0.232663474893255,0.0578216781756201,0.1622684895992279,0.22784501314163208,0.31205895543098455,False,True
2010,L5 + L7,SWIR1_amp,3558,0.15658169275567463,0.08203469570733735,0.06805424094200134,0.14260125160217285,0.26170377135276796,False,True
2010,L5 + L7,SWIR2_median,3558,0.15879444369628498,0.055503609523640716,0.09058425575494766,0.1546812504529953,0.2339094325900078,False,True
2010,L5 + L7,SWIR2_amp,3558,0.1379295226192796,0.0681369944562647,0.06354425549507141,0.12750373780727386,0.22253823429346084,False,True
2011,L5 + L7,NDVI_median,3511,0.39188620858135803,0.16018137251230488,0.2009110152721405,0.37697194516658783,0.614202469587326,True,True
2011,L5 + L7,NDVI_amp,3511,0.3399449981979103,0.1562742787893392,0.14406946301460266,0.32859840989112854,0.5444492101669312,True,True
2011,L5 + L7,BSI_max,3511,0.10986723743165798,0.1001613985899319,-0.018233973532915115,0.12625132501125336,0.22185710072517395,True,True
2011,L5 + L7,B_median,3511,0.06761395615161875,0.02399218365794587,0.04019875079393387,0.06534750759601593,0.09682124853134155,True,True
2011,L5 + L7,B_amp,3511,0.10211313523965423,0.13444374229741426,0.03195500373840332,0.0634012371301651,0.1805099993944168,True,True
2011,L5 + L7,G_median,3511,0.09623376500976626,0.029636344378032992,0.06083749234676361,0.09427748620510101,0.13052250444889069,True,True
2011,L5 + L7,G_amp,3511,0.10428113803560324,0.11005458262227291,0.037070006132125854,0.07268251478672028,0.17861248552799225,True,True
2011,L5 + L7,R_median,3511,0.11146282405191696,0.04130376179959071,0.0610712468624115,0.1096775084733963,0.16231249272823334,True,True
2011,L5 + L7,R_amp,3511,0.12542864116456767,0.11567846050049001,0.0498025119304657,0.0952875167131424,0.19365498423576355,True,True
2011,L5 + L7,NIR_median,3511,0.2590997968918406,0.05140936904314877,0.19769126176834106,0.25733187794685364,0.32629501819610596,True,True
2011,L5 + L7,NIR_amp,3511,0.14978035021604075,0.09815916884429286,0.05860245227813721,0.12673377990722656,0.2624875456094742,True,True
2011,L5 + L7,SWIR1_median,3511,0.23292307013274938,0.05992494615377322,0.16016750037670135,0.22780375182628632,0.31573501229286194,True,True
2011,L5 + L7,SWIR1_amp,3511,0.15687905754697726,0.08420578500677182,0.06836497783660889,0.14092376828193665,0.26354625821113586,True,True
2011,L5 + L7,SWIR2_median,3511,0.1592265901844646,0.0559904011729757,0.08874998986721039,0.15507999062538147,0.23434875905513763,True,True
2011,L5 + L7,SWIR2_amp,3511,0.1392938325468613,0.06892971682833605,0.06311249732971191,0.12790250778198242,0.2249087691307068,True,True
2012,L7 only,NDVI_median,3534,0.4198871563708071,0.15912822325833154,0.22380960807204248,0.40778397023677826,0.6350852102041246,True,True
2012,L7 only,NDVI_amp,3534,0.36097097972714015,0.1553296031678774,0.1655612424015999,0.3542357534170151,0.5698256745934487,True,True
2012,L7 only,BSI_max,3534,0.10435545259457876,0.0984269575568224,-0.03016050960868597,0.1220027506351471,0.21323016881942752,True,True
2012,L7 only,B_median,3534,0.06349315369068463,0.02166786255615312,0.03770999610424042,0.06154906004667282,0.08937424123287202,True,True
2012,L7 only,B_amp,3534,0.1009233945914258,0.1374331653308008,0.030046512186527253,0.062115628272295,0.16906450912356497,True,True
2012,L7 only,G_median,3534,0.0914884222830563,0.027366525997374463,0.05872893258929253,0.08943062275648117,0.1245453774929047,True,True
2012,L7 only,G_amp,3534,0.10230232464454238,0.11628682208402709,0.03369162380695343,0.06955437734723091,0.1670748859643937,True,True
2012,L7 only,R_median,3534,0.10570240481195305,0.039157683733640904,0.05801325514912605,0.10192249715328217,0.1555213823914528,True,True
2012,L7 only,R_amp,3534,0.12658841130663664,0.12313357612444738,0.04800538122653961,0.0964287593960762,0.19016250669956214,True,True
2012,L7 only,NIR_median,3534,0.26301628042773534,0.05089599005944117,0.20163749158382416,0.261085644364357,0.3290092766284943,True,True
2012,L7 only,NIR_amp,3534,0.1558425417607392,0.1021771804607237,0.060671889781951906,0.13147062808275223,0.27206301391124743,True,True
2012,L7 only,SWIR1_median,3534,0.22747214337632726,0.05600019906658261,0.15811325311660768,0.22391249239444733,0.30363500118255615,True,True
2012,L7 only,SWIR1_amp,3534,0.15142471218259237,0.08183678225070465,0.061521634459495544,0.13631750643253326,0.25295051187276846,True,True
2012,L7 only,SWIR2_median,3534,0.15244610245952547,0.052264047882916574,0.08752075135707856,0.14764812588691711,0.22153924703598024,True,True
2012,L7 only,SWIR2_amp,3534,0.13448707257825976,0.06660821621214287,0.05726325213909149,0.1267131343483925,0.21775051951408397,True,True
2013,L7 only,NDVI_median,3558,0.3979717183158879,0.16194132575986658,0.20467736274003984,0.38247402012348175,0.6154462844133377,False,True
2013,L7 only,NDVI_amp,3558,0.3524656630341933,0.15944955607210792,0.15040791928768157,0.3397643566131592,0.5647869003936649,False,True
2013,L7 only,BSI_max,3558,0.10924983017092584,0.10121072142598952,-0.01535552907735109,0.12655361741781235,0.22394071817398073,False,True
2013,L7 only,B_median,3558,0.0665958451380416,0.022127688500809636,0.04146512225270271,0.0645671896636486,0.09421287328004838,False,True
2013,L7 only,B_amp,3558,0.11220912498795228,0.16186923056787603,0.03031599298119545,0.06054812669754028,0.2325289964675904,False,True
2013,L7 only,G_median,3558,0.09476027772052527,0.027790436820807937,0.06285462379455567,0.09243843704462051,0.1280832514166832,False,True
2013,L7 only,G_amp,3558,0.11191032871294049,0.13451227185182252,0.03434749990701676,0.06916249543428421,0.22698500901460653,False,True
2013,L7 only,R_median,3558,0.10959136656403307,0.03955437738121131,0.06267999112606049,0.10695156082510948,0.15912111699581147,False,True
2013,L7 only,R_amp,3558,0.13517017060908593,0.14506815636917045,0.0465313732624054,0.0935550108551979,0.2425073757767679,False,True
2013,L7 only,NIR_median,3558,0.26253816248778883,0.04855425968472212,0.2057356856763363,0.2602984234690666,0.3249915286898613,False,True
2013,L7 only,NIR_amp,3558,0.1641953391320857,0.1106795212215113,0.06394027173519135,0.13674376904964447,0.2919028818607331,False,True
2013,L7 only,SWIR1_median,3558,0.23331378847402492,0.05613297340683455,0.16553137078881264,0.22816812992095947,0.3125876486301422,False,True
2013,L7 only,SWIR1_amp,3558,0.15888278905832076,0.09505385751341071,0.06336963772773743,0.13842813670635223,0.2737900257110596,False,True
2013,L7 only,SWIR2_median,3558,0.15997611483775745,0.054317289463692305,0.09188774526119232,0.15522438287734985,0.2333175092935562,False,True
2013,L7 only,SWIR2_amp,3558,0.14153750531036174,0.07943819211450003,0.06045188009738923,0.12724252045154572,0.23176587522029882,False,True
2014,L7 only,NDVI_median,3558,0.4056430917331779,0.167885072173726,0.20187569707632066,0.3928217142820358,0.6380954265594484,False,True
2014,L7 only,NDVI_amp,3558,0.33161104647216405,0.17191500655859485,0.11657018065452576,0.3107907548546791,0.570899431873113,False,True
2014,L7 only,BSI_max,3558,0.10740111520529504,0.1011612110580953,-0.024556114897131866,0.1246802918612957,0.2217678815126419,False,True
2014,L7 only,B_median,3558,0.06630930160876403,0.02270745838368633,0.03943837583065033,0.06459812447428703,0.09323043525218964,False,True
2014,L7 only,B_amp,3558,0.10691663055372345,0.15827464690866444,0.029911754280328752,0.06023187190294266,0.17166461944580083,False,True
2014,L7 only,G_median,3558,0.09442847116340942,0.029129623590382427,0.06078523695468903,0.09193656593561172,0.1287982478737831,False,True
2014,L7 only,G_amp,3558,0.10492911195867245,0.12305906429264746,0.03489750623703003,0.06863999366760254,0.17053437829017645,False,True
2014,L7 only,R_median,3558,0.10886822638487702,0.041641926898494164,0.059182001277804375,0.10514343902468681,0.16228498965501786,False,True
2014,L7 only,R_amp,3558,0.12624079426891888,0.13433655159387434,0.04634711816906929,0.08928562700748444,0.19410873800516137,False,True
2014,L7 only,NIR_median,3558,0.26243097447340513,0.05041158311447121,0.2040313869714737,0.25875499844551086,0.33015326261520384,False,True
2014,L7 only,NIR_amp,3558,0.1530293525919578,0.10347441302178852,0.06076672822237015,0.1266031488776207,0.2580297783017159,False,True
2014,L7 only,SWIR1_median,3558,0.23180944450354563,0.05527977059385732,0.16384700536727906,0.22725030779838562,0.3093983411788941,False,True
2014,L7 only,SWIR1_amp,3558,0.15305356988541996,0.08711280009380537,0.06506638675928116,0.13435814529657364,0.25948866903781903,False,True
2014,L7 only,SWIR2_median,3558,0.1591210602486884,0.05546013202325745,0.08840694203972817,0.1557881198823452,0.2334302484989167,False,True
2014,L7 only,SWIR2_amp,3558,0.1345408125715084,0.07047855401053561,0.0615188866853714,0.12029188126325607,0.22179577946662904,False,True
2015,L7 only,NDVI_median,3558,0.4050607719733106,0.1618220923321973,0.20976125076413157,0.38885462284088135,0.6255974501371384,False,True
2015,L7 only,NDVI_amp,3558,0.3726577985451395,0.1597439732083707,0.1800702303647995,0.3581458181142807,0.5890812695026398,False,True
2015,L7 only,BSI_max,3558,0.10809270289509375,0.09690299078769725,-0.01618348155170677,0.1229025162756443,0.21919400393962862,False,True
2015,L7 only,B_median,3558,0.06691716892195593,0.024267197019957353,0.04060712084174156,0.0638006255030632,0.09437925517559054,False,True
2015,L7 only,B_amp,3558,0.11935480104412773,0.167290385720006,0.033302496373653415,0.06575250625610352,0.2722967892885209,False,True
2015,L7 only,G_median,3558,0.09494089263377731,0.029426031708474094,0.06154013127088547,0.09202250093221664,0.128301876783371,False,True
2015,L7 only,G_amp,3558,0.11799214173060177,0.13292617804372997,0.03824838101863861,0.073589988052845,0.26930201053619446,False,True
2015,L7 only,R_median,3558,0.10995212454765516,0.040777459123685716,0.06151399686932564,0.10704437270760536,0.15967249870300293,False,True
2015,L7 only,R_amp,3558,0.14403941895877664,0.1431383857053443,0.052937498688697814,0.10093875229358673,0.28130300194025043,False,True
2015,L7 only,NIR_median,3558,0.26582755895562893,0.05030598448329736,0.20683638155460357,0.26307250559329987,0.33064344972372056,False,True
2015,L7 only,NIR_amp,3558,0.1726499041725639,0.11094644774645822,0.06808176338672638,0.1423949971795082,0.3105190515518189,False,True
2015,L7 only,SWIR1_median,3558,0.23397220818806458,0.055532298324618805,0.1669352486729622,0.2288968786597252,0.31051551103591923,False,True
2015,L7 only,SWIR1_amp,3558,0.1715751335803815,0.09195221041123308,0.07464599162340164,0.15164875239133835,0.29955200254917147,False,True
2015,L7 only,SWIR2_median,3558,0.1581191133368528,0.05285963443086868,0.09175436347723008,0.15419312566518784,0.228669997304678,False,True
2015,L7 only,SWIR2_amp,3558,0.14919863108329856,0.07224288632880144,0.0691817432641983,0.13705313950777054,0.2457386434078217,False,True
2016,L7 only,NDVI_median,3558,0.3900067262926097,0.17003566256956265,0.19188569784164428,0.3663899824023247,0.6329571306705476,False,True
2016,L7 only,NDVI_amp,3558,0.3463468257849097,0.15442549600417027,0.15054044723510743,0.3386126905679703,0.5476799100637436,False,True
2016,L7 only,BSI_max,3558,0.11901846444362184,0.10296834987062231,-0.014461486414074848,0.13673336803913116,0.23540094941854478,False,True
2016,L7 only,B_median,3558,0.06698011044787684,0.022452196197072127,0.038581063970923424,0.06561562046408653,0.09460748732089996,False,True
2016,L7 only,B_amp,3558,0.09109990331833788,0.10510554203669464,0.03076837584376335,0.06005311757326126,0.18208438456058512,False,True
2016,L7 only,G_median,3558,0.09624469993157525,0.02874076898565212,0.06124792769551277,0.09461436420679092,0.13107524365186696,False,True
2016,L7 only,G_amp,3558,0.0942093597043425,0.0849963459356197,0.035887505114078525,0.06883937865495682,0.17383574396371848,False,True
2016,L7 only,R_median,3558,0.11305483836552914,0.042223687574289834,0.05963162779808045,0.11187750101089478,0.16475518569350245,False,True
2016,L7 only,R_amp,3558,0.11825263506286328,0.09700985423539461,0.04899673908948898,0.09436625242233276,0.19607775211334236,False,True
2016,L7 only,NIR_median,3558,0.26288398214735764,0.04909754826397071,0.20329850018024445,0.2591606378555298,0.3297311425209046,False,True
2016,L7 only,NIR_amp,3558,0.150005141799791,0.08157662702887483,0.06420429944992065,0.1314912736415863,0.2610148787498474,False,True
2016,L7 only,SWIR1_median,3558,0.2392707853198487,0.058752339299024604,0.1653045028448105,0.2348884381353855,0.31834613978862764,False,True
2016,L7 only,SWIR1_amp,3558,0.15476242694092843,0.07844478021689824,0.07179424911737442,0.14051123708486557,0.25466376543045044,False,True
2016,L7 only,SWIR2_median,3558,0.16560528903755664,0.05780264105645794,0.09004181250929834,0.1626218780875206,0.2437131889164448,False,True
2016,L7 only,SWIR2_amp,3558,0.1396324787437581,0.06754423071065536,0.06535100638866424,0.12938062846660614,0.22379499599337577,False,True
2017,L7 only,NDVI_median,3558,0.41698951600279593,0.16286628452836882,0.2198728695511818,0.4071640521287918,0.641548290848732,False,True
2017,L7 only,NDVI_amp,3558,0.3860481966825965,0.15482637321548695,0.1893140748143196,0.38088852167129517,0.5824128422224021,False,True
2017,L7 only,BSI_max,3558,0.09926003166591414,0.10030782782665924,-0.04181728810071945,0.11712539196014404,0.21245505809783935,False,True
2017,L7 only,B_median,3558,0.06547750199989465,0.022307399605211505,0.03905887305736542,0.0630512461066246,0.09265706613659859,False,True
2017,L7 only,B_amp,3558,0.1250790476782259,0.15299473188426196,0.036410003900527954,0.07544625550508499,0.24919124916195873,False,True
2017,L7 only,G_median,3558,0.09376810784878323,0.027521390484767986,0.060977755486965185,0.09120092913508415,0.12738750353455544,False,True
2017,L7 only,G_amp,3558,0.12221091858803924,0.12107820403022405,0.04035212695598602,0.08178499341011047,0.25076149851083784,False,True
2017,L7 only,R_median,3558,0.10756139468533595,0.03908535238427028,0.06049374788999558,0.10390250384807587,0.15649143233895302,False,True
2017,L7 only,R_amp,3558,0.1455120285171984,0.13433814841291725,0.05431250780820847,0.10668624937534332,0.2623307853937152,False,True
2017,L7 only,NIR_median,3558,0.26868316733255826,0.049866481962912636,0.20805805921554565,0.2650971859693527,0.3352125734090805,False,True
2017,L7 only,NIR_amp,3558,0.17647546212732826,0.10289480817185669,0.0746680110692978,0.15137376636266708,0.3114718973636627,False,True
2017,L7 only,SWIR1_median,3558,0.22785609858785874,0.051350073241383985,0.16507694348692895,0.2253975048661232,0.2943124771118164,False,True
2017,L7 only,SWIR1_amp,3558,0.1657586901408357,0.08464033080611899,0.07455938309431076,0.1498750001192093,0.2718320228159428,False,True
2017,L7 only,SWIR2_median,3558,0.15285338093895734,0.05004915250985177,0.0909046247601509,0.14974500238895416,0.21859537437558174,False,True
2017,L7 only,SWIR2_amp,3558,0.1463715629741139,0.06978972269891369,0.06841176152229309,0.13602875173091888,0.2333072990179062,False,True
2018,L7 only,NDVI_median,3558,0.4151679144647519,0.1605869828003231,0.22189640402793886,0.40035759657621384,0.6364734888076783,False,True
2018,L7 only,NDVI_amp,3558,0.35266685167243694,0.16306105495254236,0.1472675606608391,0.33997685089707375,0.5698372006416321,False,True
2018,L7 only,BSI_max,3558,0.10684571954482647,0.09892782377070067,-0.02696797288954256,0.12268810346722603,0.2193247362971306,False,True
2018,L7 only,B_median,3558,0.0648822156254866,0.021807038925996725,0.03891861885786057,0.06289999186992645,0.09156462848186495,False,True
2018,L7 only,B_amp,3558,0.1125802880152013,0.16006642854790554,0.03385386541485787,0.06970562040805817,0.17484499216079716,False,True
2018,L7 only,G_median,3558,0.0923416515652084,0.027146346761635885,0.06096261665225029,0.08990156650543213,0.12521362900733948,False,True
2018,L7 only,G_amp,3558,0.11193807586449596,0.13410559611008904,0.038245634734630586,0.07629187405109406,0.1765692353248597,False,True
2018,L7 only,R_median,3558,0.10525208607131742,0.03831639812922947,0.05945219099521638,0.10204625129699707,0.15288274437189103,False,True
2018,L7 only,R_amp,3558,0.1325479923732298,0.14280613069014722,0.05025213062763214,0.09751500189304352,0.1952252343297006,False,True
2018,L7 only,NIR_median,3558,0.26192191330493,0.049707613024011874,0.2035171292722225,0.25925686210393906,0.3284138843417168,False,True
2018,L7 only,NIR_amp,3558,0.1613824663724606,0.1114987304181352,0.06787687689065934,0.13400063663721085,0.2690490201115609,False,True
2018,L7 only,SWIR1_median,3558,0.2272762434244022,0.05261949856716009,0.1619137480854988,0.22446249425411224,0.2962203234434128,False,True
2018,L7 only,SWIR1_amp,3558,0.15478169095732308,0.07998008922862726,0.06922851353883744,0.1405181586742401,0.2576695188879967,False,True
2018,L7 only,SWIR2_median,3558,0.1539229749544341,0.051602977561547685,0.08874998986721039,0.15090343728661537,0.22144300341606143,False,True
2018,L7 only,SWIR2_amp,3558,0.13508847042155975,0.06255482814610441,0.0639608770608902,0.1263693869113922,0.2159203916788101,False,True
2019,L7 only,NDVI_median,3558,0.4258528756446094,0.16538446466879284,0.22648732587695122,0.41238079965114594,0.6555078804492951,False,True
2019,L7 only,NDVI_amp,3558,0.37775258487193536,0.15963228215086017,0.17434882521629333,0.36829523742198944,0.5849558354122565,False,True
2019,L7 only,BSI_max,3558,0.09565475342262321,0.10409413446257836,-0.04810092933475971,0.11460545659065247,0.2109935984015465,False,True
2019,L7 only,B_median,3558,0.0639991796040984,0.022583339202357958,0.036559808254241946,0.06254250183701515,0.09157974869012833,False,True
2019,L7 only,B_amp,3558,0.13920112945738303,0.18088788859541374,0.03387175351381302,0.07270313054323196,0.3496955201029781,False,True
2019,L7 only,G_median,3558,0.09113432777634058,0.027833021259445673,0.05721848756074906,0.08957500755786896,0.12433637231588365,False,True
2019,L7 only,G_amp,3558,0.13688500010695867,0.15116505967434726,0.03833498805761338,0.07980500161647797,0.35196425467729603,False,True
2019,L7 only,R_median,3558,0.1034660449910107,0.03938199610556235,0.0554364949464798,0.10053375363349915,0.15286144018173217,False,True
2019,L7 only,R_amp,3558,0.16148151199533875,0.16789153264856438,0.05070862621068955,0.1045137420296669,0.37045115828514147,False,True
2019,L7 only,NIR_median,3558,0.26357562129269024,0.0506975426347325,0.20254500210285187,0.26123687624931335,0.3282660603523255,False,True
2019,L7 only,NIR_amp,3558,0.18905649908795794,0.1208221095133404,0.07371923476457595,0.15708686411380768,0.35037750601768497,False,True
2019,L7 only,SWIR1_median,3558,0.2213621144489233,0.05307023192184523,0.15773649811744692,0.21823374927043915,0.29222663044929503,False,True
2019,L7 only,SWIR1_amp,3558,0.1771410001130872,0.10159924070748606,0.07245151549577714,0.15388313680887222,0.3339985236525537,False,True
2019,L7 only,SWIR2_median,3558,0.1468426543913526,0.051266030235864776,0.08338338285684585,0.14283563196659088,0.21569274812936784,False,True
2019,L7 only,SWIR2_amp,3558,0.15415711268288423,0.08573170124919885,0.06187774538993836,0.13534123450517654,0.2838027462363244,False,True
2020,L7 only,NDVI_median,3558,0.4058888466641864,0.16178775374577148,0.21513876020908357,0.38754499703645706,0.6302287638187408,False,True
2020,L7 only,NDVI_amp,3558,0.38730556007904005,0.1658359587450963,0.18015005439519882,0.37788136303424835,0.6030604630708697,False,True
2020,L7 only,BSI_max,3558,0.10610593474501603,0.10212054524161054,-0.03266165070235725,0.12151233479380608,0.22432786077260972,False,True
2020,L7 only,B_median,3558,0.06353089141545837,0.02126499260162749,0.037350434064865115,0.0626765601336956,0.08867574930191041,False,True
2020,L7 only,B_amp,3558,0.13564285137776982,0.17940213822487613,0.0337617427110672,0.07232499495148659,0.3514761403203011,False,True
2020,L7 only,G_median,3558,0.08997885631151317,0.02707997331918034,0.0568458691239357,0.08884280920028687,0.1217981204390526,False,True
2020,L7 only,G_amp,3558,0.13429004500058342,0.1566015985867702,0.0384546235203743,0.07744687050580978,0.34684377014636997,False,True
2020,L7 only,R_median,3558,0.10305822298596622,0.03821910614787945,0.05560837239027024,0.10115937143564224,0.15107119157910348,False,True
2020,L7 only,R_amp,3558,0.1583466263191629,0.170096240540805,0.05207674950361252,0.1017843745648861,0.3591073863208296,False,True
2020,L7 only,NIR_median,3558,0.2533907293854569,0.052864411956938265,0.19157250225543976,0.25071124732494354,0.3227399528026581,False,True
2020,L7 only,NIR_amp,3558,0.18344918618155637,0.13029513515023267,0.07009061872959137,0.14759249985218048,0.346733769774437,False,True
2020,L7 only,SWIR1_median,3558,0.2195147083179126,0.05734545365092324,0.15230386853218078,0.21469656378030777,0.29916075766086586,False,True
2020,L7 only,SWIR1_amp,3558,0.17368901133570797,0.1058287061710055,0.07345389276742935,0.14770251512527466,0.31605889499187473,False,True
2020,L7 only,SWIR2_median,3558,0.14838344286635158,0.05349607173994924,0.08327887356281281,0.14256062358617783,0.22289913296699523,False,True
2020,L7 only,SWIR2_amp,3558,0.1501922165245203,0.08451195702412816,0.06647850573062897,0.13155312091112137,0.26324649304151543,False,True
2021,L7 only,NDVI_median,3558,0.4246912869446179,0.17217335487595747,0.2071956105530262,0.4139220118522644,0.6628733038902284,False,True
2021,L7 only,NDVI_amp,3558,0.40845405528347495,0.17322732817812828,0.19634865391999484,0.392680861055851,0.6441699013113976,False,True
2021,L7 only,BSI_max,3558,0.08795283189179626,0.10010743856029924,-0.05004652738571167,0.10350308567285538,0.20526475459337237,False,True
2021,L7 only,B_median,3558,0.06339866835927614,0.029339484181374522,0.033136752992868425,0.06018781661987305,0.09489074498414994,False,True
2021,L7 only,B_amp,3558,0.1880519228279088,0.2234682008834834,0.0370974987745285,0.08310499787330627,0.6233095198869705,False,True
2021,L7 only,G_median,3558,0.0885849858667155,0.0340899043038088,0.05135001242160797,0.08529186993837357,0.12630949392914773,False,True
2021,L7 only,G_amp,3558,0.18770369320496405,0.20866503494225458,0.04278174340724945,0.08879750221967697,0.6169844895601274,False,True
2021,L7 only,R_median,3558,0.09933394200559612,0.04410826733307595,0.04754674434661865,0.09463156759738922,0.15209625810384753,False,True
2021,L7 only,R_amp,3558,0.20891965668545873,0.21974395780541603,0.05651250034570694,0.10891375690698624,0.6472207427024841,False,True
2021,L7 only,NIR_median,3558,0.25447932367033504,0.05668347215555002,0.18818587437272072,0.25408000499010086,0.32596638798713684,False,True
2021,L7 only,NIR_amp,3558,0.22996883998515566,0.16384587548523716,0.08512350916862488,0.17217063158750534,0.548311495780945,False,True
2021,L7 only,SWIR1_median,3558,0.20636388210411183,0.05815401291687796,0.13862674236297606,0.2030743658542633,0.28351874053478243,False,True
2021,L7 only,SWIR1_amp,3558,0.19900320246480635,0.12479103606015501,0.07807523757219315,0.15939001739025116,0.4210965037345886,False,True
2021,L7 only,SWIR2_median,3558,0.13687255147461344,0.0534934715665062,0.0728302538394928,0.1307699978351593,0.2095423847436905,False,True
2021,L7 only,SWIR2_amp,3558,0.17036179866287868,0.09912508864078488,0.07104349732398987,0.1405043825507164,0.3355715140700341,False,True
2022,L7 only,NDVI_median,3558,0.3667148120840517,0.18695637642617158,0.12003551311790944,0.3550954759120941,0.6230473399162293,False,True
2022,L7 only,NDVI_amp,3558,0.3994540557201303,0.17658646545697101,0.17195420116186144,0.3893071413040161,0.6445888858288528,False,True
2022,L7 only,BSI_max,3558,0.09055782223365362,0.10912505538101963,-0.04986843205988406,0.101096510887146,0.22258311212062837,False,True
2022,L7 only,B_median,3558,0.09011085204331978,0.0967145886084994,0.0368025004863739,0.06317499279975891,0.12658724784851075,False,True
2022,L7 only,B_amp,3558,0.22095203315687353,0.23261041871957364,0.03527424484491348,0.08978749811649323,0.615623277425766,False,True
2022,L7 only,G_median,3558,0.11203146326769732,0.09461873738636131,0.05085500627756119,0.08795936405658722,0.1614008784294129,False,True
2022,L7 only,G_amp,3558,0.2200530158704489,0.2220620171435597,0.04103687554597855,0.09508813172578812,0.5999895453453065,False,True
2022,L7 only,R_median,3558,0.12523746695065846,0.09986905514412005,0.05024655386805535,0.10198438167572021,0.19483194053173072,False,True
2022,L7 only,R_amp,3558,0.24005316814984612,0.2288809355318792,0.052819250524044035,0.1160224936902523,0.6318565130233765,False,True
2022,L7 only,NIR_median,3558,0.25885247162523867,0.08818614858819294,0.16754163056612015,0.2478650100529194,0.3576078951358796,False,True
2022,L7 only,NIR_amp,3558,0.24795784224756587,0.17643012240118414,0.0762162744998932,0.182366281747818,0.5439940094947815,False,True
2022,L7 only,SWIR1_median,3558,0.22315786374777874,0.08516233415293689,0.13055481016635895,0.20998375117778778,0.3381213843822479,False,True
2022,L7 only,SWIR1_amp,3558,0.2287367083249533,0.13415714740614368,0.08420773893594743,0.18847810477018356,0.43563025146722795,False,True
2022,L7 only,SWIR2_median,3558,0.15259739325840932,0.07141061243820516,0.07011462897062301,0.14155687391757965,0.25860168412327766,False,True
2022,L7 only,SWIR2_amp,3558,0.19205556990617512,0.11115005453889631,0.07074100822210312,0.15918376296758652,0.36132663786411284,False,True
2023,L7 only,NDVI_median,3558,0.3741611205012861,0.20312240206966714,0.07825904157944025,0.3785228282213211,0.6418427169322968,False,True
2023,L7 only,NDVI_amp,3558,0.5121650034727651,0.1816925438618786,0.2777738839387894,0.5088899955153465,0.7559863151982427,False,True
2023,L7 only,BSI_max,3558,0.06248584716026371,0.10301383996344514,-0.06731695011258125,0.0642261914908886,0.1910214349627495,False,True
2023,L7 only,B_median,3558,0.10057135627297721,0.10227715963839638,0.031109996140003204,0.0627831295132637,0.24276788309216527,False,True
2023,L7 only,B_amp,3558,0.29119476877224115,0.243928906175109,0.04304025918245316,0.19431500136852264,0.6268955320119858,False,True
2023,L7 only,G_median,3558,0.11768533937641414,0.09902509629838735,0.03811837360262871,0.0865156278014183,0.2558551102876664,False,True
2023,L7 only,G_amp,3558,0.2841708957646388,0.22920398470724024,0.0489926278591156,0.189860001206398,0.6013837665319443,False,True
2023,L7 only,R_median,3558,0.12662086085934127,0.10396774367819207,0.03495587296783924,0.09785594418644905,0.2713128924369812,False,True
2023,L7 only,R_amp,3558,0.30692029911281354,0.23493283238429657,0.064208372682333,0.20524625107645988,0.6319115117192269,False,True
2023,L7 only,NIR_median,3558,0.26796430056289616,0.10206138296932776,0.12763086855411532,0.2730412483215332,0.3937030255794526,False,True
2023,L7 only,NIR_amp,3558,0.31671058438705757,0.17337732536210856,0.11457324102520944,0.2711018994450569,0.5561613798141479,False,True
2023,L7 only,SWIR1_median,3558,0.20643104882434454,0.09595577314299211,0.07618249952793121,0.20123187452554703,0.33842526078224183,False,True
2023,L7 only,SWIR1_amp,3558,0.28065139461913896,0.13838072829902856,0.10684024542570114,0.26690812408924103,0.4641147628426552,False,True
2023,L7 only,SWIR2_median,3558,0.13556992426564882,0.07514802171744406,0.040083933621644974,0.12698187679052353,0.24397237747907638,False,True
2023,L7 only,SWIR2_amp,3558,0.23028659885052954,0.11960961790592091,0.08019274771213532,0.22000686079263687,0.3869250163435936,False,True
1999,L5 + L7,NDVI_median,4520,0.4006151055286647,0.17204538347132142,0.1946186862885952,0.38190003484487534,0.6555745929479598,False,False
1999,L5 + L7,NDVI_amp,4520,0.32156323767170586,0.14267501571413832,0.1429884985089302,0.3132428750395775,0.5174334302544594,False,False
1999,L5 + L7,BSI_max,4520,0.0963383940235335,0.1115777111927072,-0.056074223294854154,0.11627988889813423,0.22411496639251707,False,False
1999,L5 + L7,B_median,4520,0.06922991347655785,0.025515651010072842,0.03816237635910511,0.06749249994754791,0.1023116201162338,False,False
1999,L5 + L7,B_amp,4520,0.08927359900115865,0.08431372726154335,0.029284739494323732,0.06870875507593155,0.15428051501512527,False,False
1999,L5 + L7,G_median,4520,0.09922732890921489,0.03166703328528516,0.06040574461221695,0.0969725102186203,0.1389533169567585,False,False
1999,L5 + L7,G_amp,4520,0.09159533299209006,0.06645457520948224,0.03409724831581116,0.07502686977386475,0.154562371969223,False,False
1999,L5 + L7,R_median,4520,0.11235394603201905,0.043341794597157694,0.057122239470481874,0.10896250605583191,0.16863887384533882,False,False
1999,L5 + L7,R_amp,4520,0.10609695475086965,0.06753005003774817,0.043202489614486694,0.09215250611305237,0.17460712194442746,False,False
1999,L5 + L7,NIR_median,4520,0.26474193058809087,0.0511361747910608,0.20239649415016175,0.26125406473875046,0.3316148906946182,False,False
1999,L5 + L7,NIR_amp,4520,0.14581596022554202,0.07133907525401452,0.06649501472711564,0.13289377838373184,0.24349464327096937,False,False
1999,L5 + L7,SWIR1_median,4520,0.23809149655785444,0.05827111611340707,0.16665199249982834,0.23322813212871552,0.3169931352138519,False,False
1999,L5 + L7,SWIR1_amp,4520,0.15123368694521158,0.0728239990258178,0.06755927503108979,0.13976188004016876,0.25248301327228545,False,False
1999,L5 + L7,SWIR2_median,4520,0.1599959731365727,0.05639867836318107,0.08918655514717103,0.15558874607086182,0.23622630834579467,False,False
1999,L5 + L7,SWIR2_amp,4520,0.13253593380703071,0.062334199541609424,0.05821613371372223,0.1247674897313118,0.21425389051437377,False,False
2000,L5 + L7,NDVI_median,4529,0.4043806487804192,0.16978458908274807,0.20345037877559663,0.384622186422348,0.6543287634849548,False,False
2000,L5 + L7,NDVI_amp,4529,0.39569126541289906,0.15974777254864567,0.18975428640842437,0.3915990740060806,0.6071198508143425,False,False
2000,L5 + L7,BSI_max,4529,0.10992414898309762,0.10700038313371607,-0.02891882322728633,0.1301131695508957,0.2271173119544984,False,False
2000,L5 + L7,B_median,4529,0.06761163278186945,0.023787488264825473,0.03869450092315674,0.0655674934387207,0.09901575148105622,False,False
2000,L5 + L7,B_amp,4529,0.13609911665422392,0.14415493391970677,0.04177250862121582,0.09200125932693481,0.27215377092361487,False,False
2000,L5 + L7,G_median,4529,0.09628537271338784,0.029564444337507257,0.060611996054649356,0.0936724990606308,0.1325630098581314,False,False
2000,L5 + L7,G_amp,4529,0.13233117810389833,0.10932327074132515,0.04729723185300827,0.09773500263690948,0.2716285198926929,False,False
2000,L5 + L7,R_median,4529,0.10858795228505745,0.04086207708702759,0.05666849911212921,0.10512624680995941,0.1598237484693527,False,False
2000,L5 + L7,R_amp,4529,0.14909636558128736,0.11182286086213765,0.058547505736351015,0.11783751845359802,0.28145973980426797,False,False
2000,L5 + L7,NIR_median,4529,0.2625408273516809,0.04967676245497014,0.20402724295854568,0.2588924765586853,0.32880575656890876,False,False
2000,L5 + L7,NIR_amp,4529,0.1853661034926591,0.09033518773323929,0.08749949932098389,0.16843748092651367,0.30515653192996983,False,False
2000,L5 + L7,SWIR1_median,4529,0.23207964092249586,0.05533540541008388,0.16229050606489182,0.22866998612880707,0.30537577271461486,False,False
2000,L5 + L7,SWIR1_amp,4529,0.18793572431817226,0.08888534951881175,0.08566249907016754,0.17481748759746552,0.30694953501224526,False,False
2000,L5 + L7,SWIR2_median,4529,0.15420103223974221,0.052925482002293016,0.08568375408649445,0.151807501912117,0.22434698641300205,False,False
2000,L5 + L7,SWIR2_amp,4529,0.16407004792673432,0.0769811986940832,0.07547924518585206,0.153779998421669,0.2673000246286394,False,False
2001,L5 + L7,NDVI_median,4469,0.43060130469874464,0.16487059019038816,0.23267056047916412,0.4146118462085724,0.6611965537071228,False,False
2001,L5 + L7,NDVI_amp,4469,0.3891201657095112,0.1629551997528867,0.17861826419830323,0.3810536861419678,0.6069435238838197,False,False
2001,L5 + L7,BSI_max,4469,0.1078963951496278,0.10603220082694334,-0.040048171579837796,0.12241315096616745,0.23252193331718446,False,False
2001,L5 + L7,B_median,4469,0.06419884970148662,0.023830132786271704,0.036816246807575226,0.061359986662864685,0.09477250277996063,False,False
2001,L5 + L7,B_amp,4469,0.1426496399922055,0.1651783313366482,0.036547496914863586,0.08618499338626862,0.3203694999217989,False,False
2001,L5 + L7,G_median,4469,0.09282404061804471,0.02933052967910333,0.058304741978645325,0.09009748697280884,0.1282510042190552,False,False
2001,L5 + L7,G_amp,4469,0.1398221471297525,0.13252240726433023,0.04280098080635071,0.09391249716281891,0.3139950007200241,False,False
2001,L5 + L7,R_median,4469,0.1039780135835196,0.03998161574913668,0.0551285058259964,0.10040999948978424,0.15445438325405123,False,False
2001,L5 + L7,R_amp,4469,0.1567205039696369,0.1360555661152373,0.05466448366641998,0.11385000497102737,0.3308552861213686,False,False
2001,L5 + L7,NIR_median,4469,0.2656687005093952,0.050320492279679274,0.20593300759792327,0.26407626271247864,0.33263100385665895,False,False
2001,L5 + L7,NIR_amp,4469,0.19625549884310875,0.10984772900780493,0.08760676085948944,0.17091251909732819,0.33473553508520126,False,False
2001,L5 + L7,SWIR1_median,4469,0.22864492628519154,0.05481226725838868,0.16095124781131745,0.224434994161129,0.30240851640701294,False,False
2001,L5 + L7,SWIR1_amp,4469,0.18979329376759266,0.09783467425362549,0.08079500496387482,0.17305749654769897,0.32714275568723694,False,False
2001,L5 + L7,SWIR2_median,4469,0.14968027728223166,0.05112845256435187,0.08434450328350067,0.14702250063419342,0.2175874888896942,False,False
2001,L5 + L7,SWIR2_amp,4469,0.16492406133971615,0.08235643761490899,0.0742445170879364,0.1508374959230423,0.27797003686428096,False,False
2002,L5 + L7,NDVI_median,4340,0.42776028565281343,0.17069556012409948,0.22414884120225906,0.4078940898180008,0.6777093708515167,False,False
2002,L5 + L7,NDVI_amp,4340,0.36688636330336144,0.17780480416968716,0.1514075867831707,0.35051765386015177,0.6032104194280691,False,False
2002,L5 + L7,BSI_max,4340,0.09394388418409086,0.12586205658821406,-0.0651121251285076,0.11159547418355942,0.21851612031459808,False,False
2002,L5 + L7,B_median,4340,0.06602693922766205,0.02402526492689027,0.03697987273335457,0.06485249847173691,0.09700275212526321,False,False
2002,L5 + L7,B_amp,4340,0.14684003581237134,0.18719671680063743,0.029423615336418154,0.07441499829292297,0.4065215080976486,False,False
2002,L5 + L7,G_median,4340,0.09375498661350819,0.02917935380415072,0.05860450714826584,0.09267561882734299,0.12940050810575485,False,False
2002,L5 + L7,G_amp,4340,0.1401354704498558,0.15207863477672476,0.032676861435174946,0.08086374402046204,0.3878655031323433,False,False
2002,L5 + L7,R_median,4340,0.10604380069274781,0.04078481416342555,0.05519518405199051,0.10390250384807587,0.1568399965763092,False,False
2002,L5 + L7,R_amp,4340,0.15813059026744508,0.15536589174373644,0.04420212358236313,0.10423187911510468,0.4040568709373473,False,False
2002,L5 + L7,NIR_median,4340,0.2705908727673342,0.050885985154295925,0.20946330800652505,0.266936257481575,0.33653877079486844,False,False
2002,L5 + L7,NIR_amp,4340,0.17939585875805622,0.1231681714928171,0.06396502256393433,0.14399000257253647,0.3537641704082489,False,False
2002,L5 + L7,SWIR1_median,4340,0.22999219746770946,0.05456092857007118,0.16474349722266196,0.22436968609690666,0.30341019630432126,False,False
2002,L5 + L7,SWIR1_amp,4340,0.16653499557606635,0.10115591342205688,0.060702118277549746,0.1429656222462654,0.3063238993287086,False,False
2002,L5 + L7,SWIR2_median,4340,0.15176850098790387,0.052356481952108014,0.08614438176155091,0.1471874862909317,0.2219366118311882,False,False
2002,L5 + L7,SWIR2_amp,4340,0.14476354727650292,0.084283500028494,0.05528875291347504,0.1282462626695633,0.2589675456285476,False,False
2003,L5 + L7,NDVI_median,4488,0.3899555766509693,0.17433047691851444,0.1890983916819096,0.35942959040403366,0.6511426866054535,False,False
2003,L5 + L7,NDVI_amp,4488,0.32741607009144336,0.15738452387764565,0.12334360927343369,0.3174290955066681,0.5353472888469696,False,False
2003,L5 + L7,BSI_max,4488,0.10720736013606343,0.1178203305271466,-0.05916041322052479,0.12774376571178436,0.24047333151102077,False,False
2003,L5 + L7,B_median,4488,0.06855919334204094,0.02316395567854778,0.039727123081684114,0.06710751354694366,0.09829455241560936,False,False
2003,L5 + L7,B_amp,4488,0.09899376417093524,0.13191208735320395,0.029434631764888763,0.06470751389861107,0.1626129984855652,False,False
2003,L5 + L7,G_median,4488,0.09751720701339331,0.029330160001985076,0.06114274561405182,0.09559750556945801,0.1338582456111908,False,False
2003,L5 + L7,G_amp,4488,0.09871904841008299,0.10101592718655987,0.032221758365631105,0.072840616106987,0.16447886377573015,False,False
2003,L5 + L7,R_median,4488,0.1132445751163119,0.04245920811118846,0.05950924456119538,0.11048874258995056,0.16807512715458872,False,False
2003,L5 + L7,R_amp,4488,0.11540214217860591,0.10364825111069577,0.04029849618673325,0.09168500080704689,0.18365186229348185,False,False
2003,L5 + L7,NIR_median,4488,0.2620174396540737,0.051994409349084864,0.19969050884246825,0.25865186750888824,0.3299923896789551,False,False
2003,L5 + L7,NIR_amp,4488,0.14504263625910205,0.0913992889099498,0.059061753749847415,0.12379128485918045,0.24950614124536516,False,False
2003,L5 + L7,SWIR1_median,4488,0.24349338103769722,0.061910168057940376,0.16655574291944505,0.23607781529426575,0.32690000534057617,False,False
2003,L5 + L7,SWIR1_amp,4488,0.15085886048448544,0.08521862274259659,0.056127513945102694,0.13794688135385513,0.2561418920755387,False,False
2003,L5 + L7,SWIR2_median,4488,0.1663327037776802,0.059464218787419046,0.08983968272805214,0.16206499934196472,0.24692037627100943,False,False
2003,L5 + L7,SWIR2_amp,4488,0.13034919236492823,0.07078258071747599,0.05138925462961197,0.12197625637054443,0.21193976849317553,False,False
2004,L5 + L7,NDVI_median,4441,0.3973452678555067,0.16977762417590464,0.18996259570121765,0.3780471682548523,0.6367371082305908,False,False
2004,L5 + L7,NDVI_amp,4441,0.34816728074305464,0.16416775816427398,0.14093786478042603,0.3375476896762848,0.5680388361215591,False,False
2004,L5 + L7,BSI_max,4441,0.1124970441640658,0.10764248172004061,-0.029655519872903824,0.12827149033546448,0.23424799740314484,False,False
2004,L5 + L7,B_median,4441,0.06934485726177599,0.02395158938450786,0.04109937325119972,0.06672249734401703,0.10091187804937363,False,False
2004,L5 + L7,B_amp,4441,0.12082448376074645,0.14457304647963337,0.03594249486923218,0.07979124784469604,0.23787502199411392,False,False
2004,L5 + L7,G_median,4441,0.09810440821342038,0.030194998061190796,0.061525002121925354,0.09611999988555908,0.13639374822378159,False,False
2004,L5 + L7,G_amp,4441,0.1185857183917555,0.10163736345880674,0.04251500219106674,0.089292511343956,0.23542751371860504,False,False
2004,L5 + L7,R_median,4441,0.11092017004734035,0.04158369531897382,0.0598749965429306,0.10792437940835953,0.16454000771045685,False,False
2004,L5 + L7,R_amp,4441,0.13144849223499763,0.10350955370143897,0.049761250615119934,0.1033174991607666,0.24645502865314484,False,False
2004,L5 + L7,NIR_median,4441,0.26183045377497255,0.051266334806448974,0.20152750611305237,0.2595524787902832,0.3299593925476074,False,False
2004,L5 + L7,NIR_amp,4441,0.16878509543965298,0.09084417676228915,0.07194003462791443,0.15201999247074127,0.28446002304553986,False,False
2004,L5 + L7,SWIR1_median,4441,0.234471545853115,0.05723509598904442,0.1637081280350685,0.2291650027036667,0.3142087608575821,False,False
2004,L5 + L7,SWIR1_amp,4441,0.1702645987916492,0.08449762816485741,0.07279251515865326,0.15882624685764313,0.2817925065755844,False,False
2004,L5 + L7,SWIR2_median,4441,0.15904804374926182,0.05527546898998404,0.0888187512755394,0.1551624983549118,0.23458249866962433,False,False
2004,L5 + L7,SWIR2_amp,4441,0.1494118699020052,0.07327866062717024,0.06481748819351196,0.13983747363090515,0.24376001954078674,False,False
2005,L5 + L7,NDVI_median,4462,0.3750138978902977,0.1667085065697797,0.18480070158839226,0.3505832776427269,0.6076709061861039,False,False
2005,L5 + L7,NDVI_amp,4462,0.33629416557207503,0.1545777108548584,0.13999096006155015,0.3237787038087845,0.5405975416302681,False,False
2005,L5 + L7,BSI_max,4462,0.11349774106718864,0.10983859014912,-0.02964283525943755,0.13288730382919312,0.23350139707326892,False,False
2005,L5 + L7,B_median,4462,0.07147517944767517,0.023681569112769838,0.041887938231229785,0.07031812891364098,0.10092150717973711,False,False
2005,L5 + L7,B_amp,4462,0.10524931525647079,0.11277293559659038,0.03880385309457779,0.07400250434875488,0.18380999863147737,False,False
2005,L5 + L7,G_median,4462,0.100941546949262,0.03071988827073507,0.0622551254928112,0.09984969347715378,0.13860198855400085,False,False
2005,L5 + L7,G_amp,4462,0.10635652490618089,0.08558006754455291,0.04295637160539627,0.08292625844478607,0.18407126516103753,False,False
2005,L5 + L7,R_median,4462,0.11647095632080218,0.042961002783268684,0.062235875427722936,0.11405687779188156,0.17106298804283143,False,False
2005,L5 + L7,R_amp,4462,0.12215270887490935,0.08541413392876593,0.053352749347686766,0.10269874334335327,0.19553463459014894,False,False
2005,L5 + L7,NIR_median,4462,0.2608903937763107,0.05138162574360528,0.19930000603199005,0.25813280791044235,0.32785700261592865,False,False
2005,L5 + L7,NIR_amp,4462,0.15583261014273325,0.0817588340291513,0.07048250883817672,0.14139814674854279,0.25973338186740874,False,False
2005,L5 + L7,SWIR1_median,4462,0.2408101899563558,0.062018511416006505,0.1643963173031807,0.23434875160455704,0.32787075936794285,False,False
2005,L5 + L7,SWIR1_amp,4462,0.16479719605535628,0.07708613575209022,0.07424587160348893,0.15384875237941742,0.2677565336227417,False,False
2005,L5 + L7,SWIR2_median,4462,0.16514324212671394,0.05876462592676093,0.09095824807882309,0.15968625247478485,0.24669418334960938,False,False
2005,L5 + L7,SWIR2_amp,4462,0.1459295211876657,0.06572347016734889,0.0669776365160942,0.14039436727762222,0.22881792187690736,False,False
2006,L5 + L7,NDVI_median,4463,0.39929536264238463,0.16473832813597122,0.20780211091041564,0.377927303314209,0.6299844861030579,False,False
2006,L5 + L7,NDVI_amp,4463,0.36391354600443826,0.1646239562526149,0.1511098921298981,0.3510487377643585,0.5830481678247452,False,False
2006,L5 + L7,BSI_max,4463,0.10946481222213138,0.10830891299072329,-0.029939885437488545,0.12721037864685059,0.2306513458490372,False,False
2006,L5 + L7,B_median,4463,0.06821908620078682,0.023159985966669565,0.040074998140335084,0.06739625334739685,0.09676624834537506,False,False
2006,L5 + L7,B_amp,4463,0.12093362651236143,0.16079537249235432,0.03422099649906159,0.07356248795986176,0.23425051271915456,False,False
2006,L5 + L7,G_median,4463,0.09713547830470949,0.02942708377731265,0.06029300391674042,0.09617500007152557,0.13243374824523926,False,False
2006,L5 + L7,G_amp,4463,0.11851018687587882,0.12074611876697977,0.038442245125770574,0.08237625658512115,0.2314785182476044,False,False
2006,L5 + L7,R_median,4463,0.11061367938854677,0.04111629064946226,0.059319505095481874,0.10760124772787094,0.16274975836277009,False,False
2006,L5 + L7,R_amp,4463,0.13646370000551294,0.12710762579033724,0.04681601226329804,0.10257500410079956,0.24233550727367412,False,False
2006,L5 + L7,NIR_median,4463,0.26253438187225125,0.0499575634320798,0.20195100009441375,0.26023998856544495,0.3275930166244507,False,False
2006,L5 + L7,NIR_amp,4463,0.17259360898270246,0.1041053805491656,0.06892874538898468,0.14894001185894012,0.2947532683610916,False,False
2006,L5 + L7,SWIR1_median,4463,0.23410107092541643,0.05919074789982287,0.16160024106502532,0.22891750186681747,0.3155108988285065,False,False
2006,L5 + L7,SWIR1_amp,4463,0.17044978425551124,0.09060657721082119,0.06861526370048524,0.1545500010251999,0.2904880076646805,False,False
2006,L5 + L7,SWIR2_median,4463,0.15574886824300463,0.054734560938228295,0.08735299408435822,0.1505768746137619,0.23142000138759614,False,False
2006,L5 + L7,SWIR2_amp,4463,0.14697820317303148,0.07382068085850783,0.060098522901535036,0.13692252337932587,0.2441450029611588,False,False
2007,L5 + L7,NDVI_median,4511,0.41869122962715327,0.17428524440084509,0.21360347419977188,0.3946824371814728,0.6763443350791931,False,False
2007,L5 + L7,NDVI_amp,4511,0.34841912768222555,0.15716375658383797,0.13717085123062134,0.3463376462459564,0.5563248246908188,False,False
2007,L5 + L7,BSI_max,4511,0.10223662490468108,0.11537637187416311,-0.053391024470329285,0.12703454494476318,0.2218504101037979,False,False
2007,L5 + L7,B_median,4511,0.065883375547382,0.023040404885483784,0.03787499666213989,0.06455687433481216,0.09400250017642975,False,False
2007,L5 + L7,B_amp,4511,0.11144363069529016,0.13980339460144464,0.03275249898433685,0.07092249393463135,0.19709250330924988,False,False
2007,L5 + L7,G_median,4511,0.09551122125607324,0.029887614129667974,0.05923563241958618,0.09425000846385956,0.1307149976491928,False,False
2007,L5 + L7,G_amp,4511,0.11160190390743772,0.1092634535530978,0.037757501006126404,0.08016248792409897,0.19810999929904938,False,False
2007,L5 + L7,R_median,4511,0.10624860110419126,0.04165536899118871,0.05371500551700592,0.10399188101291656,0.15768563002347946,False,False
2007,L5 + L7,R_amp,4511,0.12776489490925988,0.11317992222013937,0.046529993414878845,0.09827126562595367,0.21062247455120087,False,False
2007,L5 + L7,NIR_median,4511,0.2622055785156121,0.04945721394869564,0.20401623845100403,0.2587825059890747,0.329354390501976,False,False
2007,L5 + L7,NIR_amp,4511,0.16763278496778083,0.09560062893944173,0.06995998322963715,0.14733126759529114,0.28410251438617706,False,False
2007,L5 + L7,SWIR1_median,4511,0.22932651980875654,0.05681830454904066,0.15925312787294388,0.22547999769449234,0.307333767414093,False,False
2007,L5 + L7,SWIR1_amp,4511,0.16634216600406782,0.08936309786069467,0.06737494468688965,0.1516212671995163,0.28050000965595245,False,False
2007,L5 + L7,SWIR2_median,4511,0.15225665634809749,0.054874162882539865,0.0810224860906601,0.14765499532222748,0.22571374475955963,False,False
2007,L5 + L7,SWIR2_amp,4511,0.14439136709012892,0.07454426283192764,0.058712512254714966,0.13314126431941986,0.23472625017166138,False,False
2008,L5 + L7,NDVI_median,4410,0.4379993904912591,0.17614360900163578,0.2130213998258114,0.42713017761707306,0.6860604852437973,False,False
2008,L5 + L7,NDVI_amp,4410,0.354888107731285,0.16680222648739687,0.14826342314481736,0.3397546261548996,0.5886300461366772,False,False
2008,L5 + L7,BSI_max,4410,0.09160151009169967,0.1148079165496827,-0.06674982234835625,0.11473910510540009,0.21476059108972548,False,False
2008,L5 + L7,B_median,4410,0.06262668594211138,0.022822911595147207,0.034462249279022215,0.061521563678979874,0.09139274954795837,False,False
2008,L5 + L7,B_amp,4410,0.1190653446580277,0.15574854926192977,0.02965874895453453,0.07288187742233276,0.22785125821828833,False,False
2008,L5 + L7,G_median,4410,0.09233219369975618,0.029423190409432247,0.05572250336408615,0.09070250391960144,0.12849162220954893,False,False
2008,L5 + L7,G_amp,4410,0.1186152538559199,0.12577429031192558,0.03437224924564362,0.08032751083374023,0.22906126081943506,False,False
2008,L5 + L7,R_median,4410,0.10240736622490039,0.04190974361332861,0.0512372612953186,0.09832687675952911,0.15814762115478515,False,False
2008,L5 + L7,R_amp,4410,0.1352341458032461,0.130835862779859,0.04409624636173248,0.09779686853289604,0.24435815811157216,False,False
2008,L5 + L7,NIR_median,4410,0.26676193787769126,0.05335950088286888,0.2027182459831238,0.2634781152009964,0.33831594586372377,False,False
2008,L5 + L7,NIR_amp,4410,0.17253604715609766,0.1080987321509301,0.0700548842549324,0.14551625400781631,0.30160076320171353,False,False
2008,L5 + L7,SWIR1_median,4410,0.22383908122575202,0.056232874366728094,0.15552824586629868,0.2202034369111061,0.2984980016946792,False,False
2008,L5 + L7,SWIR1_amp,4410,0.1612096667999313,0.08808279320048516,0.06840900778770446,0.14405874907970428,0.2726693913340568,False,False
2008,L5 + L7,SWIR2_median,4410,0.14580640592644004,0.05401873011255754,0.07901225090026856,0.14067687094211578,0.2208668805658817,False,False
2008,L5 + L7,SWIR2_amp,4410,0.14190414195495937,0.07331270066974348,0.06040238067507744,0.13125062733888626,0.23672824054956432,False,False
2009,L5 + L7,NDVI_median,4320,0.42072964584566996,0.17287504321749364,0.21977267861366273,0.3978763148188591,0.6758823752403259,True,False
2009,L5 + L7,NDVI_amp,4320,0.35607841798010265,0.1680925576841092,0.13779576867818832,0.3451753109693527,0.5810741826891899,True,False
2009,L5 + L7,BSI_max,4320,0.09919939177015277,0.1152938010196459,-0.05846996083855628,0.12116927653551102,0.22108511924743648,True,False
2009,L5 + L7,B_median,4320,0.06417223070920618,0.022777220463972788,0.03529962375760078,0.06344312056899071,0.0925257459282875,True,False
2009,L5 + L7,B_amp,4320,0.13660977868432247,0.19942540382351873,0.027385877072811128,0.07232499867677689,0.30838777869939793,True,False
2009,L5 + L7,G_median,4320,0.09248250056127155,0.02928356573386796,0.055212374031543734,0.09195375442504883,0.1272823207080364,True,False
2009,L5 + L7,G_amp,4320,0.12579444893980743,0.1382770441731302,0.031374746561050416,0.0807262510061264,0.3046312600374222,True,False
2009,L5 + L7,R_median,4320,0.10530005950066779,0.04134954385568102,0.051830565184354783,0.10360687971115112,0.15799500048160553,True,False
2009,L5 + L7,R_amp,4320,0.14462725144673,0.14518991799947695,0.04211485236883163,0.10186687111854553,0.31193664520978925,True,False
2009,L5 + L7,NIR_median,4320,0.2630249245920115,0.050817921208541623,0.20236486941576007,0.25933937728405,0.3310346305370331,True,False
2009,L5 + L7,NIR_amp,4320,0.178688151842949,0.12034791977574803,0.06191351264715195,0.15163501352071762,0.31963389813899995,True,False
2009,L5 + L7,SWIR1_median,4320,0.23157851560024062,0.059137695089958,0.1596422553062439,0.2261984385550022,0.3130152612924576,True,False
2009,L5 + L7,SWIR1_amp,4320,0.17497318037440657,0.0986437701644527,0.0676940068602562,0.15692874789237976,0.3078102841973304,True,False
2009,L5 + L7,SWIR2_median,4320,0.1543522762859033,0.05577814025933783,0.08316200822591782,0.14968998730182648,0.2313924878835678,True,False
2009,L5 + L7,SWIR2_amp,4320,0.1486560984618134,0.08182572430934584,0.057276979088783264,0.13519001007080078,0.26316401958465574,True,False
2010,L5 + L7,NDVI_median,4391,0.41507573585712954,0.1765029010195831,0.200757697224617,0.3966881334781647,0.6724096238613129,False,False
2010,L5 + L7,NDVI_amp,4391,0.33623045418402414,0.15770321189115905,0.13556283712387085,0.329837903380394,0.5428875535726547,False,False
2010,L5 + L7,BSI_max,4391,0.09969732121342169,0.11027698794588163,-0.05754886195063591,0.11967004090547562,0.21902798116207123,False,False
2010,L5 + L7,B_median,4391,0.0659226723010218,0.022697680206402258,0.037902504205703735,0.0643024891614914,0.09455250203609467,False,False
2010,L5 + L7,B_amp,4391,0.10809215795196996,0.14805304010547898,0.03184500336647034,0.06828249990940094,0.1825449913740158,False,False
2010,L5 + L7,G_median,4391,0.09372320783519034,0.0295819627183528,0.057262495160102844,0.09162375330924988,0.13024748861789703,False,False
2010,L5 + L7,G_amp,4391,0.10402631019675848,0.10237980151992143,0.03565375506877899,0.07552874088287354,0.1811700016260147,False,False
2010,L5 + L7,R_median,4391,0.10652771298935841,0.042343542524872935,0.05374251306056976,0.10277499258518219,0.16134999692440033,False,False
2010,L5 + L7,R_amp,4391,0.12019534861408912,0.10668601073972497,0.043119996786117554,0.09350000321865082,0.19563497602939606,False,False
2010,L5 + L7,NIR_median,4391,0.2625951962793669,0.051149728642800256,0.20095687359571457,0.2602124810218811,0.3297875225543976,False,False
2010,L5 + L7,NIR_amp,4391,0.15357902811331564,0.09213370229684774,0.064597487449646,0.13079002499580383,0.27054499089717865,False,False
2010,L5 + L7,SWIR1_median,4391,0.23104666673330804,0.05721395764549632,0.16113000363111496,0.2264700084924698,0.30820000171661377,False,False
2010,L5 + L7,SWIR1_amp,4391,0.1518104481798211,0.08303795381531678,0.06206749379634857,0.1383112668991089,0.259022518992424,False,False
2010,L5 + L7,SWIR2_median,4391,0.15462646114425083,0.05570417459762985,0.08539499342441559,0.1498274952173233,0.23040251433849335,False,False
2010,L5 + L7,SWIR2_amp,4391,0.13123286512929142,0.06980526524382027,0.05373501777648926,0.12078002095222473,0.21873502433300018,False,False
2011,L5 + L7,NDVI_median,4359,0.42038657778128813,0.1765213500329958,0.20798478424549102,0.39945343136787415,0.6838431596755982,True,False
2011,L5 + L7,NDVI_amp,4359,0.324902059108919,0.15612189685531042,0.12637420892715454,0.3132971525192261,0.5319847762584687,True,False
2011,L5 + L7,BSI_max,4359,0.09635231854833153,0.1112052216430655,-0.058896800875663735,0.11691772937774658,0.21730168759822846,True,False
2011,L5 + L7,B_median,4359,0.06496895456408437,0.024829665352794426,0.035977497696876526,0.06252875924110413,0.09629050195217133,True,False
2011,L5 + L7,B_amp,4359,0.0958537989802168,0.1298784531186071,0.028820008039474487,0.060046255588531494,0.16498899161815644,True,False
2011,L5 + L7,G_median,4359,0.09309690953306059,0.03059938370214482,0.05581325143575668,0.09112875163555145,0.12986250221729279,True,False
2011,L5 + L7,G_amp,4359,0.09815160597025678,0.10643121359251818,0.03335475325584412,0.06902498006820679,0.16552799344062818,True,False
2011,L5 + L7,R_median,4359,0.10626113541675533,0.043125007151169036,0.053034369647502896,0.10379250347614288,0.1609773710370064,True,False
2011,L5 + L7,R_amp,4359,0.1175792629865365,0.11218876475041091,0.043862515687942506,0.09008999168872833,0.18170626759529124,True,False
2011,L5 + L7,NIR_median,4359,0.26359475917309133,0.053148054875340404,0.20028450787067414,0.260872483253479,0.33351927399635317,True,False
2011,L5 + L7,NIR_amp,4359,0.1481837162333061,0.09659846383856965,0.056787514686584474,0.12636250257492065,0.25939650237560274,True,False
2011,L5 + L7,SWIR1_median,4359,0.23082598898731588,0.05897410212964042,0.15888599455356597,0.22615374624729156,0.31169800758361815,True,False
2011,L5 + L7,SWIR1_amp,4359,0.15255382321014346,0.08339128115795927,0.06334352493286133,0.13821502029895782,0.253096279501915,True,False
2011,L5 + L7,SWIR2_median,4359,0.15403153948754203,0.05622220848896416,0.0827151283621788,0.14982062578201294,0.23046849966049196,True,False
2011,L5 + L7,SWIR2_amp,4359,0.13275376158991,0.06886281387972809,0.05642723739147186,0.12248499691486359,0.2154185146093369,True,False
2012,L7 only,NDVI_median,4419,0.4406545703899084,0.1699084509317979,0.22928857207298278,0.42887094616889954,0.6757357954978943,True,False
2012,L7 only,NDVI_amp,4419,0.3462928907685991,0.1574323157405484,0.14451065063476562,0.33550459146499634,0.5603626221418382,True,False
2012,L7 only,BSI_max,4419,0.09337850543350767,0.10921696074069846,-0.06312221139669418,0.11452876776456833,0.2113859355449677,True,False
2012,L7 only,B_median,4419,0.06155152676210168,0.022527608730330967,0.03488299697637558,0.05960001051425934,0.08966025114059449,True,False
2012,L7 only,B_amp,4419,0.09672341201370942,0.13081730100746033,0.025916004180908205,0.05997750163078308,0.1714790120720864,True,False
2012,L7 only,G_median,4419,0.08893689226833747,0.0283844234349894,0.05492088347673416,0.08661875128746033,0.12448350787162785,True,False
2012,L7 only,G_amp,4419,0.09810480979381037,0.11247496618899426,0.029611989855766296,0.06712749600410461,0.17005999088287366,True,False
2012,L7 only,R_median,4419,0.1016716292921667,0.04064866910101792,0.05204849913716316,0.09741251170635223,0.15524500906467442,True,False
2012,L7 only,R_amp,4419,0.12010699056357003,0.11863402821412392,0.04189899563789368,0.09113502502441406,0.18865000307559973,True,False
2012,L7 only,NIR_median,4419,0.2653877922591108,0.051814452983684194,0.20305374562740325,0.2633337676525116,0.3318665146827698,True,False
2012,L7 only,NIR_amp,4419,0.1547570260543849,0.10024575285729977,0.058371511101722715,0.13194499909877777,0.27215099036693574,True,False
2012,L7 only,SWIR1_median,4419,0.22614929164058215,0.055426629535542254,0.1579001322388649,0.2229362428188324,0.3011104971170426,True,False
2012,L7 only,SWIR1_amp,4419,0.14804672197933838,0.08134777529132717,0.0582229882478714,0.13296253979206085,0.25080000460147855,True,False
2012,L7 only,SWIR2_median,4419,0.14879817742804619,0.05243216889562616,0.08409976065158845,0.144100621342659,0.2189611196517945,True,False
2012,L7 only,SWIR2_amp,4419,0.1290094574201455,0.06684965355808005,0.0516010046005249,0.12047749757766724,0.2126327395439148,True,False
2013,L7 only,NDVI_median,4232,0.42160047468358947,0.17733284153045417,0.20817260891199113,0.40143299847841263,0.6811703026294709,False,False
2013,L7 only,NDVI_amp,4232,0.3334181983897454,0.16183356717078587,0.12824170887470246,0.3187050187261775,0.5521882310509683,False,False
2013,L7 only,BSI_max,4232,0.0927114160525191,0.11528009854948189,-0.06861508265137672,0.11580399051308632,0.21767128109931946,False,False
2013,L7 only,B_median,4232,0.06477906416735431,0.02323881766190437,0.03742262348532677,0.06276251375675201,0.0946845017373562,False,False
2013,L7 only,B_amp,4232,0.10345229936767165,0.15396027102105891,0.026292750239372255,0.05631313472986221,0.20184037312865263,False,False
2013,L7 only,G_median,4232,0.0926606494014368,0.029101106184935166,0.05789637863636017,0.090317502617836,0.1286635011434555,False,False
2013,L7 only,G_amp,4232,0.10368292980839715,0.1282882828162198,0.02978522628545761,0.0645425021648407,0.19879748821258547,False,False
2013,L7 only,R_median,4232,0.10589841141282723,0.041774485780885655,0.054512486606836316,0.10238999873399734,0.15942086577415468,False,False
2013,L7 only,R_amp,4232,0.12490313155629403,0.13851644912407857,0.03895513191819191,0.08729873970150948,0.20850224047899257,False,False
2013,L7 only,NIR_median,4232,0.26737988635806087,0.05062942031651842,0.20783738046884537,0.2642102986574173,0.33344363868236543,False,False
2013,L7 only,NIR_amp,4232,0.16022789742206073,0.10804159606921768,0.061682507395744324,0.13371877372264862,0.2841093957424164,False,False
2013,L7 only,SWIR1_median,4232,0.2317099153682139,0.05630562024815568,0.16273806616663933,0.22692718729376793,0.30949320495128635,False,False
2013,L7 only,SWIR1_amp,4232,0.15158447564451027,0.09294798401806167,0.05849248170852661,0.13251562416553497,0.26413479894399644,False,False
2013,L7 only,SWIR2_median,4232,0.1557918937176128,0.055397350094354106,0.08537437617778779,0.15162187814712524,0.23084113001823425,False,False
2013,L7 only,SWIR2_amp,4232,0.13304139567901765,0.07840613395226709,0.05313275158405304,0.11792687326669693,0.22055686712265016,False,False
2014,L7 only,NDVI_median,4281,0.4257862223704389,0.1808581676138554,0.20424647629261017,0.40988531708717346,0.6890769004821777,False,False
2014,L7 only,NDVI_amp,4281,0.3185129868049712,0.1729056791329844,0.10457846522331238,0.2975737452507019,0.5622962340712547,False,False
2014,L7 only,BSI_max,4281,0.09228785239952278,0.11278749619677003,-0.06651776283979416,0.11349168419837952,0.21562319993972778,False,False
2014,L7 only,B_median,4281,0.06481261741691063,0.02377242190463409,0.036128751933574677,0.06296874582767487,0.0940299928188324,False,False
2014,L7 only,B_amp,4281,0.10166519463647056,0.15315192683914716,0.027555003762245178,0.058135002851486206,0.16058625280857086,False,False
2014,L7 only,G_median,4281,0.09254463636737315,0.030427459352605633,0.05624498426914215,0.08987750113010406,0.12990374863147736,False,False
2014,L7 only,G_amp,4281,0.10017746904831405,0.11902713150655801,0.03236749768257141,0.06595875322818756,0.16098499298095703,False,False
2014,L7 only,R_median,4281,0.10547711221595647,0.04369443857851093,0.05181749165058136,0.10177125036716461,0.16344000399112701,False,False
2014,L7 only,R_amp,4281,0.11969837406769837,0.12996412864261148,0.042020007967948914,0.08563500642776489,0.18471750617027283,False,False
2014,L7 only,NIR_median,4281,0.26587057630715316,0.051531974775900685,0.2052675038576126,0.2622612416744232,0.33421504497528076,False,False
2014,L7 only,NIR_amp,4281,0.15041860613490732,0.10166601046247323,0.05810751020908356,0.12549623847007751,0.25557126104831696,False,False
2014,L7 only,SWIR1_median,4281,0.2294875762119273,0.055303197446944646,0.1610681265592575,0.22517751157283783,0.3056012690067291,False,False
2014,L7 only,SWIR1_amp,4281,0.1483156086093381,0.08670030498035576,0.05934499204158783,0.1293187290430069,0.25558502972126007,False,False
2014,L7 only,SWIR2_median,4281,0.15483181721308303,0.05633740514068133,0.0837862491607666,0.15054937452077866,0.23049874603748322,False,False
2014,L7 only,SWIR2_amp,4281,0.12829881864566164,0.07061767931352225,0.0548350065946579,0.11420750617980957,0.21553125977516174,False,False
2015,L7 only,NDVI_median,4245,0.42597568545009074,0.17380097040580691,0.21791245341300963,0.4073173701763153,0.6709876477718353,False,False
2015,L7 only,NDVI_amp,4245,0.3596588013797846,0.16206414712876627,0.15933687686920167,0.3471323996782303,0.578271722793579,False,False
2015,L7 only,BSI_max,4245,0.09538295983426003,0.10965313792472511,-0.05142327323555946,0.11534841358661652,0.2140519022941589,False,False
2015,L7 only,B_median,4245,0.06507595187695905,0.024604041352500987,0.037423995137214665,0.06248749792575836,0.09324350059032438,False,False
2015,L7 only,B_amp,4245,0.1135613678393993,0.15905941506715982,0.031102484464645384,0.0648449957370758,0.2181245028972624,False,False
2015,L7 only,G_median,4245,0.09263792608297475,0.029941230584416025,0.05728725045919419,0.09015248715877533,0.12691449820995332,False,False
2015,L7 only,G_amp,4245,0.11265968640540036,0.12727295676358588,0.035631743073463444,0.07210502028465271,0.22003300189971917,False,False
2015,L7 only,R_median,4245,0.10610949747325815,0.041948357540679146,0.05466100573539734,0.10329748690128326,0.1576952576637268,False,False
2015,L7 only,R_amp,4245,0.13641500753669772,0.13751266036292875,0.04747600257396698,0.09710249304771423,0.23849376738071437,False,False
2015,L7 only,NIR_median,4245,0.26927941336051875,0.05216797330476093,0.2076765015721321,0.26593250036239624,0.3378917694091797,False,False
2015,L7 only,NIR_amp,4245,0.1675802209527529,0.10823260551757234,0.06477349698543548,0.13906751573085785,0.3022085279226303,False,False
2015,L7 only,SWIR1_median,4245,0.23275103170262348,0.056235476076006305,0.16368475258350373,0.22784502059221268,0.31074651777744294,False,False
2015,L7 only,SWIR1_amp,4245,0.16529231581867654,0.09092677605123042,0.07030925452709198,0.14663000404834747,0.2838880270719528,False,False
2015,L7 only,SWIR2_median,4245,0.15448057942346916,0.05393713850265701,0.08601100742816925,0.15131250023841858,0.22711900621652603,False,False
2015,L7 only,SWIR2_amp,4245,0.1422243101226146,0.07276638501426055,0.06209225356578827,0.13056999444961548,0.23423950672149657,False,False
2016,L7 only,NDVI_median,4484,0.41685285559470586,0.1834398338695027,0.19885097742080687,0.3900633156299591,0.6971542984247208,False,False
2016,L7 only,NDVI_amp,4484,0.33501477414972475,0.1548234405088062,0.13989198878407477,0.32242344319820404,0.542753727734089,False,False
2016,L7 only,BSI_max,4484,0.10466960986630805,0.11648130767445859,-0.06220200397074222,0.12915250658988953,0.23093817979097372,False,False
2016,L7 only,B_median,4484,0.06448864991910404,0.02339764935867004,0.03576574921607971,0.06303062289953232,0.0940121278166771,False,False
2016,L7 only,B_amp,4484,0.08897600577517772,0.10197871189557099,0.02798537313938141,0.05777749419212341,0.18682675212621694,False,False
2016,L7 only,G_median,4484,0.09312452460048483,0.02971011100341411,0.05716831758618355,0.09083999693393707,0.1294335037469864,False,False
2016,L7 only,G_amp,4484,0.09161823581202981,0.08360703637304957,0.032370249181985854,0.06641937047243118,0.17672325819730772,False,False
2016,L7 only,R_median,4484,0.10792512426952051,0.04369765229150974,0.05193574950098991,0.105662502348423,0.16359674632549287,False,False
2016,L7 only,R_amp,4484,0.11324928279045594,0.0946446592533648,0.04382950365543366,0.08966373652219772,0.19048012197017672,False,False
2016,L7 only,NIR_median,4484,0.2666895144820931,0.05014283835475178,0.20646031200885773,0.2631000056862831,0.33504345864057544,False,False
2016,L7 only,NIR_amp,4484,0.1502854078841943,0.08194579222076964,0.06346725672483444,0.13228189945220947,0.26329188048839575,False,False
2016,L7 only,SWIR1_median,4484,0.23749248756894992,0.05814734368771247,0.1644960016012192,0.23306312412023544,0.3159096449613571,False,False
2016,L7 only,SWIR1_amp,4484,0.152401310591946,0.0787161517251757,0.0698940098285675,0.13844188302755356,0.25202101767063145,False,False
2016,L7 only,SWIR2_median,4484,0.160664761658296,0.05800157179326603,0.08519150763750076,0.157981239259243,0.23839056119322782,False,False
2016,L7 only,SWIR2_amp,4484,0.13501307486583886,0.0686936976827337,0.06067323386669159,0.12354373931884766,0.2202392637729645,False,False
2017,L7 only,NDVI_median,4371,0.4426522573129997,0.1754039221785081,0.2251572459936142,0.4323485493659973,0.6882247924804688,False,False
2017,L7 only,NDVI_amp,4371,0.36562578653836697,0.15907399010547388,0.16260850429534912,0.3582243025302887,0.5716755092144012,False,False
2017,L7 only,BSI_max,4371,0.0849350970820607,0.11165063167556073,-0.08057485520839691,0.10593755543231964,0.20785681903362274,False,False
2017,L7 only,B_median,4371,0.06334885912243166,0.02309414720344561,0.035840004682540894,0.060947492718696594,0.09222187101840973,False,False
2017,L7 only,B_amp,4371,0.11748404084640683,0.1480044977305,0.031088754534721375,0.07108750939369202,0.23585373163223267,False,False
2017,L7 only,G_median,4371,0.09112292820823407,0.0283956818026938,0.056877508759498596,0.08874998986721039,0.12610875070095062,False,False
2017,L7 only,G_amp,4371,0.11542582619288398,0.11887977071950112,0.03346748650074005,0.07738497853279114,0.23478126525878906,False,False
2017,L7 only,R_median,4371,0.10299176886742514,0.04056920349964522,0.05374251306056976,0.09895937889814377,0.15494249761104584,False,False
2017,L7 only,R_amp,4371,0.13649853409611643,0.13185545732761517,0.04460501670837402,0.10010001063346863,0.24956250190734863,False,False
2017,L7 only,NIR_median,4371,0.2731221302818772,0.05172241831629199,0.21156500279903412,0.26846250891685486,0.34357188642024994,False,False
2017,L7 only,NIR_amp,4371,0.17243791647891218,0.1017436507599728,0.07081250846385956,0.1488025039434433,0.30428750813007355,False,False
2017,L7 only,SWIR1_median,4371,0.22641235116628017,0.05094585309876946,0.16461562365293503,0.22355499863624573,0.29242876172065735,False,False
2017,L7 only,SWIR1_amp,4371,0.1600241823378866,0.08532538559792462,0.06608250737190247,0.14577750861644745,0.2674650400876999,False,False
2017,L7 only,SWIR2_median,4371,0.14872330665380423,0.05038699526192924,0.08638501167297363,0.14526249468326569,0.21578624844551086,False,False
2017,L7 only,SWIR2_amp,4371,0.13900856150932536,0.07074493547057431,0.05736500024795532,0.13013000786304474,0.22704000771045685,False,False
2018,L7 only,NDVI_median,4463,0.4440500377905751,0.17555321742975397,0.22925683856010437,0.4304113984107971,0.695559149980545,False,False
2018,L7 only,NDVI_amp,4463,0.3345628564667186,0.1630918236005906,0.13271813988685607,0.31764206290245056,0.5522327423095703,False,False
2018,L7 only,BSI_max,4463,0.09034457423872179,0.11182755173616618,-0.0756925582885742,0.11018289625644684,0.21470299363136294,False,False
2018,L7 only,B_median,4463,0.06230300338615384,0.02292123375068143,0.035105745494365695,0.060218751430511475,0.09093625545501709,False,False
2018,L7 only,B_amp,4463,0.10337647136426843,0.14879767710051242,0.028627502918243408,0.06594499945640564,0.1617495089769364,False,False
2018,L7 only,G_median,4463,0.08943954038360903,0.028264257978763117,0.05583524405956268,0.08689375221729279,0.12476949393749237,False,False
2018,L7 only,G_amp,4463,0.10349014254360757,0.12509923591361852,0.032422503829002386,0.07236625254154205,0.1637872487306595,False,False
2018,L7 only,R_median,4463,0.1003652123962647,0.04019990494834354,0.051688261330127716,0.09660124778747559,0.1520137518644333,False,False
2018,L7 only,R_amp,4463,0.12200644958047303,0.13364614547038203,0.04213550686836243,0.09129999577999115,0.18123050332069401,False,False
2018,L7 only,NIR_median,4463,0.2665381357841713,0.05098090748317612,0.20615850687026976,0.2638837397098541,0.3359392672777176,False,False
2018,L7 only,NIR_amp,4463,0.15671768930262578,0.10627236437066272,0.06503750681877137,0.13161499798297882,0.2633675187826158,False,False
2018,L7 only,SWIR1_median,4463,0.22505515969750486,0.0522885177728665,0.15977700650691987,0.22251001000404358,0.29396050572395327,False,False
2018,L7 only,SWIR1_amp,4463,0.14906153358133442,0.0785243020819649,0.06494950652122498,0.1343100219964981,0.24823153614997864,False,False
2018,L7 only,SWIR2_median,4463,0.14883485950534583,0.05205356192157842,0.08310700356960297,0.14464375376701355,0.21801650226116184,False,False
2018,L7 only,SWIR2_amp,4463,0.1279847871528034,0.06250698246433609,0.05688375234603882,0.1200374960899353,0.20849401056766512,False,False
2019,L7 only,NDVI_median,4322,0.44979165475482075,0.1781272833677429,0.23000112771987916,0.4317161738872528,0.707835778594017,False,False
2019,L7 only,NDVI_amp,4322,0.3608402782091057,0.16303021803143397,0.14700195640325547,0.351250022649765,0.5774681344628334,False,False
2019,L7 only,BSI_max,4322,0.07812679126498363,0.11580123282842958,-0.09426547661423683,0.09936617314815521,0.20608504116535187,False,False
2019,L7 only,B_median,4322,0.06180051271232644,0.02361117935496127,0.03277787268161774,0.060074374079704285,0.09158800095319748,False,False
2019,L7 only,B_amp,4322,0.1298574035567495,0.17264612400861007,0.029937875270843507,0.06956125050783157,0.31379427313804636,False,False
2019,L7 only,G_median,4322,0.08858209621886973,0.02906362915844249,0.05267273783683777,0.08670812100172043,0.12445737794041634,False,False
2019,L7 only,G_amp,4322,0.12818141781183262,0.14484688122873693,0.0340505100786686,0.07612688094377518,0.3179344132542611,False,False
2019,L7 only,R_median,4322,0.09924769959481901,0.04121042076839259,0.047789438068866735,0.09624375402927399,0.15215125977993013,False,False
2019,L7 only,R_amp,4322,0.15040639766363953,0.16072215951193747,0.04429974108934403,0.09875937178730965,0.3344866141676903,False,False
2019,L7 only,NIR_median,4322,0.2668516578058825,0.05175563781899533,0.2048701226711273,0.26473623514175415,0.33363203406333924,False,False
2019,L7 only,NIR_amp,4322,0.18176955586296714,0.1180411695796987,0.06677826642990113,0.15283126384019852,0.32588051706552523,False,False
2019,L7 only,SWIR1_median,4322,0.21860988816002463,0.053291441313425336,0.15435056686401366,0.21562468633055687,0.2894553229212761,False,False
2019,L7 only,SWIR1_amp,4322,0.1680366807358235,0.10049479586550138,0.06174025386571884,0.14392128586769104,0.3142205327749253,False,False
2019,L7 only,SWIR2_median,4322,0.14223318592693066,0.052147464530451514,0.07820374593138694,0.1380162537097931,0.21286712735891342,False,False
2019,L7 only,SWIR2_amp,4322,0.14430309441638786,0.08546543501027416,0.05344074368476868,0.1257506087422371,0.2703208826482296,False,False
2020,L7 only,NDVI_median,4469,0.4329280120890165,0.17602334715409038,0.22022905349731445,0.41280627250671387,0.6959171652793885,False,False
2020,L7 only,NDVI_amp,4469,0.37137371053703816,0.16988826286621905,0.15753812789916993,0.36040639877319336,0.5971825867891313,False,False
2020,L7 only,BSI_max,4469,0.0886670524823213,0.11460995674130602,-0.07285738140344619,0.1084585040807724,0.2187513828277588,False,False
2020,L7 only,B_median,4469,0.061690751306460886,0.02231467855416047,0.03471249639987946,0.06024625897407532,0.08947461843490602,False,False
2020,L7 only,B_amp,4469,0.1303318290918912,0.17244589357619464,0.030656981468200683,0.07100500166416168,0.3209195122122765,False,False
2020,L7 only,G_median,4469,0.08763667229295417,0.028089272092864197,0.05395701229572296,0.085999995470047,0.12204149663448335,False,False
2020,L7 only,G_amp,4469,0.12923244572300643,0.1516634814382407,0.03422650098800659,0.07567998766899109,0.31463301181793213,False,False
2020,L7 only,R_median,4469,0.09873984656722841,0.039829009694557424,0.04910600036382675,0.09585873782634735,0.15033624768257142,False,False
2020,L7 only,R_amp,4469,0.1505378747905333,0.16424223714860076,0.043829488754272464,0.09836748242378235,0.3263535231351855,False,False
2020,L7 only,NIR_median,4469,0.25814443321856484,0.0544004523980145,0.19456999897956848,0.25477437674999237,0.3311968803405762,False,False
2020,L7 only,NIR_amp,4469,0.17941435419971657,0.12714718947460865,0.06811749935150146,0.14464999735355377,0.32712349593639384,False,False
2020,L7 only,SWIR1_median,4469,0.21721644063631704,0.056329252060904555,0.1508505016565323,0.21297436952590942,0.2951154947280884,False,False
2020,L7 only,SWIR1_amp,4469,0.1668032949040549,0.10524273636297063,0.06657749116420746,0.1422162652015686,0.3039685219526292,False,False
2020,L7 only,SWIR2_median,4469,0.14355900139116712,0.05360506816158794,0.07806350886821747,0.13851124793291092,0.21814575195312502,False,False
2020,L7 only,SWIR2_amp,4469,0.142796923074447,0.08506830983462575,0.05777749419212341,0.12553751468658447,0.25193301737308516,False,False
2021,L7 only,NDVI_median,4454,0.45226846302030255,0.18239164050094064,0.21448204591870307,0.4484630152583122,0.708317419886589,False,False
2021,L7 only,NDVI_amp,4454,0.39233982157568836,0.1758992885849844,0.1805546835064888,0.37197166681289673,0.6350603267550469,False,False
2021,L7 only,BSI_max,4454,0.0684375199832592,0.11026353862475982,-0.08736225813627244,0.08371499925851822,0.19799853116273886,False,False
2021,L7 only,B_median,4454,0.061059224727506266,0.028658322355961635,0.030960122495889662,0.05805312097072601,0.09339751303195953,False,False
2021,L7 only,B_amp,4454,0.17453331401764838,0.2102501257492103,0.034887876361608505,0.08023126050829887,0.5860373973846439,False,False
2021,L7 only,G_median,4454,0.08583017420416784,0.03362818026013593,0.04812287427484989,0.0824662446975708,0.12471174001693726,False,False
2021,L7 only,G_amp,4454,0.1746547842556364,0.19669972264153965,0.03984750807285309,0.08623999357223511,0.5815315254032613,False,False
2021,L7 only,R_median,4454,0.09472029306141716,0.04423373407664,0.042907506227493286,0.08911437541246414,0.1495717391371727,False,False
2021,L7 only,R_amp,4454,0.19314075323916574,0.20743217277138923,0.051809985935688016,0.10346876084804535,0.602091893553734,False,False
2021,L7 only,NIR_median,4454,0.25880768105678753,0.058472609221268575,0.18998850584030152,0.25770312547683716,0.334536761045456,False,False
2021,L7 only,NIR_amp,4454,0.2196828301211457,0.15531002609143546,0.08214111775159835,0.16906313598155975,0.5133686393499377,False,False
2021,L7 only,SWIR1_median,4454,0.20373532994511045,0.057264269554751446,0.13732463419437407,0.2005237564444542,0.2787777438759805,False,False
2021,L7 only,SWIR1_amp,4454,0.18994908375380334,0.12105555334143452,0.07247900366783142,0.1541374996304512,0.4051644787192345,False,False
2021,L7 only,SWIR2_median,4454,0.13226024304664236,0.05311266021934672,0.06903250515460968,0.1263253092765808,0.20448099672794343,False,False
2021,L7 only,SWIR2_amp,4454,0.16171732063806266,0.09806960269131322,0.06369412243366242,0.13437875360250473,0.32384964972734454,False,False
2022,L7 only,NDVI_median,4484,0.38998841091084485,0.20605259669058681,0.10536698549985886,0.38182180374860764,0.6765600800514222,False,False
2022,L7 only,NDVI_amp,4484,0.3943110655954757,0.18305070592247483,0.15858955755829812,0.38361169397830963,0.6502095295116307,False,False
2022,L7 only,BSI_max,4484,0.0710732200881536,0.11815513139211109,-0.09011787995696068,0.08033367991447449,0.21533192694187164,False,False
2022,L7 only,B_median,4484,0.09491316337606984,0.11174088084335512,0.03280537202954292,0.06075499951839447,0.15833737552166,False,False
2022,L7 only,B_amp,4484,0.2236815583156912,0.23938324721075266,0.03194538578391075,0.0893474891781807,0.6255150362849237,False,False
2022,L7 only,G_median,4484,0.11585991025422962,0.10894453767323409,0.04706825017929077,0.08476249873638153,0.18907344341278087,False,False
2022,L7 only,G_amp,4484,0.22310234253343783,0.22964240201781394,0.03717036917805672,0.09416000545024872,0.6122875273227691,False,False
2022,L7 only,R_median,4484,0.12702519559018136,0.11440929515533994,0.04378612414002418,0.09624374285340309,0.21950837075710297,False,False
2022,L7 only,R_amp,4484,0.24155542014347825,0.23661952141469214,0.04725324809551239,0.11328624933958054,0.6390202455222608,False,False
2022,L7 only,NIR_median,4484,0.2670384751911957,0.0964894740812767,0.16861411184072495,0.25238874554634094,0.37634916305541993,False,False
2022,L7 only,NIR_amp,4484,0.2529481537125001,0.17893383220335574,0.07494576573371887,0.188216894865036,0.5490677982568741,False,False
2022,L7 only,SWIR1_median,4484,0.22196442884518486,0.09005211473046229,0.12452750131487847,0.20737811923027039,0.34510293155908583,False,False
2022,L7 only,SWIR1_amp,4484,0.22869240422629278,0.1370273559421461,0.08187575340270996,0.18596874922513962,0.44130625128746037,False,False
2022,L7 only,SWIR2_median,4484,0.1487658835771385,0.07500533267120575,0.06316399574279785,0.13583000004291534,0.2622694879770279,False,False
2022,L7 only,SWIR2_amp,4484,0.1893978368451056,0.11379376424533769,0.06579650938510895,0.15589750185608864,0.36503500938415534,False,False
2023,L7 only,NDVI_median,4325,0.39437521013477683,0.21356832215497348,0.08098378162831069,0.40162089467048645,0.6832414507865906,False,False
2023,L7 only,NDVI_amp,4325,0.4974911593170737,0.19068143305213267,0.25465607047080996,0.49056738056242466,0.7579756661318242,False,False
2023,L7 only,BSI_max,4325,0.05001999657069174,0.11035909232931507,-0.08963917642831802,0.05200560390949249,0.1864993393421173,False,False
2023,L7 only,B_median,4325,0.09888050930951373,0.10376185741568747,0.02877800166606903,0.06059001386165619,0.24817850291728968,False,False
2023,L7 only,B_amp,4325,0.28566171411489477,0.25385907364814314,0.038857489824295044,0.16065500676631927,0.6339932888746261,False,False
2023,L7 only,G_median,4325,0.11533974577753531,0.10069683719083386,0.034687753021717074,0.08345624804496765,0.2569647550582886,False,False
2023,L7 only,G_amp,4325,0.27865234771388114,0.23944601154988518,0.043351000547409056,0.158097505569458,0.6060834914445877,False,False
2023,L7 only,R_median,4325,0.1230005846891789,0.1060920102615388,0.03045549988746643,0.09214624762535095,0.27308801412582395,False,False
2023,L7 only,R_amp,4325,0.29968519616161465,0.24560748750080563,0.053622254729270936,0.17465251684188843,0.6372355192899704,False,False
2023,L7 only,NIR_median,4325,0.2678227831965926,0.10464172154865446,0.12282112538814545,0.2733437418937683,0.40060002803802486,False,False
2023,L7 only,NIR_amp,4325,0.3112627534973139,0.1791914965968837,0.10507200956344605,0.261731281876564,0.5601420193910599,False,False
2023,L7 only,SWIR1_median,4325,0.20231877457027492,0.09683341099323174,0.07009124755859376,0.19744373857975006,0.3358182668685913,False,False
2023,L7 only,SWIR1_amp,4325,0.27099918457297234,0.14115859603561287,0.09579350650310517,0.2533300071954727,0.4608780205249786,False,False
2023,L7 only,SWIR2_median,4325,0.1310572422773852,0.07588039326335577,0.03533949553966522,0.12091811746358871,0.2426537662744522,False,False
2023,L7 only,SWIR2_amp,4325,0.22069809252127057,0.12194493725792098,0.0704979956150055,0.2069375067949295,0.38240953385829923,False,False
