COD_PREDIO,dept,lon,lat,res,year,date,desc
8_2309020_82087,ANCASH,-77.43164972439841,-8.856736375327952,1.2m,2021,2021-07-24,WV02
8_2108970_73020,ANCASH,-77.61848640275872,-9.285822469427906,1.2m,2025,2025-07-16,WV03
8_1759030_181332,ANCASH,-77.91612023820997,-8.743484284565326,1.2m,2024,2024-08-21,WV03
8_1808940_174733,ANCASH,-77.9020628443131,-9.55066703217863,1.2m,2025,2025-05-13,WV03
8_1809030_181142,ANCASH,-77.90789526867977,-8.732949808509574,1.2m,2025,2025-04-24,WV03
7_8159030_183973,ANCASH,-78.09996777173791,-8.754275194826745,1.2m,2024,2024-12-02,WV03
7_7709000_10445,ANCASH,-78.5307191146199,-9.03258864537599,1.2m,2025,2025-02-05,LG01
7_8259075_130865,ANCASH,-78.02834338171988,-8.332062942392515,1.2m,2025,2025-05-14,LG02
8_1958985_43905,ANCASH,-77.7439902408126,-9.16572900697021,1.2m,2025,2025-06-30,LG01
7_8158985_00853,ANCASH,-78.12406315404067,-9.15080847940457,1.2m,2023,2023-06-06,GE01
8_2309005_82354,ANCASH,-77.43174612618546,-8.989545154255895,1.2m,2021,2021-07-24,WV02
7_8158985_00856,ANCASH,-78.12326538078133,-9.15236267523318,1.2m,2023,2023-06-06,GE01
8_1809030_181008,ANCASH,-77.89767669253662,-8.742228671336534,1.2m,2025,2025-04-24,WV03
7_7659015_118653,ANCASH,-78.55355753601752,-8.863048346424101,1.2m,2021,2021-05-12,GE01
8_1759030_181334,ANCASH,-77.91535753823106,-8.745160850889132,1.2m,2024,2024-08-21,WV03
8_2359010_81165,ANCASH,-77.37548948004681,-8.912705713197848,1.2m,2013,2013-06-23,WV02
7_8308945_09308,ANCASH,-77.98974573105144,-9.504460348698688,1.2m,2025,2025-05-13,WV03
7_8159030_185103,ANCASH,-78.0999396133371,-8.75147543711229,1.2m,2024,2024-12-02,WV03
7_8159030_186620,ANCASH,-78.10782417153649,-8.739210720013578,1.2m,2024,2024-12-02,WV03
8_1809025_76931,ANCASH,-77.88158160208705,-8.808288131563575,1.2m,2025,2025-05-23,LG01
8_1958980_18599,ANCASH,-77.75018228908324,-9.177914899153945,1.2m,2025,2025-06-30,LG01
8_2058975_180069,ANCASH,-77.67971334779756,-9.240513700751771,1.2m,2025,2025-07-16,WV03
7_7659010_02753,ANCASH,-78.56725380567809,-8.920198152911688,1.2m,2025,2025-01-14,WV03
7_8159030_186434,ANCASH,-78.12571681284489,-8.74842985583163,1.2m,2024,2024-12-02,WV03
7_8209025_183569,ANCASH,-78.08132138491982,-8.773221847207118,1.2m,2025,2025-04-19,LG02
8_2409005_73443,ANCASH,-77.36629550306901,-8.961735937300555,1.2m,2013,2013-06-23,WV02
8_1809020_76936,ANCASH,-77.87848240758848,-8.81345722225397,1.2m,2025,2025-05-23,LG01
7_8058955_05755,ANCASH,-78.20371657066374,-9.427273023349269,1.2m,2023,2023-01-14,WV03
8_1808940_174248,ANCASH,-77.90257461541454,-9.545098319429638,1.2m,2025,2025-05-13,WV03
8_1958990_48102,ANCASH,-77.73474883105791,-9.107125197568045,1.2m,2025,2025-06-30,LG01
8_1958985_16020,ANCASH,-77.75221845571863,-9.172616673892755,1.2m,2025,2025-06-30,LG01
8_2159050_17284,ANCASH,-77.54607938762155,-8.578199860872648,1.2m,2021,2021-06-21,WV02
7_8159025_185569,ANCASH,-78.09855707882237,-8.772229794645636,1.2m,2024,2024-12-02,WV03
8_1908995_61991,ANCASH,-77.77973694540026,-9.070503746315154,1.2m,2025,2025-06-24,LG01
7_8158945_08071,ANCASH,-78.08900861479717,-9.530477025226189,1.2m,2023,2023-06-06,GE01
7_8159025_185601,ANCASH,-78.09676076225335,-8.77009441887704,1.2m,2024,2024-12-02,WV03
7_8108990_00448,ANCASH,-78.16727122169173,-9.103918263939951,1.2m,2023,2023-01-14,WV03
8_1808940_174034,ANCASH,-77.89150387175299,-9.547771075488,1.2m,2025,2025-05-13,WV03
7_8159030_187524,ANCASH,-78.10991348400452,-8.723579177727373,1.2m,2024,2024-12-02,WV03
7_8208945_08501,ANCASH,-78.06116961656608,-9.534296731982046,1.2m,2023,2023-06-06,GE01
7_8058955_05656,ANCASH,-78.20182569922457,-9.4253577984353,1.2m,2023,2023-01-14,WV03
7_8108990_00445,ANCASH,-78.16898296571347,-9.10202772261109,1.2m,2023,2023-01-14,WV03
8_1958985_52051,ANCASH,-77.74752911747733,-9.148354671477941,1.2m,2025,2025-06-30,LG01
8_2008985_42157,ANCASH,-77.71155755500456,-9.14861609009756,1.2m,2025,2025-06-30,LG01
7_8208945_08165,ANCASH,-78.07665669434701,-9.527966237485298,1.2m,2023,2023-06-06,GE01
8_2058975_28031,ANCASH,-77.68194131291213,-9.239324676693995,1.2m,2025,2025-07-16,WV03
8_2259000_108804,ANCASH,-77.49302852504633,-9.018885385710124,1.2m,2025,2025-08-04,WV03
7_8208940_08098,ANCASH,-78.07816431332631,-9.538108226434321,1.2m,2023,2023-01-14,WV03
8_2158960_68188,ANCASH,-77.58129022027165,-9.394315867921982,1.2m,2025,2025-08-04,WV03
8_1958985_51942,ANCASH,-77.74829223555417,-9.142657086925201,1.2m,2025,2025-06-30,LG01
8_2008985_42882,ANCASH,-77.72948661567162,-9.155263150553488,1.2m,2025,2025-06-30,LG01
8_1958985_43382,ANCASH,-77.73181895600166,-9.14262581792896,1.2m,2025,2025-06-30,LG01
8_2058975_09233,ANCASH,-77.68333536750181,-9.22534328578255,1.2m,2025,2025-07-16,WV03
7_8208985_01002,ANCASH,-78.0803290118295,-9.165304391443648,1.2m,2023,2023-06-06,GE01
7_8159030_186766,ANCASH,-78.11212924821102,-8.74182734974028,1.2m,2024,2024-12-02,WV03
8_2158955_35883,ANCASH,-77.5666533145726,-9.407031579983926,1.2m,2025,2025-08-04,WV03
8_2058970_43531,ANCASH,-77.6714587619697,-9.268196128594447,1.2m,2025,2025-07-16,WV03
7_8108985_00718,ANCASH,-78.1472361728724,-9.139955221916694,1.2m,2023,2023-01-14,WV03
7_8159030_186588,ANCASH,-78.10618119897681,-8.741814415378293,1.2m,2024,2024-12-02,WV03
8_2808990_192791,ANCASH,-76.99624146137197,-9.119783200218988,1.2m,2021,2021-08-15,WV02
7_8258945_09223,ANCASH,-78.0039119901158,-9.507662612150156,1.2m,2025,2025-05-13,WV03
7_8159030_186751,ANCASH,-78.114667002755,-8.73726298037445,1.2m,2024,2024-12-02,WV03
8_1958985_51376,ANCASH,-77.74470936853506,-9.135686947321048,1.2m,2025,2025-06-30,LG01
8_1958985_51888,ANCASH,-77.74786987455457,-9.140854983009774,1.2m,2025,2025-06-30,LG01
7_8058955_05613,ANCASH,-78.21044463351402,-9.434839257778368,1.2m,2025,2025-03-24,WV03
7_8058985_00338,ANCASH,-78.18716472882375,-9.135781651120787,1.2m,2023,2023-01-14,WV03
8_1958985_43165,ANCASH,-77.7342093722692,-9.156113981336393,1.2m,2025,2025-06-30,LG01
7_8159030_186286,ANCASH,-78.114410556558,-8.733812037740003,1.2m,2024,2024-12-02,WV03
7_8209025_183052,ANCASH,-78.0846553258389,-8.771059926582755,1.2m,2025,2025-04-19,LG02
8_2058975_09105,ANCASH,-77.68216000582501,-9.221799074643496,1.2m,2025,2025-07-16,WV03
8_1958985_43994,ANCASH,-77.74663224924895,-9.164292042532946,1.2m,2025,2025-06-30,LG01
8_1958985_51647,ANCASH,-77.74700606094176,-9.131472288821467,1.2m,2025,2025-06-30,LG01
7_8159030_186403,ANCASH,-78.1118136963239,-8.736639134612359,1.2m,2024,2024-12-02,WV03
8_1809030_181201,ANCASH,-77.90927981442013,-8.737268940631997,1.2m,2025,2025-04-24,WV03
7_8159030_186358,ANCASH,-78.11021131631924,-8.742735778728726,1.2m,2024,2024-12-02,WV03
8_2008985_13538,ANCASH,-77.68650542484505,-9.175008793817494,1.2m,2025,2025-07-16,WV03
7_8158985_00790,ANCASH,-78.13519908871226,-9.14393237293471,1.2m,2023,2023-06-06,GE01
7_8108990_00538,ANCASH,-78.13705043733972,-9.104654610880825,1.2m,2023,2023-06-06,GE01
8_1908995_61956,ANCASH,-77.78408632802713,-9.059584871726003,1.2m,2025,2025-06-24,LG01
8_1958980_18597,ANCASH,-77.75194447367568,-9.178046831642448,1.2m,2025,2025-06-30,LG01
7_8208945_08280,ANCASH,-78.07504079668128,-9.524896775811685,1.2m,2023,2023-06-06,GE01
8_1958990_67094,ANCASH,-77.73130398484699,-9.089844135897518,1.2m,2025,2025-06-30,LG01
7_8159030_183141,ANCASH,-78.09338102311037,-8.76109457549272,1.2m,2024,2024-12-02,WV03
7_8258945_09229,ANCASH,-78.00400844119326,-9.509423354435933,1.2m,2025,2025-05-13,WV03
7_8308945_09296,ANCASH,-77.98831551542193,-9.49952803491705,1.2m,2025,2025-05-13,WV03
8_2058975_28049,ANCASH,-77.68315594068639,-9.234754415368082,1.2m,2025,2025-07-16,WV03
7_8308890_119647,ANCASH,-77.97101572027128,-10.012849928792377,1.2m,2025,2025-05-13,WV03
8_2159050_16146,ANCASH,-77.58287832155827,-8.568504923402408,1.2m,2023,2023-08-02,WV02
8_2358830_06661,ANCASH,-77.42134848329187,-10.548444731012742,1.2m,2025,2025-01-26,LG02
8_2558845_160226,ANCASH,-77.21626849552833,-10.41893787943275,1.2m,2023,2023-07-28,GE01
8_2008975_28128,ANCASH,-77.68683058007943,-9.225723030488076,1.2m,2025,2025-07-16,WV03
8_1859005_115003,ANCASH,-77.84772676031997,-8.959658920350826,1.2m,2025,2025-04-24,WV03
7_8159025_185655,ANCASH,-78.0958313248833,-8.772924643778401,1.2m,2024,2024-12-02,WV03
7_8259075_130890,ANCASH,-78.02757952340968,-8.3270833207512,1.2m,2025,2025-05-14,LG02
7_7958985_90158,ANCASH,-78.29174665868986,-9.170424278144274,1.2m,2025,2025-03-24,WV03
8_1808940_174577,ANCASH,-77.8984554436629,-9.550166431278068,1.2m,2025,2025-05-13,WV03
7_7659020_00664,ANCASH,-78.55773299490589,-8.828247093817936,1.2m,2021,2021-05-12,GE01
7_8209025_183109,ANCASH,-78.09097590251181,-8.765074813831358,1.2m,2025,2025-04-19,LG02
8_1808940_174701,ANCASH,-77.89514990745752,-9.56673713496899,1.2m,2025,2025-05-13,WV03
8_1808940_174536,ANCASH,-77.89352590528273,-9.544807209607939,1.2m,2025,2025-05-13,WV03
8_1809030_181514,ANCASH,-77.89968479403855,-8.740859509497836,1.2m,2025,2025-04-24,WV03
7_8259075_130916,ANCASH,-78.0343501662876,-8.336220331035214,1.2m,2025,2025-05-14,LG02
7_8108990_00381,ANCASH,-78.1815572884962,-9.127013470108796,1.2m,2023,2023-01-14,WV03
8_2108975_44221,ANCASH,-77.6303628201245,-9.239300802215627,1.2m,2025,2025-07-16,WV03
7_8208945_08596,ANCASH,-78.05263363410626,-9.52253988397743,1.2m,2023,2023-06-06,GE01
7_8108885_00113,ANCASH,-78.1572742083448,-10.07072217312274,1.2m,2025,2025-03-27,LG04
7_8159025_185631,ANCASH,-78.09912269543851,-8.77038136813892,1.2m,2024,2024-12-02,WV03
7_8008950_04122,ANCASH,-78.25338672164708,-9.478822635344205,1.2m,2025,2025-03-24,WV03
7_8058955_05671,ANCASH,-78.20855528170827,-9.42005845442102,1.2m,2025,2025-03-24,WV03
8_1858995_70874,ANCASH,-77.82503439718667,-9.039770605461174,1.2m,2025,2025-05-23,LG01
8_2258945_13064,ANCASH,-77.48257750265257,-9.5127857060038,1.2m,2025,2025-08-04,WV03
7_8108990_00460,ANCASH,-78.1622760752974,-9.102722426666325,1.2m,2023,2023-01-14,WV03
7_8108885_00064,ANCASH,-78.15766630786621,-10.068478363060322,1.2m,2025,2025-03-27,LG04
7_8058955_05645,ANCASH,-78.20700872127782,-9.424060332289944,1.2m,2025,2025-03-24,WV03
7_7708995_10525,ANCASH,-78.53292323525343,-9.059300305935592,1.2m,2025,2025-02-05,LG01
8_2359005_73587,ANCASH,-77.37304705785598,-8.982672991205359,1.2m,2017,2017-08-03,WV02
8_2558845_160301,ANCASH,-77.19446059994428,-10.423114360908693,1.2m,2023,2023-07-28,GE01
7_8159030_186868,ANCASH,-78.10691324424445,-8.753921890477018,1.2m,2024,2024-12-02,WV03
7_8258945_08796,ANCASH,-78.02845602057087,-9.532762115362395,1.2m,2023,2023-01-14,WV03
7_8159030_183734,ANCASH,-78.09514461219209,-8.761753575766345,1.2m,2024,2024-12-02,WV03
8_2309000_44455,ANCASH,-77.44772098483284,-9.00876558272687,1.2m,2021,2021-07-24,WV02
7_8158985_178253,ANCASH,-78.12650044444328,-9.153322966060308,1.2m,2023,2023-06-06,GE01
7_8159030_186639,ANCASH,-78.10835436425651,-8.734088127973163,1.2m,2024,2024-12-02,WV03
8_2008980_14580,ANCASH,-77.71347456268403,-9.187192710462373,1.2m,2025,2025-06-30,LG01
8_1859005_89042,ANCASH,-77.84539727221104,-8.956945892413305,1.2m,2025,2025-04-24,WV03
8_2008980_14467,ANCASH,-77.71236275551078,-9.187248548820449,1.2m,2025,2025-06-30,LG01
8_2408990_05293,ANCASH,-77.36737600433361,-9.12042200594224,1.2m,2020,2020-11-02,WV03
8_2308920_88480,ANCASH,-77.44986722242956,-9.750145613869627,1.2m,2024,2024-04-27,WV03
7_8259070_132680,ANCASH,-78.05100378750652,-8.376565715265368,1.2m,2025,2025-05-14,LG02
8_2108975_76516,ANCASH,-77.61420214108901,-9.2516410833056,1.2m,2025,2025-07-16,WV03
8_1759020_79469,ANCASH,-77.92014491495094,-8.845867087053334,1.2m,2024,2024-08-21,WV03
8_2208950_60734,ANCASH,-77.55160059227993,-9.459439580872282,1.2m,2025,2025-08-04,WV03
8_2008940_169503,ANCASH,-77.69999693255673,-9.581018535629612,1.2m,2025,2025-06-30,LG01
8_2059050_26006,ANCASH,-77.66426083330379,-8.556496008626294,1.2m,2023,2023-08-02,WV02
8_2258935_08878,ANCASH,-77.50064787222189,-9.586197670035034,1.2m,2024,2024-04-27,WV03
8_2159045_13501,ANCASH,-77.54764906647728,-8.631671465657028,1.2m,2020,2020-08-03,GE01
8_2808985_192283,ANCASH,-76.98710162359058,-9.13619970270886,1.2m,2021,2021-08-15,WV02
8_1958985_43388,ANCASH,-77.73466798310305,-9.143881791023773,1.2m,2025,2025-06-30,LG01
7_7658995_09773,ANCASH,-78.55906726216872,-9.048978697190087,1.2m,2025,2025-02-05,LG01
8_2359015_30604,ANCASH,-77.36990072179151,-8.863917026378314,1.2m,2013,2013-06-23,WV02
8_2359020_03462,ANCASH,-77.40105021210405,-8.850854810718607,1.2m,2012,2012-11-12,WV02
8_2309010_93169,ANCASH,-77.42539745900194,-8.90716076496144,1.2m,2021,2021-07-24,WV02
8_2058895_191556,ANCASH,-77.65318839570725,-9.964857734299196,1.2m,2025,2025-07-16,WV03
8_2258945_13345,ANCASH,-77.4855297495254,-9.512553330666602,1.2m,2025,2025-08-04,WV03
8_2109050_24209,ANCASH,-77.61617343034217,-8.547060303799602,1.2m,2023,2023-08-02,WV02
8_2209000_109185,ANCASH,-77.51042907831203,-9.017817776017594,1.2m,2025,2025-08-04,WV03
8_2359000_36659,ANCASH,-77.41038830398446,-9.013452029384581,1.2m,2021,2021-07-24,WV02
8_2058895_191697,ANCASH,-77.65422974816944,-9.962483051299227,1.2m,2025,2025-07-16,WV03
8_2008985_42362,ANCASH,-77.71917188196574,-9.145351177494227,1.2m,2025,2025-06-30,LG01
8_2058980_29286,ANCASH,-77.64808594212818,-9.206125842416025,1.2m,2025,2025-07-16,WV03
8_2409015_49061,ANCASH,-77.3345570110775,-8.895807906791584,1.2m,2022,2022-11-30,WV02
8_2259020_83994,ANCASH,-77.45731518133863,-8.840132746737346,1.2m,2021,2021-07-24,WV02
7_7659015_00787,ANCASH,-78.57390153507482,-8.865463532514745,1.2m,2021,2021-05-12,GE01
8_1809015_90434,ANCASH,-77.89806205869726,-8.872693442470666,1.2m,2025,2025-05-23,LG01
7_7609005_06498,ANCASH,-78.5973781178092,-8.981133587244765,1.2m,2025,2025-03-29,LG04
7_7659000_09639,ANCASH,-78.55030125438907,-9.023183143682713,1.2m,2025,2025-02-05,LG01
8_1859000_71448,ANCASH,-77.82835940430317,-9.03134781986594,1.2m,2025,2025-05-23,LG01
8_2459010_48299,ANCASH,-77.2836320498928,-8.90988747708416,1.2m,2022,2022-11-30,WV02
8_2208940_37594,ANCASH,-77.55038303311915,-9.564679969557583,1.2m,2025,2025-07-30,LG03
8_2209045_27037,ANCASH,-77.53442037396496,-8.621272455857444,1.2m,2021,2021-07-24,WV02
7_7659010_01848,ANCASH,-78.57958807349307,-8.928333991212451,1.2m,2021,2021-05-12,GE01
8_2158965_61433,ANCASH,-77.56274789115511,-9.356044732297084,1.2m,2025,2025-08-04,WV03
8_2808990_194358,ANCASH,-76.97756418859258,-9.119347007628736,1.2m,2021,2021-08-15,WV02
8_1908985_64430,ANCASH,-77.80829266319887,-9.153772565317908,1.2m,2025,2025-06-24,LG01
8_2309015_93563,ANCASH,-77.41257822425456,-8.888590696179838,1.2m,2021,2021-07-24,WV02
7_8259070_134405,ANCASH,-78.02842483479867,-8.397792606378694,1.2m,2025,2025-05-14,LG02
8_2058980_27161,ANCASH,-77.66386669293468,-9.204161752930695,1.2m,2025,2025-07-16,WV03
8_2509015_42138,ANCASH,-77.2387845876193,-8.902788010490559,1.2m,2022,2022-11-30,WV02
8_2459010_20997,ANCASH,-77.31479475375592,-8.92396238233914,1.2m,2022,2022-11-30,WV02
8_2309000_44811,ANCASH,-77.43963462153178,-9.020660733805393,1.2m,2021,2021-07-24,WV02
8_2309015_80680,ANCASH,-77.44530690118273,-8.867838273720736,1.2m,2021,2021-07-24,WV02
8_2108915_162053,ANCASH,-77.6162748647017,-9.768011813654272,1.2m,2025,2025-07-16,WV03
8_2058970_46551,ANCASH,-77.64389930022651,-9.28772625865635,1.2m,2025,2025-07-16,WV03
8_2409010_46310,ANCASH,-77.32511331810554,-8.923653241724352,1.2m,2022,2022-11-30,WV02
8_1759015_95452,ANCASH,-77.92850102730067,-8.869529404405657,1.2m,2024,2024-08-21,WV03
8_2109050_22581,ANCASH,-77.61861057894366,-8.573341987587806,1.2m,2023,2023-08-02,WV02
8_2409010_78177,ANCASH,-77.35715886197852,-8.937241951581214,1.2m,2013,2013-06-23,WV02
8_2259025_92335,ANCASH,-77.46015923457134,-8.811642461272932,1.2m,2021,2021-07-24,WV02
8_1909005_55264,ANCASH,-77.78119424519711,-8.982246291249533,1.2m,2024,2024-03-14,WV03
8_2608965_117090,ANCASH,-77.16752229569833,-9.351456653236927,1.2m,2017,2017-08-03,GE01
8_2259005_82613,ANCASH,-77.4623481059404,-8.98214220761977,1.2m,2021,2021-07-24,WV02
8_2358995_31602,ANCASH,-77.40952234269088,-9.054577183794471,1.2m,2021,2021-07-24,WV02
8_2258930_29952,ANCASH,-77.50762070657203,-9.655918069827905,1.2m,2024,2024-04-27,WV03
8_2109050_24189,ANCASH,-77.6176494477743,-8.54846944950355,1.2m,2023,2023-08-02,WV02
8_2308920_87662,ANCASH,-77.453936513837,-9.736005416206137,1.2m,2024,2024-04-27,WV03
8_2359015_05702,ANCASH,-77.37384351008603,-8.886861897374128,1.2m,2013,2013-06-23,WV02
8_2359000_84219,ANCASH,-77.3772568868759,-9.040169064762573,1.2m,2020,2020-11-02,WV03
8_1959005_55723,ANCASH,-77.7746026080427,-8.967528447917182,1.2m,2024,2024-03-14,WV03
8_1809015_97899,ANCASH,-77.90951227731252,-8.877721454558529,1.2m,2025,2025-05-23,LG01
8_2359035_00684,ANCASH,-77.39541398321882,-8.700852207398839,1.2m,2021,2021-07-24,WV02
7_8359075_136689,ANCASH,-77.95673935312266,-8.349296672913876,1.2m,2021,2021-07-05,WV02
8_2409020_32444,ANCASH,-77.3476026976426,-8.848642769280204,1.2m,2022,2022-11-30,WV02
8_2208945_26296,ANCASH,-77.5176139577884,-9.497860207654423,1.2m,2025,2025-08-31,LG01
8_2808965_39492,ANCASH,-76.9907769238047,-9.340663459602354,1.2m,2020,2020-06-09,WV02
8_2308915_88619,ANCASH,-77.44238934469854,-9.768063938207996,1.2m,2024,2024-04-27,WV03
8_2409020_01948,ANCASH,-77.35541817811922,-8.849189034753062,1.2m,2013,2013-06-23,WV02
8_1909010_56812,ANCASH,-77.78768624691043,-8.944501715463065,1.2m,2025,2025-04-24,WV03
8_2258935_23429,ANCASH,-77.48822778492315,-9.59290172903114,1.2m,2024,2024-04-27,WV03
8_2008990_49866,ANCASH,-77.72829998404771,-9.129287637791306,1.2m,2025,2025-06-30,LG01
8_2308925_84344,ANCASH,-77.45601454139754,-9.709554500453589,1.2m,2024,2024-04-27,WV03
8_2059055_20008,ANCASH,-77.64325047956999,-8.52699258225839,1.2m,2023,2023-08-02,WV02
8_2359015_34032,ANCASH,-77.39024420606086,-8.868314809484996,1.2m,2012,2012-11-12,WV02
8_2808970_50417,ANCASH,-76.97145535453322,-9.314534834283817,1.2m,2021,2021-08-20,WV02
8_2208950_50160,ANCASH,-77.51947127573008,-9.476395504151895,1.2m,2025,2025-08-04,WV03
8_2158965_59365,ANCASH,-77.56976358315057,-9.355303889912388,1.2m,2025,2025-08-04,WV03
8_1809000_81783,ANCASH,-77.8734851333565,-9.019741134226841,1.2m,2025,2025-05-23,LG01
8_2158945_78623,ANCASH,-77.57253657965015,-9.530569119008241,1.2m,2025,2025-07-30,LG03
8_2409020_32182,ANCASH,-77.35192084318898,-8.845071864513923,1.2m,2022,2022-11-30,WV02
8_2059050_26433,ANCASH,-77.64775508972087,-8.57864171313502,1.2m,2023,2023-08-02,WV02
8_2358995_101325,ANCASH,-77.3958856414464,-9.086221192628482,1.2m,2020,2020-11-02,WV03
8_1809015_92645,ANCASH,-77.87589030457764,-8.8601165935915,1.2m,2025,2025-05-23,LG01
8_2258920_87337,ANCASH,-77.4753627219101,-9.737354615426298,1.2m,2024,2024-04-27,WV03
8_2108915_162114,ANCASH,-77.61190274024966,-9.765833123837716,1.2m,2025,2025-07-16,WV03
8_2309035_06607,ANCASH,-77.43620394623281,-8.708259656008115,1.2m,2021,2021-07-24,WV02
8_2059055_22069,ANCASH,-77.63628869776815,-8.53905468631079,1.2m,2023,2023-08-02,WV02
8_2459010_20863,ANCASH,-77.31469649559219,-8.914953212025065,1.2m,2022,2022-11-30,WV02
8_2158970_53952,ANCASH,-77.56278990723037,-9.311633895843965,1.2m,2025,2025-08-13,LG01
8_2358995_103281,ANCASH,-77.4024170513415,-9.075025187789613,1.2m,2021,2021-07-24,WV02
8_1909005_57172,ANCASH,-77.79944237442665,-8.986624452372187,1.2m,2025,2025-06-24,LG01
8_2158950_64783,ANCASH,-77.5623192125189,-9.471411254426584,1.2m,2025,2025-08-04,WV03
8_2359010_120082,ANCASH,-77.39843854071702,-8.921815847808462,1.2m,2021,2021-07-24,WV02
8_2208950_27801,ANCASH,-77.5150703942322,-9.491462657701472,1.2m,2025,2025-07-30,LG03
8_2308985_00057,ANCASH,-77.42851217527766,-9.172857611442609,1.2m,2021,2021-07-24,WV02
8_2008980_18287,ANCASH,-77.7296951953809,-9.207121153287417,1.2m,2025,2025-06-30,LG01
7_8458895_03520,ANCASH,-77.84698974423696,-9.96032744699484,1.2m,2024,2024-09-14,WV03
8_2158940_144600,ANCASH,-77.58882265547263,-9.544621325328816,1.2m,2025,2025-07-16,WV03
8_1958995_61649,ANCASH,-77.75106264812614,-9.063385299850797,1.2m,2025,2025-06-30,LG01
8_1809020_93167,ANCASH,-77.88067104791718,-8.857869830336451,1.2m,2025,2025-05-23,LG01
8_1909000_70144,ANCASH,-77.80846981865992,-9.032630223934179,1.2m,2025,2025-06-24,LG01
8_2358995_103233,ANCASH,-77.39830030499397,-9.074239890841167,1.2m,2020,2020-11-02,WV03
8_2309025_92182,ANCASH,-77.45515489022793,-8.810923833108397,1.2m,2021,2021-07-24,WV02
8_2208935_57750,ANCASH,-77.51983472034004,-9.6241010959405,1.2m,2024,2024-05-30,WV03
8_2159040_15415,ANCASH,-77.57579770485297,-8.65017743925563,1.2m,2020,2020-08-03,GE01
8_1958985_51354,ANCASH,-77.74134683037842,-9.133512268386148,1.2m,2025,2025-06-30,LG01
7_8159000_03514,ANCASH,-78.12971620896457,-9.014747906156488,1.2m,2023,2023-06-06,GE01
8_2558850_160890,ANCASH,-77.22233157958388,-10.387674906065218,1.2m,2023,2023-07-28,GE01
8_2208950_62083,ANCASH,-77.53408343487465,-9.492018496619337,1.2m,2025,2025-08-04,WV03
8_2108970_48876,ANCASH,-77.62709525532796,-9.270210540242216,1.2m,2025,2025-07-16,WV03
8_2509015_42798,ANCASH,-77.24971877646479,-8.90134059209323,1.2m,2022,2022-11-30,WV02
8_2259015_37305,ANCASH,-77.45823292561028,-8.875051638503773,1.2m,2021,2021-07-24,WV02
8_2108940_147525,ANCASH,-77.60665056964436,-9.565177792933824,1.2m,2025,2025-07-16,WV03
8_2309035_06781,ANCASH,-77.42902616032043,-8.704565916663825,1.2m,2021,2021-07-24,WV02
8_2159055_10540,ANCASH,-77.56127739174194,-8.534645591495824,1.2m,2023,2023-08-02,WV02
8_1859000_82462,ANCASH,-77.8216700228086,-8.994556322358601,1.2m,2025,2025-05-23,LG01
8_2309035_06643,ANCASH,-77.43149745998649,-8.706874659784514,1.2m,2021,2021-07-24,WV02
8_2358990_100733,ANCASH,-77.38092452432731,-9.093533645541868,1.2m,2020,2020-11-02,WV03
8_2059050_28654,ANCASH,-77.64469583417647,-8.556178683873199,1.2m,2023,2023-08-02,WV02
8_2158960_55143,ANCASH,-77.59139276726661,-9.364652178164178,1.2m,2025,2025-08-04,WV03
8_2308915_90558,ANCASH,-77.44251581819984,-9.782943316265758,1.2m,2024,2024-04-27,WV03
8_1809015_91600,ANCASH,-77.89674344827827,-8.88018556851242,1.2m,2025,2025-05-23,LG01
8_2208945_33033,ANCASH,-77.54423336443631,-9.500560625767985,1.2m,2025,2025-08-31,LG01
8_7658255_16400,AREQUIPA,-72.50967038084883,-15.734201236082246,1.2m,2025,2025-10-01,LG02
8_7658225_08437,AREQUIPA,-72.48373838746393,-16.03520618976968,1.2m,2024,2024-10-30,WV03
8_5308285_00630,AREQUIPA,-74.71140615120504,-15.48107789994187,1.2m,2025,2025-07-27,WV03
8_8108170_01012,AREQUIPA,-72.07189929319252,-16.499797837158816,1.2m,2023,2023-10-25,GE01
8_7658215_06906,AREQUIPA,-72.49300748302406,-16.128610725052646,1.2m,2024,2024-10-30,WV03
8_5308285_00664,AREQUIPA,-74.69146471604745,-15.478791844461767,1.2m,2025,2025-03-17,WV03
8_6458205_00195,AREQUIPA,-73.61867236874984,-16.215139785588807,1.2m,2023,2023-01-29,WV02
8_6708255_00159,AREQUIPA,-73.37617611312339,-15.750209835190851,1.2m,2024,2024-07-31,WV03
8_5508270_00430,AREQUIPA,-74.5019531760312,-15.62943444778141,1.2m,2022,2022-10-23,WV02
8_6458205_00133,AREQUIPA,-73.62238977087517,-16.211290961523225,1.2m,2023,2023-01-29,WV02
8_7658255_16329,AREQUIPA,-72.50277767146643,-15.73099699133354,1.2m,2025,2025-05-16,LG02
8_5558280_00289,AREQUIPA,-74.46506426317964,-15.55050800534259,1.2m,2024,2024-12-17,LG01
8_5558280_00216,AREQUIPA,-74.4637514996715,-15.539512591612674,1.2m,2024,2024-12-17,LG01
8_6258265_00414,AREQUIPA,-73.81308106900069,-15.649895894636192,1.2m,2025,2025-10-05,LG03
8_7158245_01323,AREQUIPA,-72.97073497054339,-15.85529183845361,1.2m,2024,2024-11-25,LG02
8_7508245_01586,AREQUIPA,-72.64578308336124,-15.859268828792471,1.2m,2022,2022-10-26,WV02
8_6208255_00238,AREQUIPA,-73.86451234640228,-15.748042834413027,1.2m,2025,2025-08-26,LG06
8_8058275_002320,AREQUIPA,-72.12640322156648,-15.57744077266262,1.2m,2020,2020-06-26,WV02
8_6108250_00121,AREQUIPA,-73.96710849106381,-15.802172396294068,1.2m,2025,2025-09-16,WV03
8_5558275_00381,AREQUIPA,-74.47560804174688,-15.562292765087632,1.2m,2022,2022-10-23,WV02
8_6458205_00146,AREQUIPA,-73.62167361311904,-16.215118567640275,1.2m,2023,2023-01-29,WV02
8_5658255_01135,AREQUIPA,-74.3492351220957,-15.776541545231533,1.2m,2022,2022-10-23,WV02
8_5658250_01076,AREQUIPA,-74.35910522902545,-15.798030459358383,1.2m,2022,2022-10-23,WV02
9_2258185_080227,AREQUIPA,-71.56017000340977,-16.389647798534444,30cm,2025,2025-09-05,WV02
8_5308290_00697,AREQUIPA,-74.68811567682104,-15.46592206436259,1.2m,2025,2025-07-27,WV03
8_7308320_02402,AREQUIPA,-72.83280989400242,-15.16917406867489,1.2m,2025,2025-07-08,WV03
8_5308285_00629,AREQUIPA,-74.7101541742336,-15.473685646767969,1.2m,2025,2025-07-27,WV03
8_7408160_02284,AREQUIPA,-72.72822424365236,-16.60123083558716,1.2m,2025,2025-07-31,LG03
9_2058105_02529,AREQUIPA,-71.77344983161709,-17.095841015203668,1.2m,2025,2025-10-14,LG04
9_1858110_07913,AREQUIPA,-71.94434629477115,-17.055363869562903,1.2m,2025,2025-04-01,LG02
8_7658255_16473,AREQUIPA,-72.5144062408065,-15.73951896957884,1.2m,2025,2025-10-01,LG02
8_5558285_00242,AREQUIPA,-74.45025886033515,-15.48748763233462,1.2m,2024,2024-12-17,LG01
8_8358175_00379,AREQUIPA,-71.86196483241531,-16.485964138219984,1.2m,2025,2025-02-07,LG01
8_8358185_04032,AREQUIPA,-71.84363233850591,-16.39163666893049,1.2m,2025,2025-02-07,LG01
8_8358185_04037,AREQUIPA,-71.84119506266603,-16.394533154617758,1.2m,2025,2025-02-07,LG01
8_5458310_00063,AREQUIPA,-74.56957493464299,-15.285400206625347,1.2m,2025,2025-05-19,WV03
8_7958185_10457,AREQUIPA,-72.21561425351678,-16.36802709017797,1.2m,2021,2021-03-14,WV02
8_5658255_01132,AREQUIPA,-74.34926208593859,-15.777668905698102,1.2m,2022,2022-10-23,WV02
8_7658225_08474,AREQUIPA,-72.48750770873824,-16.02987511775472,1.2m,2024,2024-10-30,WV03
8_7558175_03899,AREQUIPA,-72.59721574327156,-16.491366177231193,1.2m,2025,2025-06-24,LG03
8_5358285_00421,AREQUIPA,-74.64468358146053,-15.502823280104515,1.2m,2025,2025-03-17,WV03
8_5658250_01005,AREQUIPA,-74.36670977292457,-15.807382216777782,1.2m,2022,2022-10-23,WV02
8_5358285_00433,AREQUIPA,-74.65120969806057,-15.492323439800566,1.2m,2025,2025-03-17,WV03
8_6258270_00601,AREQUIPA,-73.79732996354406,-15.626840859959858,1.2m,2025,2025-10-05,LG03
8_8058275_002085,AREQUIPA,-72.12926254777219,-15.568280456957229,1.2m,2020,2020-06-26,WV02
8_6308270_00652,AREQUIPA,-73.78908263332391,-15.61939188353438,1.2m,2025,2025-10-05,LG03
8_8108195_00325,AREQUIPA,-72.07883819294824,-16.283413265983988,1.2m,2022,2022-09-29,WV02
8_7058240_01511,AREQUIPA,-73.04276348522274,-15.903542013867856,1.2m,2023,2023-10-25,WV03
8_6258265_00382,AREQUIPA,-73.81062888882337,-15.657793916046387,1.2m,2025,2025-10-05,LG03
8_6258265_00395,AREQUIPA,-73.81344414651264,-15.655915437134034,1.2m,2025,2025-10-05,LG03
8_5358290_00814,AREQUIPA,-74.62992198165594,-15.456049986617835,1.2m,2025,2025-03-17,WV03
8_8358180_04847,AREQUIPA,-71.86414575409125,-16.415360808028588,1.2m,2025,2025-01-19,LG01
9_2258185_00844,AREQUIPA,-71.55045220613496,-16.386229221594263,30cm,2025,2025-09-05,WV02
8_6758255_00552,AREQUIPA,-73.36408149153601,-15.767125971838205,1.2m,2024,2024-07-31,WV03
8_7558245_03431,AREQUIPA,-72.62046252419846,-15.849348561738777,1.2m,2022,2022-05-08,WV02
8_5558285_00266,AREQUIPA,-74.44301533493892,-15.473571344408844,1.2m,2024,2024-12-17,LG01
8_7208310_26025,AREQUIPA,-72.94402568896874,-15.250551404897049,1.2m,2024,2024-11-25,LG02
8_8108195_00344,AREQUIPA,-72.08248299498274,-16.291748679847114,1.2m,2022,2022-09-29,WV02
8_7658255_16460,AREQUIPA,-72.51058615999533,-15.740333076334913,1.2m,2025,2025-10-01,LG02
9_2008105_03371,AREQUIPA,-71.79199397690763,-17.113436224850144,1.2m,2025,2025-10-14,LG04
8_5508265_00966,AREQUIPA,-74.52894142743497,-15.67513660835154,1.2m,2025,2025-01-13,WV03
9_2158180_07021,AREQUIPA,-71.65601598985019,-16.411886285070803,30cm,2025,2025-04-11,LG01
9_1958270_015517,AREQUIPA,-71.80393686895619,-15.616034287841554,1.2m,2025,2025-08-27,WV03
8_7708270_04037,AREQUIPA,-72.47037743553973,-15.623792995120102,1.2m,2025,2025-08-11,LG02
8_6858185_08105,AREQUIPA,-73.25284981597464,-16.3911322519847,1.2m,2020,2020-07-29,WV02
8_5458265_01030,AREQUIPA,-74.53759336087236,-15.68911667028165,1.2m,2025,2025-01-13,WV03
8_6858185_08029,AREQUIPA,-73.26516610890923,-16.376519466782398,1.2m,2020,2020-07-29,WV02
8_7658265_02853,AREQUIPA,-72.49402048833485,-15.652415604768162,1.2m,2022,2022-05-08,WV02
8_5508270_00448,AREQUIPA,-74.51094216370416,-15.641466822956726,1.2m,2022,2022-11-30,WV03
8_8358170_00883,AREQUIPA,-71.84206839392243,-16.524811916445024,1.2m,2025,2025-02-07,LG01
8_5558290_00178,AREQUIPA,-74.44350700934817,-15.464562154352414,1.2m,2024,2024-12-17,LG01
8_5658250_01092,AREQUIPA,-74.36202913429078,-15.793925921898328,1.2m,2022,2022-10-23,WV02
8_6758255_00398,AREQUIPA,-73.35242262564944,-15.772301378872331,1.2m,2024,2024-07-31,WV03
8_6458210_00009,AREQUIPA,-73.62905422304212,-16.176211491178933,1.2m,2023,2023-01-29,WV02
8_7658255_16405,AREQUIPA,-72.50998974443412,-15.735414224708926,1.2m,2025,2025-10-01,LG02
9_2008270_019186,AREQUIPA,-71.75951259949335,-15.63335728125315,1.2m,2022,2022-08-01,WV03
8_6108250_00138,AREQUIPA,-73.96183982967116,-15.803163402098816,1.2m,2025,2025-09-16,WV03
8_6208260_00253,AREQUIPA,-73.85680135907077,-15.736129413831886,1.2m,2025,2025-08-26,LG06
8_6708255_00149,AREQUIPA,-73.37703089967304,-15.74981063315424,1.2m,2024,2024-07-31,WV03
8_5508265_00926,AREQUIPA,-74.52235930484005,-15.658968736275622,1.2m,2025,2025-01-13,WV03
8_5408295_01082,AREQUIPA,-74.62506086954447,-15.4182599131283,1.2m,2025,2025-03-17,WV03
8_8058275_002125,AREQUIPA,-72.13025800424332,-15.574456972568786,1.2m,2020,2020-06-26,WV02
8_7658260_01419,AREQUIPA,-72.50385784276193,-15.691629008829915,1.2m,2025,2025-05-16,LG02
8_5508270_00669,AREQUIPA,-74.50929396894544,-15.640089211139706,1.2m,2022,2022-11-30,WV03
8_5358290_00727,AREQUIPA,-74.67084578068602,-15.463632522857592,1.2m,2025,2025-03-17,WV03
8_5558285_00171,AREQUIPA,-74.44898808323836,-15.483828401178073,1.2m,2024,2024-12-17,LG01
8_5508265_00554,AREQUIPA,-74.52502118772892,-15.660652223657097,1.2m,2025,2025-01-13,WV03
8_6108255_00172,AREQUIPA,-73.93079650718651,-15.774451736340707,1.2m,2025,2025-09-16,WV03
8_7658260_08743,AREQUIPA,-72.52048007704852,-15.715091551844711,1.2m,2025,2025-05-16,LG02
8_5558285_00493,AREQUIPA,-74.45967211193816,-15.495212242368822,1.2m,2024,2024-12-17,LG01
9_2058265_012987,AREQUIPA,-71.71771918108368,-15.651519142856655,1.2m,2023,2023-10-29,WV02
8_5408290_00811,AREQUIPA,-74.6264151886251,-15.453440998636173,1.2m,2025,2025-03-17,WV03
8_5658250_01040,AREQUIPA,-74.36446675935247,-15.79279671812586,1.2m,2022,2022-10-23,WV02
9_2158180_06842,AREQUIPA,-71.66141684825348,-16.429264592202948,30cm,2025,2025-04-11,LG01
9_2058265_012980,AREQUIPA,-71.71815717905913,-15.6545662184271,1.2m,2023,2023-10-29,WV02
8_5658250_01009,AREQUIPA,-74.36108045631897,-15.801416642607203,1.2m,2022,2022-10-23,WV02
8_5608290_00122,AREQUIPA,-74.40939632051209,-15.43114617113175,1.2m,2024,2024-12-17,LG01
8_7708215_07778,AREQUIPA,-72.47416987562087,-16.095038110538624,1.2m,2024,2024-10-30,WV03
8_7658255_16534,AREQUIPA,-72.4972669289094,-15.734653072730325,1.2m,2025,2025-10-01,LG02
8_7958190_13374,AREQUIPA,-72.20059500008242,-16.314905307343007,1.2m,2021,2021-03-14,WV02
8_8358180_04060,AREQUIPA,-71.8480869985421,-16.415635346386352,1.2m,2025,2025-02-07,LG01
8_5508270_00604,AREQUIPA,-74.51191294669022,-15.64339242183252,1.2m,2022,2022-11-30,WV03
8_5308285_00663,AREQUIPA,-74.69233017325922,-15.476966282859618,1.2m,2025,2025-03-17,WV03
8_6258265_00318,AREQUIPA,-73.8158507633448,-15.67705204157308,1.2m,2025,2025-10-05,LG03
8_7958180_10982,AREQUIPA,-72.20382421292203,-16.4287650481705,1.2m,2021,2021-03-14,WV02
8_7658260_04623,AREQUIPA,-72.51093859247646,-15.704503843985794,1.2m,2025,2025-05-16,LG02
8_5358285_00546,AREQUIPA,-74.6569339932093,-15.476480062905416,1.2m,2025,2025-03-17,WV03
8_5408300_01095,AREQUIPA,-74.5944874842844,-15.36358525552701,1.2m,2025,2025-03-17,WV03
8_5408290_00826,AREQUIPA,-74.62590724594361,-15.463411082848689,1.2m,2025,2025-03-17,WV03
9_1908150_03150,AREQUIPA,-71.87222602000418,-16.702337832895658,1.2m,2025,2025-01-19,LG01
9_2008270_019364,AREQUIPA,-71.76495913901692,-15.62055068193444,1.2m,2022,2022-08-01,WV03
8_7658210_07141,AREQUIPA,-72.48057129868332,-16.14586261020237,1.2m,2024,2024-10-30,WV03
9_1908220_00310,AREQUIPA,-71.85942498803418,-16.040799150114715,1.2m,2025,2025-01-19,LG01
9_2208190_01913,AREQUIPA,-71.58783001272434,-16.351119060183947,30cm,2025,2025-09-05,WV02
8_7408160_03517,AREQUIPA,-72.7348527348529,-16.600049159083547,1.2m,2025,2025-07-31,LG03
8_6758250_00750,AREQUIPA,-73.34517685753701,-15.783745710958176,1.2m,2024,2024-07-31,WV03
8_7608270_00526,AREQUIPA,-72.54247751429156,-15.633556745482332,1.2m,2025,2025-05-16,LG02
8_7358325_05826,AREQUIPA,-72.79159901859066,-15.141064424249421,1.2m,2025,2025-07-08,WV03
9_2208265_003579,AREQUIPA,-71.61026134749532,-15.642508065701115,1.2m,2022,2022-11-14,WV02
8_7958180_10977,AREQUIPA,-72.20327262505828,-16.424478553902325,1.2m,2021,2021-03-14,WV02
8_7158315_16721,AREQUIPA,-72.97653815241725,-15.198504840098265,1.2m,2025,2025-07-05,LG02
8_7858265_00276,AREQUIPA,-72.30678282227825,-15.653042932131015,1.2m,2022,2022-09-09,GE01
9_2108265_012038,AREQUIPA,-71.68982650470949,-15.663506573765417,1.2m,2022,2022-11-14,WV02
8_7358320_15770,AREQUIPA,-72.78174845773279,-15.155024494592872,1.2m,2025,2025-07-08,WV03
9_2208265_004192,AREQUIPA,-71.60751353402969,-15.645316130460692,1.2m,2022,2022-11-14,WV02
9_2458185_41190,AREQUIPA,-71.3886364762513,-16.40576235987864,1.2m,2025,2025-06-26,LG01
8_7408155_00938,AREQUIPA,-72.72787454805149,-16.644282431265992,1.2m,2025,2025-07-31,LG03
9_2108265_012327,AREQUIPA,-71.70146513042965,-15.653815227062896,1.2m,2022,2022-11-14,WV02
9_2058270_014289,AREQUIPA,-71.71133072252427,-15.634168784072944,1.2m,2022,2022-11-14,WV02
9_1958270_016733,AREQUIPA,-71.81419779687457,-15.60752474296892,1.2m,2025,2025-08-27,WV03
9_2208185_02338,AREQUIPA,-71.61856451407797,-16.392274144566052,30cm,2025,2025-08-29,GE01
9_1908225_02036,AREQUIPA,-71.89636853875271,-16.03067728566503,1.2m,2025,2025-07-01,WV03
8_7908195_12641,AREQUIPA,-72.25151735013588,-16.2984654956294,1.2m,2022,2022-05-03,WV02
8_7408160_01357,AREQUIPA,-72.7101234443819,-16.593253604663253,1.2m,2025,2025-07-31,LG03
9_2058265_014631,AREQUIPA,-71.71276748053782,-15.646626357804887,1.2m,2022,2022-11-14,WV02
9_2208180_04294,AREQUIPA,-71.58507017771132,-16.40675074321417,30cm,2025,2025-09-05,WV02
9_1958270_015827,AREQUIPA,-71.80908042270117,-15.618530843560755,1.2m,2025,2025-08-27,WV03
9_1908220_00229,AREQUIPA,-71.85550529739459,-16.04025475759571,1.2m,2025,2025-01-19,LG01
8_7658260_03171,AREQUIPA,-72.49165106059854,-15.690679127369656,1.2m,2022,2022-05-08,WV02
9_2058265_014310,AREQUIPA,-71.71225352165868,-15.635782165911303,1.2m,2022,2022-11-14,WV02
8_7308325_06798,AREQUIPA,-72.82100630774582,-15.121347740562019,1.2m,2025,2025-07-08,WV03
9_2208180_05945,AREQUIPA,-71.57893215104346,-16.424022965275064,30cm,2025,2025-09-05,WV02
8_7408330_22364,AREQUIPA,-72.74592775341948,-15.087767150751757,1.2m,2025,2025-07-08,WV03
9_2158265_005005,AREQUIPA,-71.62841329336024,-15.660080340697117,1.2m,2022,2022-11-14,WV02
8_6958190_00616,AREQUIPA,-73.1436014256482,-16.330420253485663,1.2m,2023,2023-10-14,GE01
8_6758255_00489,AREQUIPA,-73.36650126603948,-15.770842743964934,1.2m,2024,2024-07-31,WV03
8_8008190_13308,AREQUIPA,-72.17074763521518,-16.313797244586393,1.2m,2021,2021-03-14,WV02
9_2158265_007319,AREQUIPA,-71.64096964447872,-15.639309028586908,1.2m,2022,2022-11-14,WV02
8_7908190_12762,AREQUIPA,-72.27251542084102,-16.31558482221182,1.2m,2022,2022-05-03,WV02
8_7408155_01070,AREQUIPA,-72.71553701893112,-16.645673309650014,1.2m,2025,2025-07-31,LG03
8_7708200_06190,AREQUIPA,-72.46923649564218,-16.233618913112526,1.2m,2025,2025-09-12,LG05
9_2008270_020301,AREQUIPA,-71.77067509637308,-15.624644153192083,1.2m,2025,2025-08-27,WV03
8_7208315_00557,AREQUIPA,-72.91403281154561,-15.208662719901866,1.2m,2024,2024-11-25,LG02
8_6858185_08083,AREQUIPA,-73.24842967772273,-16.399124247653504,1.2m,2020,2020-07-29,WV02
9_2458165_12045,AREQUIPA,-71.3767966415474,-16.566485256580577,1.2m,2025,2025-08-17,LG03
9_2108265_012485,AREQUIPA,-71.706315536869,-15.67234283742162,1.2m,2022,2022-11-14,WV02
9_2008270_019009,AREQUIPA,-71.76338461467358,-15.622124271414831,1.2m,2022,2022-08-01,WV03
9_2258180_04379,AREQUIPA,-71.5530452734545,-16.416847530724645,30cm,2025,2025-09-05,WV02
8_7558175_03914,AREQUIPA,-72.59556133673414,-16.492272050947612,1.2m,2025,2025-06-24,LG03
9_2258280_000541,AREQUIPA,-71.54281648736097,-15.533381411547241,1.2m,2022,2022-11-14,WV02
8_7708205_06281,AREQUIPA,-72.46670903271564,-16.21883803330281,1.2m,2025,2025-09-12,LG05
8_7458340_27380,AREQUIPA,-72.70367435469092,-14.995605596221015,1.2m,2025,2025-08-02,WV03
8_6908300_45496,AREQUIPA,-73.23095475077923,-15.344130138949808,1.2m,2025,2025-06-13,LG01
9_1858215_02926,AREQUIPA,-71.91564756431345,-16.092340678552702,1.2m,2025,2025-07-01,WV03
9_1858220_04599,AREQUIPA,-71.93511266814774,-16.044405381091355,1.2m,2025,2025-07-01,WV03
9_2458165_11181,AREQUIPA,-71.37111216774076,-16.569167050473204,1.2m,2025,2025-08-17,LG03
8_8308175_00121,AREQUIPA,-71.86788160666504,-16.463609935812613,1.2m,2025,2025-01-19,LG01
9_2158180_94178,AREQUIPA,-71.62970215650478,-16.42556697686597,30cm,2025,2025-08-29,GE01
9_1958270_017251,AREQUIPA,-71.83184472651027,-15.60190711087337,1.2m,2025,2025-08-27,WV03
8_6858305_44639,AREQUIPA,-73.2490272992955,-15.315654221196247,1.2m,2025,2025-06-13,LG01
8_7308325_06272,AREQUIPA,-72.82595864101833,-15.120553129283078,1.2m,2025,2025-07-08,WV03
8_7258315_00903,AREQUIPA,-72.88831534299044,-15.230567766097524,1.2m,2022,2022-09-02,WV02
8_6858305_44997,AREQUIPA,-73.23286439662729,-15.320769376700579,1.2m,2025,2025-06-13,LG01
8_7708205_06288,AREQUIPA,-72.46161002763532,-16.20951301116389,1.2m,2025,2025-09-12,LG05
8_7858310_002804,AREQUIPA,-72.3321876645552,-15.246053532064204,1.2m,2022,2022-08-06,WV02
9_2308175_30694,AREQUIPA,-71.48570956415341,-16.47049157128455,30cm,2025,2025-09-05,WV02
8_7558260_06410,AREQUIPA,-72.60269465940539,-15.697655226906265,1.2m,2022,2022-05-08,WV02
9_2208190_01554,AREQUIPA,-71.58163668682577,-16.35025653445726,30cm,2025,2025-09-05,WV02
9_2158265_005037,AREQUIPA,-71.62543014181767,-15.662688462782548,1.2m,2022,2022-11-14,WV02
9_1908225_01430,AREQUIPA,-71.88617110528071,-16.024257557632332,1.2m,2025,2025-07-01,WV03
8_7308320_05017,AREQUIPA,-72.82541731493254,-15.15370518030315,1.2m,2025,2025-07-08,WV03
8_7458335_38052,AREQUIPA,-72.7060117428845,-15.029660791164767,1.2m,2025,2025-08-02,WV03
8_7558245_03673,AREQUIPA,-72.60744683162264,-15.862146868427038,1.2m,2022,2022-05-08,WV02
8_7358325_12313,AREQUIPA,-72.79622088668299,-15.136164024536264,1.2m,2025,2025-07-08,WV03
8_6858300_45861,AREQUIPA,-73.23979483762626,-15.350642745207129,1.2m,2025,2025-06-13,LG01
9_2208185_100148,AREQUIPA,-71.58895226047872,-16.383515565178367,30cm,2025,2025-09-05,WV02
8_7708195_05322,AREQUIPA,-72.45649469485585,-16.31189338724608,1.2m,2025,2025-09-12,LG05
8_6708255_00093,AREQUIPA,-73.38787830909513,-15.74243641666408,1.2m,2024,2024-06-16,WV03
9_2258280_000314,AREQUIPA,-71.54808490215201,-15.528133398550793,1.2m,2022,2022-11-14,WV02
8_7708195_09911,AREQUIPA,-72.45460710987793,-16.295303647244424,1.2m,2025,2025-09-12,LG05
9_2208265_003962,AREQUIPA,-71.6129482090072,-15.645736501463308,1.2m,2022,2022-11-14,WV02
8_7658255_16648,AREQUIPA,-72.48897419523345,-15.737948792098468,1.2m,2025,2025-10-01,LG02
9_2308180_48035,AREQUIPA,-71.50396999324552,-16.429878495236977,30cm,2025,2025-09-05,WV02
8_7858285_01569,AREQUIPA,-72.34257883021465,-15.478122022788657,1.2m,2022,2022-08-06,WV02
8_7458330_17912,AREQUIPA,-72.68538881308417,-15.057682095256364,1.2m,2025,2025-08-02,WV03
8_7358320_05548,AREQUIPA,-72.81404551322336,-15.149359205440494,1.2m,2025,2025-07-08,WV03
8_6858305_44414,AREQUIPA,-73.24232180965858,-15.30954559919072,1.2m,2025,2025-06-13,LG01
8_7858265_00832,AREQUIPA,-72.30118802928112,-15.67549323614979,1.2m,2022,2022-09-09,GE01
9_1908150_03232,AREQUIPA,-71.87403531922652,-16.682447731350678,1.2m,2025,2025-01-19,LG01
8_6458205_00210,AREQUIPA,-73.61787807901096,-16.222824224153733,1.2m,2023,2023-01-29,WV02
8_7808280_00212,AREQUIPA,-72.35326941525568,-15.504184241763454,1.2m,2022,2022-08-06,WV02
8_7658235_09164,AREQUIPA,-72.48204035336101,-15.917227939403425,1.2m,2025,2025-10-01,LG02
9_2208265_004210,AREQUIPA,-71.61010851403141,-15.647059396925755,1.2m,2022,2022-11-14,WV02
8_6958230_04134,AREQUIPA,-73.17398436908229,-16.00196522637561,1.2m,2021,2021-07-19,GE01
8_7558260_07607,AREQUIPA,-72.5771744153337,-15.704108238051216,1.2m,2025,2025-05-16,LG02
8_7858265_00640,AREQUIPA,-72.30427376461407,-15.662393238992536,1.2m,2022,2022-09-09,GE01
9_1908150_03266,AREQUIPA,-71.8841669802981,-16.69024690128512,1.2m,2025,2025-01-19,LG01
9_2308180_19085,AREQUIPA,-71.51961433656327,-16.43922101552228,30cm,2025,2025-09-05,WV02
9_2308175_18004,AREQUIPA,-71.50398781423573,-16.452654586571114,30cm,2025,2025-09-05,WV02
9_1858165_01392,AREQUIPA,-71.92253192540936,-16.550027728872692,1.2m,2025,2025-05-22,LG02
8_7258315_00074,AREQUIPA,-72.8830406672881,-15.219365694806104,1.2m,2022,2022-09-02,WV02
8_6358280_00728,AREQUIPA,-73.70437995522133,-15.521340027366664,1.2m,2025,2025-10-14,LG04
9_1858165_005518,AREQUIPA,-71.93248649325264,-16.57592328967243,1.2m,2025,2025-05-22,LG02
8_7158315_16498,AREQUIPA,-72.96690157173295,-15.191509140397878,1.2m,2025,2025-07-05,LG02
8_5758570_12180,AYACUCHO,-74.2694872727383,-12.901880488623027,1.2m,2025,2025-06-06,LG01
8_6208605_226171,AYACUCHO,-73.86443786345261,-12.611264639831363,1.2m,2024,2024-09-25,WV03
8_6758310_06008,AYACUCHO,-73.34427031059161,-15.259030842064995,1.2m,2025,2025-05-31,LG01
8_6358590_125480,AYACUCHO,-73.7135294057329,-12.712430695765674,1.2m,2025,2025-06-26,WV03
8_5808555_171592,AYACUCHO,-74.26107146401407,-13.06680409930627,1.2m,2025,2025-06-06,LG01
8_5808565_223604,AYACUCHO,-74.25677302047372,-12.968514645811322,1.2m,2025,2025-06-06,LG01
8_6308595_112098,AYACUCHO,-73.7985552908651,-12.677878800977211,1.2m,2019,2019-08-16,WV02
8_6308600_131505,AYACUCHO,-73.78156179978146,-12.643572374159834,1.2m,2025,2025-06-26,WV03
8_6158610_225289,AYACUCHO,-73.93213036427929,-12.529008730825385,1.2m,2025,2025-02-25,WV03
8_6358595_111347,AYACUCHO,-73.75190583732669,-12.683244268222936,1.2m,2019,2019-08-16,WV02
8_5758570_16036,AYACUCHO,-74.28135603147649,-12.904182989384829,1.2m,2025,2025-06-06,LG01
8_5808560_49429,AYACUCHO,-74.24448077819918,-13.015844823233536,1.2m,2025,2025-06-06,LG01
8_6108555_186215,AYACUCHO,-73.98471121470531,-13.055721201592707,1.2m,2025,2025-02-03,LG02
8_6358590_125465,AYACUCHO,-73.71547406680489,-12.720287846789862,1.2m,2025,2025-06-26,WV03
8_6308595_112012,AYACUCHO,-73.7844174642484,-12.675027748282885,1.2m,2019,2019-08-16,WV02
8_6258610_208624,AYACUCHO,-73.84790972005024,-12.547685855043754,1.2m,2025,2025-07-15,WV02
8_5808570_22072,AYACUCHO,-74.25062415907816,-12.916332011502275,1.2m,2025,2025-06-06,LG01
8_6208610_208942,AYACUCHO,-73.86410899698541,-12.551734398865072,1.2m,2025,2025-07-15,WV02
8_5758570_00033,AYACUCHO,-74.2770318398037,-12.936821369327316,1.2m,2025,2025-06-06,LG01
8_6408595_111659,AYACUCHO,-73.68980920457182,-12.702092797609268,1.2m,2025,2025-06-26,WV03
8_6258600_210074,AYACUCHO,-73.84613051431134,-12.63136424289096,1.2m,2024,2024-09-25,WV03
8_6258605_210488,AYACUCHO,-73.81908999999874,-12.5722743728594,1.2m,2025,2025-06-26,WV03
8_5808570_24061,AYACUCHO,-74.25854166524556,-12.913093181410112,1.2m,2025,2025-06-06,LG01
8_6258605_225779,AYACUCHO,-73.8368673650183,-12.57841239922426,1.2m,2024,2024-09-25,WV03
8_6208605_225294,AYACUCHO,-73.86989270935857,-12.571771385810138,1.2m,2024,2024-09-25,WV03
8_6308600_126071,AYACUCHO,-73.79245030671578,-12.646726474021632,1.2m,2025,2025-06-26,WV03
8_5808560_49352,AYACUCHO,-74.25452673974603,-13.002031721028914,1.2m,2025,2025-06-06,LG01
8_5758565_38251,AYACUCHO,-74.27514000590682,-12.956486612042983,1.2m,2025,2025-06-06,LG01
8_6258600_210343,AYACUCHO,-73.83540193482182,-12.619308015838635,1.2m,2024,2024-09-25,WV03
8_6358595_111359,AYACUCHO,-73.74930805032653,-12.68290550530337,1.2m,2019,2019-08-16,WV02
8_6308595_112257,AYACUCHO,-73.76879663931322,-12.691286542555012,1.2m,2019,2019-08-16,WV02
8_6308595_131462,AYACUCHO,-73.78196332336726,-12.662640812425543,1.2m,2019,2019-08-16,WV02
8_6208615_217746,AYACUCHO,-73.89487630981601,-12.516985077584781,1.2m,2025,2025-02-25,WV03
8_6208605_225448,AYACUCHO,-73.8765880678061,-12.587532266694666,1.2m,2024,2024-09-25,WV03
8_6258600_210345,AYACUCHO,-73.83415279534985,-12.619102646635344,1.2m,2024,2024-09-25,WV03
8_5958485_04857,AYACUCHO,-74.10274345908093,-13.690408146287155,1.2m,2025,2025-07-21,WV03
8_6208610_217990,AYACUCHO,-73.89189965189185,-12.533645794174731,1.2m,2025,2025-02-25,WV03
8_5808555_171596,AYACUCHO,-74.26084598821289,-13.067365322710293,1.2m,2025,2025-06-06,LG01
8_6258610_210557,AYACUCHO,-73.83037289494416,-12.557397016139717,1.2m,2025,2025-07-15,WV02
8_6408595_111558,AYACUCHO,-73.69812739290504,-12.693720813742413,1.2m,2025,2025-06-26,WV03
8_6308600_131429,AYACUCHO,-73.791219646988,-12.652916961467563,1.2m,2024,2024-09-25,WV03
8_6258605_131907,AYACUCHO,-73.8340720666043,-12.612381639553336,1.2m,2024,2024-09-25,WV03
8_5808560_02453,AYACUCHO,-74.26062845304571,-13.001282440118803,1.2m,2025,2025-06-06,LG01
8_6208605_225469,AYACUCHO,-73.86758260132162,-12.590718586375115,1.2m,2024,2024-09-25,WV03
8_6408590_111232,AYACUCHO,-73.67219379886498,-12.729212515344859,1.2m,2025,2025-06-26,WV03
8_6308595_112672,AYACUCHO,-73.7836760546418,-12.693839320457784,1.2m,2019,2019-08-16,WV02
8_6208600_211228,AYACUCHO,-73.85573715817833,-12.634613674081487,1.2m,2024,2024-09-25,WV03
8_6408590_111181,AYACUCHO,-73.67666217591979,-12.709531024778691,1.2m,2025,2025-06-26,WV03
8_5858555_24966,AYACUCHO,-74.19471942073045,-13.0319576125035,1.2m,2025,2025-06-13,LG04
8_6308600_131421,AYACUCHO,-73.79428305527281,-12.652834141129361,1.2m,2024,2024-09-25,WV03
8_5758570_14492,AYACUCHO,-74.28013016326385,-12.904075870682625,1.2m,2025,2025-06-06,LG01
8_6208600_211432,AYACUCHO,-73.85342630413469,-12.654583943329996,1.2m,2024,2024-09-25,WV03
8_5758565_38042,AYACUCHO,-74.28303088501193,-12.947178766764312,1.2m,2025,2025-06-06,LG01
8_6158615_217625,AYACUCHO,-73.90618029631317,-12.514083757821584,1.2m,2025,2025-02-25,WV03
8_6358595_113364,AYACUCHO,-73.72687209993356,-12.704516886289234,1.2m,2025,2025-06-26,WV03
8_5808560_02455,AYACUCHO,-74.25989655421117,-12.999273221713601,1.2m,2025,2025-06-06,LG01
8_6258600_131209,AYACUCHO,-73.80793036027988,-12.620320960643664,1.2m,2025,2025-06-26,WV03
8_6258605_132136,AYACUCHO,-73.84620724804422,-12.604262686231586,1.2m,2024,2024-09-25,WV03
8_6258600_210262,AYACUCHO,-73.8262617982286,-12.620481295113303,1.2m,2024,2024-09-25,WV03
8_6158615_209368,AYACUCHO,-73.92167089649156,-12.485938382830497,1.2m,2025,2025-02-25,WV03
8_6208605_226153,AYACUCHO,-73.85840482441476,-12.614192464523608,1.2m,2024,2024-09-25,WV03
8_5758550_172526,AYACUCHO,-74.30979950434367,-13.106667749739778,1.2m,2025,2025-06-06,LG01
8_6208610_208985,AYACUCHO,-73.86493637419296,-12.551723482867292,1.2m,2025,2025-07-15,WV02
8_5808565_32183,AYACUCHO,-74.26386716070232,-12.971407218237953,1.2m,2025,2025-06-06,LG01
8_6258600_131230,AYACUCHO,-73.81985799589273,-12.625446634519218,1.2m,2024,2024-09-25,WV03
8_6058560_07465,AYACUCHO,-73.9920168626409,-13.003075791006253,1.2m,2025,2025-07-05,LG02
8_6258595_211159,AYACUCHO,-73.82735722016126,-12.68150033055958,1.2m,2021,2021-07-08,GE01
8_5808560_200235,AYACUCHO,-74.2204810549896,-12.998518643042152,1.2m,2025,2025-06-13,LG04
8_5758575_18725,AYACUCHO,-74.26754801829176,-12.892077856265907,1.2m,2025,2025-06-06,LG01
8_6358585_125942,AYACUCHO,-73.71900542531674,-12.772595173830304,1.2m,2019,2019-08-16,WV02
8_5758550_95100,AYACUCHO,-74.27204718416186,-13.100882434114467,1.2m,2025,2025-06-06,LG01
8_6308600_131523,AYACUCHO,-73.76663790829306,-12.66046725401586,1.2m,2019,2019-08-16,WV02
8_5808560_02478,AYACUCHO,-74.25827606432755,-13.005524667053145,1.2m,2025,2025-06-06,LG01
8_6308595_112520,AYACUCHO,-73.7903419161072,-12.684708223931569,1.2m,2019,2019-08-16,WV02
8_6158615_217619,AYACUCHO,-73.90692837897285,-12.521151142515432,1.2m,2025,2025-02-25,WV03
8_5908550_60481,AYACUCHO,-74.16016060768683,-13.102977954011951,1.2m,2025,2025-07-21,WV03
8_6258600_211263,AYACUCHO,-73.84725274019583,-12.637336448878724,1.2m,2024,2024-09-25,WV03
8_6308600_125997,AYACUCHO,-73.78813693409165,-12.65177489635185,1.2m,2025,2025-06-26,WV03
8_5808565_30344,AYACUCHO,-74.25567464480258,-12.967555631121103,1.2m,2025,2025-06-06,LG01
8_6308595_131559,AYACUCHO,-73.75918769759193,-12.666729379291857,1.2m,2019,2019-08-16,WV02
8_6358600_113886,AYACUCHO,-73.72983687274035,-12.649414100094253,1.2m,2024,2024-09-25,WV03
8_6408590_111294,AYACUCHO,-73.67509818556776,-12.719840017157587,1.2m,2025,2025-06-26,WV03
8_5758570_12164,AYACUCHO,-74.27174923528086,-12.90318506370566,1.2m,2025,2025-06-06,LG01
8_6308600_126073,AYACUCHO,-73.79096661175629,-12.645705880324595,1.2m,2025,2025-06-26,WV03
8_5808565_224268,AYACUCHO,-74.22443466860067,-12.949457617013763,1.2m,2025,2025-06-13,LG04
8_5808565_223792,AYACUCHO,-74.2583532981297,-12.9803732073999,1.2m,2025,2025-06-06,LG01
8_5908550_66729,AYACUCHO,-74.16084803191293,-13.105089576462806,1.2m,2025,2025-07-21,WV03
8_6058565_32125,AYACUCHO,-74.01582896126564,-12.951134661944547,1.2m,2025,2025-08-08,WV03
8_6158615_209524,AYACUCHO,-73.90519458662578,-12.500871406567487,1.2m,2025,2025-02-25,WV03
8_6208615_217684,AYACUCHO,-73.88684274874781,-12.514704165916438,1.2m,2025,2025-02-25,WV03
8_6308595_112943,AYACUCHO,-73.7709518474667,-12.70328365475839,1.2m,2019,2019-08-16,WV02
8_6258600_131050,AYACUCHO,-73.80450110322991,-12.624104032198543,1.2m,2025,2025-06-26,WV03
8_6408590_111276,AYACUCHO,-73.67710382717891,-12.716920199742088,1.2m,2025,2025-06-26,WV03
8_6208610_225108,AYACUCHO,-73.87873351904923,-12.55987177260426,1.2m,2025,2025-02-25,WV03
8_5808565_30097,AYACUCHO,-74.26052300966361,-12.968929620913624,1.2m,2025,2025-06-06,LG01
8_6208610_225081,AYACUCHO,-73.88823958975297,-12.5519691403222,1.2m,2025,2025-02-25,WV03
8_6258605_132270,AYACUCHO,-73.81505804025517,-12.573113546720439,1.2m,2025,2025-06-26,WV03
8_6258610_210434,AYACUCHO,-73.82007980582895,-12.5687992378095,1.2m,2025,2025-06-26,WV03
8_6408585_125677,AYACUCHO,-73.70966145859437,-12.761387718354534,1.2m,2019,2019-08-16,WV02
8_6258605_131691,AYACUCHO,-73.81806797221464,-12.61223816071043,1.2m,2025,2025-06-26,WV03
8_6258605_226045,AYACUCHO,-73.84093240067398,-12.574824411356012,1.2m,2024,2024-09-25,WV03
8_6258610_210413,AYACUCHO,-73.83149960389507,-12.568995854906255,1.2m,2024,2024-09-25,WV03
8_6208605_225713,AYACUCHO,-73.85606004893403,-12.58446656623606,1.2m,2024,2024-09-25,WV03
8_6258605_225908,AYACUCHO,-73.84627068040618,-12.576537975970453,1.2m,2024,2024-09-25,WV03
8_5808560_02387,AYACUCHO,-74.25296181639646,-13.017303208686835,1.2m,2025,2025-06-06,LG01
8_6358595_113272,AYACUCHO,-73.7103806050901,-12.67856612792854,1.2m,2025,2025-06-26,WV03
8_5958550_82313,AYACUCHO,-74.09175026422002,-13.111685170785066,1.2m,2025,2025-07-21,WV03
8_6358595_113671,AYACUCHO,-73.72656434580935,-12.690418262363796,1.2m,2025,2025-06-26,WV03
8_6208605_225495,AYACUCHO,-73.8789930843034,-12.588492054985341,1.2m,2024,2024-09-25,WV03
8_6208600_210070,AYACUCHO,-73.85139998975004,-12.631964932613315,1.2m,2024,2024-09-25,WV03
8_6758310_06071,AYACUCHO,-73.33430269611482,-15.268087935151971,1.2m,2025,2025-05-31,LG01
8_6258600_131286,AYACUCHO,-73.81026574029809,-12.63183708563378,1.2m,2025,2025-06-26,WV03
8_5808555_171584,AYACUCHO,-74.26147021501342,-13.065966117368053,1.2m,2025,2025-06-06,LG01
8_6058535_000328,AYACUCHO,-74.03013655414023,-13.234810180927074,1.2m,2025,2025-07-05,LG02
8_5908540_64398,AYACUCHO,-74.1262036755227,-13.197197836501953,1.2m,2025,2025-07-21,WV03
8_5808365_102832,AYACUCHO,-74.23216382358363,-14.751274816393419,1.2m,2023,2023-11-23,WV02
8_5908550_61323,AYACUCHO,-74.14173334688107,-13.076347280350724,1.2m,2025,2025-07-21,WV03
8_6058565_32019,AYACUCHO,-74.02285219130475,-12.946327352914304,1.2m,2025,2025-08-08,WV03
8_5908560_33654,AYACUCHO,-74.16586164744952,-13.011491775665263,1.2m,2025,2025-07-21,WV03
8_5808565_100408,AYACUCHO,-74.21851523231038,-12.968354763560466,1.2m,2025,2025-06-13,LG04
8_5858560_17425,AYACUCHO,-74.20314940550176,-13.008695342745703,1.2m,2025,2025-06-13,LG04
8_5858500_22421,AYACUCHO,-74.20392199685674,-13.546952854741797,1.2m,2025,2025-06-13,LG04
8_5958370_120054,AYACUCHO,-74.0948540286843,-14.722984967706449,1.2m,2020,2020-06-14,WV03
8_5808365_104414,AYACUCHO,-74.21512130510561,-14.760853390384877,1.2m,2023,2023-05-21,WV02
8_5858560_29717,AYACUCHO,-74.19842861478361,-13.001718744573449,1.2m,2025,2025-06-13,LG04
8_5858560_25253,AYACUCHO,-74.18776573057156,-13.011315591555952,1.2m,2025,2025-06-13,LG04
8_5858565_48354,AYACUCHO,-74.212307829297,-12.980291857186822,1.2m,2025,2025-06-13,LG04
8_6108560_108718,AYACUCHO,-73.95090402008492,-12.985191058698371,1.2m,2025,2025-02-03,LG02
8_6758310_05580,AYACUCHO,-73.35708592682965,-15.269857631052231,1.2m,2025,2025-05-31,LG01
8_5858560_46281,AYACUCHO,-74.21736476916398,-13.003515229921035,1.2m,2025,2025-06-13,LG04
8_6058570_19073,AYACUCHO,-74.00670080900113,-12.916101789287932,1.2m,2023,2023-07-01,WV02
8_5908375_106556,AYACUCHO,-74.13689423049632,-14.69588342868873,1.2m,2023,2023-05-21,WV02
8_5908560_33602,AYACUCHO,-74.16706249267004,-13.006856011189228,1.2m,2025,2025-07-21,WV03
8_5758575_18603,AYACUCHO,-74.27554452676361,-12.88427569759755,1.2m,2025,2025-06-06,LG01
8_6808320_14028,AYACUCHO,-73.30248009226048,-15.16903272768699,1.2m,2025,2025-06-13,LG01
8_5858560_21542,AYACUCHO,-74.17328699480069,-13.000412506325826,1.2m,2025,2025-07-21,WV03
8_5908555_73584,AYACUCHO,-74.15787945180713,-13.046496795482406,1.2m,2025,2025-07-21,WV03
8_5908540_64348,AYACUCHO,-74.14743447715175,-13.198746183758914,1.2m,2025,2025-07-21,WV03
8_6008570_100810,AYACUCHO,-74.06140150911288,-12.927779443554503,1.2m,2023,2023-07-01,WV02
8_5908560_33560,AYACUCHO,-74.16619962277466,-13.01006414463259,1.2m,2025,2025-07-21,WV03
8_6058565_16307,AYACUCHO,-74.00426104520862,-12.943398390785216,1.2m,2025,2025-06-26,WV03
8_5758575_18333,AYACUCHO,-74.26969774378017,-12.89207782675152,1.2m,2025,2025-06-06,LG01
8_5958545_94070,AYACUCHO,-74.10633652588896,-13.119389086717828,1.2m,2025,2025-07-21,WV03
8_6108565_14199,AYACUCHO,-73.97955391085387,-12.968127973854937,1.2m,2025,2025-06-26,WV03
8_6108560_12619,AYACUCHO,-73.97846840682925,-12.986828767007703,1.2m,2025,2025-02-03,LG02
8_5808380_101758,AYACUCHO,-74.24047995850361,-14.627229765964268,1.2m,2023,2023-11-23,WV02
8_5808565_07076,AYACUCHO,-74.22779399008138,-12.960348052549467,1.2m,2025,2025-06-13,LG04
8_6208540_27363,AYACUCHO,-73.87440832941523,-13.16717903742822,1.2m,2021,2021-07-08,GE01
8_6108555_10179,AYACUCHO,-73.97150766482268,-13.044699314475753,1.2m,2025,2025-02-03,LG02
8_5858530_71190,AYACUCHO,-74.17561456678295,-13.265856985784582,1.2m,2025,2025-07-21,WV03
8_6058570_18417,AYACUCHO,-73.99542567635271,-12.908683074208685,1.2m,2025,2025-06-26,WV03
8_5908560_23197,AYACUCHO,-74.14619470959968,-13.010909156766637,1.2m,2025,2025-07-21,WV03
8_6058535_68086,AYACUCHO,-74.01951995338021,-13.24575098346611,1.2m,2025,2025-07-05,LG02
8_5808585_003464,AYACUCHO,-74.24556473998115,-12.790225826144283,1.2m,2025,2025-06-06,LG01
8_6908310_01585,AYACUCHO,-73.20507155494127,-15.271094784964138,1.2m,2025,2025-07-06,LG03
8_5958550_96058,AYACUCHO,-74.08857398550661,-13.089944614044327,1.2m,2025,2025-07-21,WV03
8_5808585_003408,AYACUCHO,-74.24948215058978,-12.795140943171024,1.2m,2025,2025-06-06,LG01
8_5908375_116757,AYACUCHO,-74.13671380030746,-14.66794424225937,1.2m,2023,2023-05-21,WV02
8_5858555_24731,AYACUCHO,-74.18640432330561,-13.030997983825227,1.2m,2025,2025-06-13,LG04
8_6358330_10989,AYACUCHO,-73.72170244744649,-15.068451327458593,1.2m,2024,2024-09-13,WV03
8_5758555_83015,AYACUCHO,-74.29325727102406,-13.070837756819612,1.2m,2025,2025-06-06,LG01
8_5858365_104648,AYACUCHO,-74.20464353594173,-14.76612479617864,1.2m,2023,2023-05-21,WV02
8_6008570_31229,AYACUCHO,-74.05192457220984,-12.918068519601235,1.2m,2023,2023-07-01,WV02
8_5858500_23723,AYACUCHO,-74.18743506823964,-13.565028356613567,1.2m,2025,2025-06-13,LG04
8_5808365_102835,AYACUCHO,-74.23305779721507,-14.753242396702102,1.2m,2023,2023-11-23,WV02
8_5858560_17239,AYACUCHO,-74.20346178719107,-13.007384087426246,1.2m,2025,2025-06-13,LG04
8_6108565_14134,AYACUCHO,-73.98616544913929,-12.970225460475165,1.2m,2025,2025-06-26,WV03
8_5758565_36380,AYACUCHO,-74.265766377263,-12.959421327473759,1.2m,2025,2025-06-06,LG01
8_5858530_70117,AYACUCHO,-74.20727052543162,-13.282563210812347,1.2m,2025,2025-06-13,LG04
8_5808585_002649,AYACUCHO,-74.23071119644824,-12.793654547930032,1.2m,2025,2025-06-06,LG01
8_5808565_26116,AYACUCHO,-74.23262890884419,-12.93897281950774,1.2m,2025,2025-06-06,LG01
8_6358330_10888,AYACUCHO,-73.71558342091615,-15.064646278008095,1.2m,2024,2024-09-13,WV03
8_6058570_17576,AYACUCHO,-73.99090309530294,-12.908967274358794,1.2m,2025,2025-06-26,WV03
8_5858500_22387,AYACUCHO,-74.1982227439599,-13.554600925525612,1.2m,2025,2025-06-13,LG04
8_6758320_19481,AYACUCHO,-73.34226777972776,-15.169398053239611,1.2m,2025,2025-05-31,LG01
8_5858500_24316,AYACUCHO,-74.18742756826143,-13.546087335660278,1.2m,2025,2025-06-13,LG04
8_6158465_228120,AYACUCHO,-73.93259998994947,-13.850981971454146,1.2m,2025,2025-08-10,LG03
8_6758310_18581,AYACUCHO,-73.34246950356317,-15.246165849008491,1.2m,2025,2025-05-31,LG01
8_6358330_10935,AYACUCHO,-73.71091892804398,-15.066417753109425,1.2m,2024,2024-09-13,WV03
8_6158540_02295,AYACUCHO,-73.92536559706328,-13.197577455630881,1.2m,2021,2021-07-08,GE01
8_6308330_12446,AYACUCHO,-73.7553594774543,-15.104683067615825,1.2m,2025,2025-10-05,LG03
8_6358330_10870,AYACUCHO,-73.71316213342735,-15.065827833801617,1.2m,2024,2024-09-13,WV03
8_5858525_73369,AYACUCHO,-74.20120547768775,-13.3117646361953,1.2m,2025,2025-06-13,LG04
8_6808330_09699,AYACUCHO,-73.31014399879287,-15.071287019692942,1.2m,2025,2025-06-13,LG01
8_5958365_117771,AYACUCHO,-74.07418542358687,-14.75087612168327,1.2m,2020,2020-07-23,WV02
8_6358330_11163,AYACUCHO,-73.70609336240618,-15.064420806146714,1.2m,2024,2024-09-13,WV03
8_5808585_003603,AYACUCHO,-74.24822095311492,-12.786055750909899,1.2m,2025,2025-06-06,LG01
8_6358330_07698,AYACUCHO,-73.74482721708694,-15.063321817430992,1.2m,2025,2025-10-05,LG03
8_6208610_225141,AYACUCHO,-73.89458881897315,-12.558051576113547,1.2m,2025,2025-02-25,WV03
8_6008370_121279,AYACUCHO,-74.0663807325775,-14.737339043828172,1.2m,2020,2020-07-23,WV02
8_6158545_05743,AYACUCHO,-73.89671181774824,-13.154460264391275,1.2m,2021,2021-07-08,GE01
8_6008475_07365,AYACUCHO,-74.04794459650608,-13.781314323936893,1.2m,2025,2025-08-19,LG04
8_6608315_10698,AYACUCHO,-73.48183204695516,-15.212360239087378,1.2m,2025,2025-04-17,LG01
8_6908315_15065,AYACUCHO,-73.21230521773323,-15.19365427086067,1.2m,2025,2025-07-06,LG03
8_5808560_02204,AYACUCHO,-74.25334111596122,-13.015732780690783,1.2m,2025,2025-06-06,LG01
8_6408330_11526,AYACUCHO,-73.69938146781145,-15.075600830577013,1.2m,2024,2024-09-13,WV03
8_5858500_20066,AYACUCHO,-74.19648813543151,-13.54896107947609,1.2m,2025,2025-06-13,LG04
8_5908560_30536,AYACUCHO,-74.16548533087082,-13.001760365592848,1.2m,2025,2025-07-21,WV03
8_6658310_20650,AYACUCHO,-73.45446621715044,-15.253944958160243,1.2m,2025,2025-04-17,LG01
8_6358330_08598,AYACUCHO,-73.73694731548926,-15.086596615998582,1.2m,2024,2024-09-13,WV03
8_6858320_16603,AYACUCHO,-73.25354987998088,-15.18140097840374,1.2m,2025,2025-06-13,LG01
8_6558315_12108,AYACUCHO,-73.53615582776267,-15.197299188981212,1.2m,2025,2025-05-25,WV03
8_5758565_223980,AYACUCHO,-74.27758959884915,-12.960805176685728,1.2m,2025,2025-06-06,LG01
8_6008480_09136,AYACUCHO,-74.06101914860093,-13.744064293393208,1.2m,2025,2025-07-21,WV03
8_6358325_12162,AYACUCHO,-73.72501579229547,-15.13140131477622,1.2m,2025,2025-10-14,LG04
8_6758310_05673,AYACUCHO,-73.35701248299623,-15.277115423859474,1.2m,2025,2025-05-31,LG01
8_6108565_15352,AYACUCHO,-73.98090438475508,-12.948799634796256,1.2m,2025,2025-06-26,WV03
8_6108465_229502,AYACUCHO,-73.95549947560869,-13.854848708504079,1.2m,2025,2025-08-10,LG03
8_6208540_22146,AYACUCHO,-73.86896349066411,-13.171964180325638,1.2m,2021,2021-07-08,GE01
8_5908555_53668,AYACUCHO,-74.15109530756678,-13.065563116962139,1.2m,2025,2025-07-21,WV03
8_5808560_49343,AYACUCHO,-74.255538738905,-12.999663247793313,1.2m,2025,2025-06-06,LG01
8_5858500_20384,AYACUCHO,-74.19939569616113,-13.545458260772085,1.2m,2025,2025-06-13,LG04
8_6158535_02594,AYACUCHO,-73.90661498697716,-13.209990022587272,1.2m,2021,2021-07-08,GE01
8_6208540_27422,AYACUCHO,-73.87087012180656,-13.171980295947915,1.2m,2021,2021-07-08,GE01
8_6158465_228214,AYACUCHO,-73.93528451282415,-13.846305488011673,1.2m,2025,2025-08-10,LG03
8_6108560_13549,AYACUCHO,-73.95863065116984,-13.003630985612393,1.2m,2025,2025-02-03,LG02
8_6158545_06848,AYACUCHO,-73.89949771424183,-13.154098451274223,1.2m,2021,2021-07-08,GE01
8_5908555_55001,AYACUCHO,-74.12696110576144,-13.043553777385561,1.2m,2025,2025-07-21,WV03
8_5908555_59101,AYACUCHO,-74.16386468632206,-13.059721793138044,1.2m,2025,2025-07-21,WV03
8_6908310_00967,AYACUCHO,-73.2106691443932,-15.246205216009047,1.2m,2025,2025-07-06,LG03
8_6758340_13836,AYACUCHO,-73.33566013065469,-14.992510109801454,1.2m,2025,2025-05-31,LG01
8_6058570_18280,AYACUCHO,-74.00345438662798,-12.912321409840093,1.2m,2023,2023-07-01,WV02
8_5908550_75320,AYACUCHO,-74.14072121887246,-13.089805871412388,1.2m,2025,2025-07-21,WV03
8_6758305_07177,AYACUCHO,-73.3551799693478,-15.284430167953545,1.2m,2025,2025-05-31,LG01
8_6008370_121547,AYACUCHO,-74.05419900048986,-14.71882409025098,1.2m,2020,2020-07-23,WV02
8_6108465_230250,AYACUCHO,-73.93982960290244,-13.854309978396266,1.2m,2025,2025-08-10,LG03
7_7509355_006143,CAJAMARCA,-78.73974254635569,-5.817719943825229,1.2m,2024,2024-02-24,WV03
7_7359305_11113,CAJAMARCA,-78.85994809683751,-6.244553648424166,1.2m,2017,2017-08-11,GE01
7_7359430_002766,CAJAMARCA,-78.87392083430302,-5.137153289882333,60cm,2017,2017-08-11,GE01
7_7359425_011755,CAJAMARCA,-78.86598301315337,-5.1870437158298035,60cm,2017,2017-08-11,GE01
7_7359370_004967,CAJAMARCA,-78.84269145328182,-5.656962670269315,1.2m,2020,2020-01-06,WV02
7_7659315_069199,CAJAMARCA,-78.56359070791312,-6.147993780077442,1.2m,2025,2025-07-04,WV03
7_7209210_020207,CAJAMARCA,-79.00700893920128,-7.108144743146955,1.2m,2025,2025-08-19,LG04
7_7259315_061792,CAJAMARCA,-78.95357296471553,-6.1550833284665885,1.2m,2017,2017-07-15,GE01
7_7259405_002585,CAJAMARCA,-78.92979464310292,-5.373184420849502,60cm,2011,2011-07-20,WV02
7_7359375_003646,CAJAMARCA,-78.85145123859571,-5.616564025489189,1.2m,2020,2020-01-06,WV02
7_7209430_001641,CAJAMARCA,-79.01706596154722,-5.155399789716739,60cm,2015,2015-10-20,WV02
7_7709320_069363,CAJAMARCA,-78.55390013230736,-6.14545551477541,1.2m,2025,2025-07-04,WV03
7_7209420_001251,CAJAMARCA,-78.99374710218882,-5.233654645039092,60cm,2015,2015-10-20,WV02
7_7309310_36919,CAJAMARCA,-78.92381107302595,-6.219153430267612,1.2m,2017,2017-07-15,GE01
7_7659320_069366,CAJAMARCA,-78.56293155805943,-6.14430462746058,1.2m,2025,2025-07-04,WV03
7_7309405_010083,CAJAMARCA,-78.914788169709,-5.363484083378493,60cm,2018,2018-07-01,WV03
7_7059235_009587,CAJAMARCA,-79.11116130129051,-6.877433399947704,1.2m,2020,2020-08-02,WV02
7_7359365_005250,CAJAMARCA,-78.86359178995093,-5.735129506091221,1.2m,2012,2012-12-06,WV02
7_7159410_010999,CAJAMARCA,-79.03167394654832,-5.318196328162486,60cm,2025,2025-07-06,LG01
7_7709255_84719,CAJAMARCA,-78.53168658474588,-6.721889021595903,1.2m,2025,2025-07-04,WV03
7_7059240_009082,CAJAMARCA,-79.12416319179746,-6.8658718808187205,1.2m,2020,2020-08-02,WV02
7_7159210_015969,CAJAMARCA,-79.01036388374337,-7.10261936607714,1.2m,2025,2025-08-19,LG04
7_7259405_010217,CAJAMARCA,-78.93438779852676,-5.343106273018908,60cm,2018,2018-07-01,WV03
7_7359420_011613,CAJAMARCA,-78.85145617307757,-5.208262514644183,60cm,2013,2013-08-23,GE01
7_7059310_363656,CAJAMARCA,-79.1107024168116,-6.236744840845017,1.2m,2021,2021-07-24,WV02
7_7359215_030308,CAJAMARCA,-78.86926759518522,-7.068782759078178,1.2m,2025,2025-09-04,WV03
7_7359420_011112,CAJAMARCA,-78.86420069739425,-5.208760455817956,60cm,2013,2013-08-23,GE01
7_7159435_001691,CAJAMARCA,-79.04205250698914,-5.083981100563911,60cm,2025,2025-07-06,LG01
7_7309445_001845,CAJAMARCA,-78.91260570135748,-5.0066746557826605,60cm,2017,2017-12-11,WV02
7_7259420_002828,CAJAMARCA,-78.95435155694273,-5.202974946593173,60cm,2018,2018-07-01,WV03
7_7259400_003524,CAJAMARCA,-78.94324460677227,-5.426320679717172,60cm,2011,2011-07-20,WV02
7_7359425_011790,CAJAMARCA,-78.86357369280609,-5.195952050441399,60cm,2013,2013-08-23,GE01
7_7309425_010349,CAJAMARCA,-78.88390082886204,-5.19367271170604,60cm,2013,2013-08-23,GE01
7_7309425_010389,CAJAMARCA,-78.88693230777844,-5.187460346619596,60cm,2018,2018-07-01,WV03
7_7259310_061295,CAJAMARCA,-78.96636355213657,-6.210247241770828,1.2m,2017,2017-07-15,GE01
7_7259405_002959,CAJAMARCA,-78.94045867057346,-5.365611274104706,60cm,2011,2011-07-20,WV02
7_7059310_365152,CAJAMARCA,-79.10595811077164,-6.2272751636039985,1.2m,2021,2021-07-24,WV02
7_7109310_365369,CAJAMARCA,-79.09972160174614,-6.2211750260646745,1.2m,2021,2021-07-24,WV02
7_7209425_000854,CAJAMARCA,-78.98566320157977,-5.183436332043355,60cm,2018,2018-07-01,WV03
7_7259425_000583,CAJAMARCA,-78.97025203460609,-5.1699368464680315,60cm,2018,2018-07-01,WV03
7_8109190_37902,CAJAMARCA,-78.176337899642,-7.2777728964934445,1.2m,2025,2025-07-09,WV03
7_7159430_001455,CAJAMARCA,-79.04355246735746,-5.14217150421876,60cm,2015,2015-10-20,WV02
7_7159310_366951,CAJAMARCA,-79.0122374187008,-6.194715308413501,1.2m,2025,2025-03-08,LG01
7_7259315_061774,CAJAMARCA,-78.94535214054751,-6.15617473825369,1.2m,2017,2017-07-15,GE01
7_6959345_003087,CAJAMARCA,-79.21493043263192,-5.9063492903337425,1.2m,2016,2016-11-02,WV02
7_7159390_004709,CAJAMARCA,-79.04599123226461,-5.474224382642241,60cm,2015,2015-10-20,WV02
7_7159435_001667,CAJAMARCA,-79.04638390957147,-5.082746035732084,60cm,2025,2025-07-06,LG01
7_7109335_006220,CAJAMARCA,-79.07528095956903,-5.979937075554172,1.2m,2019,2019-11-17,GE01
7_7259320_063573,CAJAMARCA,-78.93109414428433,-6.107142759136984,1.2m,2012,2012-12-06,WV02
7_7359310_11777,CAJAMARCA,-78.84584654075493,-6.239730484789611,1.2m,2017,2017-08-11,GE01
7_7309405_002939,CAJAMARCA,-78.92056930723888,-5.3526374848686835,60cm,2013,2013-08-23,GE01
7_7359305_08684,CAJAMARCA,-78.86917976507007,-6.279000271744932,1.2m,2017,2017-08-11,GE01
7_7209420_002861,CAJAMARCA,-78.99357886419898,-5.224560342611099,60cm,2015,2015-10-20,WV02
7_7359425_011975,CAJAMARCA,-78.84864232970511,-5.185513669729257,60cm,2019,2019-07-25,WV03
7_7709320_069401,CAJAMARCA,-78.55558219964692,-6.135470864480935,1.2m,2025,2025-07-04,WV03
7_7309310_062942,CAJAMARCA,-78.90963497146075,-6.201284514231887,1.2m,2017,2017-07-15,GE01
7_7059310_365402,CAJAMARCA,-79.10461018828411,-6.2143584706811925,1.2m,2021,2021-07-24,WV02
7_7359310_25098,CAJAMARCA,-78.84136225436029,-6.230266153105866,1.2m,2017,2017-08-11,GE01
7_7159320_368175,CAJAMARCA,-79.03596599156161,-6.123463946222186,1.2m,2012,2012-12-06,WV02
7_7009345_006777,CAJAMARCA,-79.15031645624128,-5.87863190408047,1.2m,2018,2018-10-11,GE01
7_7109320_368125,CAJAMARCA,-79.06231968745021,-6.121501198763783,1.2m,2016,2016-05-26,WV03
7_7159395_004692,CAJAMARCA,-79.04523650754618,-5.4664188945389,60cm,2015,2015-10-20,WV02
7_7359375_005280,CAJAMARCA,-78.86033290333714,-5.624250580083775,1.2m,2020,2020-01-06,WV02
7_7059305_364321,CAJAMARCA,-79.10409698413446,-6.272923857002931,1.2m,2021,2021-07-24,WV02
7_7259405_002453,CAJAMARCA,-78.96608583874574,-5.359120517449576,60cm,2018,2018-07-01,WV03
7_7359310_10204,CAJAMARCA,-78.87494411014669,-6.2236145867001404,1.2m,2017,2017-08-11,GE01
7_7109435_002254,CAJAMARCA,-79.09790590106655,-5.10165573959786,60cm,2011,2011-11-18,QB02
7_7259320_063556,CAJAMARCA,-78.93190607030408,-6.11036399884537,1.2m,2012,2012-12-06,WV02
7_7259410_010211,CAJAMARCA,-78.93807337145265,-5.337486086206434,60cm,2018,2018-07-01,WV03
7_7309425_011885,CAJAMARCA,-78.88802139356268,-5.162288389364491,60cm,2017,2017-12-11,WV02
7_7709190_033469,CAJAMARCA,-78.53857811221074,-7.299605997604857,1.2m,2025,2025-07-04,WV03
7_7109335_006401,CAJAMARCA,-79.06402025780704,-5.9753876336385225,1.2m,2019,2019-11-17,GE01
7_7309300_20319,CAJAMARCA,-78.92078276623988,-6.326549106564535,1.2m,2017,2017-07-15,GE01
7_7109445_002376,CAJAMARCA,-79.09500518739299,-4.992918896033094,60cm,2023,2023-11-19,WV02
7_7209400_002501,CAJAMARCA,-79.01411882069428,-5.404940927021212,60cm,2015,2015-10-20,WV02
7_7359425_011926,CAJAMARCA,-78.84712423257312,-5.18373480320253,60cm,2019,2019-10-14,WV02
7_7159395_004030,CAJAMARCA,-79.04320895643005,-5.451221255940561,60cm,2015,2015-10-20,WV02
7_7309420_010452,CAJAMARCA,-78.88151166990326,-5.199734874575695,60cm,2013,2013-08-23,GE01
7_7259315_061644,CAJAMARCA,-78.93508860763964,-6.1862253755687115,1.2m,2017,2017-07-15,GE01
7_7359375_003634,CAJAMARCA,-78.85739836122919,-5.638066620837376,1.2m,2020,2020-01-06,WV02
7_7259410_002040,CAJAMARCA,-78.95309675080534,-5.3233266445328296,60cm,2018,2018-07-01,WV03
7_7259255_504081,CAJAMARCA,-78.93080889384416,-6.712719168087194,1.2m,2025,2025-06-23,LG04
7_7209310_060146,CAJAMARCA,-78.98091513820631,-6.213004980057315,1.2m,2017,2017-07-15,GE01
7_7209405_011067,CAJAMARCA,-79.0045255958469,-5.343266195484366,60cm,2018,2018-07-01,WV03
7_7409320_066996,CAJAMARCA,-78.8173862362912,-6.117081804074179,1.2m,2016,2016-10-25,WV02
7_7159430_000404,CAJAMARCA,-79.05099838581287,-5.144617444112626,60cm,2015,2015-10-20,WV02
7_7309430_002721,CAJAMARCA,-78.89483087848402,-5.1327748145887195,60cm,2017,2017-12-11,WV02
7_8009245_054470,CAJAMARCA,-78.27294358195974,-6.809054679481708,1.2m,2022,2022-12-05,WV02
7_7359370_004963,CAJAMARCA,-78.84488527101541,-5.657396670693502,1.2m,2020,2020-01-06,WV02
7_7109305_363961,CAJAMARCA,-79.07759720399208,-6.245534888293199,1.2m,2012,2012-12-06,WV02
7_6959345_003150,CAJAMARCA,-79.23501312456807,-5.896782834259611,1.2m,2016,2016-11-02,WV02
7_7059235_009171,CAJAMARCA,-79.11267856367411,-6.873374596784139,1.2m,2020,2020-08-02,WV02
7_7809270_90816,CAJAMARCA,-78.45837041063874,-6.568224623556465,1.2m,2018,2018-09-05,GE01
7_7059240_009148,CAJAMARCA,-79.11682513451757,-6.871907006468292,1.2m,2020,2020-08-02,WV02
7_7109235_022152,CAJAMARCA,-79.06567761818184,-6.892666226788384,1.2m,2020,2020-08-02,WV02
7_7809280_119391,CAJAMARCA,-78.43599934616559,-6.485448977607687,1.2m,2025,2025-10-01,LG05
7_7159210_020274,CAJAMARCA,-79.0139389312514,-7.11207840599552,1.2m,2025,2025-08-19,LG04
7_7259260_502266,CAJAMARCA,-78.9333747264845,-6.663686517074231,1.2m,2025,2025-06-23,LG04
7_7559340_068942,CAJAMARCA,-78.66267110758311,-5.9469923129885345,1.2m,2025,2025-07-16,WV03
7_7209420_001242,CAJAMARCA,-78.99096219996537,-5.236956020539795,60cm,2018,2018-07-01,WV03
7_7309405_010310,CAJAMARCA,-78.91471560028455,-5.3657045956473235,60cm,2018,2018-07-01,WV03
7_7159310_366717,CAJAMARCA,-79.0137304133031,-6.227943909837229,1.2m,2025,2025-03-08,LG01
7_7259255_504289,CAJAMARCA,-78.9226217820544,-6.723676329421097,1.2m,2025,2025-07-15,LG02
7_7159210_022611,CAJAMARCA,-79.0260276212683,-7.129171571600467,1.2m,2025,2025-08-19,LG04
7_7309215_017991,CAJAMARCA,-78.87818631296429,-7.061498204258587,1.2m,2025,2025-09-04,WV03
7_7159210_020265,CAJAMARCA,-79.01243849407598,-7.113911850768509,1.2m,2025,2025-08-19,LG04
7_7659320_069357,CAJAMARCA,-78.56229359990377,-6.140713118357103,1.2m,2025,2025-07-04,WV03
7_7309310_061548,CAJAMARCA,-78.91791765711818,-6.2092560131182,1.2m,2017,2017-07-15,GE01
7_7159425_001411,CAJAMARCA,-79.0243257792396,-5.174867464093085,60cm,2015,2015-10-20,WV02
7_8009245_054641,CAJAMARCA,-78.27687986685821,-6.808830110379643,1.2m,2022,2022-12-05,WV02
7_7209400_002610,CAJAMARCA,-78.99899188765164,-5.405998617801245,60cm,2015,2015-10-20,WV02
7_6809345_030169,CAJAMARCA,-79.33170129271863,-5.900924493811614,1.2m,2016,2016-11-02,WV02
7_7659320_069359,CAJAMARCA,-78.56114868494505,-6.141008661258184,1.2m,2025,2025-07-04,WV03
7_7109305_362971,CAJAMARCA,-79.06592740978118,-6.248897593718516,1.2m,2013,2013-11-24,GE01
7_7709215_000085,CAJAMARCA,-78.53651495672811,-7.071172923500042,1.2m,2025,2025-07-04,WV03
7_7209295_68759,CAJAMARCA,-78.99013256843865,-6.333515499777003,1.2m,2025,2025-06-23,LG04
7_7509320_069683,CAJAMARCA,-78.73957792230212,-6.113837242798146,1.2m,2011,2011-10-15,WV02
7_7459420_012207,CAJAMARCA,-78.76428590199441,-5.211908771247675,60cm,2022,2022-06-28,WV02
7_7359305_24233,CAJAMARCA,-78.87741924778157,-6.254506508289925,1.2m,2017,2017-08-11,GE01
7_7559345_068488,CAJAMARCA,-78.69278779143656,-5.899931495497883,1.2m,2025,2025-07-16,WV03
7_7259250_508021,CAJAMARCA,-78.92143380639354,-6.742056687251566,1.2m,2025,2025-07-15,LG02
7_7359425_011490,CAJAMARCA,-78.8508539260718,-5.189413519637787,60cm,2013,2013-08-23,GE01
7_7159435_001611,CAJAMARCA,-79.04982646810788,-5.084368962369441,60cm,2025,2025-07-06,LG01
7_7159335_006410,CAJAMARCA,-79.0569935341957,-5.973540666275975,1.2m,2019,2019-11-17,GE01
7_7159350_004621,CAJAMARCA,-79.03042074209233,-5.841971049527513,1.2m,2013,2013-11-08,WV02
7_7259410_001911,CAJAMARCA,-78.95088611141247,-5.297332500572926,60cm,2018,2018-07-01,WV03
7_7959250_058842,CAJAMARCA,-78.31540379722074,-6.773582684568611,1.2m,2022,2022-12-05,WV02
7_7259410_002047,CAJAMARCA,-78.95137017424243,-5.315633553390747,60cm,2018,2018-07-01,WV03
7_7109425_000968,CAJAMARCA,-79.10156432256223,-5.183357089480998,60cm,2011,2011-11-18,QB02
7_7359425_011325,CAJAMARCA,-78.87038666168041,-5.1817510472061175,60cm,2017,2017-08-11,GE01
7_7259410_010235,CAJAMARCA,-78.93523827685762,-5.336205192730947,60cm,2018,2018-07-01,WV03
7_7209310_061243,CAJAMARCA,-78.97467297751638,-6.206586345684544,1.2m,2017,2017-07-15,GE01
7_7309210_030780,CAJAMARCA,-78.90210016366014,-7.098379712518984,1.2m,2025,2025-09-04,WV03
7_8009225_037775,CAJAMARCA,-78.25107269439958,-6.981000109555371,1.2m,2022,2022-12-05,WV02
7_8059245_035066,CAJAMARCA,-78.20775507311359,-6.813605475970309,1.2m,2016,2016-11-16,WV02
7_7159290_354109,CAJAMARCA,-79.0136895749703,-6.390479871469136,1.2m,2017,2017-07-15,GE01
7_8109250_035586,CAJAMARCA,-78.18563307305593,-6.765923652519972,1.2m,2016,2016-11-16,WV02
7_8109240_028613,CAJAMARCA,-78.18612010753084,-6.851597447093835,1.2m,2016,2016-11-16,WV02
7_7709185_013769,CAJAMARCA,-78.53555675858917,-7.351175239250982,1.2m,2025,2025-07-04,WV03
7_8059240_039604,CAJAMARCA,-78.21658110995449,-6.843045011927476,1.2m,2016,2016-11-16,WV02
7_7259210_017488,CAJAMARCA,-78.94485148086864,-7.1108717950922635,1.2m,2025,2025-07-06,LG01
7_7259255_504131,CAJAMARCA,-78.93307297013592,-6.701399020629119,1.2m,2025,2025-06-23,LG04
7_7509270_100121,CAJAMARCA,-78.7101785276969,-6.588934108905434,1.2m,2025,2025-07-16,WV03
7_8009230_045034,CAJAMARCA,-78.27397690877805,-6.932854537744515,1.2m,2022,2022-12-05,WV02
7_7909250_057798,CAJAMARCA,-78.34470911477601,-6.744692316174966,1.2m,2022,2022-12-05,WV02
7_7609260_64358,CAJAMARCA,-78.62796794194662,-6.677789694601188,1.2m,2025,2025-07-16,WV03
7_8109190_46543,CAJAMARCA,-78.17671193079119,-7.321142829850381,1.2m,2025,2025-07-09,WV03
7_7709185_014597,CAJAMARCA,-78.5503852867505,-7.3410708882809015,1.2m,2025,2025-07-04,WV03
7_8059240_037460,CAJAMARCA,-78.22110246686833,-6.867741722482534,1.2m,2016,2016-11-16,WV02
7_7559200_012278,CAJAMARCA,-78.67345693824035,-7.200304059434334,1.2m,2020,2020-06-17,WV02
7_8109235_021125,CAJAMARCA,-78.15837303105442,-6.875155263800216,1.2m,2025,2025-07-16,LG02
7_7559395_003924,CAJAMARCA,-78.69091670120648,-5.45478695305769,1.2m,2022,2022-08-22,WV03
7_7159310_366131,CAJAMARCA,-79.05222993955468,-6.210920746579236,1.2m,2025,2025-03-08,LG01
7_7159305_363305,CAJAMARCA,-79.0284609660464,-6.264375485771373,1.2m,2013,2013-11-24,GE01
7_7609295_255304,CAJAMARCA,-78.63202385300704,-6.3701852829326935,1.2m,2025,2025-07-16,WV03
7_8109245_033412,CAJAMARCA,-78.19121806371818,-6.812848145005556,1.2m,2016,2016-11-16,WV02
7_8059240_031472,CAJAMARCA,-78.23982153637601,-6.865448685926014,1.2m,2022,2022-12-05,WV02
7_7259320_061832,CAJAMARCA,-78.95400002912692,-6.149460258617078,1.2m,2012,2012-12-06,WV02
7_7359225_023472,CAJAMARCA,-78.83974736699861,-6.995484280754839,1.2m,2025,2025-07-15,LG02
7_8209170_22077,CAJAMARCA,-78.06880588515234,-7.492012565965242,1.2m,2025,2025-06-21,LG02
7_7609275_107158,CAJAMARCA,-78.61911951609576,-6.523842297544768,1.2m,2025,2025-07-16,WV03
7_8059250_035175,CAJAMARCA,-78.19976132666237,-6.7751825211138605,1.2m,2016,2016-11-16,WV02
7_7909250_057868,CAJAMARCA,-78.33746307283387,-6.7501768099402835,1.2m,2022,2022-12-05,WV02
7_7309265_506001,CAJAMARCA,-78.88369621223028,-6.626029257637711,1.2m,2025,2025-07-15,LG02
7_7309260_501047,CAJAMARCA,-78.91691724495377,-6.6597044920974735,1.2m,2025,2025-07-15,LG02
7_8009245_054533,CAJAMARCA,-78.2776897522109,-6.795870452551249,1.2m,2022,2022-12-05,WV02
7_8059240_040054,CAJAMARCA,-78.23455250543205,-6.8583236820934905,1.2m,2019,2019-06-06,GE01
7_7359325_066601,CAJAMARCA,-78.85081892772934,-6.078970689844116,1.2m,2019,2019-11-17,GE01
7_8009245_054204,CAJAMARCA,-78.28188166859069,-6.818020171365475,1.2m,2022,2022-12-05,WV02
7_7259230_022987,CAJAMARCA,-78.9327849190692,-6.924195641208561,1.2m,2025,2025-06-23,LG04
7_7309265_507241,CAJAMARCA,-78.88705961640251,-6.603719608480533,1.2m,2025,2025-07-15,LG02
7_7409225_007662,CAJAMARCA,-78.81242305824719,-6.968765720866237,1.2m,2024,2024-06-18,WV03
7_7809280_119659,CAJAMARCA,-78.42848281595187,-6.488662620208428,1.2m,2025,2025-10-01,LG05
7_7609295_132670,CAJAMARCA,-78.61676295961712,-6.328176327692353,1.2m,2025,2025-07-04,WV03
7_8009235_047722,CAJAMARCA,-78.27133693775124,-6.886278006861968,1.2m,2022,2022-12-05,WV02
7_7709205_38056,CAJAMARCA,-78.54600717166761,-7.166369626481437,1.2m,2025,2025-07-04,WV03
7_7609290_255939,CAJAMARCA,-78.62108519828155,-6.385195101271519,1.2m,2025,2025-07-04,WV03
7_7559280_267712,CAJAMARCA,-78.69523265636815,-6.476677284773471,1.2m,2025,2025-07-16,WV03
7_7959230_042983,CAJAMARCA,-78.28853913508703,-6.928932696956538,1.2m,2022,2022-12-05,WV02
7_7909250_059857,CAJAMARCA,-78.3641224511644,-6.7656687369794195,1.2m,2022,2022-12-05,WV02
7_8209165_01442,CAJAMARCA,-78.06875897712959,-7.505153393368492,1.2m,2025,2025-06-21,LG02
7_8209210_06741,CAJAMARCA,-78.09570307171961,-7.101385883771166,1.2m,2025,2025-07-16,LG02
7_7259200_38390,CAJAMARCA,-78.92220958997291,-7.2141762167091485,1.2m,2025,2025-07-06,LG01
7_7259320_062501,CAJAMARCA,-78.94043356875501,-6.1437368448055185,1.2m,2012,2012-12-06,WV02
7_7459225_004344,CAJAMARCA,-78.78328924083539,-6.979048588263745,1.2m,2024,2024-06-18,WV03
7_8109230_022083,CAJAMARCA,-78.18259034932026,-6.921041765723924,1.2m,2016,2016-11-16,WV02
7_7209245_511839,CAJAMARCA,-79.00506711500202,-6.809573837522392,1.2m,2025,2025-06-23,LG04
7_8059230_025776,CAJAMARCA,-78.21298080234111,-6.954019508341217,1.2m,2010,2010-11-22,GE01
7_7459220_000220,CAJAMARCA,-78.75441232194575,-7.01889339581677,1.2m,2024,2024-06-18,WV03
7_7959195_34350,CAJAMARCA,-78.28641553311728,-7.238974887201799,1.2m,2025,2025-07-09,WV03
7_8059230_025729,CAJAMARCA,-78.22342205077109,-6.956434366373613,1.2m,2016,2016-11-16,WV02
7_7409380_000077,CAJAMARCA,-78.82511021446325,-5.570435067129571,60cm,2024,2024-02-24,WV03
7_7559190_012455,CAJAMARCA,-78.65310023211747,-7.300277006831035,1.2m,2020,2020-06-17,WV02
7_7209320_367734,CAJAMARCA,-79.00910015289521,-6.108908003634592,1.2m,2012,2012-12-06,WV02
7_8109235_026892,CAJAMARCA,-78.17628696914382,-6.892726527104444,1.2m,2016,2016-11-16,WV02
7_7259290_95103,CAJAMARCA,-78.95221153587781,-6.403795319328248,1.2m,2025,2025-06-23,LG04
7_7559300_28548,CAJAMARCA,-78.68023250218624,-6.290828493985234,1.2m,2023,2023-01-03,GE01
7_8159235_020073,CAJAMARCA,-78.12634944153616,-6.8738629865829886,1.2m,2025,2025-07-16,LG02
7_7709190_033493,CAJAMARCA,-78.53871216989035,-7.303074978601539,1.2m,2025,2025-07-04,WV03
7_7459210_002243,CAJAMARCA,-78.74650024404008,-7.143915892301447,1.2m,2025,2025-09-23,WV03
7_8259155_07818,CAJAMARCA,-78.04369214370192,-7.608581562553082,1.2m,2024,2024-08-14,WV03
7_8009235_048939,CAJAMARCA,-78.28704955367189,-6.883071498949628,1.2m,2022,2022-12-05,WV02
7_8109240_032648,CAJAMARCA,-78.18657519960664,-6.828049611845504,1.2m,2016,2016-11-16,WV02
7_7259265_500114,CAJAMARCA,-78.93935083992238,-6.618438642894409,1.2m,2025,2025-06-23,LG04
7_8059220_024847,CAJAMARCA,-78.19839632625164,-7.028544676992344,1.2m,2016,2016-06-15,GE01
7_7609270_38267,CAJAMARCA,-78.61463435812752,-6.570816745598062,1.2m,2025,2025-07-16,WV03
7_7009230_010845,CAJAMARCA,-79.14673711336525,-6.920528839889075,1.2m,2020,2020-08-02,WV02
7_7059305_364742,CAJAMARCA,-79.1162702660435,-6.2703748579106104,1.2m,2021,2021-07-24,WV02
7_8159235_020232,CAJAMARCA,-78.12381245004164,-6.886405056524527,1.2m,2025,2025-07-16,LG02
7_7659290_133707,CAJAMARCA,-78.56256804905067,-6.39946440436238,1.2m,2025,2025-07-04,WV03
7_7809270_90825,CAJAMARCA,-78.46058847783513,-6.565692230831704,1.2m,2018,2018-09-05,GE01
7_7159310_363155,CAJAMARCA,-79.04039574108391,-6.233736711198826,1.2m,2025,2025-03-08,LG01
7_8109225_023469,CAJAMARCA,-78.15252561229798,-6.999206392634036,1.2m,2025,2025-07-16,LG02
7_7509230_004341,CAJAMARCA,-78.73561598034354,-6.957184675463919,1.2m,2024,2024-06-18,WV03
7_7209245_512072,CAJAMARCA,-79.00853612575938,-6.81458847086048,1.2m,2025,2025-06-23,LG04
7_7509225_044188,CAJAMARCA,-78.72356271421938,-7.001116808149785,1.2m,2024,2024-06-18,WV03
7_7759185_031450,CAJAMARCA,-78.50802976295157,-7.332877003632527,1.2m,2025,2025-07-09,WV03
7_8009230_049595,CAJAMARCA,-78.27947799923136,-6.927437583483222,1.2m,2022,2022-12-05,WV02
7_7559210_043209,CAJAMARCA,-78.67542523557081,-7.1024315384884185,1.2m,2017,2017-07-15,WV03
7_7859200_30163,CAJAMARCA,-78.40309666296349,-7.209705710122508,1.2m,2025,2025-07-09,WV03
7_8059245_045511,CAJAMARCA,-78.21886214735349,-6.825260199439059,1.2m,2016,2016-11-16,WV02
7_7709210_91521,CAJAMARCA,-78.5440134478441,-7.108648172118856,1.2m,2025,2025-07-04,WV03
7_7909240_056716,CAJAMARCA,-78.34024518110775,-6.828730453095803,1.2m,2022,2022-12-05,WV02
7_7409225_005848,CAJAMARCA,-78.8084580266192,-6.987281326106823,1.2m,2025,2025-09-04,WV03
7_7859280_119116,CAJAMARCA,-78.42082703813841,-6.487084228815998,1.2m,2024,2024-11-13,WV03
7_7109305_364110,CAJAMARCA,-79.09267021298385,-6.252328773674576,1.2m,2021,2021-07-24,WV02
7_7509210_001410,CAJAMARCA,-78.71335529524771,-7.102918392897307,1.2m,2017,2017-07-15,WV03
7_7109225_013357,CAJAMARCA,-79.09633283508875,-6.99135701868313,1.2m,2023,2023-08-24,WV02
7_7909250_057736,CAJAMARCA,-78.35127447400366,-6.753380533524311,1.2m,2022,2022-12-05,WV02
7_7359265_135427,CAJAMARCA,-78.85150687658708,-6.641276336663538,1.2m,2025,2025-07-15,LG02
7_7209320_367593,CAJAMARCA,-78.98046181804864,-6.115012981529821,1.2m,2012,2012-12-06,WV02
7_7209285_352217,CAJAMARCA,-78.99750434256435,-6.426494720082074,1.2m,2025,2025-06-23,LG04
7_7409230_006951,CAJAMARCA,-78.80491552236504,-6.960930121519824,1.2m,2024,2024-06-18,WV03
7_7309225_025777,CAJAMARCA,-78.88230907439986,-7.0013338435342,1.2m,2025,2025-07-15,LG02
7_7859275_119296,CAJAMARCA,-78.41048228561863,-6.52087916457188,1.2m,2024,2024-11-13,WV03
7_7009220_69988,CAJAMARCA,-79.17719955583291,-7.025898755178407,1.2m,2023,2023-06-17,WV02
7_7259215_018147,CAJAMARCA,-78.94877694265979,-7.0654312519361095,1.2m,2025,2025-07-06,LG01
7_8109230_022253,CAJAMARCA,-78.18757777712823,-6.942608504948075,1.2m,2010,2010-11-22,GE01
7_7609300_133847,CAJAMARCA,-78.61964453060395,-6.310531141928964,1.2m,2023,2023-01-03,GE01
7_7609260_101593,CAJAMARCA,-78.63505943010682,-6.667211211532907,1.2m,2025,2025-07-16,WV03
7_7359265_506943,CAJAMARCA,-78.86168977916375,-6.641046271026102,1.2m,2025,2025-07-15,LG02
7_8109230_023032,CAJAMARCA,-78.19352786133399,-6.953937833937477,1.2m,2010,2010-11-22,GE01
7_7159320_368083,CAJAMARCA,-79.04984459878007,-6.130148324289376,1.2m,2016,2016-05-26,WV03
7_7759240_202447,CAJAMARCA,-78.49641639486634,-6.830525811045435,1.2m,2025,2025-07-04,WV03
7_7209320_367726,CAJAMARCA,-79.00567340274239,-6.106135479450629,1.2m,2012,2012-12-06,WV02
7_7509320_069754,CAJAMARCA,-78.69614950051243,-6.14123762078542,1.2m,2011,2011-10-15,WV02
7_7559270_101175,CAJAMARCA,-78.68815306338149,-6.60022984967369,1.2m,2025,2025-07-16,WV03
7_8009230_050366,CAJAMARCA,-78.28038319840488,-6.940838869982764,1.2m,2022,2022-12-05,WV02
7_7859280_118623,CAJAMARCA,-78.41367629391173,-6.495388879322754,1.2m,2024,2024-11-13,WV03
7_8059235_036612,CAJAMARCA,-78.21736444132247,-6.874774210120984,1.2m,2016,2016-11-16,WV02
7_8109195_23004,CAJAMARCA,-78.16605407594103,-7.26093326355961,1.2m,2025,2025-07-09,WV03
7_7709250_05549,CAJAMARCA,-78.55288087598369,-6.741801459937494,1.2m,2025,2025-07-04,WV03
7_7959230_053193,CAJAMARCA,-78.29036124599449,-6.920581629774164,1.2m,2022,2022-12-05,WV02
7_7159285_352654,CAJAMARCA,-79.01138785008848,-6.427410090415789,1.2m,2020,2020-09-20,WV02
7_7409225_024858,CAJAMARCA,-78.8269293467541,-7.005910330406122,1.2m,2025,2025-09-04,WV03
7_7009230_010243,CAJAMARCA,-79.1547620626689,-6.91926041624006,1.2m,2020,2020-08-02,WV02
7_7759280_117194,CAJAMARCA,-78.48653538654574,-6.509972737089383,1.2m,2025,2025-10-01,LG05
7_7459225_003719,CAJAMARCA,-78.76437758234849,-6.97923496361695,1.2m,2024,2024-06-18,WV03
7_7309430_002735,CAJAMARCA,-78.91000165165073,-5.156481297300982,60cm,2017,2017-12-11,WV02
7_7609295_33423,CAJAMARCA,-78.64375202734365,-6.372146132396114,1.2m,2025,2025-07-16,WV03
7_7709185_032113,CAJAMARCA,-78.53483012792074,-7.327266407995003,1.2m,2025,2025-07-04,WV03
7_7259215_015606,CAJAMARCA,-78.94825953350482,-7.083243812779825,1.2m,2025,2025-07-06,LG01
7_7309290_72353,CAJAMARCA,-78.87927379167343,-6.40061800351725,1.2m,2017,2017-08-11,GE01
7_7159300_360438,CAJAMARCA,-79.0367880064434,-6.311322292596724,1.2m,2013,2013-11-24,GE01
7_7259220_019241,CAJAMARCA,-78.93980597303002,-7.030467145825753,1.2m,2025,2025-07-06,LG01
7_7409250_047445,CAJAMARCA,-78.82434927740073,-6.751815493861109,1.2m,2023,2023-08-24,WV02
8_5708595_006405,HUANCAVELICA,-74.35078152987299,-12.69575224562978,1.2m,2025,2025-05-31,LG01
8_5658580_003439,HUANCAVELICA,-74.39059042336532,-12.808087753733325,1.2m,2025,2025-05-31,LG01
8_5008615_000460,HUANCAVELICA,-74.9994897899883,-12.504104124897864,1.2m,2023,2023-08-22,WV02
8_5658585_004369,HUANCAVELICA,-74.36694270590898,-12.76334389488839,1.2m,2025,2025-05-31,LG01
8_5658590_001433,HUANCAVELICA,-74.37706339957833,-12.75715096822858,1.2m,2025,2025-05-31,LG01
8_5708595_006410,HUANCAVELICA,-74.35255452640136,-12.695056505197448,1.2m,2025,2025-05-31,LG01
8_5658585_001488,HUANCAVELICA,-74.37134067765913,-12.761858851598365,1.2m,2025,2025-05-31,LG01
8_5608560_000014,HUANCAVELICA,-74.44607596803831,-13.019768201572848,1.2m,2025,2025-05-18,WV03
8_5458570_00003,HUANCAVELICA,-74.54868182900685,-12.89643573674725,1.2m,2023,2023-04-18,WV02
8_5658580_003438,HUANCAVELICA,-74.39110840492867,-12.808310888141861,1.2m,2025,2025-05-31,LG01
8_5658580_003474,HUANCAVELICA,-74.38754890796977,-12.812383783806181,1.2m,2025,2025-05-31,LG01
8_5658590_004486,HUANCAVELICA,-74.36702466460338,-12.756346037519194,1.2m,2025,2025-05-31,LG01
8_5658595_006005,HUANCAVELICA,-74.37031807959299,-12.710309891935935,1.2m,2025,2025-05-31,LG01
8_5658590_004494,HUANCAVELICA,-74.3670301943286,-12.7535566534509,1.2m,2025,2025-05-31,LG01
8_4958615_000123,HUANCAVELICA,-75.01017272535285,-12.48833700404034,1.2m,2025,2025-06-22,LG02
8_5658585_004289,HUANCAVELICA,-74.38472600922628,-12.75833070205867,1.2m,2025,2025-05-31,LG01
8_5608560_000168,HUANCAVELICA,-74.44108109074776,-13.017066721179416,1.2m,2025,2025-05-18,WV03
8_5658585_001221,HUANCAVELICA,-74.37828118204885,-12.778658290102436,1.2m,2025,2025-05-31,LG01
8_4858630_001038,HUANCAVELICA,-75.09898398951114,-12.380886423293001,1.2m,2025,2025-06-22,LG02
8_5658585_004350,HUANCAVELICA,-74.36911798449998,-12.76661585297251,1.2m,2025,2025-05-31,LG01
8_4958625_003266,HUANCAVELICA,-75.0249532714106,-12.435347673125765,1.2m,2025,2025-06-22,LG02
8_5608560_000031,HUANCAVELICA,-74.44734064925075,-13.022219889393146,1.2m,2025,2025-05-18,WV03
8_5658585_001299,HUANCAVELICA,-74.38126595044422,-12.765470440222172,1.2m,2025,2025-05-31,LG01
8_5658585_004368,HUANCAVELICA,-74.36680133219573,-12.763617537156042,1.2m,2025,2025-05-31,LG01
8_5658580_003485,HUANCAVELICA,-74.383338145477,-12.809784932160829,1.2m,2025,2025-05-31,LG01
8_5658590_005958,HUANCAVELICA,-74.37776979513117,-12.746167260152173,1.2m,2025,2025-05-31,LG01
8_5658595_006221,HUANCAVELICA,-74.36929823492066,-12.704729061365004,1.2m,2025,2025-05-31,LG01
8_4958615_000172,HUANCAVELICA,-75.00965790770795,-12.49166210139912,1.2m,2025,2025-06-22,LG02
8_4908630_001812,HUANCAVELICA,-75.09228391392645,-12.386923019361195,1.2m,2025,2025-06-22,LG02
8_5658580_003437,HUANCAVELICA,-74.39085141694451,-12.807860446171142,1.2m,2025,2025-05-31,LG01
8_4858630_001072,HUANCAVELICA,-75.09411660483589,-12.385628203993898,1.2m,2025,2025-06-22,LG02
8_5458570_00002,HUANCAVELICA,-74.546143182693,-12.897726858471767,1.2m,2023,2023-04-18,WV02
8_5658585_001324,HUANCAVELICA,-74.3812255813144,-12.77237816415926,1.2m,2025,2025-05-31,LG01
8_5658585_001300,HUANCAVELICA,-74.3813788737327,-12.76495908099797,1.2m,2025,2025-05-31,LG01
8_5658580_003415,HUANCAVELICA,-74.39418047165125,-12.806218545351093,1.2m,2025,2025-05-18,WV03
8_5008615_000351,HUANCAVELICA,-75.0018824910702,-12.50161691616284,1.2m,2023,2023-08-22,WV02
8_5658585_001365,HUANCAVELICA,-74.37995648158538,-12.764080264545301,1.2m,2025,2025-05-31,LG01
8_4908630_001820,HUANCAVELICA,-75.09153025470425,-12.387177313495993,1.2m,2025,2025-06-22,LG02
8_5658585_001283,HUANCAVELICA,-74.37719636643504,-12.768615931207655,1.2m,2025,2025-05-31,LG01
8_5658585_001346,HUANCAVELICA,-74.38223833755362,-12.769990206306439,1.2m,2025,2025-05-31,LG01
8_5658580_003418,HUANCAVELICA,-74.3928249215151,-12.806369163441076,1.2m,2025,2025-05-31,LG01
8_5658585_004414,HUANCAVELICA,-74.36989981242544,-12.758416587085243,1.2m,2025,2025-05-31,LG01
8_5658590_004738,HUANCAVELICA,-74.37760112880598,-12.748132017947928,1.2m,2025,2025-05-31,LG01
8_5708595_004139,HUANCAVELICA,-74.33484378516712,-12.672625916381854,1.2m,2025,2025-05-31,LG01
8_5008615_000467,HUANCAVELICA,-74.99647406312869,-12.501389381161584,1.2m,2023,2023-08-22,WV02
8_5658580_003416,HUANCAVELICA,-74.39353252221204,-12.806433890028012,1.2m,2025,2025-05-18,WV03
8_5658585_001275,HUANCAVELICA,-74.37491019249892,-12.767690076036082,1.2m,2025,2025-05-31,LG01
8_5708595_004141,HUANCAVELICA,-74.33264184666868,-12.673187181172665,1.2m,2025,2025-05-31,LG01
8_5658590_004680,HUANCAVELICA,-74.37419896764469,-12.749429258680832,1.2m,2025,2025-05-31,LG01
8_5108610_007357,HUANCAVELICA,-74.87619121688968,-12.532230826110922,1.2m,2025,2025-07-02,WV03
8_5658590_001444,HUANCAVELICA,-74.38015070279738,-12.75160861728185,1.2m,2025,2025-05-31,LG01
8_5708595_006401,HUANCAVELICA,-74.35030857265428,-12.69440819326686,1.2m,2025,2025-05-31,LG01
8_5658585_003601,HUANCAVELICA,-74.39225218481886,-12.800383469637168,1.2m,2025,2025-05-31,LG01
8_5108615_007365,HUANCAVELICA,-74.87625637427539,-12.531826358038225,1.2m,2025,2025-07-02,WV03
8_5708595_006420,HUANCAVELICA,-74.35505275496172,-12.691842085090205,1.2m,2025,2025-05-31,LG01
8_5008615_000093,HUANCAVELICA,-74.99391803851084,-12.50215760224313,1.2m,2023,2023-08-22,WV02
8_5008615_000053,HUANCAVELICA,-74.99131157346652,-12.50432865675636,1.2m,2023,2023-08-22,WV02
8_5658590_001443,HUANCAVELICA,-74.38014760199611,-12.7530766285719,1.2m,2025,2025-05-31,LG01
8_5658585_004299,HUANCAVELICA,-74.37358172720027,-12.780030452524986,1.2m,2025,2025-05-31,LG01
8_5658595_006014,HUANCAVELICA,-74.3704660027542,-12.709051094596573,1.2m,2025,2025-05-31,LG01
8_5008615_000081,HUANCAVELICA,-74.98696032554764,-12.504778674121134,1.2m,2023,2023-08-22,WV02
8_5658590_004619,HUANCAVELICA,-74.3709858209074,-12.748771591151108,1.2m,2025,2025-05-31,LG01
8_5658590_004541,HUANCAVELICA,-74.37131683056657,-12.749304799262408,1.2m,2025,2025-05-31,LG01
8_5458570_00001,HUANCAVELICA,-74.54352687926217,-12.898056842055613,1.2m,2023,2023-04-18,WV02
8_5658590_004725,HUANCAVELICA,-74.38098879771874,-12.749219198444422,1.2m,2025,2025-05-31,LG01
8_5658585_001496,HUANCAVELICA,-74.38252662862223,-12.76248942501492,1.2m,2025,2025-05-31,LG01
8_5658595_006302,HUANCAVELICA,-74.36903609393303,-12.698314893838008,1.2m,2025,2025-05-31,LG01
8_5658585_001305,HUANCAVELICA,-74.37815866126289,-12.766927915035868,1.2m,2025,2025-05-31,LG01
8_4958615_000352,HUANCAVELICA,-75.00254992131862,-12.502537746496238,1.2m,2023,2023-08-22,WV02
8_5658590_004849,HUANCAVELICA,-74.38939313181316,-12.749195185844691,1.2m,2025,2025-05-31,LG01
8_5008615_000339,HUANCAVELICA,-74.99802628460503,-12.500791194821272,1.2m,2023,2023-08-22,WV02
8_5658585_001362,HUANCAVELICA,-74.38482253175789,-12.76234900177996,1.2m,2025,2025-05-31,LG01
8_5658595_006502,HUANCAVELICA,-74.36651834088184,-12.697656344921487,1.2m,2025,2025-05-31,LG01
8_5008615_000481,HUANCAVELICA,-74.99947896349832,-12.499560889796774,1.2m,2023,2023-08-22,WV02
8_5658580_003424,HUANCAVELICA,-74.39181913060023,-12.807107346285637,1.2m,2025,2025-05-31,LG01
8_5658595_006063,HUANCAVELICA,-74.37460025725267,-12.701770821463334,1.2m,2025,2025-05-31,LG01
8_5658585_004348,HUANCAVELICA,-74.36946135354938,-12.767633480981097,1.2m,2025,2025-05-31,LG01
8_5658590_004271,HUANCAVELICA,-74.3835265616685,-12.754282288521438,1.2m,2025,2025-05-31,LG01
8_5658590_004770,HUANCAVELICA,-74.3883307799685,-12.7530643152834,1.2m,2025,2025-05-31,LG01
8_5658585_001341,HUANCAVELICA,-74.38126392492305,-12.770026586467214,1.2m,2025,2025-05-31,LG01
8_5008615_000045,HUANCAVELICA,-74.99075786197261,-12.5051510053662,1.2m,2023,2023-08-22,WV02
8_5658580_003444,HUANCAVELICA,-74.38918359985985,-12.80783123758589,1.2m,2025,2025-05-31,LG01
8_4908630_001800,HUANCAVELICA,-75.090151206909,-12.388790964594094,1.2m,2025,2025-06-22,LG02
8_5658585_004229,HUANCAVELICA,-74.38394942982208,-12.758529514504875,1.2m,2025,2025-05-31,LG01
8_5658585_004318,HUANCAVELICA,-74.37000424502344,-12.770862158002622,1.2m,2025,2025-05-31,LG01
8_5108615_007347,HUANCAVELICA,-74.87487481152887,-12.531550187648445,1.2m,2025,2025-07-02,WV03
8_5658585_001301,HUANCAVELICA,-74.38132878717666,-12.764648748635196,1.2m,2025,2025-05-31,LG01
8_5658590_004793,HUANCAVELICA,-74.38904625645361,-12.748338246340301,1.2m,2025,2025-05-31,LG01
8_5458575_00158,HUANCAVELICA,-74.57152162879902,-12.870396475486302,1.2m,2023,2023-04-18,WV02
8_5658590_005052,HUANCAVELICA,-74.37974807831174,-12.7403926795793,1.2m,2025,2025-05-31,LG01
8_5458580_00768,HUANCAVELICA,-74.56761942157316,-12.84000229078356,1.2m,2023,2023-04-18,WV02
8_4958615_008478,HUANCAVELICA,-75.04510845163418,-12.495555169538566,1.2m,2025,2025-06-22,LG02
8_5458580_00715,HUANCAVELICA,-74.56486262891752,-12.839198080293826,1.2m,2023,2023-04-18,WV02
8_5108610_007874,HUANCAVELICA,-74.8731405961261,-12.556065551424936,1.2m,2025,2025-07-02,WV03
8_5658590_005672,HUANCAVELICA,-74.38559208993411,-12.713032101310187,1.2m,2025,2025-05-31,LG01
8_4958625_002610,HUANCAVELICA,-75.04074077280885,-12.432755705439448,1.2m,2025,2025-06-22,LG02
8_5658585_004209,HUANCAVELICA,-74.38343446760605,-12.760011272989605,1.2m,2025,2025-05-31,LG01
8_4958620_006482,HUANCAVELICA,-75.03094551840354,-12.481484904438195,1.2m,2025,2025-06-22,LG02
8_5108610_007974,HUANCAVELICA,-74.87235548873046,-12.54638001847454,1.2m,2025,2025-07-02,WV03
8_5658590_004841,HUANCAVELICA,-74.39085353414946,-12.748867840589668,1.2m,2025,2025-05-31,LG01
8_4958620_006804,HUANCAVELICA,-75.02812621610252,-12.482416296742603,1.2m,2025,2025-06-22,LG02
8_4958625_003088,HUANCAVELICA,-75.03281925637728,-12.438208316568941,1.2m,2025,2025-06-22,LG02
8_5458575_00174,HUANCAVELICA,-74.57163164650127,-12.868652905956179,1.2m,2023,2023-04-18,WV02
8_5158610_006847,HUANCAVELICA,-74.86246262691441,-12.543342199187235,1.2m,2025,2025-07-02,WV03
8_4958620_013277,HUANCAVELICA,-75.03503218605822,-12.451314030910165,1.2m,2025,2025-06-22,LG02
8_5458580_00856,HUANCAVELICA,-74.56415811476398,-12.845075672710959,1.2m,2023,2023-04-18,WV02
8_5658590_005700,HUANCAVELICA,-74.38563608334655,-12.716814754629269,1.2m,2025,2025-05-31,LG01
8_5108610_008155,HUANCAVELICA,-74.8740054735578,-12.541105534596085,1.2m,2025,2025-07-02,WV03
8_4958620_005581,HUANCAVELICA,-75.03319297164589,-12.458538529393678,1.2m,2025,2025-06-22,LG02
8_5708595_004074,HUANCAVELICA,-74.35183545109163,-12.678804072436833,1.2m,2025,2025-05-31,LG01
8_5108610_007317,HUANCAVELICA,-74.87125727741638,-12.546388634606114,1.2m,2025,2025-07-02,WV03
8_5158610_006610,HUANCAVELICA,-74.8455269577017,-12.557806353455565,1.2m,2025,2025-07-02,WV03
8_4958625_002705,HUANCAVELICA,-75.03956494900879,-12.439750635283357,1.2m,2025,2025-06-22,LG02
8_5608590_000663,HUANCAVELICA,-74.41075068404481,-12.735980862634367,1.2m,2025,2025-05-18,WV03
8_5658590_004865,HUANCAVELICA,-74.38973630211856,-12.745896162557674,1.2m,2025,2025-05-31,LG01
8_5658585_001268,HUANCAVELICA,-74.37392045639763,-12.766963644576556,1.2m,2025,2025-05-31,LG01
8_4958625_002643,HUANCAVELICA,-75.04107885142244,-12.435501101952923,1.2m,2025,2025-06-22,LG02
8_4958625_002825,HUANCAVELICA,-75.0402356180942,-12.423842803657909,1.2m,2025,2025-06-22,LG02
8_5508595_006032,HUANCAVELICA,-74.49961307141436,-12.677244146994365,1.2m,2025,2025-05-18,WV03
8_5658590_004496,HUANCAVELICA,-74.36841809758917,-12.754206426479389,1.2m,2025,2025-05-31,LG01
8_5458580_00838,HUANCAVELICA,-74.564043293769,-12.845770569165785,1.2m,2023,2023-04-18,WV02
8_4958615_003778,HUANCAVELICA,-75.0257678357381,-12.489735284403022,1.2m,2025,2025-06-22,LG02
8_5658590_005963,HUANCAVELICA,-74.36857045816231,-12.750203856608064,1.2m,2025,2025-05-31,LG01
8_5108610_007978,HUANCAVELICA,-74.8729753791879,-12.546509372574414,1.2m,2025,2025-07-02,WV03
8_4908625_001247,HUANCAVELICA,-75.07559438785005,-12.40700042972715,1.2m,2025,2025-06-22,LG02
8_4908620_011160,HUANCAVELICA,-75.05047908548612,-12.473743937611403,1.2m,2025,2025-06-22,LG02
8_4908625_002169,HUANCAVELICA,-75.06860220289883,-12.399645735918325,1.2m,2025,2025-06-22,LG02
8_4908630_001665,HUANCAVELICA,-75.08937561355077,-12.39532347392499,1.2m,2025,2025-06-22,LG02
8_5608590_000614,HUANCAVELICA,-74.41548346116431,-12.735068514172251,1.2m,2025,2025-05-18,WV03
8_5458575_00775,HUANCAVELICA,-74.56579384404125,-12.850398367925244,1.2m,2023,2023-04-18,WV02
8_4958615_000399,HUANCAVELICA,-75.00302516972243,-12.504585324029883,1.2m,2023,2023-08-22,WV02
8_5658595_002704,HUANCAVELICA,-74.37120645741267,-12.678336675362438,1.2m,2025,2025-05-31,LG01
8_4958625_003420,HUANCAVELICA,-75.03009237938787,-12.434496933695664,1.2m,2025,2025-06-22,LG02
8_5658595_005650,HUANCAVELICA,-74.38371960729664,-12.710043683863972,1.2m,2025,2025-05-31,LG01
8_5658585_001319,HUANCAVELICA,-74.38190220298802,-12.772609091832821,1.2m,2025,2025-05-31,LG01
8_5658585_005939,HUANCAVELICA,-74.36980670411717,-12.757557413626252,1.2m,2025,2025-05-31,LG01
8_5658585_001304,HUANCAVELICA,-74.37924342884224,-12.765713310695858,1.2m,2025,2025-05-31,LG01
8_5458580_01463,HUANCAVELICA,-74.56434627142961,-12.806550451852459,1.2m,2023,2023-04-18,WV02
8_4958625_002792,HUANCAVELICA,-75.03598247794736,-12.439567284309831,1.2m,2025,2025-06-22,LG02
8_5508590_005064,HUANCAVELICA,-74.4982788078917,-12.723675858975973,1.2m,2025,2025-05-18,WV03
8_5158615_008188,HUANCAVELICA,-74.85827285454249,-12.506976126469773,1.2m,2025,2025-07-02,WV03
8_5508590_005129,HUANCAVELICA,-74.50746876292867,-12.720737573164978,1.2m,2025,2025-05-18,WV03
8_5608560_000057,HUANCAVELICA,-74.44624048258353,-13.018315670941773,1.2m,2025,2025-05-18,WV03
8_5658595_007613,HUANCAVELICA,-74.39023083187195,-12.705732436309866,1.2m,2025,2025-05-31,LG01
8_5558560_000527,HUANCAVELICA,-74.44876757471057,-13.016604790934252,1.2m,2025,2025-05-18,WV03
8_5658595_002660,HUANCAVELICA,-74.3719372226856,-12.673469132077326,1.2m,2025,2025-05-31,LG01
8_5658585_003550,HUANCAVELICA,-74.3980663285123,-12.763483510706832,1.2m,2025,2025-05-18,WV03
8_5658585_001313,HUANCAVELICA,-74.38597600869471,-12.770713176689334,1.2m,2025,2025-05-31,LG01
8_5508590_005273,HUANCAVELICA,-74.51258831265085,-12.716598138323025,1.2m,2025,2025-05-18,WV03
8_5658590_005443,HUANCAVELICA,-74.40303927269156,-12.728343850458138,1.2m,2025,2025-05-18,WV03
8_5658590_005379,HUANCAVELICA,-74.39915468549034,-12.726419609372789,1.2m,2025,2025-05-18,WV03
8_4958625_003232,HUANCAVELICA,-75.02578607903939,-12.441412725711334,1.2m,2025,2025-06-22,LG02
8_5558560_000576,HUANCAVELICA,-74.45918020050115,-13.016486933488316,1.2m,2025,2025-05-18,WV03
8_5658595_007533,HUANCAVELICA,-74.38621142437188,-12.698313466564585,1.2m,2025,2025-05-31,LG01
8_5108610_006897,HUANCAVELICA,-74.86423393222776,-12.549526205364174,1.2m,2025,2025-07-02,WV03
8_5608560_000590,HUANCAVELICA,-74.44713313211292,-13.013865901936295,1.2m,2025,2025-05-18,WV03
8_5608590_000679,HUANCAVELICA,-74.41137550455028,-12.746674474595002,1.2m,2025,2025-05-18,WV03
8_5658595_002310,HUANCAVELICA,-74.3750811342777,-12.671109798707558,1.2m,2025,2025-05-31,LG01
8_5108610_006814,HUANCAVELICA,-74.86450938352021,-12.547553089497232,1.2m,2025,2025-07-02,WV03
8_5008615_000022,HUANCAVELICA,-74.98715641844196,-12.506703547592114,1.2m,2023,2023-08-22,WV02
8_5158610_006681,HUANCAVELICA,-74.85783343263562,-12.55123973594161,1.2m,2025,2025-07-02,WV03
8_5658600_001582,HUANCAVELICA,-74.37303235178808,-12.662429327300927,1.2m,2025,2025-05-31,LG01
8_5158610_006788,HUANCAVELICA,-74.86099647089517,-12.550784951534157,1.2m,2025,2025-07-02,WV03
8_5608560_000099,HUANCAVELICA,-74.44201648883089,-13.020327514719632,1.2m,2025,2025-05-18,WV03
8_5608560_000393,HUANCAVELICA,-74.43963376814091,-12.998000468736183,1.2m,2025,2025-05-18,WV03
8_5658590_004593,HUANCAVELICA,-74.36621602950925,-12.744530291688392,1.2m,2025,2025-05-31,LG01
8_5658590_000945,HUANCAVELICA,-74.40297201766735,-12.75074384470468,1.2m,2025,2025-05-18,WV03
8_5558595_004223,HUANCAVELICA,-74.49383393954744,-12.68177851211431,1.2m,2025,2025-05-18,WV03
8_5108610_007175,HUANCAVELICA,-74.87162294233067,-12.537641379766331,1.2m,2025,2025-07-02,WV03
8_5658590_004475,HUANCAVELICA,-74.37041438141412,-12.754322082342469,1.2m,2025,2025-05-31,LG01
8_5658590_001090,HUANCAVELICA,-74.39331797870045,-12.740316938881085,1.2m,2025,2025-05-18,WV03
8_5608560_000692,HUANCAVELICA,-74.44450171521015,-13.010937944436657,1.2m,2025,2025-05-18,WV03
8_5658585_004404,HUANCAVELICA,-74.36167541006154,-12.76403217096857,1.2m,2025,2025-05-31,LG01
8_5658585_001427,HUANCAVELICA,-74.38014787624854,-12.758305897843345,1.2m,2025,2025-05-31,LG01
8_4208430_06023,ICA,-75.72581069914585,-14.185129126736232,1.2m,2025,2025-09-11,LG02
8_5008355_00440,ICA,-74.96978211670702,-14.84477099404336,1.2m,2025,2025-10-03,LG01
8_4208440_34015,ICA,-75.69751140236004,-14.10671442846077,1.2m,2025,2025-01-19,WV03
8_4158450_41501,ICA,-75.76062627386264,-14.00265154231684,1.2m,2025,2025-01-19,WV03
8_3858485_04853,ICA,-76.02169064745608,-13.683234829648399,1.2m,2025,2025-02-14,WV03
8_4258435_30519,ICA,-75.69107346987016,-14.13638694840138,1.2m,2025,2025-01-19,WV03
8_4258440_13976,ICA,-75.69601896926767,-14.093652316310976,1.2m,2025,2025-01-19,WV03
8_4158450_40962,ICA,-75.75669398233305,-14.014988389658008,1.2m,2025,2025-01-19,WV03
8_4158440_12356,ICA,-75.74522863645782,-14.070365179029832,1.2m,2025,2025-01-19,WV03
8_5008355_00449,ICA,-74.96498785107083,-14.847356760511037,1.2m,2025,2025-10-03,LG01
8_4258430_07984,ICA,-75.69519711071939,-14.161759105523641,1.2m,2025,2025-09-11,LG02
8_4208435_31001,ICA,-75.70526884150827,-14.138689403771545,1.2m,2025,2025-01-19,WV03
8_4258435_31502,ICA,-75.69483793801834,-14.130558126329678,1.2m,2025,2025-01-19,WV03
8_3708515_23953,ICA,-76.17644709916307,-13.403687200676938,1.2m,2025,2025-05-08,LG02
8_4158450_40528,ICA,-75.7515531826104,-14.007595859403942,1.2m,2025,2025-01-19,WV03
8_4258455_44978,ICA,-75.67731954667096,-13.93920926231069,1.2m,2025,2025-01-19,WV03
8_4608450_077211,ICA,-75.3625421474962,-14.003916762615592,1.2m,2025,2025-06-26,LG04
8_4258435_30585,ICA,-75.69617632104105,-14.13533044078018,1.2m,2025,2025-01-19,WV03
8_4258435_30415,ICA,-75.67170524898017,-14.133692805289376,1.2m,2025,2025-01-27,LG02
8_4258435_07691,ICA,-75.67843018727557,-14.139806384693838,1.2m,2025,2025-01-19,WV03
8_4258440_36337,ICA,-75.6908203597705,-14.091346206170316,1.2m,2025,2025-01-19,WV03
8_4258440_14230,ICA,-75.68122839473159,-14.10761312040665,1.2m,2025,2025-01-19,WV03
8_4958350_061534,ICA,-75.01501761455944,-14.914734708109124,1.2m,2025,2025-02-25,LG01
8_4258430_07024,ICA,-75.68374972664509,-14.185765065795964,1.2m,2025,2025-09-11,LG02
8_4258460_45034,ICA,-75.67450000714823,-13.927624739205346,1.2m,2025,2025-01-19,WV03
8_4208435_25968,ICA,-75.70915703199233,-14.120448942053574,1.2m,2025,2025-01-19,WV03
8_4208445_15714,ICA,-75.71567703851997,-14.065766306641178,1.2m,2025,2025-01-19,WV03
8_4258440_34618,ICA,-75.69629555914536,-14.098543900498289,1.2m,2025,2025-01-19,WV03
8_4208435_27264,ICA,-75.6985340283679,-14.141057924181297,1.2m,2025,2025-01-19,WV03
8_3758505_08069,ICA,-76.11252338299735,-13.497490050297067,1.2m,2025,2025-05-08,LG02
8_3708515_03596,ICA,-76.15916520063034,-13.430065767843182,1.2m,2025,2025-05-08,LG02
8_4208415_00527,ICA,-75.70059277290335,-14.335772748166622,1.2m,2025,2025-09-11,LG02
8_4208435_04958,ICA,-75.73129162798473,-14.133719595272606,1.2m,2025,2025-01-19,WV03
8_4258435_07686,ICA,-75.68306180998061,-14.141696528723607,1.2m,2025,2025-01-19,WV03
8_4208435_08864,ICA,-75.71685387038765,-14.147815961284198,1.2m,2025,2025-01-19,WV03
8_4258440_35618,ICA,-75.6966077140712,-14.108222680985094,1.2m,2025,2025-01-19,WV03
8_4158445_17464,ICA,-75.77712852532204,-14.027979244600527,1.2m,2025,2025-01-19,WV03
8_4208435_26088,ICA,-75.70534376296976,-14.116166313821957,1.2m,2025,2025-01-19,WV03
8_4758395_00950,ICA,-75.20834992782238,-14.497365128038112,1.2m,2025,2025-07-01,LG01
8_4258430_04167,ICA,-75.66547737561005,-14.196463149158218,1.2m,2025,2025-09-11,LG02
8_4158450_39169,ICA,-75.75005462946379,-14.013196215188952,1.2m,2025,2025-01-19,WV03
8_4258440_14630,ICA,-75.68691606230391,-14.102258494681436,1.2m,2025,2025-01-19,WV03
8_4258430_07942,ICA,-75.6906564361575,-14.16312413653407,1.2m,2025,2025-09-11,LG02
8_4308420_02798,ICA,-75.65086158080591,-14.288696555833546,1.2m,2025,2025-01-27,LG02
8_4258440_36078,ICA,-75.68943926989053,-14.105739085200387,1.2m,2025,2025-01-19,WV03
8_4258430_60242,ICA,-75.6956473232369,-14.187778347526852,1.2m,2025,2025-09-11,LG02
8_3708520_02319,ICA,-76.16635859902007,-13.386330334872902,1.2m,2025,2025-05-08,LG02
8_4208435_27251,ICA,-75.70011252962506,-14.142236291164718,1.2m,2025,2025-01-19,WV03
8_4258435_07569,ICA,-75.68752239068434,-14.155182019958772,1.2m,2025,2025-09-11,LG02
8_4258435_30582,ICA,-75.69581309800651,-14.136151410661782,1.2m,2025,2025-01-19,WV03
8_4158450_21708,ICA,-75.7460334765519,-13.990706602123426,1.2m,2025,2025-01-19,WV03
8_4208430_08380,ICA,-75.70902949623704,-14.164487553408474,1.2m,2025,2025-09-11,LG02
8_4208435_27487,ICA,-75.70415679466171,-14.138660633231861,1.2m,2025,2025-01-19,WV03
8_4258415_02099,ICA,-75.67483340763312,-14.320511396047634,1.2m,2025,2025-09-11,LG02
8_4208435_09992,ICA,-75.69871188248999,-14.149874780183662,1.2m,2025,2025-01-19,WV03
8_4258440_60878,ICA,-75.69281726359048,-14.109369725261448,1.2m,2025,2025-01-19,WV03
8_4208430_08376,ICA,-75.7110448231962,-14.164487436419224,1.2m,2025,2025-09-11,LG02
8_4208445_16564,ICA,-75.72085080478718,-14.031002920601221,1.2m,2025,2025-01-19,WV03
8_3708515_74666,ICA,-76.16345830834057,-13.412129290735127,1.2m,2025,2025-05-08,LG02
8_4208445_16032,ICA,-75.71230643566979,-14.052578619504072,1.2m,2025,2025-01-19,WV03
8_3758515_02403,ICA,-76.15204450851809,-13.406139022539929,1.2m,2025,2025-05-08,LG02
8_3708515_05663,ICA,-76.16500621530784,-13.409254626615478,1.2m,2025,2025-05-08,LG02
8_4808390_01515,ICA,-75.18282196146595,-14.54599336035233,1.2m,2024,2024-03-13,WV03
8_3758515_03529,ICA,-76.15252085056187,-13.432315590021055,1.2m,2025,2025-05-08,LG02
8_4208435_09643,ICA,-75.70471498775981,-14.15472829635469,1.2m,2025,2025-09-11,LG02
8_5108360_00940,ICA,-74.89673661896327,-14.824070923004147,1.2m,2025,2025-04-04,LG01
8_3708515_01701,ICA,-76.15893330978591,-13.39038882719459,1.2m,2025,2025-05-08,LG02
8_4208430_08469,ICA,-75.71065159984562,-14.161544444165639,1.2m,2025,2025-09-11,LG02
8_3708515_03649,ICA,-76.17145188504384,-13.42309666087974,1.2m,2025,2025-05-08,LG02
8_5008350_01233,ICA,-75.00211764227677,-14.921505371701691,1.2m,2025,2025-02-25,LG01
8_4258435_27341,ICA,-75.69107734195904,-14.137952099971159,1.2m,2025,2025-01-19,WV03
8_4258440_13857,ICA,-75.69049802151022,-14.093464695548022,1.2m,2025,2025-01-19,WV03
8_3708520_00696,ICA,-76.18070967379376,-13.367894961586435,1.2m,2025,2025-05-08,LG02
8_4208440_26836,ICA,-75.70050473798344,-14.109968336902561,1.2m,2025,2025-01-19,WV03
8_3808500_10652,ICA,-76.10186079043189,-13.524616370521834,1.2m,2025,2025-02-14,WV03
8_4158450_22836,ICA,-75.7577254057287,-13.989322222189864,1.2m,2025,2025-01-19,WV03
8_4908380_03245,ICA,-75.0531506720458,-14.643517844268823,1.2m,2024,2024-04-27,WV03
8_4208440_36526,ICA,-75.69893446318122,-14.091820615600426,1.2m,2025,2025-01-19,WV03
8_4258440_35807,ICA,-75.69270922979246,-14.111670105269353,1.2m,2025,2025-01-19,WV03
8_3708515_03320,ICA,-76.16574935111643,-13.432910173768997,1.2m,2025,2025-05-08,LG02
8_4208440_50226,ICA,-75.70630014216992,-14.086360264780911,1.2m,2025,2025-01-19,WV03
8_4208450_17279,ICA,-75.73768942453223,-14.015542420591487,1.2m,2025,2025-01-19,WV03
8_4258440_35877,ICA,-75.69383745702817,-14.109586466792845,1.2m,2025,2025-01-19,WV03
8_4208455_067855,ICA,-75.72137048840571,-13.966591276763172,1.2m,2025,2025-01-19,WV03
8_4258435_07586,ICA,-75.68076067912617,-14.151938525848578,1.2m,2025,2025-09-11,LG02
8_4258435_09702,ICA,-75.69506342037435,-14.15142398064338,1.2m,2025,2025-01-19,WV03
8_4258435_30534,ICA,-75.69363269873567,-14.136037225441246,1.2m,2025,2025-01-19,WV03
8_4208435_30851,ICA,-75.70659334918898,-14.133828248168314,1.2m,2025,2025-01-19,WV03
8_3708520_02039,ICA,-76.17413001955906,-13.381797589279149,1.2m,2025,2025-05-08,LG02
8_3708515_04661,ICA,-76.16916876957342,-13.415016554818475,1.2m,2025,2025-05-08,LG02
8_4208435_09651,ICA,-75.70332440104846,-14.154235070524493,1.2m,2025,2025-09-11,LG02
8_4258430_60741,ICA,-75.69016222412415,-14.17798938468501,1.2m,2025,2025-09-11,LG02
8_3708515_05248,ICA,-76.17617033253599,-13.422476198042036,1.2m,2025,2025-05-08,LG02
8_4908375_03373,ICA,-75.08265881759331,-14.658917282114707,1.2m,2024,2024-04-27,WV03
8_4258430_06619,ICA,-75.695793291164,-14.167227466784231,1.2m,2025,2025-09-11,LG02
8_3708515_02258,ICA,-76.16740547708608,-13.401371437116016,1.2m,2025,2025-05-08,LG02
8_4208440_33251,ICA,-75.70466189085468,-14.110655145886387,1.2m,2025,2025-01-19,WV03
8_4208430_08565,ICA,-75.7017388154166,-14.1587580524652,1.2m,2025,2025-09-11,LG02
8_5008355_00425,ICA,-74.98034684949911,-14.853570142108374,1.2m,2025,2025-10-03,LG01
8_3858490_04892,ICA,-76.02452673465626,-13.648960039061649,1.2m,2025,2025-02-14,WV03
8_4158450_39516,ICA,-75.74549653577598,-14.01001018417415,1.2m,2025,2025-01-19,WV03
8_4208435_09130,ICA,-75.72238989136233,-14.124223831532118,1.2m,2025,2025-01-19,WV03
8_3858505_14359,ICA,-76.05563617945113,-13.486242431131304,1.2m,2025,2025-09-24,LG03
8_3708505_08478,ICA,-76.15938398646219,-13.52308771672232,1.2m,2025,2025-04-29,LG01
8_4258415_03306,ICA,-75.66792208932571,-14.298506136600533,1.2m,2025,2025-09-11,LG02
8_4208435_09129,ICA,-75.72235877619678,-14.12205705802949,1.2m,2025,2025-01-19,WV03
8_4408360_70407,ICA,-75.51761076037889,-14.802782111332087,1.2m,2025,2025-03-29,WV03
8_3758505_75596,ICA,-76.15164657460991,-13.512514419683772,1.2m,2025,2025-05-08,LG02
8_3708500_08443,ICA,-76.16244892513078,-13.536905001475747,1.2m,2025,2025-04-29,LG01
8_3758500_08811,ICA,-76.13754317331555,-13.533609436794903,1.2m,2025,2025-04-29,LG01
8_4258410_00401,ICA,-75.69336863782397,-14.383805528199119,1.2m,2025,2025-09-11,LG02
8_4758400_00751,ICA,-75.20185907504083,-14.461837491063664,1.2m,2025,2025-07-01,LG01
8_5008350_01410,ICA,-74.9866448099931,-14.907352243969012,1.2m,2025,2025-10-03,LG01
8_3858485_02846,ICA,-76.02001408496676,-13.696599021534286,1.2m,2025,2025-02-14,WV03
8_4258410_00967,ICA,-75.67477101097897,-14.381445374195312,1.2m,2025,2025-09-11,LG02
8_3958480_03847,ICA,-75.96295997745878,-13.735424339701764,1.2m,2025,2025-01-07,LG02
8_3908485_04021,ICA,-75.99350347499733,-13.695379906020133,1.2m,2025,2025-02-14,WV03
8_3758515_13568,ICA,-76.11372581729798,-13.419238676375324,1.2m,2025,2025-05-08,LG02
8_4208430_06305,ICA,-75.71844944144345,-14.175423690783333,1.2m,2025,2025-09-11,LG02
8_3758505_07120,ICA,-76.14848153825079,-13.481595147597767,1.2m,2025,2025-05-08,LG02
8_3758505_75034,ICA,-76.14808305226913,-13.484061429820684,1.2m,2025,2025-05-08,LG02
8_3908480_02277,ICA,-75.98492841264061,-13.734859991680167,1.2m,2025,2025-01-07,LG02
8_3708495_23219,ICA,-76.16034704223779,-13.58127496146672,1.2m,2025,2025-04-29,LG01
8_4258440_36307,ICA,-75.69328248313707,-14.090753090030796,1.2m,2025,2025-01-19,WV03
8_4208450_43261,ICA,-75.73666761668102,-13.993926001350285,1.2m,2025,2025-01-19,WV03
8_4158450_22966,ICA,-75.75643613342754,-13.993661306043636,1.2m,2025,2025-01-19,WV03
8_4258460_45161,ICA,-75.66520675216621,-13.922021739244357,1.2m,2025,2025-03-22,LG01
8_4958380_03574,ICA,-75.0268361301372,-14.63702038942398,1.2m,2024,2024-04-27,WV03
8_5108360_00979,ICA,-74.90144516923382,-14.816815238106464,1.2m,2025,2025-04-04,LG01
8_3758510_06332,ICA,-76.15380861434086,-13.449611743970253,1.2m,2025,2025-05-08,LG02
8_3858485_05111,ICA,-76.05823399165529,-13.704500864472752,1.2m,2025,2025-02-14,WV03
8_4858375_03096,ICA,-75.1086109980393,-14.671990921949437,1.2m,2024,2024-04-27,WV03
8_3958480_03202,ICA,-75.94956550780296,-13.724159002537807,1.2m,2025,2025-01-07,LG02
8_3858510_06007,ICA,-76.06092499073748,-13.465435679685301,1.2m,2025,2025-09-24,LG03
8_3708480_01136,ICA,-76.17508285916644,-13.720465443727612,1.2m,2025,2025-04-29,LG01
8_3758505_75446,ICA,-76.1482329333339,-13.519026861383722,1.2m,2025,2025-05-08,LG02
8_3858480_01928,ICA,-76.06420683887893,-13.712527406205123,1.2m,2025,2025-02-14,WV03
8_3808500_10786,ICA,-76.10094233548789,-13.543068268410298,1.2m,2025,2025-02-14,WV03
8_4758400_00657,ICA,-75.19168891256628,-14.463718261550053,1.2m,2025,2025-07-01,LG01
8_4308395_70073,ICA,-75.62287007310209,-14.500102595132208,1.2m,2025,2025-09-30,LG02
8_4758385_03682,ICA,-75.218127432122,-14.56861832311138,1.2m,2024,2024-03-13,WV03
8_4758395_03635,ICA,-75.21123358836442,-14.512875719408033,1.2m,2024,2024-03-13,WV03
8_4208425_04649,ICA,-75.72597380766697,-14.20770534854881,1.2m,2025,2025-09-11,LG02
8_4258425_02252,ICA,-75.69463964270022,-14.243334588651747,1.2m,2025,2025-09-11,LG02
8_3808500_10847,ICA,-76.1105152210875,-13.555694945066158,1.2m,2025,2025-02-14,WV03
8_4208410_00417,ICA,-75.69979898070885,-14.381982099845667,1.2m,2025,2025-09-11,LG02
8_5108360_02833,ICA,-74.86382584521985,-14.825018468405437,1.2m,2025,2025-04-04,LG01
8_4208435_10166,ICA,-75.70236890526272,-14.147927111575846,1.2m,2025,2025-01-19,WV03
8_5008355_02685,ICA,-74.98697565446336,-14.845924677391096,1.2m,2025,2025-10-03,LG01
8_3708515_22535,ICA,-76.17944379329099,-13.393179556538707,1.2m,2025,2025-05-08,LG02
8_4258435_27311,ICA,-75.69315287895125,-14.140156924094589,1.2m,2025,2025-01-19,WV03
8_3708490_06648,ICA,-76.17893968320087,-13.615710456953668,1.2m,2025,2025-04-29,LG01
8_5008350_01493,ICA,-74.98076767641041,-14.910412986090257,1.2m,2025,2025-10-03,LG01
8_3708515_04557,ICA,-76.17153437980228,-13.415614260634705,1.2m,2025,2025-05-08,LG02
8_3758515_13382,ICA,-76.11904138732243,-13.421811809086861,1.2m,2025,2025-05-08,LG02
8_4158440_13427,ICA,-75.75529825721961,-14.073753924584864,1.2m,2025,2025-01-19,WV03
8_4208430_50173,ICA,-75.71126173093609,-14.15908181701386,1.2m,2025,2025-09-11,LG02
8_3808480_01994,ICA,-76.06898411736756,-13.733488466749375,1.2m,2025,2025-02-14,WV03
8_3708505_07935,ICA,-76.16712769654775,-13.500134656612897,1.2m,2025,2025-05-08,LG02
8_3708510_22007,ICA,-76.15843948403625,-13.43755061450168,1.2m,2025,2025-05-08,LG02
8_3758490_06809,ICA,-76.1272199094474,-13.638832675226793,1.2m,2025,2025-04-29,LG01
8_4408425_076134,ICA,-75.52455144852057,-14.213984229198104,1.2m,2025,2025-01-31,LG01
8_4908380_03358,ICA,-75.0719010885315,-14.655412731463677,1.2m,2024,2024-04-27,WV03
8_5108360_01117,ICA,-74.89401288240693,-14.823764786598412,1.2m,2025,2025-04-04,LG01
8_4558445_077154,ICA,-75.41076712697685,-14.042343597897077,1.2m,2025,2025-06-26,LG04
8_3758510_12022,ICA,-76.13222697848633,-13.43792610918294,1.2m,2025,2025-05-08,LG02
8_3708515_02749,ICA,-76.16615656395118,-13.405918811359548,1.2m,2025,2025-05-08,LG02
8_3708500_08523,ICA,-76.1636509053034,-13.535795881404344,1.2m,2025,2025-04-29,LG01
8_4308395_70363,ICA,-75.64260320815512,-14.519254499223845,1.2m,2025,2025-09-30,LG02
8_4208450_38306,ICA,-75.69925559395926,-14.01458582565331,1.2m,2025,2025-01-19,WV03
8_4808375_02973,ICA,-75.17707103651297,-14.663155237292886,1.2m,2024,2024-03-13,WV03
8_4358435_075066,ICA,-75.57312861074935,-14.118046537265922,1.2m,2025,2025-01-31,LG01
8_4308395_068622,ICA,-75.60696827040294,-14.518725078050245,1.2m,2025,2025-09-30,LG02
8_3708495_09289,ICA,-76.17754749081567,-13.57534246331694,1.2m,2025,2025-04-29,LG01
8_3808510_06259,ICA,-76.0986513376989,-13.460499430588534,1.2m,2025,2025-05-08,LG02
8_4508440_076588,ICA,-75.45425916317075,-14.10707663465049,1.2m,2025,2025-03-25,LG02
8_4158440_12313,ICA,-75.74653471257187,-14.07249008556463,1.2m,2025,2025-01-19,WV03
8_4458440_076043,ICA,-75.49108654397068,-14.105202683377964,1.2m,2025,2025-03-25,LG02
8_4358425_075157,ICA,-75.57010978441426,-14.218665864541663,1.2m,2025,2025-01-31,LG01
8_4508425_076874,ICA,-75.46085061323146,-14.20519923808515,1.2m,2025,2025-03-25,LG02
8_3758515_13425,ICA,-76.11688976348432,-13.425894387275118,1.2m,2025,2025-05-08,LG02
8_3758485_076335,ICA,-76.1303186117831,-13.677049309201063,1.2m,2025,2025-04-29,LG01
8_4408425_076112,ICA,-75.51307063013223,-14.220963839602305,1.2m,2025,2025-01-31,LG01
8_4208450_43314,ICA,-75.73572571190803,-13.988390865489738,1.2m,2025,2025-01-19,WV03
8_4408435_075795,ICA,-75.54871884023493,-14.11585418598629,1.2m,2025,2025-01-31,LG01
8_4308420_02787,ICA,-75.64684659781953,-14.292416894561544,1.2m,2025,2025-01-27,LG02
8_4508440_076650,ICA,-75.4514190151238,-14.110451392223279,1.2m,2025,2025-03-25,LG02
8_3858490_04148,ICA,-76.03961191276179,-13.651178439587698,1.2m,2025,2025-02-14,WV03
8_5008345_061785,ICA,-74.96838109914466,-14.929914591062783,1.2m,2025,2025-10-03,LG01
8_3808510_03952,ICA,-76.09731072855448,-13.44105707885566,1.2m,2025,2025-05-08,LG02
8_5058350_01642,ICA,-74.9459700313428,-14.914998630948432,1.2m,2025,2025-10-03,LG01
8_4208455_43082,ICA,-75.73159093023628,-13.975385665969632,1.2m,2025,2025-01-19,WV03
8_3758510_06549,ICA,-76.13889983764054,-13.443438866276058,1.2m,2025,2025-05-08,LG02
8_4758390_01345,ICA,-75.20105025067232,-14.536309605553626,1.2m,2024,2024-03-13,WV03
7_6309345_72733,LAMBAYEQUE,-79.79105688769535,-5.9246485306499554,1.2m,2025,2025-09-04,LG04
7_6309345_72752,LAMBAYEQUE,-79.78715491954753,-5.925013972512431,1.2m,2025,2025-09-04,LG04
7_6309345_76416,LAMBAYEQUE,-79.78371998828966,-5.9137934138995805,1.2m,2025,2025-09-04,LG04
7_6309240_05039,LAMBAYEQUE,-79.8060374510594,-6.834242137019167,30cm,2025,2025-10-02,GE01
7_6709235_094900,LAMBAYEQUE,-79.45912624332212,-6.899340953218065,1.2m,2024,2024-12-02,LG01
7_6359345_72831,LAMBAYEQUE,-79.77673006980666,-5.921702307995327,1.2m,2025,2025-09-04,LG04
7_6359345_72933,LAMBAYEQUE,-79.77927591389391,-5.919582894276733,1.2m,2025,2025-09-04,LG04
7_6309345_72620,LAMBAYEQUE,-79.79157652689413,-5.920298555485386,1.2m,2025,2025-09-04,LG04
7_6309345_76501,LAMBAYEQUE,-79.80747658863298,-5.8862871071993705,1.2m,2025,2025-09-04,LG04
7_6459280_73608,LAMBAYEQUE,-79.65718052197283,-6.491558065180126,1.2m,2025,2025-08-27,LG02
7_6459320_79145,LAMBAYEQUE,-79.66949847362785,-6.131413881119764,1.2m,2025,2025-08-27,LG02
7_6359340_72865,LAMBAYEQUE,-79.77125820637316,-5.92934273221765,1.2m,2025,2025-09-04,LG04
7_6409350_82947,LAMBAYEQUE,-79.71777456372526,-5.872697290887915,1.2m,2025,2025-09-03,LG04
7_6259330_76640,LAMBAYEQUE,-79.82772734894043,-6.060075386223969,1.2m,2025,2025-03-14,LG01
7_6409320_091720,LAMBAYEQUE,-79.69756774898667,-6.131241897063472,1.2m,2025,2025-05-08,WV03
7_6359340_089004,LAMBAYEQUE,-79.7470930952787,-5.961289637666068,1.2m,2025,2025-09-04,LG04
7_6259240_091825,LAMBAYEQUE,-79.84141112667339,-6.866193254171747,1.2m,2025,2025-01-10,LG01
7_6259345_72354,LAMBAYEQUE,-79.83342226800288,-5.89696776404681,1.2m,2025,2025-03-14,LG01
7_6309345_72748,LAMBAYEQUE,-79.78858595766684,-5.92448154274717,1.2m,2025,2025-09-04,LG04
7_6409325_103266,LAMBAYEQUE,-79.69733180130436,-6.091439515943421,1.2m,2025,2025-05-08,WV03
7_6309295_086448,LAMBAYEQUE,-79.8212708828356,-6.379065926193713,1.2m,2024,2024-11-26,LG01
7_6359345_089306,LAMBAYEQUE,-79.74090631354778,-5.898440035360945,1.2m,2025,2025-09-03,LG04
7_6359345_72992,LAMBAYEQUE,-79.74213988639733,-5.89867899379173,1.2m,2025,2025-09-03,LG04
7_6309345_76533,LAMBAYEQUE,-79.78348072423867,-5.8973977912860605,1.2m,2025,2025-09-04,LG04
7_6309345_72567,LAMBAYEQUE,-79.79275000475582,-5.92675914441226,1.2m,2025,2025-09-04,LG04
7_6359345_72997,LAMBAYEQUE,-79.74010585476968,-5.897298901912788,1.2m,2025,2025-09-03,LG04
7_6359345_089228,LAMBAYEQUE,-79.74248993033778,-5.89985806735185,1.2m,2025,2025-09-03,LG04
7_6409285_109735,LAMBAYEQUE,-79.6914990599038,-6.450763602918354,1.2m,2025,2025-05-08,WV03
7_6409325_103256,LAMBAYEQUE,-79.696968474963,-6.097467836664197,1.2m,2025,2025-05-08,WV03
7_6259290_67571,LAMBAYEQUE,-79.85308969626396,-6.399766965966465,1.2m,2025,2025-03-20,LG01
7_6409335_70900,LAMBAYEQUE,-79.69395596827486,-5.973667986319361,1.2m,2025,2025-09-03,LG04
7_6409325_103252,LAMBAYEQUE,-79.70470678217099,-6.102058887045338,1.2m,2025,2025-05-08,WV03
7_6309345_71383,LAMBAYEQUE,-79.81531955337002,-5.905090375047642,1.2m,2025,2025-09-04,LG04
7_6409335_72877,LAMBAYEQUE,-79.72780779335582,-5.976863853948457,1.2m,2025,2025-09-03,LG04
7_6309340_089079,LAMBAYEQUE,-79.78315882224838,-5.935267887798997,1.2m,2025,2025-09-04,LG04
7_6259290_086232,LAMBAYEQUE,-79.8420256714588,-6.422072876871189,1.2m,2025,2025-03-20,LG01
7_6359340_089157,LAMBAYEQUE,-79.77794497471112,-5.930251589600768,1.2m,2025,2025-09-04,LG04
7_6359345_72801,LAMBAYEQUE,-79.77489084048682,-5.926726295160572,1.2m,2025,2025-09-04,LG04
7_6409285_100135,LAMBAYEQUE,-79.69202667871197,-6.450390761996374,1.2m,2025,2025-05-08,WV03
7_6459285_100464,LAMBAYEQUE,-79.68579924137363,-6.450080378375316,1.2m,2025,2025-05-08,WV03
7_6259280_52283,LAMBAYEQUE,-79.8384512114754,-6.48478768082475,1.2m,2025,2025-03-20,LG01
7_6209285_38420,LAMBAYEQUE,-79.87269182220001,-6.435245977287336,1.2m,2025,2025-03-20,LG01
7_6459325_103163,LAMBAYEQUE,-79.68513084362661,-6.083625766241642,1.2m,2025,2025-05-08,WV03
7_6359345_089307,LAMBAYEQUE,-79.74046564814716,-5.898617328692391,1.2m,2025,2025-09-03,LG04
7_6409280_103617,LAMBAYEQUE,-79.73529351824617,-6.485673899174972,1.2m,2025,2025-05-08,WV03
7_6259290_39383,LAMBAYEQUE,-79.8688733180153,-6.410679908681351,1.2m,2025,2025-03-20,LG01
7_6409335_70984,LAMBAYEQUE,-79.72186777727622,-5.978871433447447,1.2m,2025,2025-05-08,WV03
7_6309345_089082,LAMBAYEQUE,-79.81831759474218,-5.915805795930115,1.2m,2025,2025-09-04,LG04
7_6359340_089161,LAMBAYEQUE,-79.7790593816396,-5.931173751714123,1.2m,2025,2025-09-04,LG04
7_6259285_085750,LAMBAYEQUE,-79.84960094476503,-6.441134283410799,1.2m,2025,2025-03-20,LG01
7_6259330_76622,LAMBAYEQUE,-79.83370598714973,-6.048124090821092,1.2m,2025,2025-03-14,LG01
7_6259285_51664,LAMBAYEQUE,-79.85492722561264,-6.426509732145714,1.2m,2025,2025-03-20,LG01
7_6459320_77967,LAMBAYEQUE,-79.6688327618781,-6.125180881109358,1.2m,2025,2025-08-27,LG02
7_6309290_57653,LAMBAYEQUE,-79.82408024825232,-6.402130099707481,1.2m,2025,2025-01-10,LG01
7_6309285_50283,LAMBAYEQUE,-79.82385681397925,-6.455883337678003,1.2m,2025,2025-03-14,LG01
7_6309345_72649,LAMBAYEQUE,-79.7903595666523,-5.91864899065435,1.2m,2025,2025-09-04,LG04
7_6409345_092131,LAMBAYEQUE,-79.73183072365421,-5.8886360162280695,1.2m,2025,2025-09-03,LG04
7_6309345_089103,LAMBAYEQUE,-79.79251033374977,-5.921977772118587,1.2m,2025,2025-09-04,LG04
7_6459325_103176,LAMBAYEQUE,-79.68260037118054,-6.0796511418236925,1.2m,2025,2025-05-08,WV03
7_6459285_109732,LAMBAYEQUE,-79.69020182397081,-6.448530059533583,1.2m,2025,2025-05-08,WV03
7_6409335_70911,LAMBAYEQUE,-79.69437450174175,-5.978958446951788,1.2m,2025,2025-09-03,LG04
7_6309345_089047,LAMBAYEQUE,-79.8065080376767,-5.917287280165677,1.2m,2025,2025-09-04,LG04
7_6259290_57876,LAMBAYEQUE,-79.86511267368817,-6.39355464130956,1.2m,2025,2025-03-20,LG01
7_6409285_100244,LAMBAYEQUE,-79.69849797932261,-6.438989933218845,1.2m,2025,2025-05-08,WV03
7_6309345_088952,LAMBAYEQUE,-79.82494037088901,-5.903370371071224,1.2m,2025,2025-09-04,LG04
7_6409315_105054,LAMBAYEQUE,-79.6965834172354,-6.172767699606899,1.2m,2025,2025-05-08,WV03
7_6259285_085512,LAMBAYEQUE,-79.86582608324764,-6.4658625524764926,1.2m,2025,2025-03-20,LG01
7_6759305_097908,LAMBAYEQUE,-79.41790932851535,-6.256582081886924,1.2m,2023,2023-06-23,WV03
7_6409350_73288,LAMBAYEQUE,-79.72585043852172,-5.872735215500935,1.2m,2025,2025-09-03,LG04
7_6309345_72602,LAMBAYEQUE,-79.79324090972848,-5.918579927063002,1.2m,2025,2025-09-04,LG04
7_6309340_088921,LAMBAYEQUE,-79.78350695776744,-5.932256130683044,1.2m,2025,2025-09-04,LG04
7_6309345_089099,LAMBAYEQUE,-79.7964274583828,-5.921978215392967,1.2m,2025,2025-09-04,LG04
7_6259325_76602,LAMBAYEQUE,-79.83529706209939,-6.0653445197505125,1.2m,2024,2024-06-06,WV03
7_6309345_090299,LAMBAYEQUE,-79.78613486167424,-5.902723181771481,1.2m,2025,2025-09-04,LG04
7_6209285_089684,LAMBAYEQUE,-79.88258567969578,-6.462786617708952,1.2m,2025,2025-03-20,LG01
7_6309290_57598,LAMBAYEQUE,-79.82357635888043,-6.39917554515175,1.2m,2025,2025-01-10,LG01
7_6309345_089300,LAMBAYEQUE,-79.78702910903235,-5.914085844261443,1.2m,2025,2025-09-04,LG04
7_6359340_089070,LAMBAYEQUE,-79.78245465531701,-5.933200129923914,1.2m,2025,2025-09-04,LG04
7_6409335_70927,LAMBAYEQUE,-79.70104863908847,-5.984778745769864,1.2m,2025,2025-09-03,LG04
7_6309340_089073,LAMBAYEQUE,-79.78370026709939,-5.9328917911515475,1.2m,2025,2025-09-04,LG04
7_6359340_72704,LAMBAYEQUE,-79.78097317013847,-5.931266604011145,1.2m,2025,2025-09-04,LG04
7_6309345_79282,LAMBAYEQUE,-79.79735724335538,-5.907156967190018,1.2m,2025,2025-09-04,LG04
7_6359340_089067,LAMBAYEQUE,-79.75493952750865,-5.958108872459942,1.2m,2025,2025-09-04,LG04
7_6459325_103155,LAMBAYEQUE,-79.68434585011246,-6.086213091205382,1.2m,2025,2025-05-08,WV03
7_6409345_73034,LAMBAYEQUE,-79.72519031808073,-5.883598284968908,1.2m,2025,2025-09-03,LG04
7_6309345_090303,LAMBAYEQUE,-79.78610587952878,-5.903846559997895,1.2m,2025,2025-09-04,LG04
7_6309345_71037,LAMBAYEQUE,-79.80334163895523,-5.923311927421172,1.2m,2025,2025-09-04,LG04
7_6259285_39211,LAMBAYEQUE,-79.85534996262328,-6.427968805514021,1.2m,2025,2025-03-20,LG01
7_6159265_108824,LAMBAYEQUE,-79.93242250030914,-6.607924006594578,1.2m,2025,2025-04-15,LG01
7_6209275_23408,LAMBAYEQUE,-79.87900169399464,-6.526730169004697,1.2m,2025,2025-03-14,LG01
7_6209270_086668,LAMBAYEQUE,-79.89389520561204,-6.584963788972475,1.2m,2025,2025-02-02,WV03
7_6259280_095963,LAMBAYEQUE,-79.85599978076111,-6.4969962524089,1.2m,2025,2025-03-20,LG01
7_6259280_089498,LAMBAYEQUE,-79.86698719441259,-6.515425749296115,1.2m,2025,2025-03-14,LG01
7_6209240_093489,LAMBAYEQUE,-79.87956633164671,-6.866921375621665,1.2m,2025,2025-04-15,LG01
7_6159275_43988,LAMBAYEQUE,-79.94382881260141,-6.5407321126482305,1.2m,2025,2025-02-02,WV03
7_6209285_097464,LAMBAYEQUE,-79.91353464602045,-6.446954968515124,1.2m,2025,2025-02-02,WV03
7_6259275_113617,LAMBAYEQUE,-79.83772780742979,-6.535274481960643,1.2m,2025,2025-03-14,LG01
7_6309260_095501,LAMBAYEQUE,-79.7812130260439,-6.660302347554743,1.2m,2025,2025-03-31,WV03
7_6759305_105993,LAMBAYEQUE,-79.40961306693457,-6.284281250871962,1.2m,2023,2023-06-23,WV03
7_6259275_62787,LAMBAYEQUE,-79.84041342160047,-6.5374905689732525,1.2m,2025,2025-03-14,LG01
7_6259270_091140,LAMBAYEQUE,-79.85491235978083,-6.577281551377416,1.2m,2025,2025-03-14,LG01
7_6859240_093861,LAMBAYEQUE,-79.30702345658028,-6.86654773026047,1.2m,2023,2023-04-14,WV03
7_6759300_104106,LAMBAYEQUE,-79.3783867129348,-6.291834370130813,1.2m,2023,2023-06-23,WV03
7_6159280_089429,LAMBAYEQUE,-79.93948752311871,-6.505393335190267,1.2m,2025,2025-02-02,WV03
7_6309285_111252,LAMBAYEQUE,-79.79228073828973,-6.429906058056053,1.2m,2025,2025-05-08,WV03
7_6509285_49875,LAMBAYEQUE,-79.62015359766667,-6.45624582204971,1.2m,2025,2025-08-27,LG02
7_6309260_70861,LAMBAYEQUE,-79.78271923198645,-6.660165589236147,1.2m,2025,2025-03-31,WV03
7_6259240_10484,LAMBAYEQUE,-79.86234388631647,-6.832868912661128,30cm,2025,2025-10-02,GE01
7_6459285_100141,LAMBAYEQUE,-79.68882640498617,-6.450134758381726,1.2m,2025,2025-05-08,WV03
7_6409280_104833,LAMBAYEQUE,-79.69564716770252,-6.473737715706787,1.2m,2025,2025-05-08,WV03
7_6409260_090451,LAMBAYEQUE,-79.72935013432553,-6.667781773378325,1.2m,2025,2025-03-31,WV03
7_6509285_101715,LAMBAYEQUE,-79.62012029919302,-6.428455450939998,1.2m,2025,2025-08-27,LG02
7_6209285_087836,LAMBAYEQUE,-79.89948882200342,-6.457689620111529,1.2m,2025,2025-02-02,WV03
7_6809310_096286,LAMBAYEQUE,-79.35694653301644,-6.215882796631572,1.2m,2021,2021-06-24,WV02
7_6609290_62476,LAMBAYEQUE,-79.55444345134315,-6.409991708703401,1.2m,2025,2025-07-31,LG01
7_6759305_104010,LAMBAYEQUE,-79.37710294995973,-6.277057698416067,1.2m,2023,2023-06-23,WV03
7_6309345_72749,LAMBAYEQUE,-79.78834566137016,-5.924596810679327,1.2m,2025,2025-09-04,LG04
7_6759305_103629,LAMBAYEQUE,-79.37747530458364,-6.262718440634142,1.2m,2023,2023-06-23,WV03
7_6159275_72245,LAMBAYEQUE,-79.94379266911207,-6.556769312106248,1.2m,2025,2025-02-02,WV03
7_6409285_100293,LAMBAYEQUE,-79.69593847802577,-6.4491294613343175,1.2m,2025,2025-05-08,WV03
7_6259235_06552,LAMBAYEQUE,-79.84999132110597,-6.881630324508967,1.2m,2025,2025-01-10,LG01
7_6809310_096323,LAMBAYEQUE,-79.35177423619021,-6.226421102177451,1.2m,2021,2021-06-24,WV02
7_6309290_57220,LAMBAYEQUE,-79.79127198881798,-6.403783366061864,1.2m,2025,2025-03-31,WV03
7_6209280_089714,LAMBAYEQUE,-79.8852879465231,-6.4924811353139065,1.2m,2025,2025-03-20,LG01
7_6809310_096251,LAMBAYEQUE,-79.35464626810816,-6.2133144321613205,1.2m,2021,2021-06-24,WV02
7_6759300_104076,LAMBAYEQUE,-79.37740612567006,-6.2996538199986345,1.2m,2023,2023-06-23,WV03
7_6159285_091903,LAMBAYEQUE,-79.91970269828732,-6.445991318861815,1.2m,2025,2025-02-02,WV03
7_6509280_103112,LAMBAYEQUE,-79.61788399899206,-6.470557850883704,1.2m,2025,2025-08-27,LG02
7_6609235_19524,LAMBAYEQUE,-79.52159613200169,-6.887813341279975,1.2m,2025,2025-04-15,LG01
7_6809310_096108,LAMBAYEQUE,-79.36320438260422,-6.217743792612794,1.2m,2021,2021-07-14,WV03
7_6709310_099235,LAMBAYEQUE,-79.42694304916648,-6.211854420565285,1.2m,2022,2022-08-11,WV03
7_6759265_15558,LAMBAYEQUE,-79.40655104283425,-6.617392756779937,1.2m,2023,2023-03-01,WV03
7_6559290_62659,LAMBAYEQUE,-79.58548091193157,-6.416900850710983,1.2m,2025,2025-08-27,LG02
7_6059270_094366,LAMBAYEQUE,-80.01759524866958,-6.561732717402279,1.2m,2024,2024-12-21,LG01
7_6309295_57394,LAMBAYEQUE,-79.82255551760568,-6.376895410419796,1.2m,2024,2024-11-26,LG01
7_6259290_57041,LAMBAYEQUE,-79.82932953975723,-6.414907406562422,1.2m,2025,2025-03-20,LG01
7_6209240_093507,LAMBAYEQUE,-79.8756247595778,-6.868974718823592,1.2m,2025,2025-04-15,LG01
7_6259240_06168,LAMBAYEQUE,-79.8348336593128,-6.862886948781078,1.2m,2025,2025-01-10,LG01
7_6159280_092599,LAMBAYEQUE,-79.94949144732274,-6.484753975897951,1.2m,2025,2025-02-02,WV03
7_6759310_098191,LAMBAYEQUE,-79.39161489016698,-6.235269151631641,1.2m,2022,2022-08-11,WV03
7_6109275_108034,LAMBAYEQUE,-79.97649386292196,-6.52629198721547,1.2m,2025,2025-02-02,WV03
7_6359265_22065,LAMBAYEQUE,-79.7761818721178,-6.647608896206757,1.2m,2025,2025-03-31,WV03
7_6259235_094330,LAMBAYEQUE,-79.85229918868012,-6.88308372936878,1.2m,2025,2025-01-10,LG01
7_6209240_097461,LAMBAYEQUE,-79.8811824518003,-6.844481647424508,30cm,2025,2025-10-02,GE01
7_6209265_098581,LAMBAYEQUE,-79.87499992304717,-6.612790650138373,1.2m,2025,2025-04-15,LG01
7_6309240_097470,LAMBAYEQUE,-79.82291930524511,-6.873520277757092,1.2m,2025,2025-01-10,LG01
7_6259280_48965,LAMBAYEQUE,-79.84181202765055,-6.48659507637654,1.2m,2025,2025-03-20,LG01
7_6109280_095114,LAMBAYEQUE,-79.980001254187,-6.499951485170917,1.2m,2025,2025-02-02,WV03
7_6259235_08987,LAMBAYEQUE,-79.85203066276054,-6.900884248580509,1.2m,2025,2025-04-15,LG01
7_6809240_16791,LAMBAYEQUE,-79.34443636877221,-6.854663440638072,1.2m,2023,2023-08-24,WV02
7_6809310_096519,LAMBAYEQUE,-79.34225681450116,-6.226473101467634,1.2m,2021,2021-06-24,WV02
7_6759270_107641,LAMBAYEQUE,-79.37878436185184,-6.587438420089649,1.2m,2023,2023-08-24,WV02
7_6259235_06845,LAMBAYEQUE,-79.85406920894863,-6.885573072507721,1.2m,2025,2025-01-10,LG01
7_6209240_106905,LAMBAYEQUE,-79.87259140395301,-6.8380809665132585,30cm,2025,2025-10-02,GE01
7_6209250_093390,LAMBAYEQUE,-79.8968649078499,-6.748554077132345,30cm,2024,2024-01-13,WV02
7_6209270_25232,LAMBAYEQUE,-79.87791226841713,-6.601208410225739,1.2m,2025,2025-04-15,LG01
7_6159280_84308,LAMBAYEQUE,-79.95760522531077,-6.47831694368194,1.2m,2025,2025-02-02,WV03
7_6259240_09785,LAMBAYEQUE,-79.85815399831938,-6.861743057341302,1.2m,2025,2025-04-15,LG01
7_6309240_102370,LAMBAYEQUE,-79.81549649157853,-6.8484992194340855,30cm,2025,2025-10-02,GE01
7_6259240_092702,LAMBAYEQUE,-79.86532090980968,-6.868950697204282,1.2m,2025,2025-04-15,LG01
7_6509225_65135,LAMBAYEQUE,-79.64288976053763,-6.986284821137671,1.2m,2025,2025-04-18,LG02
7_6809305_108577,LAMBAYEQUE,-79.36199106181844,-6.28018116123064,1.2m,2023,2023-06-23,WV03
7_6059275_093536,LAMBAYEQUE,-80.00899375950303,-6.519554241850709,1.2m,2025,2025-02-02,WV03
7_6109275_73370,LAMBAYEQUE,-79.98239632786951,-6.554052280810085,1.2m,2025,2025-02-02,WV03
7_6109270_087248,LAMBAYEQUE,-80.00163425609703,-6.587557603828641,1.2m,2025,2025-02-02,WV03
7_6409220_089887,LAMBAYEQUE,-79.70915950745686,-7.046359643087569,1.2m,2022,2022-04-20,GE01
7_6259235_07296,LAMBAYEQUE,-79.86869986482827,-6.897135923384939,1.2m,2025,2025-04-15,LG01
7_6309285_095736,LAMBAYEQUE,-79.82664118868065,-6.459470639108142,1.2m,2025,2025-03-14,LG01
7_6309270_105070,LAMBAYEQUE,-79.78521158520772,-6.565442401797232,1.2m,2025,2025-03-31,WV03
7_6109270_100774,LAMBAYEQUE,-80.00077351902061,-6.563952796822298,1.2m,2025,2025-02-02,WV03
7_6959245_094137,LAMBAYEQUE,-79.19508187909106,-6.815262519388089,1.2m,2020,2020-08-02,WV02
7_6309245_13264,LAMBAYEQUE,-79.81988755621526,-6.807370649299823,30cm,2025,2025-10-02,GE01
7_6209240_097203,LAMBAYEQUE,-79.87812657323997,-6.839302066537696,30cm,2025,2025-10-02,GE01
7_6259235_098900,LAMBAYEQUE,-79.86594998851717,-6.896297054629995,1.2m,2025,2025-04-15,LG01
7_6259240_098543,LAMBAYEQUE,-79.84763034442092,-6.866183103654119,1.2m,2025,2025-01-10,LG01
7_6259235_095146,LAMBAYEQUE,-79.8496649072143,-6.882856195499031,1.2m,2025,2025-01-10,LG01
7_6209265_104614,LAMBAYEQUE,-79.89876186900929,-6.631856699488065,1.2m,2025,2025-04-15,LG01
7_6159265_091496,LAMBAYEQUE,-79.9362828551767,-6.618163994381428,1.2m,2025,2025-04-15,LG01
7_7809135_30298,LA_LIBERTAD,-78.4533489368846,-7.818046652155591,1.2m,2025,2025-07-09,WV03
7_7809150_074741,LA_LIBERTAD,-78.44981908245416,-7.646847883173212,1.2m,2025,2025-07-09,WV03
7_7609145_076910,LA_LIBERTAD,-78.6081305151346,-7.688051165804719,1.2m,2023,2023-12-11,WV02
7_7709160_083849,LA_LIBERTAD,-78.54917757956426,-7.5649458286048965,1.2m,2024,2024-08-02,WV03
7_7709160_083133,LA_LIBERTAD,-78.52885905032088,-7.56097062607434,1.2m,2024,2024-08-02,WV03
7_7809145_079994,LA_LIBERTAD,-78.43177744038101,-7.70660942717765,1.2m,2025,2025-07-09,WV03
7_7459130_075208,LA_LIBERTAD,-78.76295716096641,-7.842378488040922,1.2m,2021,2021-10-26,GE01
7_7459130_075090,LA_LIBERTAD,-78.75968292372195,-7.848112009421838,1.2m,2021,2021-10-26,GE01
7_7459130_075222,LA_LIBERTAD,-78.76084583006784,-7.84197677833179,1.2m,2021,2021-10-26,GE01
7_7809145_080034,LA_LIBERTAD,-78.43002850201722,-7.704269118247598,1.2m,2025,2025-07-09,WV03
7_7809145_080227,LA_LIBERTAD,-78.42686329058154,-7.6951326026934534,1.2m,2025,2025-07-09,WV03
7_7459130_075597,LA_LIBERTAD,-78.74932734391194,-7.851553519325728,1.2m,2020,2020-06-17,WV02
7_7009125_05166,LA_LIBERTAD,-79.1483841236626,-7.903550189812975,1.2m,2022,2022-11-24,WV02
7_7709160_084332,LA_LIBERTAD,-78.52072358469584,-7.582153921527597,1.2m,2024,2024-08-02,WV03
7_7809145_080959,LA_LIBERTAD,-78.45020459112709,-7.689676156741111,1.2m,2025,2025-07-09,WV03
7_7709160_083283,LA_LIBERTAD,-78.53212495550596,-7.563172557134115,1.2m,2024,2024-08-02,WV03
7_7709160_084174,LA_LIBERTAD,-78.52544725333865,-7.572288692963218,1.2m,2024,2024-08-02,WV03
7_7209100_15183,LA_LIBERTAD,-78.96469403658752,-8.128814686110875,30cm,2025,2025-12-09,LG04
7_7809150_079502,LA_LIBERTAD,-78.44616774362014,-7.683233267936681,1.2m,2025,2025-07-09,WV03
7_7809160_04868,LA_LIBERTAD,-78.44085983922733,-7.55414793251475,1.2m,2025,2025-07-09,WV03
7_7859160_03590,LA_LIBERTAD,-78.39931969609042,-7.562256405393521,1.2m,2025,2025-07-09,WV03
7_7759160_02896,LA_LIBERTAD,-78.47442655305356,-7.551815950676636,1.2m,2025,2025-07-09,WV03
7_7759145_26909,LA_LIBERTAD,-78.4936660123426,-7.728899046752396,1.2m,2025,2025-07-09,WV03
7_7809160_04029,LA_LIBERTAD,-78.43674936338888,-7.572917627532759,1.2m,2025,2025-07-09,WV03
7_7809145_080699,LA_LIBERTAD,-78.44225203539544,-7.702356815615056,1.2m,2025,2025-07-09,WV03
7_7609115_032698,LA_LIBERTAD,-78.61014960232669,-7.984196090697717,1.2m,2024,2024-08-02,WV03
7_7809145_080828,LA_LIBERTAD,-78.44605781658271,-7.696420410586379,1.2m,2025,2025-07-09,WV03
7_7809145_079833,LA_LIBERTAD,-78.43292552748977,-7.691054663240477,1.2m,2025,2025-07-09,WV03
7_7809145_080004,LA_LIBERTAD,-78.43809492764765,-7.706802629610769,1.2m,2025,2025-07-09,WV03
7_7809145_080484,LA_LIBERTAD,-78.44185414599585,-7.704702021194262,1.2m,2025,2025-07-09,WV03
7_7709155_076181,LA_LIBERTAD,-78.53659221855762,-7.604160578067901,1.2m,2024,2024-08-02,WV03
7_7809145_080451,LA_LIBERTAD,-78.4402644668252,-7.702178127966574,1.2m,2025,2025-07-09,WV03
7_7709155_075209,LA_LIBERTAD,-78.54323283050883,-7.626312800623793,1.2m,2024,2024-08-02,WV03
7_7809165_05123,LA_LIBERTAD,-78.44873546538895,-7.544596210790289,1.2m,2025,2025-07-09,WV03
7_7459130_075302,LA_LIBERTAD,-78.74621470167659,-7.849530611143606,1.2m,2020,2020-06-17,WV02
7_7709160_083312,LA_LIBERTAD,-78.53483060535234,-7.563557566225883,1.2m,2024,2024-08-02,WV03
7_7809145_079363,LA_LIBERTAD,-78.43971658126205,-7.689126044946325,1.2m,2025,2025-07-09,WV03
7_7809110_010401,LA_LIBERTAD,-78.44759257957124,-8.021442652671682,1.2m,2025,2025-07-21,LG04
7_7709160_083199,LA_LIBERTAD,-78.52921659827715,-7.558192256959219,1.2m,2024,2024-08-02,WV03
7_7709160_084435,LA_LIBERTAD,-78.52124283055299,-7.58072099926377,1.2m,2024,2024-08-02,WV03
7_7909135_086843,LA_LIBERTAD,-78.33881465568427,-7.81804344409666,1.2m,2025,2025-07-09,WV03
7_7709155_075124,LA_LIBERTAD,-78.55016272602275,-7.628822892568734,1.2m,2024,2024-08-02,WV03
7_7709160_083739,LA_LIBERTAD,-78.54357665976451,-7.56182643772243,1.2m,2024,2024-08-02,WV03
7_7709160_083379,LA_LIBERTAD,-78.52794464473996,-7.56540188548881,1.2m,2024,2024-08-02,WV03
7_7709160_083506,LA_LIBERTAD,-78.53295569106328,-7.556388244735381,1.2m,2024,2024-08-02,WV03
7_7659145_076762,LA_LIBERTAD,-78.5814000698926,-7.697781780369671,1.2m,2024,2024-08-02,WV03
7_7709160_082578,LA_LIBERTAD,-78.54549309938403,-7.558648197362649,1.2m,2024,2024-08-02,WV03
7_7409160_07684,LA_LIBERTAD,-78.82649227505226,-7.5749150239906005,1.2m,2022,2022-08-13,GE01
7_7709160_082971,LA_LIBERTAD,-78.52259854017134,-7.5563435521422395,1.2m,2024,2024-08-02,WV03
7_7809145_080392,LA_LIBERTAD,-78.43720837849861,-7.700993609573642,1.2m,2025,2025-07-09,WV03
7_7809145_081729,LA_LIBERTAD,-78.45045484659124,-7.70631393375016,1.2m,2025,2025-07-09,WV03
7_7809145_080020,LA_LIBERTAD,-78.43614387612072,-7.703747509534482,1.2m,2025,2025-07-09,WV03
7_7809145_080990,LA_LIBERTAD,-78.4515545530301,-7.69351950178531,1.2m,2025,2025-07-09,WV03
7_7459130_076303,LA_LIBERTAD,-78.75145718578624,-7.842514080500846,1.2m,2021,2021-10-26,GE01
7_7559110_14778,LA_LIBERTAD,-78.65259956544166,-8.031312168565345,1.2m,2020,2020-06-17,WV02
7_7909135_085475,LA_LIBERTAD,-78.34576056746197,-7.800622906848038,1.2m,2025,2025-07-09,WV03
7_7809150_079131,LA_LIBERTAD,-78.43672443019797,-7.670636752426153,1.2m,2025,2025-07-09,WV03
7_7709160_083075,LA_LIBERTAD,-78.52477126987928,-7.559523651188124,1.2m,2024,2024-08-02,WV03
7_8409135_09063,LA_LIBERTAD,-77.89762815886837,-7.804115314668344,1.2m,2014,2014-11-22,WV03
7_7809145_080205,LA_LIBERTAD,-78.43316008503702,-7.696402523776494,1.2m,2025,2025-07-09,WV03
7_7809145_080458,LA_LIBERTAD,-78.43961546830742,-7.703801824315914,1.2m,2025,2025-07-09,WV03
7_7459130_075086,LA_LIBERTAD,-78.76006461417526,-7.847454881102206,1.2m,2021,2021-10-26,GE01
7_7559160_13196,LA_LIBERTAD,-78.6627459102339,-7.5636214074093076,1.2m,2023,2023-12-11,WV02
7_7809145_081994,LA_LIBERTAD,-78.44016396420429,-7.711241903022868,1.2m,2025,2025-07-09,WV03
7_7809145_080313,LA_LIBERTAD,-78.43159038078738,-7.688346587373939,1.2m,2025,2025-07-09,WV03
7_7659115_034510,LA_LIBERTAD,-78.57386280200281,-7.9577972029329125,1.2m,2024,2024-08-02,WV03
7_7809150_081380,LA_LIBERTAD,-78.44733589442221,-7.6815186422387915,1.2m,2025,2025-07-09,WV03
7_7509120_10868,LA_LIBERTAD,-78.73334102863981,-7.929724932376265,1.2m,2020,2020-07-06,WV02
7_7809160_04223,LA_LIBERTAD,-78.44006559309787,-7.560674817652991,1.2m,2025,2025-07-09,WV03
7_7759140_26929,LA_LIBERTAD,-78.48452969266575,-7.732285735934321,1.2m,2025,2025-07-09,WV03
7_7509120_13011,LA_LIBERTAD,-78.72694509736155,-7.922185171516942,1.2m,2020,2020-07-06,WV02
7_7459130_076057,LA_LIBERTAD,-78.76744580236452,-7.862273331318049,1.2m,2021,2021-10-26,GE01
7_7709160_083981,LA_LIBERTAD,-78.54331368235452,-7.567734784711341,1.2m,2024,2024-08-02,WV03
7_7709160_082662,LA_LIBERTAD,-78.5398240478242,-7.560383607158267,1.2m,2024,2024-08-02,WV03
7_7709160_084248,LA_LIBERTAD,-78.52879757977578,-7.574087336578172,1.2m,2024,2024-08-02,WV03
7_7809145_080409,LA_LIBERTAD,-78.43992464684901,-7.700966026805419,1.2m,2025,2025-07-09,WV03
7_7809145_081695,LA_LIBERTAD,-78.4486459539009,-7.709304048539266,1.2m,2025,2025-07-09,WV03
7_7809145_082292,LA_LIBERTAD,-78.45070078264828,-7.701074242079388,1.2m,2025,2025-07-09,WV03
7_7809150_079548,LA_LIBERTAD,-78.43898786056218,-7.6812301731709205,1.2m,2025,2025-07-09,WV03
7_7709160_084208,LA_LIBERTAD,-78.52806064050753,-7.571617186451679,1.2m,2024,2024-08-02,WV03
7_7459125_076095,LA_LIBERTAD,-78.77443726957327,-7.875675149689879,1.2m,2021,2021-10-26,GE01
7_7809145_079680,LA_LIBERTAD,-78.43809398624586,-7.693484757781613,1.2m,2025,2025-07-09,WV03
7_7709160_084560,LA_LIBERTAD,-78.51439193682037,-7.578407816635135,1.2m,2025,2025-07-09,WV03
7_8209145_18149,LA_LIBERTAD,-78.07334824113997,-7.713126138177859,1.2m,2025,2025-07-16,LG02
7_7709160_083421,LA_LIBERTAD,-78.53059627036588,-7.570456419358836,1.2m,2024,2024-08-02,WV03
7_7159100_08316,LA_LIBERTAD,-79.04598139185603,-8.125010235402629,30cm,2026,2026-02-04,WV03
7_7709160_082674,LA_LIBERTAD,-78.53859929210228,-7.55964426274498,1.2m,2024,2024-08-02,WV03
7_7709160_083181,LA_LIBERTAD,-78.52874874994579,-7.556071627882101,1.2m,2024,2024-08-02,WV03
7_7709160_083234,LA_LIBERTAD,-78.53097986509495,-7.562677612895127,1.2m,2024,2024-08-02,WV03
7_7809145_079002,LA_LIBERTAD,-78.44336843516376,-7.68629307099384,1.2m,2025,2025-07-09,WV03
7_7809145_079621,LA_LIBERTAD,-78.44200161645497,-7.6924042169568,1.2m,2025,2025-07-09,WV03
7_7709115_035947,LA_LIBERTAD,-78.55098323661463,-7.9825135110864895,1.2m,2024,2024-08-02,WV03
7_7709160_084184,LA_LIBERTAD,-78.52319960877725,-7.571927337043055,1.2m,2024,2024-08-02,WV03
7_7459130_075115,LA_LIBERTAD,-78.75765986748343,-7.849568215876591,1.2m,2021,2021-10-26,GE01
7_7809145_079349,LA_LIBERTAD,-78.43966512729091,-7.69065088427388,1.2m,2025,2025-07-09,WV03
7_6859140_01156,LA_LIBERTAD,-79.30247869436033,-7.73806787677229,1.2m,2023,2023-06-03,WV02
7_7809145_079943,LA_LIBERTAD,-78.43762685773176,-7.707044707651058,1.2m,2025,2025-07-09,WV03
7_7459130_075832,LA_LIBERTAD,-78.75781470941786,-7.8525501445874175,1.2m,2021,2021-10-26,GE01
7_6959120_04999,LA_LIBERTAD,-79.1931390274359,-7.918576151318314,1.2m,2022,2022-12-24,WV02
7_7709160_083417,LA_LIBERTAD,-78.5290073843221,-7.569810749826372,1.2m,2024,2024-08-02,WV03
7_7459125_076098,LA_LIBERTAD,-78.77458122132657,-7.875026758742129,1.2m,2021,2021-10-26,GE01
7_7709160_083604,LA_LIBERTAD,-78.53671701199777,-7.557040963482127,1.2m,2024,2024-08-02,WV03
7_7809145_080271,LA_LIBERTAD,-78.42786945015723,-7.691324240808816,1.2m,2025,2025-07-09,WV03
7_7759140_27555,LA_LIBERTAD,-78.4890446169351,-7.738243036952763,1.2m,2025,2025-07-09,WV03
7_7709160_084396,LA_LIBERTAD,-78.51219397984806,-7.581183179019824,1.2m,2025,2025-07-09,WV03
7_7659155_074956,LA_LIBERTAD,-78.58494382762072,-7.632252081700155,1.2m,2024,2024-08-02,WV03
7_7509165_12085,LA_LIBERTAD,-78.71961073896583,-7.549185798881535,1.2m,2020,2020-06-17,WV02
7_7809145_080779,LA_LIBERTAD,-78.442058569564,-7.700391757415883,1.2m,2025,2025-07-09,WV03
7_7809165_05041,LA_LIBERTAD,-78.44293138725402,-7.520123948094547,1.2m,2025,2025-07-09,WV03
7_7709160_084562,LA_LIBERTAD,-78.51364011517043,-7.577710718792975,1.2m,2025,2025-07-09,WV03
7_7709160_083990,LA_LIBERTAD,-78.54377142467666,-7.57104413957106,1.2m,2024,2024-08-02,WV03
7_7709160_083928,LA_LIBERTAD,-78.54434141442587,-7.563555229318002,1.2m,2024,2024-08-02,WV03
7_7559110_14791,LA_LIBERTAD,-78.65208410937706,-8.027474528941745,1.2m,2020,2020-06-17,WV02
7_7809145_080573,LA_LIBERTAD,-78.44423466698407,-7.69290411501133,1.2m,2025,2025-07-09,WV03
7_7709160_082462,LA_LIBERTAD,-78.55157447780842,-7.560506446122075,1.2m,2024,2024-08-02,WV03
7_7509125_065640,LA_LIBERTAD,-78.7234126605844,-7.887986183063176,1.2m,2020,2020-06-17,WV02
7_7609110_027827,LA_LIBERTAD,-78.61429451378174,-8.015609067613497,1.2m,2020,2020-06-17,WV02
7_8359095_023145,LA_LIBERTAD,-77.93396332244386,-8.142886447452796,1.2m,2022,2022-10-31,WV03
7_8309090_025025,LA_LIBERTAD,-77.98454634135575,-8.176500972462211,1.2m,2022,2022-10-31,WV03
7_8209085_011763,LA_LIBERTAD,-78.06589358213296,-8.232672098995954,1.2m,2025,2025-05-14,LG02
7_8159100_013705,LA_LIBERTAD,-78.13176187866546,-8.121031199723003,1.2m,2023,2023-05-15,WV02
7_7509130_071900,LA_LIBERTAD,-78.70769131291425,-7.85504761852484,1.2m,2020,2020-06-17,WV02
7_7559105_031025,LA_LIBERTAD,-78.65961026503601,-8.079159946058473,1.2m,2019,2019-11-18,WV02
7_7659110_029076,LA_LIBERTAD,-78.58813984034357,-8.013353448511477,1.2m,2024,2024-08-02,WV03
7_7909085_005819,LA_LIBERTAD,-78.34236864656195,-8.234027531471572,1.2m,2021,2021-07-07,WV03
7_7809150_074725,LA_LIBERTAD,-78.46082244138022,-7.65166691655738,1.2m,2025,2025-07-09,WV03
7_7609110_027733,LA_LIBERTAD,-78.61505415449074,-8.010054516816123,1.2m,2020,2020-06-17,WV02
7_8309125_30167,LA_LIBERTAD,-77.98275944155867,-7.878375989721644,1.2m,2024,2024-08-14,WV03
7_7859085_002421,LA_LIBERTAD,-78.39041840038229,-8.228007165424614,1.2m,2021,2021-07-07,WV03
7_7709125_050375,LA_LIBERTAD,-78.52494763038557,-7.911399958273018,1.2m,2024,2024-08-02,WV03
7_7759110_037218,LA_LIBERTAD,-78.48966015591158,-8.008783595286209,1.2m,2025,2025-07-21,LG04
7_7709120_042327,LA_LIBERTAD,-78.52574748562432,-7.919888249789221,1.2m,2024,2024-08-02,WV03
7_7659110_030697,LA_LIBERTAD,-78.58529283650864,-8.044858490888435,1.2m,2019,2019-11-18,WV02
7_7759110_021892,LA_LIBERTAD,-78.48018712772773,-8.025537484521212,1.2m,2025,2025-07-21,LG04
7_7909090_005746,LA_LIBERTAD,-78.36570923962134,-8.206250345874372,1.2m,2021,2021-07-07,WV03
7_7609110_027865,LA_LIBERTAD,-78.61982254499355,-8.019473299807053,1.2m,2020,2020-06-17,WV02
7_8359090_025398,LA_LIBERTAD,-77.94963228719118,-8.185624526187787,1.2m,2022,2022-10-31,WV03
7_8109085_010641,LA_LIBERTAD,-78.18601812444786,-8.239413743107473,1.2m,2023,2023-05-15,WV02
7_7809080_000445,LA_LIBERTAD,-78.45525588328559,-8.312169646026526,1.2m,2025,2025-07-21,LG04
7_7809125_045866,LA_LIBERTAD,-78.44830594450647,-7.884974208243294,1.2m,2025,2025-07-09,WV03
7_7609125_054893,LA_LIBERTAD,-78.60507672486547,-7.889890229493843,1.2m,2024,2024-08-02,WV03
7_7509130_072273,LA_LIBERTAD,-78.70851938060893,-7.862286059823013,1.2m,2020,2020-06-17,WV02
7_7459135_076790,LA_LIBERTAD,-78.73554905159898,-7.818253211709489,1.2m,2020,2020-06-17,WV02
7_8459120_25245,LA_LIBERTAD,-77.85722188074394,-7.94033059704814,1.2m,2018,2018-06-07,GE01
7_7559105_031270,LA_LIBERTAD,-78.64734757939353,-8.070588019777897,1.2m,2019,2019-11-18,WV02
7_8159110_021438,LA_LIBERTAD,-78.12775351982455,-7.997021247480353,1.2m,2025,2025-07-16,LG02
7_7709110_016126,LA_LIBERTAD,-78.51639289128062,-8.022829147217585,1.2m,2024,2024-08-02,WV03
7_7559095_022420,LA_LIBERTAD,-78.65180694075606,-8.151425623135474,1.2m,2020,2020-07-06,WV02
7_7509125_065274,LA_LIBERTAD,-78.70094783271679,-7.894488546503188,1.2m,2020,2020-06-17,WV02
7_7509125_066631,LA_LIBERTAD,-78.69909881850253,-7.869316165565934,1.2m,2020,2020-06-17,WV02
7_8459125_04206,LA_LIBERTAD,-77.86605853183707,-7.878163142361755,1.2m,2018,2018-06-07,GE01
7_8309095_022511,LA_LIBERTAD,-77.99057045441108,-8.14056338720166,1.2m,2025,2025-05-14,LG02
7_8209090_012226,LA_LIBERTAD,-78.07880815013365,-8.183389652428687,1.2m,2025,2025-05-14,LG02
7_7659110_028106,LA_LIBERTAD,-78.57218194047064,-8.016233592345678,1.2m,2024,2024-08-02,WV03
7_7509125_066133,LA_LIBERTAD,-78.69881501239269,-7.874726452621439,1.2m,2020,2020-06-17,WV02
7_7709115_038271,LA_LIBERTAD,-78.51669581462284,-7.981501988665038,1.2m,2024,2024-08-02,WV03
7_7809105_009721,LA_LIBERTAD,-78.42974627549879,-8.061584058091647,1.2m,2025,2025-07-21,LG04
7_8159100_019263,LA_LIBERTAD,-78.09843517541572,-8.104613030226899,1.2m,2022,2022-10-31,WV03
8_1859140_002755,LA_LIBERTAD,-77.82696949194889,-7.755834569755419,1.2m,2020,2020-10-09,WV02
7_7759125_047601,LA_LIBERTAD,-78.48961100072717,-7.900449183884746,1.2m,2025,2025-07-09,WV03
7_7909090_001851,LA_LIBERTAD,-78.33472897608814,-8.21812008785121,1.2m,2021,2021-07-07,WV03
7_7609110_027289,LA_LIBERTAD,-78.6077784897688,-8.010698342368023,1.2m,2020,2020-06-17,WV02
7_8209095_021116,LA_LIBERTAD,-78.0600844668289,-8.152436598253104,1.2m,2025,2025-05-14,LG02
7_7559110_028638,LA_LIBERTAD,-78.64706875442127,-8.004965197792782,1.2m,2020,2020-06-17,WV02
7_7809160_04231,LA_LIBERTAD,-78.44126390565117,-7.559909589494249,1.2m,2025,2025-07-09,WV03
8_1809135_000378,LA_LIBERTAD,-77.85604344817352,-7.791775355891849,1.2m,2018,2018-06-07,GE01
7_7609120_12661,LA_LIBERTAD,-78.62929268790319,-7.950685164760129,1.2m,2020,2020-07-06,WV02
7_7809085_003649,LA_LIBERTAD,-78.44116116122524,-8.257747896231706,1.2m,2025,2025-07-21,LG04
7_7809160_03694,LA_LIBERTAD,-78.42075077566645,-7.563409027963528,1.2m,2025,2025-07-09,WV03
7_7609105_031361,LA_LIBERTAD,-78.64215511769459,-8.076507706387083,1.2m,2019,2019-11-18,WV02
7_7759100_012928,LA_LIBERTAD,-78.50648689270139,-8.112475232834248,1.2m,2024,2024-05-11,WV03
8_1809135_000785,LA_LIBERTAD,-77.86919101086059,-7.779511716218037,1.2m,2018,2018-06-07,GE01
7_8409115_24427,LA_LIBERTAD,-77.87966281456892,-7.975480966080367,1.2m,2018,2018-06-07,GE01
7_7709110_020712,LA_LIBERTAD,-78.5474038657876,-8.046524658984394,1.2m,2024,2024-05-11,WV03
7_8059095_003702,LA_LIBERTAD,-78.18997997960841,-8.171753354327615,1.2m,2023,2023-05-15,WV02
7_7609130_057632,LA_LIBERTAD,-78.6399798048785,-7.86315552523657,1.2m,2020,2020-06-17,WV02
7_7859160_03252,LA_LIBERTAD,-78.41729195082294,-7.5847791795108375,1.2m,2025,2025-07-09,WV03
7_8009105_021389,LA_LIBERTAD,-78.23357325891163,-8.074379418224515,1.2m,2023,2023-05-15,WV02
7_7659115_034633,LA_LIBERTAD,-78.56979281884048,-7.969370364069507,1.2m,2024,2024-08-02,WV03
7_7709125_045123,LA_LIBERTAD,-78.51315790948627,-7.9003714426557465,1.2m,2025,2025-04-09,LG03
7_7809095_006080,LA_LIBERTAD,-78.44373430479466,-8.15032922845948,1.2m,2025,2025-07-21,LG04
7_7659125_050813,LA_LIBERTAD,-78.57812642183875,-7.88540559333151,1.2m,2025,2025-04-09,LG03
7_8159105_015175,LA_LIBERTAD,-78.12401279077726,-8.057918155773883,1.2m,2023,2023-05-15,WV02
7_7659125_053910,LA_LIBERTAD,-78.5868833441142,-7.876221424490599,1.2m,2024,2024-08-02,WV03
7_7609125_056255,LA_LIBERTAD,-78.60237474177333,-7.875167338553768,1.2m,2024,2024-08-02,WV03
7_8259090_021572,LA_LIBERTAD,-78.0465311531626,-8.187790989107002,1.2m,2025,2025-05-14,LG02
7_7709100_011764,LA_LIBERTAD,-78.51006079680104,-8.09729080658557,1.2m,2024,2024-05-11,WV03
7_7709100_013746,LA_LIBERTAD,-78.52633933980636,-8.126769067831866,1.2m,2024,2024-05-11,WV03
7_7809100_007822,LA_LIBERTAD,-78.42110700179211,-8.09870856478582,1.2m,2025,2025-07-21,LG04
7_7709120_042834,LA_LIBERTAD,-78.5318104153256,-7.938257838998043,1.2m,2024,2024-08-02,WV03
7_7859100_007457,LA_LIBERTAD,-78.39250568084,-8.116873761107975,1.2m,2021,2021-07-07,WV03
7_7709105_016885,LA_LIBERTAD,-78.52554945755074,-8.051968913269217,1.2m,2024,2024-05-11,WV03
7_8359130_09903,LA_LIBERTAD,-77.95114441295803,-7.85292556995263,1.2m,2014,2014-11-22,WV03
7_8209110_018539,LA_LIBERTAD,-78.08167217287271,-8.022559246268262,1.2m,2025,2025-07-16,LG02
7_8059100_006045,LA_LIBERTAD,-78.19746171226478,-8.09734490098235,1.2m,2023,2023-05-15,WV02
7_8109100_006291,LA_LIBERTAD,-78.18319466512867,-8.098513479557996,1.2m,2023,2023-05-15,WV02
7_7609125_054783,LA_LIBERTAD,-78.60603470162411,-7.906980169342196,1.2m,2024,2024-08-02,WV03
7_7859100_007688,LA_LIBERTAD,-78.397622328511,-8.11395189141146,1.2m,2021,2021-07-07,WV03
7_7659120_052163,LA_LIBERTAD,-78.5842335544743,-7.919491436621168,1.2m,2024,2024-08-02,WV03
7_7809160_05405,LA_LIBERTAD,-78.44835982124226,-7.550648248417075,1.2m,2025,2025-07-09,WV03
7_7509135_077104,LA_LIBERTAD,-78.73309873851127,-7.801237024776392,1.2m,2020,2020-06-17,WV02
7_7759100_012922,LA_LIBERTAD,-78.50480117128447,-8.109824836868132,1.2m,2024,2024-05-11,WV03
7_7909135_085941,LA_LIBERTAD,-78.34225346228158,-7.790839021455994,1.2m,2025,2025-07-09,WV03
7_7809110_014197,LA_LIBERTAD,-78.42658647489492,-8.03492886131613,1.2m,2025,2025-07-21,LG04
7_7659110_016993,LA_LIBERTAD,-78.55384206883545,-8.031148844416386,1.2m,2024,2024-08-02,WV03
7_8159100_013388,LA_LIBERTAD,-78.11452773495292,-8.122686658885076,1.2m,2022,2022-10-31,WV03
7_7859090_002725,LA_LIBERTAD,-78.37874099780157,-8.19683159925407,1.2m,2021,2021-07-07,WV03
7_7809100_006380,LA_LIBERTAD,-78.42902372573714,-8.13675842084678,1.2m,2025,2025-07-21,LG04
7_7709100_011886,LA_LIBERTAD,-78.50877025408622,-8.09337872611577,1.2m,2024,2024-05-11,WV03
7_7809160_04261,LA_LIBERTAD,-78.44240062814245,-7.557292294310294,1.2m,2025,2025-07-09,WV03
7_7709125_045561,LA_LIBERTAD,-78.50891987507245,-7.889832655677601,1.2m,2025,2025-04-09,LG03
7_8009095_001933,LA_LIBERTAD,-78.24919795236588,-8.174957512020946,1.2m,2023,2023-05-15,WV02
7_8259090_021638,LA_LIBERTAD,-78.04622250753016,-8.195184685937747,1.2m,2025,2025-05-14,LG02
7_7709110_017224,LA_LIBERTAD,-78.54892912714621,-8.030379394069504,1.2m,2024,2024-08-02,WV03
7_7709110_021564,LA_LIBERTAD,-78.53002382294638,-8.020727216611991,1.2m,2024,2024-08-02,WV03
7_7559130_068459,LA_LIBERTAD,-78.67074613496104,-7.829676821317417,1.2m,2020,2020-06-17,WV02
7_6609200_19532,LA_LIBERTAD,-79.51639785446358,-7.213565682773508,1.2m,2024,2024-12-02,LG01
7_8059095_003053,LA_LIBERTAD,-78.1912108648653,-8.163141435512994,1.2m,2023,2023-05-15,WV02
7_8109105_017426,LA_LIBERTAD,-78.17845553605372,-8.042798427526632,1.2m,2023,2023-05-15,WV02
7_8359130_09905,LA_LIBERTAD,-77.95151220580479,-7.8523947627462105,1.2m,2014,2014-11-22,WV03
7_7859100_007738,LA_LIBERTAD,-78.38676456469571,-8.114059708489833,1.2m,2021,2021-07-07,WV03
7_7709115_035519,LA_LIBERTAD,-78.53671720960638,-7.984523862736679,1.2m,2024,2024-08-02,WV03
7_8309095_021996,LA_LIBERTAD,-77.99066451915124,-8.162122931941187,1.2m,2022,2022-10-31,WV03
8_1909140_010049,LA_LIBERTAD,-77.7753391001085,-7.755869941210843,1.2m,2020,2020-10-09,WV02
7_7759125_040761,LA_LIBERTAD,-78.49315903277504,-7.9106678334238065,1.2m,2025,2025-07-09,WV03
7_7659105_025437,LA_LIBERTAD,-78.5591082384845,-8.091238429610193,1.2m,2024,2024-05-11,WV03
7_7709160_083381,LA_LIBERTAD,-78.52726777507631,-7.564322756890394,1.2m,2024,2024-08-02,WV03
7_7559120_064145,LA_LIBERTAD,-78.65766799011232,-7.953337829132055,1.2m,2020,2020-07-06,WV02
7_7459135_074523,LA_LIBERTAD,-78.75411635834978,-7.812232394737711,1.2m,2021,2021-10-26,GE01
8_1909140_010156,LA_LIBERTAD,-77.7757841044284,-7.759444065047617,1.2m,2020,2020-10-09,WV02
7_7459135_074566,LA_LIBERTAD,-78.76485802315156,-7.8151510218127616,1.2m,2021,2021-10-26,GE01
8_3708555_00533,LIMA,-76.199722975274,-13.030536184545962,1.2m,2025,2025-04-10,LG01
8_3708560_01068,LIMA,-76.16756353509122,-13.0065038626907,1.2m,2025,2025-05-08,LG02
8_2108785_14154,LIMA,-77.61249106676081,-10.959647431774167,1.2m,2025,2025-10-04,LG03
8_2258770_23930,LIMA,-77.48895215423423,-11.09912440916218,1.2m,2025,2025-03-21,LG01
8_2308760_30023,LIMA,-77.4376998979433,-11.187403503328191,1.2m,2025,2025-03-21,LG01
8_3558550_12789,LIMA,-76.33892741824991,-13.076495562076033,1.2m,2025,2025-04-04,LG01
8_3558550_018067,LIMA,-76.31651443937167,-13.09160803851438,1.2m,2025,2025-04-04,LG01
8_3758565_05449,LIMA,-76.14572726977524,-12.968291873446324,1.2m,2023,2023-11-28,WV02
8_3358615_15003,LIMA,-76.51454081469146,-12.521698244212676,1.2m,2025,2025-03-25,LG02
8_2308755_02924,LIMA,-77.43020373531873,-11.22641375958295,1.2m,2025,2025-03-21,LG01
8_2308760_03052,LIMA,-77.43323388661926,-11.202581699368295,1.2m,2025,2025-03-21,LG01
8_2808740_011566,LIMA,-77.00200166787026,-11.357243964070864,1.2m,2021,2021-02-03,WV02
8_3508550_01076,LIMA,-76.38170225076405,-13.108998529821308,1.2m,2025,2025-03-10,WV03
8_2658725_04610,LIMA,-77.14924578483651,-11.485302532867703,1.2m,2025,2025-09-15,LG06
8_2608730_06276,LIMA,-77.19126936056254,-11.454655311469843,1.2m,2025,2025-05-17,LG01
8_3508550_07743,LIMA,-76.35168861679838,-13.099806290565466,1.2m,2025,2025-04-04,LG01
8_2558730_06455,LIMA,-77.21446644792935,-11.449116451237643,1.2m,2025,2025-05-17,LG01
8_2108855_018214,LIMA,-77.63643841210433,-10.347045584107768,1.2m,2023,2023-01-23,WV02
8_3458550_00517,LIMA,-76.41705348645843,-13.071049478757413,1.2m,2025,2025-03-10,WV03
8_3508560_04505,LIMA,-76.38512982181604,-13.001789589591468,1.2m,2025,2025-03-10,WV03
8_2258775_04709,LIMA,-77.4754447821235,-11.043750574765774,1.2m,2025,2025-03-21,LG01
8_2158770_17661,LIMA,-77.56847489226536,-11.097078288144239,1.2m,2025,2025-10-09,LG05
8_3258610_019606,LIMA,-76.60354717063484,-12.563154404364544,1.2m,2025,2025-10-09,LG01
8_3258610_09361,LIMA,-76.60559129765532,-12.569375581909098,1.2m,2025,2025-10-09,LG01
8_2608825_022513,LIMA,-77.16552183656974,-10.581024219078877,1.2m,2025,2025-08-28,LG02
8_2158770_032661,LIMA,-77.58231545475255,-11.093596466020784,1.2m,2025,2025-10-09,LG05
8_1958810_100028,LIMA,-77.76448624989416,-10.72683913078452,1.2m,2024,2024-11-27,LG01
8_3408615_020463,LIMA,-76.47260446501386,-12.517328606827434,1.2m,2025,2025-08-10,LG02
8_2258770_06346,LIMA,-77.50352960219121,-11.089283876340083,1.2m,2025,2025-10-09,LG05
8_2508735_06726,LIMA,-77.26080418796656,-11.420087298275384,1.2m,2025,2025-05-17,LG01
8_3508550_06671,LIMA,-76.35028686620643,-13.074187202334155,1.2m,2025,2025-04-04,LG01
8_3708555_00625,LIMA,-76.19381561998281,-13.030646451935791,1.2m,2025,2025-04-10,LG01
8_2358760_02611,LIMA,-77.41702374776466,-11.203342857379273,1.2m,2025,2025-03-21,LG01
8_3858575_11503,LIMA,-76.05154105108117,-12.867844202839706,1.2m,2025,2025-04-13,LG02
8_2058850_018153,LIMA,-77.69054242572206,-10.387998518713907,1.2m,2023,2023-01-23,WV02
8_3208600_017751,LIMA,-76.64386967531405,-12.628527194729774,1.2m,2025,2025-10-14,LG04
8_3208595_01574,LIMA,-76.63764633089764,-12.685177895086653,1.2m,2024,2024-02-23,WV03
8_3658550_14056,LIMA,-76.2334114701062,-13.080132021129796,1.2m,2025,2025-04-10,LG01
8_1958830_13966,LIMA,-77.74435146087089,-10.56075497985151,1.2m,2023,2023-09-23,WV02
8_3508550_06478,LIMA,-76.34945430024983,-13.115116280171954,1.2m,2025,2025-04-04,LG01
8_3208595_01402,LIMA,-76.65112078353798,-12.685266427745749,1.2m,2024,2024-02-23,WV03
8_2308790_11414,LIMA,-77.4540792184457,-10.93016941099589,1.2m,2025,2025-01-26,LG02
8_3208595_02361,LIMA,-76.62996539722721,-12.681649390193975,1.2m,2024,2024-02-23,WV03
8_3158605_024575,LIMA,-76.66502655808391,-12.58174547971123,1.2m,2025,2025-10-14,LG04
8_2558810_12352,LIMA,-77.23535230733523,-10.747467609083138,1.2m,2023,2023-07-06,GE01
8_2458755_01042,LIMA,-77.29751121515795,-11.226288265328723,1.2m,2022,2022-03-25,WV02
8_3558555_16450,LIMA,-76.33102325594922,-13.068559382991722,1.2m,2025,2025-04-04,LG01
8_2158770_20511,LIMA,-77.58531771413837,-11.100059394152405,1.2m,2025,2025-10-09,LG05
8_3408560_017114,LIMA,-76.43426166870651,-12.989720968596966,1.2m,2025,2025-03-10,WV03
8_2608825_022631,LIMA,-77.16704453812761,-10.591767993575655,1.2m,2023,2023-05-15,WV03
8_2608735_06414,LIMA,-77.19682670677915,-11.428652262530544,1.2m,2024,2024-12-12,LG02
8_2158770_19549,LIMA,-77.57517330519684,-11.098335896013047,1.2m,2025,2025-10-09,LG05
8_3208605_024339,LIMA,-76.61929391756429,-12.58676531993304,1.2m,2025,2025-10-14,LG04
8_2508730_06715,LIMA,-77.25656305056435,-11.443212193492656,1.2m,2025,2025-05-17,LG01
8_2458805_11566,LIMA,-77.29795820407669,-10.789435412198756,1.2m,2023,2023-07-06,GE01
8_3508545_01360,LIMA,-76.37876770023982,-13.128472028559454,1.2m,2025,2025-03-10,WV03
8_2858745_011661,LIMA,-76.95154876824898,-11.34725062250331,1.2m,2025,2025-06-01,WV03
8_2408755_01732,LIMA,-77.36792256939303,-11.241917236399484,1.2m,2025,2025-01-13,LG02
8_2058820_00513,LIMA,-77.65598500615357,-10.650696328556815,1.2m,2025,2025-10-04,LG03
8_3208730_08651,LIMA,-76.60623939620208,-11.447806804481775,1.2m,2019,2019-07-28,GE01
8_3458625_023120,LIMA,-76.42180694661252,-12.430280280543833,1.2m,2023,2023-12-14,WV02
8_3508555_16560,LIMA,-76.34749160569575,-13.029359251118912,1.2m,2025,2025-04-04,LG01
8_2058800_10056,LIMA,-77.68565702664048,-10.846119994502128,1.2m,2021,2021-01-22,GE01
8_2308755_02925,LIMA,-77.43091672846292,-11.224647135977278,1.2m,2025,2025-03-21,LG01
8_3258615_019430,LIMA,-76.57562314951863,-12.524902774105264,1.2m,2025,2025-03-25,LG02
8_3258610_06794,LIMA,-76.60453824223208,-12.56193880689851,1.2m,2025,2025-10-09,LG01
8_3558550_13377,LIMA,-76.32182519535593,-13.096107991905411,1.2m,2025,2025-04-04,LG01
8_2558725_03597,LIMA,-77.20499224452448,-11.515093631502477,1.2m,2025,2025-06-24,LG01
8_2458730_02302,LIMA,-77.30995988001993,-11.476768246742207,1.2m,2022,2022-03-25,WV02
8_2258760_03405,LIMA,-77.49202355819976,-11.193838861064602,1.2m,2025,2025-03-21,LG01
8_1958810_100021,LIMA,-77.75696833244633,-10.722098465766269,1.2m,2024,2024-11-27,LG01
8_2008840_13166,LIMA,-77.73766310619575,-10.462118750409193,1.2m,2023,2023-01-23,WV02
8_3008705_009437,LIMA,-76.80455640429446,-11.681854507895249,1.2m,2025,2025-07-13,LG01
8_3208680_00652,LIMA,-76.63067143840328,-11.922653514230035,1.2m,2025,2025-07-16,LG02
8_2008845_13128,LIMA,-77.70582255592734,-10.406155619933209,1.2m,2023,2023-01-23,WV02
8_2508730_05300,LIMA,-77.24846850655629,-11.46219049081391,1.2m,2025,2025-05-17,LG01
8_3758570_07017,LIMA,-76.11629784768357,-12.936206112258537,1.2m,2023,2023-11-28,WV02
8_2558725_010107,LIMA,-77.20904492024917,-11.519522285381646,1.2m,2025,2025-06-24,LG01
8_3208605_09672,LIMA,-76.63229501974787,-12.614471217465855,1.2m,2025,2025-10-14,LG04
8_3458565_03260,LIMA,-76.41819251417056,-12.968335148249238,1.2m,2024,2024-12-26,WV03
8_3558550_13371,LIMA,-76.32651626359294,-13.095562344448066,1.2m,2025,2025-04-04,LG01
8_3458625_023218,LIMA,-76.398303301774,-12.399573717229863,1.2m,2023,2023-12-14,WV02
8_2608825_023068,LIMA,-77.17277072948126,-10.591865187287496,1.2m,2023,2023-05-15,WV03
8_2508765_04207,LIMA,-77.28238160515,-11.136001913401174,1.2m,2022,2022-03-25,WV02
8_2058850_018170,LIMA,-77.69158943753258,-10.394303071961819,1.2m,2023,2023-01-23,WV02
8_2358755_02809,LIMA,-77.42853796159326,-11.214511028286339,1.2m,2025,2025-03-21,LG01
8_3208595_00881,LIMA,-76.62957712692163,-12.67643303884607,1.2m,2024,2024-02-23,WV03
8_2308760_03074,LIMA,-77.43865536924311,-11.185293753861165,1.2m,2025,2025-03-21,LG01
8_3858575_12513,LIMA,-76.0203889068458,-12.857201330707174,1.2m,2025,2025-04-13,LG02
8_2508735_010299,LIMA,-77.2523236623986,-11.43418659140449,1.2m,2025,2025-05-17,LG01
8_3458625_023132,LIMA,-76.41825592950505,-12.427366032835897,1.2m,2023,2023-12-14,WV02
8_3208600_14093,LIMA,-76.63796398292774,-12.651685098034513,1.2m,2025,2025-10-14,LG04
8_3358615_019657,LIMA,-76.49267338484017,-12.522676805525691,1.2m,2025,2025-08-10,LG02
8_2558720_03003,LIMA,-77.2423747283079,-11.546163353854972,1.2m,2025,2025-06-24,LG01
8_3208605_024328,LIMA,-76.62650003590603,-12.592833887132741,1.2m,2025,2025-10-14,LG04
8_3208600_01841,LIMA,-76.63746898457825,-12.653099138514504,1.2m,2024,2024-02-23,WV03
8_2258760_30093,LIMA,-77.49639680988064,-11.189195558649477,1.2m,2025,2025-03-21,LG01
8_3508550_06440,LIMA,-76.35214958646701,-13.104500718216274,1.2m,2025,2025-04-04,LG01
8_3708555_00584,LIMA,-76.19598196282767,-13.032013822290526,1.2m,2025,2025-04-10,LG01
8_3858575_11816,LIMA,-76.04689683896419,-12.857816561130692,1.2m,2025,2025-04-13,LG02
8_2958705_04059,LIMA,-76.86254128359232,-11.6970432414513,1.2m,2025,2025-07-09,WV03
8_2608730_010576,LIMA,-77.19611234771608,-11.45919207231141,1.2m,2025,2025-05-17,LG01
8_2508735_06755,LIMA,-77.26353054859939,-11.433263239087065,1.2m,2022,2022-03-25,WV02
8_2058795_09942,LIMA,-77.69993176522632,-10.851677777443511,1.2m,2021,2021-01-22,GE01
8_3508555_06338,LIMA,-76.38536720781741,-13.050691861767262,1.2m,2025,2025-03-10,WV03
8_3758570_07010,LIMA,-76.11610896975715,-12.934340190475329,1.2m,2023,2023-11-28,WV02
8_3458555_017244,LIMA,-76.40394177999588,-13.049847496955314,1.2m,2025,2025-03-10,WV03
8_2308770_05654,LIMA,-77.45457961657375,-11.094717531486014,1.2m,2025,2025-03-21,LG01
8_2158770_17213,LIMA,-77.57665283476496,-11.111401421808942,1.2m,2025,2025-10-09,LG05
8_3658660_050671,LIMA,-76.22875909765582,-12.102483837838639,1.2m,2021,2021-07-24,WV02
8_1908810_02215,LIMA,-77.80040611067625,-10.71702890304141,1.2m,2023,2023-12-23,WV03
8_3508565_09201,LIMA,-76.35237596727848,-12.956984967775625,1.2m,2024,2024-11-30,WV03
8_3208680_00609,LIMA,-76.6426089421984,-11.927916689052864,30cm,2024,2024-07-26,WV03
8_3308585_01221,LIMA,-76.55760243768803,-12.77546800879736,1.2m,2025,2025-03-25,LG02
8_2658725_04903,LIMA,-77.11807865707236,-11.496585568191655,1.2m,2025,2025-09-15,LG06
8_2108805_08147,LIMA,-77.63710609114642,-10.76033927425756,1.2m,2025,2025-10-04,LG03
8_2158770_21694,LIMA,-77.59165702650498,-11.080640493484054,1.2m,2025,2025-10-09,LG05
8_2158770_17061,LIMA,-77.58291653108847,-11.108736891408107,1.2m,2025,2025-10-09,LG05
8_2058815_02983,LIMA,-77.68247918350826,-10.690048059244054,1.2m,2021,2021-06-16,WV02
8_3458555_06536,LIMA,-76.3910891824549,-13.070727129722911,1.2m,2025,2025-03-10,WV03
8_2908705_009320,LIMA,-76.91608122792753,-11.68052355756305,1.2m,2025,2025-10-05,WV03
8_2158820_02604,LIMA,-77.60344253787947,-10.656907194434984,1.2m,2025,2025-10-04,LG03
8_2108785_13930,LIMA,-77.64819682742859,-10.95010851869243,1.2m,2025,2025-10-04,LG03
8_3508555_05015,LIMA,-76.3734961217375,-13.027463161405006,1.2m,2025,2025-03-10,WV03
8_3308585_00859,LIMA,-76.53564341831395,-12.76986729403958,1.2m,2025,2025-03-25,LG02
8_2058800_10245,LIMA,-77.68708155649271,-10.81010132594312,1.2m,2021,2021-01-22,GE01
8_3458555_05667,LIMA,-76.39506729836336,-13.028224928009928,1.2m,2025,2025-03-10,WV03
8_3458560_16781,LIMA,-76.38762052434343,-13.024176663957537,1.2m,2025,2025-03-10,WV03
8_3208605_09432,LIMA,-76.61590276597457,-12.597651127550428,1.2m,2025,2025-10-14,LG04
8_3558545_018403,LIMA,-76.33435266603033,-13.126172395162037,1.2m,2025,2025-04-04,LG01
8_2008805_02026,LIMA,-77.74374008274708,-10.761214697679087,1.2m,2024,2024-11-27,LG01
8_2308770_05428,LIMA,-77.43472479736073,-11.091140512097063,1.2m,2025,2025-03-21,LG01
8_2608825_022947,LIMA,-77.16605392919891,-10.619735123275019,1.2m,2023,2023-05-15,WV03
8_3208725_10462,LIMA,-76.64531379959998,-11.506674798430058,1.2m,2025,2025-07-16,LG02
8_2008805_04773,LIMA,-77.73828468246137,-10.79722169306218,1.2m,2024,2024-11-27,LG01
8_3558555_09727,LIMA,-76.33163951284538,-13.049263482257977,1.2m,2025,2025-04-04,LG01
8_2008810_04859,LIMA,-77.7203129586297,-10.737689687187363,1.2m,2024,2024-11-27,LG01
8_2008815_00644,LIMA,-77.7030175532378,-10.670183445941088,1.2m,2021,2021-06-16,WV02
8_2158770_15084,LIMA,-77.60439227468339,-11.089997123568098,1.2m,2024,2024-11-13,WV03
8_3508560_09390,LIMA,-76.37254991631937,-12.994451663614427,1.2m,2025,2025-03-10,WV03
8_3458565_03372,LIMA,-76.40050871559868,-12.977055235063425,1.2m,2025,2025-03-10,WV03
8_2058800_10559,LIMA,-77.68196656378805,-10.844818629879168,1.2m,2021,2021-01-22,GE01
8_2058800_10206,LIMA,-77.67648190982135,-10.81616592284163,1.2m,2022,2022-11-22,WV02
8_3508555_09954,LIMA,-76.34521911259333,-13.028100399518504,1.2m,2025,2025-04-04,LG01
8_3458555_05336,LIMA,-76.41094328589804,-13.029610120355816,1.2m,2025,2025-03-10,WV03
8_3808575_10400,LIMA,-76.0694738167,-12.875546103805616,1.2m,2025,2025-04-13,LG02
8_2158770_22943,LIMA,-77.56892833782355,-11.074958028493338,1.2m,2025,2025-10-09,LG05
8_3208600_00387,LIMA,-76.63687119014844,-12.660139946811306,1.2m,2024,2024-02-23,WV03
8_2058805_08716,LIMA,-77.6922955828419,-10.8016869776189,1.2m,2021,2021-01-22,GE01
8_2158770_24030,LIMA,-77.58361449977436,-11.094823532934113,1.2m,2025,2025-10-09,LG05
8_2258790_11266,LIMA,-77.50179823359449,-10.89607754892186,1.2m,2024,2024-01-24,WV02
8_3458550_100298,LIMA,-76.39776733765277,-13.075312510565936,1.2m,2025,2025-03-10,WV03
8_2108810_08365,LIMA,-77.65175842269929,-10.753561588741903,1.2m,2025,2025-10-04,LG03
8_1958810_03611,LIMA,-77.75315892430629,-10.739992870447654,1.2m,2024,2024-11-27,LG01
8_2158770_21141,LIMA,-77.58176079172921,-11.088602598541083,1.2m,2025,2025-10-09,LG05
8_3208605_06576,LIMA,-76.6197865056129,-12.588392733117306,1.2m,2025,2025-10-14,LG04
8_3158725_16817,LIMA,-76.66416159037126,-11.49254807133829,1.2m,2024,2024-07-26,WV03
8_3208730_09324,LIMA,-76.63124645623654,-11.482100610528846,1.2m,2025,2025-07-10,LG02
8_2808745_011595,LIMA,-76.98423640820636,-11.346915970483657,1.2m,2025,2025-06-01,WV03
8_2208765_06541,LIMA,-77.54626036638126,-11.131844810759262,1.2m,2025,2025-10-09,LG05
8_3058725_17417,LIMA,-76.76823080272973,-11.500147914036976,1.2m,2025,2025-06-01,WV03
8_3258730_08530,LIMA,-76.603238568006,-11.454235865580166,1.2m,2019,2019-07-28,GE01
8_3208725_10437,LIMA,-76.61764240992099,-11.525594487826734,1.2m,2025,2025-07-10,LG02
8_3108725_17002,LIMA,-76.71329483680891,-11.52567963502201,1.2m,2025,2025-06-01,WV03
8_2258795_11190,LIMA,-77.50285117106053,-10.885982067798903,1.2m,2024,2024-01-24,WV02
8_2108780_09865,LIMA,-77.64142729901793,-11.010932592070567,1.2m,2025,2025-10-04,LG03
8_3658660_050275,LIMA,-76.23475862615183,-12.093833554432628,1.2m,2021,2021-07-24,WV02
8_3258735_14819,LIMA,-76.57573840657372,-11.4094348360363,1.2m,2022,2022-08-16,WV03
8_3208720_10962,LIMA,-76.62077053302829,-11.532767812058573,1.2m,2025,2025-07-10,LG02
8_3658655_052346,LIMA,-76.21035501789936,-12.157292133361615,1.2m,2021,2021-07-24,WV02
8_3208735_08673,LIMA,-76.61227512270989,-11.438895756239905,1.2m,2023,2023-11-02,WV03
8_2358790_20824,LIMA,-77.38108266489927,-10.898327683046725,1.2m,2025,2025-05-20,LG02
8_2758840_21611,LIMA,-77.02486849464938,-10.473563876591431,1.2m,2023,2023-08-19,WV03
8_3658655_052300,LIMA,-76.2109218652931,-12.153695720504176,1.2m,2021,2021-07-24,WV02
8_1958810_01515,LIMA,-77.77841488576016,-10.720915482553153,1.2m,2024,2024-11-27,LG01
8_3208605_06559,LIMA,-76.62422874580301,-12.586388658521612,1.2m,2025,2025-10-14,LG04
8_3558555_017889,LIMA,-76.33484197270931,-13.05299302311742,1.2m,2025,2025-04-04,LG01
8_2158770_22258,LIMA,-77.57932931962753,-11.076189647259962,1.2m,2025,2025-10-09,LG05
8_2858700_00203,LIMA,-76.97454782093578,-11.734033272997136,30cm,2025,2025-02-21,LG02
8_3208600_04800,LIMA,-76.6427472753854,-12.629043520670614,1.2m,2025,2025-10-14,LG04
8_2658830_022087,LIMA,-77.11978343783974,-10.564075288021378,1.2m,2025,2025-08-28,LG02
8_2658830_021683,LIMA,-77.12363857844858,-10.547149652789543,1.2m,2025,2025-08-28,LG02
8_3508560_10110,LIMA,-76.34567709843222,-12.983735931024825,1.2m,2024,2024-11-30,WV03
8_3208605_10038,LIMA,-76.63144607821239,-12.61425579864467,1.2m,2025,2025-10-14,LG04
8_3658655_051878,LIMA,-76.21103073536415,-12.161817906332185,1.2m,2021,2021-07-24,WV02
8_3208730_09190,LIMA,-76.61924926834158,-11.482132596865794,1.2m,2025,2025-07-10,LG02
8_3208730_08292,LIMA,-76.6171077388152,-11.462237577715555,1.2m,2024,2024-07-26,WV03
8_3158725_16906,LIMA,-76.67513662815936,-11.491970075456344,1.2m,2024,2024-07-26,WV03
8_3208735_08684,LIMA,-76.60975239304541,-11.436927690885833,1.2m,2019,2019-07-28,GE01
8_2158770_17348,LIMA,-77.5701957330411,-11.11052803233289,1.2m,2025,2025-10-09,LG05
8_3208730_16580,LIMA,-76.64136167744402,-11.471942346581256,1.2m,2025,2025-07-16,LG02
8_3658660_050394,LIMA,-76.23134435955009,-12.097378752967497,1.2m,2021,2021-07-24,WV02
8_3208725_10375,LIMA,-76.65171009511116,-11.496213046113196,1.2m,2025,2025-07-16,LG02
8_2058800_08774,LIMA,-77.69504786653916,-10.805248515758526,1.2m,2024,2024-11-27,LG01
8_2108820_00389,LIMA,-77.64001774582238,-10.653160635104204,1.2m,2025,2025-10-04,LG03
8_2258765_30180,LIMA,-77.51482726220803,-11.143804025631315,1.2m,2025,2025-10-09,LG05
8_2858745_011655,LIMA,-76.95774936118391,-11.347952510181813,1.2m,2025,2025-06-01,WV03
8_3708655_051333,LIMA,-76.19080752739964,-12.1279031012213,1.2m,2021,2021-07-24,WV02
8_2158770_24575,LIMA,-77.57092329093784,-11.081924039464095,1.2m,2025,2025-10-09,LG05
8_1908820_018481,LIMA,-77.80337936421132,-10.632458446025344,1.2m,2023,2023-09-23,WV02
8_3208725_09408,LIMA,-76.62313018724143,-11.491902947048382,1.2m,2025,2025-07-10,LG02
8_2458725_02444,LIMA,-77.3193967970576,-11.49949768999659,1.2m,2022,2022-03-25,WV02
8_2658725_04812,LIMA,-77.12345057691752,-11.501000701437386,1.2m,2025,2025-09-15,LG06
9_3008110_00763,MOQUEGUA,-70.84093343862716,-17.05811640007568,1.2m,2023,2023-09-19,GE01
9_2858155_04002,MOQUEGUA,-70.99071345987983,-16.640969628361105,1.2m,2025,2025-01-12,WV03
9_3008110_00108,MOQUEGUA,-70.87445828189922,-17.08768424767728,1.2m,2024,2024-05-14,WV03
9_2958105_00453,MOQUEGUA,-70.89360857699764,-17.118304401850985,1.2m,2024,2024-05-14,WV03
9_3008100_00070,MOQUEGUA,-70.87523202459381,-17.168330564112644,1.2m,2024,2024-05-14,WV03
9_2858145_03586,MOQUEGUA,-71.0058697000097,-16.73343040144115,1.2m,2025,2025-01-12,WV03
9_2908150_02990,MOQUEGUA,-70.9711420477562,-16.69245813872902,1.2m,2022,2022-05-19,GE01
9_2608135_04777,MOQUEGUA,-71.24789786738825,-16.82371623509967,1.2m,2025,2025-07-30,LG03
9_2858155_01910,MOQUEGUA,-70.97631389520079,-16.67662195674169,1.2m,2022,2022-05-19,GE01
9_3008180_02054,MOQUEGUA,-70.83602713931644,-16.414006235430577,1.2m,2023,2023-06-29,WV02
9_3008105_00394,MOQUEGUA,-70.88132707362276,-17.096511246853986,1.2m,2024,2024-05-14,WV03
9_2908150_02809,MOQUEGUA,-70.96143715306889,-16.689614143518668,1.2m,2022,2022-05-19,GE01
9_3008145_06790,MOQUEGUA,-70.87394843950689,-16.755775217251916,1.2m,2021,2021-03-11,WV02
9_3008100_02001,MOQUEGUA,-70.86034232625329,-17.150939547328413,1.2m,2024,2024-05-14,WV03
9_2858150_03873,MOQUEGUA,-70.99159335832087,-16.70079032925953,1.2m,2025,2025-01-12,WV03
9_2858150_05525,MOQUEGUA,-70.9797614452902,-16.697426235832364,1.2m,2022,2022-05-19,GE01
9_2858150_05673,MOQUEGUA,-70.98441729699611,-16.70528724931288,1.2m,2022,2022-05-19,GE01
9_3158140_17016,MOQUEGUA,-70.734813746453,-16.791285809391148,1.2m,2023,2023-01-13,WV02
9_2908150_05758,MOQUEGUA,-70.96459321429674,-16.696351070276872,1.2m,2022,2022-05-19,GE01
9_2908155_06209,MOQUEGUA,-70.96628379825202,-16.63781130309468,1.2m,2022,2022-05-19,GE01
9_2958095_00521,MOQUEGUA,-70.92258028438405,-17.186422224217402,1.2m,2025,2025-05-07,LG01
9_3008125_002579,MOQUEGUA,-70.84272981285568,-16.940830582543143,1.2m,2021,2021-09-17,WV02
9_2858150_05604,MOQUEGUA,-70.98355869219287,-16.70693113419106,1.2m,2022,2022-05-19,GE01
9_2908155_00796,MOQUEGUA,-70.96230104687737,-16.656199296980304,1.2m,2022,2022-05-19,GE01
9_2858080_01003,MOQUEGUA,-70.98915861405273,-17.324428574825482,1.2m,2025,2025-05-07,LG01
9_3008105_00133,MOQUEGUA,-70.87846712680619,-17.095419242579716,1.2m,2024,2024-05-14,WV03
9_2658155_04277,MOQUEGUA,-71.17455592607695,-16.66752376446245,1.2m,2025,2025-05-17,WV03
9_2858080_02155,MOQUEGUA,-70.98883226519641,-17.321593451012454,1.2m,2025,2025-05-07,LG01
9_2608145_04597,MOQUEGUA,-71.24484573764549,-16.754730375880243,1.2m,2025,2025-07-30,LG03
9_3008110_00094,MOQUEGUA,-70.85949714177801,-17.088063189477438,1.2m,2024,2024-05-14,WV03
9_2858155_007290,MOQUEGUA,-70.9829291439537,-16.680632231083713,1.2m,2022,2022-05-19,GE01
9_3158135_04448,MOQUEGUA,-70.71997446626406,-16.82016578274792,1.2m,2023,2023-01-13,WV02
9_2858150_05653,MOQUEGUA,-70.98198066204847,-16.702538080383082,1.2m,2022,2022-05-19,GE01
9_2858155_02172,MOQUEGUA,-70.97831061132463,-16.672929552249236,1.2m,2022,2022-05-19,GE01
9_2908155_06710,MOQUEGUA,-70.96064585048336,-16.664286452633185,1.2m,2022,2022-05-19,GE01
9_2858150_03672,MOQUEGUA,-70.99567030753514,-16.718083458919793,1.2m,2025,2025-01-12,WV03
9_2858145_03572,MOQUEGUA,-71.00733211853738,-16.741934469126825,1.2m,2025,2025-01-12,WV03
9_3008110_01655,MOQUEGUA,-70.85350785157125,-17.080988330917336,1.2m,2024,2024-05-14,WV03
9_2858150_05514,MOQUEGUA,-70.97943336657676,-16.69701784573941,1.2m,2022,2022-05-19,GE01
9_2958095_00518,MOQUEGUA,-70.92086864268624,-17.186670171920802,1.2m,2025,2025-05-07,LG01
9_3008105_00222,MOQUEGUA,-70.87217537354609,-17.095821909436793,1.2m,2024,2024-05-14,WV03
9_2858085_02470,MOQUEGUA,-70.98821727536979,-17.311371404916912,1.2m,2025,2025-05-07,LG01
9_2858145_007534,MOQUEGUA,-71.00653126083489,-16.73570415465552,1.2m,2025,2025-01-12,WV03
9_2658155_08503,MOQUEGUA,-71.15979783530909,-16.668302475426195,1.2m,2025,2025-05-17,WV03
9_3008180_00411,MOQUEGUA,-70.8587341281472,-16.41531051550278,1.2m,2024,2024-06-03,WV03
9_2858150_03526,MOQUEGUA,-70.99490634360453,-16.70291490106455,1.2m,2025,2025-01-12,WV03
9_3008100_00008,MOQUEGUA,-70.86196885618403,-17.15354955519106,1.2m,2024,2024-05-14,WV03
9_2858150_007480,MOQUEGUA,-70.9906764229113,-16.705189985099253,1.2m,2025,2025-01-12,WV03
9_2858155_01929,MOQUEGUA,-70.97405737593348,-16.676169898407252,1.2m,2022,2022-05-19,GE01
9_2858150_05538,MOQUEGUA,-70.98104568147323,-16.698803264919903,1.2m,2022,2022-05-19,GE01
9_2958100_00340,MOQUEGUA,-70.92418639524102,-17.17548481726385,1.2m,2025,2025-05-07,LG01
9_3008100_02249,MOQUEGUA,-70.84700662494411,-17.134405034300777,1.2m,2024,2024-05-14,WV03
9_3008110_00843,MOQUEGUA,-70.83691460481185,-17.067252493940394,1.2m,2023,2023-09-19,GE01
9_2908095_01303,MOQUEGUA,-70.96635227085403,-17.20660786518218,1.2m,2025,2025-05-07,LG01
9_2858080_00981,MOQUEGUA,-70.9940979045502,-17.318149433705287,1.2m,2025,2025-05-07,LG01
9_2658150_05175,MOQUEGUA,-71.17218060173937,-16.711446789844317,1.2m,2025,2025-05-17,WV03
9_2658145_05455,MOQUEGUA,-71.18038213881991,-16.765683449336706,1.2m,2025,2025-05-17,WV03
9_2908155_00193,MOQUEGUA,-70.96827592932276,-16.63821060754784,1.2m,2022,2022-05-19,GE01
9_3008115_01705,MOQUEGUA,-70.85830405957307,-17.038133742095052,1.2m,2023,2023-09-19,GE01
9_2908100_01098,MOQUEGUA,-70.95294188628296,-17.178656954443227,1.2m,2025,2025-05-07,LG01
9_2858155_06526,MOQUEGUA,-70.99160355404604,-16.658525619799534,1.2m,2025,2025-01-12,WV03
9_2858150_05555,MOQUEGUA,-70.97987621004438,-16.699195284890493,1.2m,2022,2022-05-19,GE01
9_2908155_06771,MOQUEGUA,-70.96190332262006,-16.656672022902033,1.2m,2022,2022-05-19,GE01
9_2908155_00575,MOQUEGUA,-70.96912294531407,-16.65314671181313,1.2m,2022,2022-05-19,GE01
9_2858155_01995,MOQUEGUA,-70.98062000724555,-16.68074013282577,1.2m,2022,2022-05-19,GE01
9_3008110_00747,MOQUEGUA,-70.83812761887658,-17.057240323546665,1.2m,2023,2023-09-19,GE01
9_2908100_01670,MOQUEGUA,-70.93992844662549,-17.177995400969742,1.2m,2025,2025-05-07,LG01
9_2858150_06152,MOQUEGUA,-70.99214066449613,-16.708717592909032,1.2m,2025,2025-01-12,WV03
9_3208140_03952,MOQUEGUA,-70.68920756299076,-16.81365998145195,1.2m,2023,2023-01-13,WV02
9_2858155_02152,MOQUEGUA,-70.97685152787724,-16.6728261666251,1.2m,2022,2022-05-19,GE01
9_2658145_07133,MOQUEGUA,-71.18211564160949,-16.727880363269193,1.2m,2025,2025-05-17,WV03
9_2908155_007335,MOQUEGUA,-70.96516579611868,-16.671784732224687,1.2m,2022,2022-05-19,GE01
9_3008100_02037,MOQUEGUA,-70.851921579161,-17.139402405994268,1.2m,2024,2024-05-14,WV03
9_2858150_06028,MOQUEGUA,-70.97354313381928,-16.69301700994751,1.2m,2022,2022-05-19,GE01
9_2908095_01520,MOQUEGUA,-70.96299719945736,-17.197552196019913,1.2m,2025,2025-05-07,LG01
9_2958095_00481,MOQUEGUA,-70.90954176887223,-17.179784273031643,1.2m,2024,2024-05-14,WV03
9_3008110_01298,MOQUEGUA,-70.85027878397277,-17.06940703489095,1.2m,2023,2023-09-19,GE01
9_2858155_007114,MOQUEGUA,-70.97493155653854,-16.670887031025863,1.2m,2022,2022-05-19,GE01
9_2908150_02748,MOQUEGUA,-70.96337431449113,-16.689103724318464,1.2m,2022,2022-05-19,GE01
9_2858150_02483,MOQUEGUA,-70.97825763007627,-16.681533657353306,1.2m,2022,2022-05-19,GE01
9_3008110_00829,MOQUEGUA,-70.84296399680083,-17.062616838832234,1.2m,2023,2023-09-19,GE01
9_2858150_03680,MOQUEGUA,-70.99513988895637,-16.720179306286315,1.2m,2025,2025-01-12,WV03
9_2908155_00676,MOQUEGUA,-70.96874499725999,-16.664985187129993,1.2m,2022,2022-05-19,GE01
9_2908155_00351,MOQUEGUA,-70.96601189700507,-16.645764346000707,1.2m,2022,2022-05-19,GE01
9_3008105_02225,MOQUEGUA,-70.8462689775989,-17.134040230063825,1.2m,2024,2024-05-14,WV03
9_2858150_06126,MOQUEGUA,-70.99260174620903,-16.695035206692044,1.2m,2025,2025-01-12,WV03
9_2858155_007196,MOQUEGUA,-70.98010617701158,-16.675323962660435,1.2m,2022,2022-05-19,GE01
9_3008110_01171,MOQUEGUA,-70.84383976836057,-17.074309631370227,1.2m,2024,2024-05-14,WV03
9_2708155_03504,MOQUEGUA,-71.1373639276243,-16.67427414695358,1.2m,2025,2025-05-17,WV03
9_3008180_01610,MOQUEGUA,-70.84816965993826,-16.4271405111536,1.2m,2024,2024-06-03,WV03
9_2908095_00758,MOQUEGUA,-70.937280849985,-17.179244480289555,1.2m,2025,2025-05-07,LG01
9_3058180_03341,MOQUEGUA,-70.82446664933698,-16.432345555033564,1.2m,2023,2023-06-29,WV02
9_2658160_03787,MOQUEGUA,-71.17407520682397,-16.622688428159854,1.2m,2025,2025-05-17,WV03
9_2658160_06164,MOQUEGUA,-71.20312036699787,-16.616840759747323,1.2m,2025,2025-07-30,LG03
9_3208135_04530,MOQUEGUA,-70.67146998610295,-16.83152384071869,1.2m,2023,2023-01-13,WV02
9_2958100_00228,MOQUEGUA,-70.9152519722867,-17.172880929493118,1.2m,2025,2025-05-07,LG01
9_2658160_00862,MOQUEGUA,-71.20166150731885,-16.622255727404458,1.2m,2025,2025-07-30,LG03
9_2908155_00611,MOQUEGUA,-70.96965665782452,-16.65621199259484,1.2m,2022,2022-05-19,GE01
9_2858150_03817,MOQUEGUA,-70.98902476134644,-16.697749684192218,1.2m,2025,2025-01-12,WV03
9_2858150_05613,MOQUEGUA,-70.98084939749879,-16.70052665964752,1.2m,2022,2022-05-19,GE01
9_2958105_00436,MOQUEGUA,-70.88286566735624,-17.10187802345702,1.2m,2024,2024-05-14,WV03
9_2908095_01528,MOQUEGUA,-70.966215043647,-17.19805846658239,1.2m,2025,2025-05-07,LG01
9_3008120_02090,MOQUEGUA,-70.83964020473545,-16.995192342373972,1.2m,2022,2022-10-21,WV02
9_3008110_01665,MOQUEGUA,-70.85608037786218,-17.04589955520001,1.2m,2023,2023-09-19,GE01
9_3008100_02057,MOQUEGUA,-70.85083076530475,-17.14002757648332,1.2m,2024,2024-05-14,WV03
9_2658155_01426,MOQUEGUA,-71.19294547382712,-16.63970329481566,1.2m,2025,2025-07-30,LG03
9_3208135_02065,MOQUEGUA,-70.65784855178933,-16.850181435405535,1.2m,2023,2023-01-13,WV02
9_3158140_03782,MOQUEGUA,-70.69871604195437,-16.81340094050886,1.2m,2023,2023-01-13,WV02
9_3208135_02250,MOQUEGUA,-70.66408361852518,-16.844405858604972,1.2m,2023,2023-01-13,WV02
9_3008105_00312,MOQUEGUA,-70.87330903782626,-17.096597520424524,1.2m,2024,2024-05-14,WV03
9_2658155_03363,MOQUEGUA,-71.1713957358576,-16.666637834688512,1.2m,2025,2025-05-17,WV03
9_3158140_03309,MOQUEGUA,-70.70869437485531,-16.815113106450227,1.2m,2023,2023-01-13,WV02
9_2858155_03376,MOQUEGUA,-70.98388863847467,-16.67931047399881,1.2m,2022,2022-05-19,GE01
9_3058180_03234,MOQUEGUA,-70.82217852837863,-16.43023605453311,1.2m,2023,2023-06-29,WV02
9_3008180_00465,MOQUEGUA,-70.85308110866669,-16.417974718966455,1.2m,2024,2024-06-03,WV03
9_3208135_02887,MOQUEGUA,-70.68028769068296,-16.834514856990452,1.2m,2023,2023-01-13,WV02
9_3208135_00448,MOQUEGUA,-70.67542839620839,-16.82629262532118,1.2m,2023,2023-01-13,WV02
9_2658160_00584,MOQUEGUA,-71.19625053873182,-16.612303710207428,1.2m,2025,2025-07-30,LG03
9_2658160_02096,MOQUEGUA,-71.19350900745454,-16.603968744800753,1.2m,2025,2025-05-17,WV03
9_2908100_01073,MOQUEGUA,-70.93820616002407,-17.16317857407332,1.2m,2025,2025-05-07,LG01
9_3208135_01093,MOQUEGUA,-70.66664199065913,-16.82822772393704,1.2m,2023,2023-01-13,WV02
9_2858150_06130,MOQUEGUA,-70.98787726128813,-16.696540066711396,1.2m,2025,2025-01-12,WV03
9_2908155_00693,MOQUEGUA,-70.9676631070026,-16.66410005320502,1.2m,2022,2022-05-19,GE01
9_2908155_00708,MOQUEGUA,-70.95933768697557,-16.651369391688633,1.2m,2022,2022-05-19,GE01
9_2858090_01484,MOQUEGUA,-70.98636951323613,-17.267795264820528,1.2m,2025,2025-05-07,LG01
9_3208135_02480,MOQUEGUA,-70.66633056625842,-16.847688353661987,1.2m,2023,2023-01-13,WV02
9_3058110_00705,MOQUEGUA,-70.81582286977644,-17.0576395531954,1.2m,2023,2023-09-19,GE01
9_3008180_00161,MOQUEGUA,-70.86071037719051,-16.423851792958175,1.2m,2024,2024-06-03,WV03
9_2908095_01324,MOQUEGUA,-70.97179523224531,-17.215951133468522,1.2m,2025,2025-05-07,LG01
9_3058180_03683,MOQUEGUA,-70.81165954107135,-16.43758349493025,1.2m,2023,2023-06-29,WV02
9_3008180_01649,MOQUEGUA,-70.84598594371343,-16.42685187692196,1.2m,2024,2024-06-03,WV03
9_2658160_02667,MOQUEGUA,-71.18196541442487,-16.626375887531072,1.2m,2025,2025-05-17,WV03
9_2658160_02604,MOQUEGUA,-71.18031210572596,-16.621781593448162,1.2m,2025,2025-05-17,WV03
9_2658160_03774,MOQUEGUA,-71.17658652496208,-16.619584142568407,1.2m,2025,2025-05-17,WV03
9_2658150_05041,MOQUEGUA,-71.16790456799417,-16.700596514962747,1.2m,2025,2025-05-17,WV03
9_2858085_01245,MOQUEGUA,-70.9943693854134,-17.307003694132888,1.2m,2025,2025-05-07,LG01
9_2658160_02100,MOQUEGUA,-71.1934608330255,-16.607585825612805,1.2m,2025,2025-07-30,LG03
9_3158140_17024,MOQUEGUA,-70.73595611615411,-16.790796415029007,1.2m,2023,2023-01-13,WV02
9_3208135_02885,MOQUEGUA,-70.68058227856892,-16.834830195792343,1.2m,2023,2023-01-13,WV02
9_2858155_04644,MOQUEGUA,-71.01703229798281,-16.64168135173295,1.2m,2020,2020-10-24,WV03
9_3008115_00937,MOQUEGUA,-70.856496158066,-17.00941359672715,1.2m,2022,2022-10-21,WV02
9_2908100_01745,MOQUEGUA,-70.93204130592903,-17.168627491350662,1.2m,2025,2025-05-07,LG01
9_2858090_00883,MOQUEGUA,-70.9876895609286,-17.25185246114696,1.2m,2025,2025-05-07,LG01
9_2908095_01099,MOQUEGUA,-70.95267002291338,-17.1798223057115,1.2m,2025,2025-05-07,LG01
9_3158135_04430,MOQUEGUA,-70.72169710591525,-16.82207877888189,1.2m,2023,2023-01-13,WV02
9_2658140_07736,MOQUEGUA,-71.17653024916562,-16.78617725454845,1.2m,2025,2025-05-17,WV03
9_2658150_08267,MOQUEGUA,-71.17428983018024,-16.679785950281143,1.2m,2025,2025-05-17,WV03
9_2658160_03790,MOQUEGUA,-71.17588163903633,-16.621431666684476,1.2m,2025,2025-05-17,WV03
9_3208135_16932,MOQUEGUA,-70.65605713455027,-16.841061150626714,1.2m,2023,2023-01-13,WV02
9_3208135_02750,MOQUEGUA,-70.67670511509147,-16.8454942867599,1.2m,2023,2023-01-13,WV02
9_2658160_02513,MOQUEGUA,-71.17812455336627,-16.615997015092198,1.2m,2025,2025-05-17,WV03
9_2658160_06242,MOQUEGUA,-71.19714024331458,-16.61324298965735,1.2m,2025,2025-07-30,LG03
9_2658150_05072,MOQUEGUA,-71.16981846194759,-16.702415043891158,1.2m,2025,2025-05-17,WV03
9_2658160_01648,MOQUEGUA,-71.19156966924965,-16.607643863693113,1.2m,2025,2025-05-17,WV03
9_2808155_04982,MOQUEGUA,-71.02264861593126,-16.64651816398131,1.2m,2020,2020-10-24,WV03
9_3008180_00402,MOQUEGUA,-70.85628723003794,-16.416422829088766,1.2m,2024,2024-06-03,WV03
9_2658150_08348,MOQUEGUA,-71.1742777569633,-16.68946098222709,1.2m,2025,2025-05-17,WV03
9_2658160_00861,MOQUEGUA,-71.20135221924443,-16.623441785218873,1.2m,2025,2025-07-30,LG03
9_3008115_01482,MOQUEGUA,-70.8568242540206,-17.03470221595206,1.2m,2023,2023-09-19,GE01
9_2658140_07758,MOQUEGUA,-71.1789080101635,-16.80505103144165,1.2m,2025,2025-05-17,WV03
9_2658160_00917,MOQUEGUA,-71.20147777248025,-16.62058600107651,1.2m,2025,2025-07-30,LG03
9_3158140_04400,MOQUEGUA,-70.72241139558226,-16.815597636542975,1.2m,2023,2023-01-13,WV02
9_2658155_03331,MOQUEGUA,-71.17368612337046,-16.658278314344493,1.2m,2025,2025-05-17,WV03
9_2658160_01551,MOQUEGUA,-71.1931957517086,-16.60116887745778,1.2m,2025,2025-05-17,WV03
9_2608160_00293,MOQUEGUA,-71.2096844978025,-16.61431992516526,1.2m,2025,2025-07-30,LG03
9_2858090_02233,MOQUEGUA,-70.9843184721781,-17.235996701608435,1.2m,2025,2025-05-07,LG01
9_3008115_01548,MOQUEGUA,-70.85712385535996,-17.039856280383642,1.2m,2023,2023-09-19,GE01
9_3008110_00781,MOQUEGUA,-70.84467641337994,-17.057748374980072,1.2m,2023,2023-09-19,GE01
9_2658160_00042,MOQUEGUA,-71.20458910754341,-16.60226817576666,1.2m,2025,2025-07-30,LG03
9_2658140_05737,MOQUEGUA,-71.17676099884497,-16.79816124740354,1.2m,2025,2025-05-17,WV03
9_3008110_01921,MOQUEGUA,-70.84443344192448,-17.06070378239271,1.2m,2023,2023-09-19,GE01
9_2658160_02721,MOQUEGUA,-71.1809964687356,-16.631594728561893,1.2m,2025,2025-05-17,WV03
9_2608140_06790,MOQUEGUA,-71.24331716906622,-16.805140136385234,1.2m,2025,2025-07-30,LG03
9_3208150_08037,MOQUEGUA,-70.67674066152023,-16.72725855232406,1.2m,2023,2023-01-13,WV02
8_4708815_30028,PASCO,-75.24651298086597,-10.701114365335517,1.2m,2017,2017-08-08,GE01
8_4558880_036383,PASCO,-75.39740672233569,-10.11493152616885,1.2m,2011,2011-11-17,WV02
8_4508815_035673,PASCO,-75.45393627741089,-10.686505356686698,1.2m,2018,2018-12-14,WV02
8_5058910_035382,PASCO,-74.93104058699063,-9.84936083113729,1.2m,2016,2016-08-13,WV03
8_4508835_034371,PASCO,-75.44647652955717,-10.505099761744454,1.2m,2019,2019-05-10,WV02
8_4858900_035273,PASCO,-75.10987187492465,-9.906460313542453,1.2m,2025,2025-05-12,LG01
8_4608805_32294,PASCO,-75.34448681068731,-10.768587631863566,1.2m,2019,2019-05-10,WV02
8_4708815_034644,PASCO,-75.26467608653975,-10.713224866234437,1.2m,2017,2017-08-08,GE01
8_4758810_035040,PASCO,-75.22068445648648,-10.747459458836795,1.2m,2011,2011-11-09,WV02
8_4608805_035556,PASCO,-75.35841155599712,-10.771783092615465,1.2m,2019,2019-05-10,WV02
8_4658805_035565,PASCO,-75.28071742111777,-10.765390107617204,1.2m,2017,2017-08-08,GE01
8_4908885_034589,PASCO,-75.07192263201782,-10.046504491289056,1.2m,2023,2023-08-08,WV02
8_4658805_30114,PASCO,-75.30509497372175,-10.794904441186844,1.2m,2016,2016-09-12,WV02
8_4458815_034219,PASCO,-75.4595680072592,-10.687705473178886,1.2m,2018,2018-12-14,WV02
8_4658800_034497,PASCO,-75.27493581112842,-10.829399123120886,1.2m,2019,2019-07-25,WV02
8_4608810_035629,PASCO,-75.35057787183925,-10.739215191977369,1.2m,2019,2019-05-10,WV02
8_4608810_30774,PASCO,-75.3628746125859,-10.753989322449122,1.2m,2019,2019-05-10,WV02
8_4658805_034141,PASCO,-75.31700850002076,-10.808951557018586,1.2m,2016,2016-09-12,WV02
8_4908880_034830,PASCO,-75.05882179162984,-10.09750428459489,1.2m,2023,2023-08-08,WV02
8_4558830_32314,PASCO,-75.37466625968318,-10.547022966536503,1.2m,2019,2019-05-10,WV02
8_4608810_034100,PASCO,-75.36048629302265,-10.746458909550883,1.2m,2019,2019-05-10,WV02
8_4608810_034841,PASCO,-75.34212462095812,-10.75580872289407,1.2m,2019,2019-05-10,WV02
8_4758810_30714,PASCO,-75.18520104691396,-10.73013675940377,1.2m,2011,2011-11-09,WV02
8_4458810_035581,PASCO,-75.47875984344691,-10.753921380467174,1.2m,2019,2019-05-10,WV02
8_4508815_034208,PASCO,-75.45180936555738,-10.688019431001802,1.2m,2018,2018-12-14,WV02
8_4458840_31731,PASCO,-75.47046356800789,-10.47403321451108,1.2m,2019,2019-05-10,WV02
8_5158845_034978,PASCO,-74.84291575623354,-10.415975616431417,1.2m,2017,2017-01-26,WV02
8_4908895_31844,PASCO,-75.08713280994877,-9.954756887769975,1.2m,2025,2025-05-12,LG01
8_4408875_035735,PASCO,-75.51621795376104,-10.163264227062287,1.2m,2018,2018-07-23,WV02
8_4508835_034362,PASCO,-75.45066707653311,-10.506451480101568,1.2m,2019,2019-05-10,WV02
8_4408855_035670,PASCO,-75.51827681187025,-10.316856848814353,1.2m,2018,2018-07-23,WV02
8_5208860_034255,PASCO,-74.79836605567698,-10.277777534155723,1.2m,2016,2016-08-08,WV02
8_5058860_30210,PASCO,-74.90957700538428,-10.306167354089983,1.2m,2016,2016-07-28,WV02
8_4908890_034035,PASCO,-75.07021737232861,-10.004241150308673,1.2m,2025,2025-02-25,LG01
8_4558905_30014,PASCO,-75.36951635744514,-9.888487988379811,1.2m,2015,2015-06-28,WV02
8_4658880_036434,PASCO,-75.30591789262553,-10.114912080577877,1.2m,2016,2016-07-12,WV02
8_4808810_31206,PASCO,-75.16775229039447,-10.75147630458761,1.2m,2022,2022-08-21,GE01
8_4558815_30602,PASCO,-75.38094444156602,-10.685595517968611,1.2m,2016,2016-09-12,WV02
8_4808810_035432,PASCO,-75.16598242266765,-10.744448768745514,1.2m,2017,2017-08-08,GE01
8_4958905_31708,PASCO,-75.04602186719171,-9.903980523382279,1.2m,2025,2025-02-25,LG01
8_5408800_034488,PASCO,-74.61224440991016,-10.854619877405243,1.2m,2021,2021-10-01,GE01
8_4558830_035209,PASCO,-75.37649871366838,-10.550265707346366,1.2m,2019,2019-05-10,WV02
8_4658805_31298,PASCO,-75.29769389059007,-10.792133312502225,1.2m,2017,2017-08-08,GE01
8_4658815_036537,PASCO,-75.27861147101379,-10.717610527103968,1.2m,2017,2017-08-08,GE01
8_5008860_30256,PASCO,-74.96551160575505,-10.306348862459892,1.2m,2015,2015-09-20,WV02
8_5208855_034914,PASCO,-74.7992547877847,-10.34395546262434,1.2m,2016,2016-08-08,WV02
8_4358875_30992,PASCO,-75.57576570054741,-10.145627543276337,1.2m,2018,2018-07-23,WV02
8_4358845_035451,PASCO,-75.5758411451427,-10.416631515381974,1.2m,2019,2019-05-29,WV02
8_5408795_034499,PASCO,-74.60336879135373,-10.858359115030968,1.2m,2021,2021-10-01,GE01
8_4408860_035738,PASCO,-75.51765013782558,-10.272466927306686,1.2m,2016,2016-09-12,WV02
8_4608810_035661,PASCO,-75.35822551896294,-10.722017307652472,1.2m,2016,2016-09-12,WV02
8_4358850_034936,PASCO,-75.555772531994,-10.365749133065897,1.2m,2018,2018-07-23,WV02
8_4808810_30969,PASCO,-75.17206219711736,-10.731620489244023,1.2m,2017,2017-08-08,GE01
8_4758810_035092,PASCO,-75.2064706783219,-10.761817550339515,1.2m,2022,2022-08-21,GE01
8_4708810_034146,PASCO,-75.26635443148791,-10.75329078079475,1.2m,2018,2018-09-06,WV03
8_4508835_035401,PASCO,-75.4487344295133,-10.504736273759878,1.2m,2019,2019-05-10,WV02
8_4908885_034808,PASCO,-75.04681444068271,-10.065192911523472,1.2m,2023,2023-08-08,WV02
8_5158870_034227,PASCO,-74.83250878336524,-10.211821324544331,1.2m,2016,2016-08-08,WV02
8_4508810_035810,PASCO,-75.44325412243984,-10.740143397549595,1.2m,2019,2019-05-10,WV02
8_4458815_035570,PASCO,-75.47911606017684,-10.707455244064079,1.2m,2018,2018-12-14,WV02
8_4958905_034353,PASCO,-75.0441278619456,-9.869953387288835,1.2m,2025,2025-02-25,LG01
8_4758890_30894,PASCO,-75.22705045739625,-10.016102926158968,1.2m,2020,2020-10-13,GE01
8_4758810_30712,PASCO,-75.18570990861505,-10.73243228342299,1.2m,2011,2011-11-09,WV02
8_4658805_034840,PASCO,-75.27788218363673,-10.783424943306331,1.2m,2018,2018-09-06,WV03
8_4508815_034157,PASCO,-75.45583990868502,-10.698669967994476,1.2m,2018,2018-12-14,WV02
8_4358855_034916,PASCO,-75.56031597086874,-10.354093558270929,1.2m,2018,2018-07-23,WV02
8_4858820_034633,PASCO,-75.12456435282698,-10.659047026648773,1.2m,2017,2017-09-04,GE01
8_5108865_035096,PASCO,-74.90725001296371,-10.23911823886548,1.2m,2018,2018-10-15,WV02
8_4608805_034135,PASCO,-75.32048226083447,-10.801453909120458,1.2m,2016,2016-09-12,WV02
8_4808810_035422,PASCO,-75.18175101830849,-10.74376516078338,1.2m,2011,2011-11-09,WV02
8_4708900_036684,PASCO,-75.24914137623897,-9.95066912552957,1.2m,2020,2020-10-13,GE01
8_4908905_034341,PASCO,-75.06337648868521,-9.899636223232935,1.2m,2025,2025-02-25,LG01
8_4558885_036497,PASCO,-75.40296241803814,-10.080091744238445,1.2m,2016,2016-09-12,WV02
8_4658890_30020,PASCO,-75.30359795567682,-10.014088930859316,1.2m,2015,2015-06-28,WV02
8_4658805_036804,PASCO,-75.30741655928415,-10.809911536987702,1.2m,2017,2017-08-08,GE01
8_4758810_30939,PASCO,-75.19033917476581,-10.752130292029193,1.2m,2022,2022-08-21,GE01
8_4358845_035144,PASCO,-75.58111545308137,-10.437411834688284,1.2m,2019,2019-05-29,WV02
8_4608805_034020,PASCO,-75.34879795678859,-10.793169075192505,1.2m,2019,2019-05-10,WV02
8_4608805_037149,PASCO,-75.33089605415589,-10.769123795076922,1.2m,2019,2019-05-10,WV02
8_4658805_31804,PASCO,-75.28715715664441,-10.789493557681368,1.2m,2017,2017-08-08,GE01
8_4608810_035295,PASCO,-75.35568943109435,-10.755035982674293,1.2m,2019,2019-05-10,WV02
8_4508815_035683,PASCO,-75.44744718579736,-10.7072495317903,1.2m,2018,2018-12-14,WV02
8_5108885_30930,PASCO,-74.88063964216302,-10.082291913590785,1.2m,2016,2016-08-08,WV02
8_4758890_034263,PASCO,-75.18982772804162,-10.039607766784863,1.2m,2011,2011-09-13,WV02
8_4758810_035044,PASCO,-75.21658228276377,-10.755592060025382,1.2m,2011,2011-11-09,WV02
8_4558830_036029,PASCO,-75.40904353662971,-10.581549658040132,1.2m,2019,2019-05-10,WV02
8_4558825_035136,PASCO,-75.38944748287116,-10.58964164674444,1.2m,2019,2019-05-10,WV02
8_5108905_035434,PASCO,-74.89475243728756,-9.870994945210384,1.2m,2016,2016-08-13,WV03
8_4958865_034709,PASCO,-75.01797457267355,-10.258581219997149,1.2m,2010,2010-08-20,WV02
8_4358845_035129,PASCO,-75.58170654302751,-10.430308207207847,1.2m,2019,2019-05-29,WV02
8_4508825_035388,PASCO,-75.45304846040744,-10.603246848313237,1.2m,2018,2018-12-14,WV02
8_5008875_034397,PASCO,-74.99525377585874,-10.163364716408385,1.2m,2023,2023-08-08,WV02
8_4558820_035815,PASCO,-75.38685822352332,-10.646956020353914,1.2m,2014,2014-04-16,GE01
8_4708815_31623,PASCO,-75.25674156325123,-10.704872526495738,1.2m,2017,2017-08-08,GE01
8_5108865_035145,PASCO,-74.89110848797202,-10.222590574745087,1.2m,2018,2018-10-15,WV02
8_4458845_31715,PASCO,-75.45738533409884,-10.446912399587406,1.2m,2016,2016-09-12,WV02
8_4708900_30043,PASCO,-75.24052849528425,-9.934479828631037,1.2m,2023,2023-10-23,GE01
8_4408845_035069,PASCO,-75.53140443086238,-10.417099635889318,1.2m,2018,2018-11-03,WV02
8_4408880_035195,PASCO,-75.54031683121232,-10.101684016454044,1.2m,2018,2018-07-23,WV02
8_4508840_036199,PASCO,-75.4384949399024,-10.460019879913375,1.2m,2019,2019-05-10,WV02
8_5058865_035085,PASCO,-74.92236979885817,-10.240385656122978,1.2m,2016,2016-08-08,WV02
8_4458840_034243,PASCO,-75.50248083912886,-10.493061540707401,1.2m,2018,2018-11-03,WV02
8_4658900_30753,PASCO,-75.31802467258996,-9.936923452105484,1.2m,2015,2015-06-28,WV02
8_4358850_034965,PASCO,-75.56928646679411,-10.377756916997978,1.2m,2018,2018-11-03,WV02
8_4458840_035666,PASCO,-75.49954798748401,-10.48767813283939,1.2m,2018,2018-11-03,WV02
8_5108860_035023,PASCO,-74.88020187465918,-10.27164835538713,1.2m,2016,2016-08-08,WV02
8_4908905_034333,PASCO,-75.04586723746249,-9.879208040218716,1.2m,2025,2025-02-25,LG01
8_4658905_035032,PASCO,-75.30109855812475,-9.894070478269814,1.2m,2015,2015-06-28,WV02
8_5108890_035232,PASCO,-74.88297518253958,-10.007484903305484,1.2m,2022,2022-06-18,WV02
8_4408845_035056,PASCO,-75.53214397034496,-10.414831542091834,1.2m,2018,2018-11-03,WV02
8_5008860_30261,PASCO,-74.97715678680164,-10.305627314348927,1.2m,2018,2018-08-18,WV03
8_4558825_035238,PASCO,-75.37896367415024,-10.601491113124219,1.2m,2019,2019-05-10,WV02
8_4958890_31563,PASCO,-75.02519261897721,-10.034912023271122,1.2m,2023,2023-08-08,WV02
8_4408850_035583,PASCO,-75.54322934783754,-10.396008510883886,1.2m,2018,2018-11-03,WV02
8_4558825_30387,PASCO,-75.38480762433738,-10.596649443366973,1.2m,2019,2019-05-10,WV02
8_4708900_30808,PASCO,-75.26085953034024,-9.915950356823341,1.2m,2020,2020-10-13,GE01
8_4658900_30084,PASCO,-75.28014943584378,-9.920077123560244,1.2m,2020,2020-10-13,GE01
8_4458820_034481,PASCO,-75.47813142446401,-10.64208523594474,1.2m,2018,2018-12-14,WV02
8_4358850_035430,PASCO,-75.5741778944425,-10.389639149277148,1.2m,2019,2019-05-29,WV02
8_4358840_035307,PASCO,-75.560735818236,-10.462930906685845,1.2m,2019,2019-06-22,GE01
8_4358850_035435,PASCO,-75.59256054110655,-10.399116151489043,1.2m,2018,2018-07-23,WV02
8_4508890_036566,PASCO,-75.41654388730282,-9.999286110215657,1.2m,2016,2016-09-12,WV02
8_4708895_035962,PASCO,-75.24963758110118,-9.975541557996337,1.2m,2020,2020-10-13,GE01
8_4808810_035895,PASCO,-75.15179379631168,-10.72414868111659,1.2m,2017,2017-08-08,GE01
8_4558825_035532,PASCO,-75.39548804403239,-10.611252631153867,1.2m,2019,2019-05-10,WV02
8_4558820_035823,PASCO,-75.38684712191849,-10.651782094517873,1.2m,2016,2016-09-12,WV02
8_4508820_034488,PASCO,-75.43069781691317,-10.642011667354407,1.2m,2018,2018-12-14,WV02
8_4758810_034370,PASCO,-75.21595761932616,-10.745097672319567,1.2m,2011,2011-11-09,WV02
8_4858815_035993,PASCO,-75.11890342221997,-10.702478566732307,1.2m,2018,2018-05-21,WV02
8_4708875_30302,PASCO,-75.27407028677844,-10.131886815673852,1.2m,2017,2017-08-08,GE01
8_4508810_035791,PASCO,-75.44437556627926,-10.730394185393184,1.2m,2019,2019-05-10,WV02
8_4458845_036432,PASCO,-75.48530028076554,-10.43428846449089,1.2m,2016,2016-09-12,WV02
8_4408845_035899,PASCO,-75.50404120401103,-10.439085823751592,1.2m,2018,2018-11-03,WV02
8_4558825_32464,PASCO,-75.37581269780749,-10.598365823323917,1.2m,2019,2019-05-10,WV02
8_4658820_036787,PASCO,-75.29404644799848,-10.674634448670705,1.2m,2017,2017-08-08,GE01
8_4558825_30401,PASCO,-75.38749568575915,-10.601944959592057,1.2m,2019,2019-05-10,WV02
8_4708885_036290,PASCO,-75.24807852407426,-10.074676766119701,1.2m,2017,2017-08-08,GE01
8_4508835_036692,PASCO,-75.4512828805649,-10.508661667901485,1.2m,2019,2019-05-10,WV02
8_4608895_035733,PASCO,-75.35234955288499,-9.983966901101446,1.2m,2015,2015-06-28,WV02
8_4508840_036302,PASCO,-75.44585666082864,-10.472033415459585,1.2m,2019,2019-05-10,WV02
8_4858815_035967,PASCO,-75.13007604147123,-10.68214628787072,1.2m,2018,2018-09-06,WV03
8_4658815_036575,PASCO,-75.28808939530293,-10.715120445102286,1.2m,2017,2017-08-08,GE01
8_4708860_036736,PASCO,-75.24245883307978,-10.300514912233243,1.2m,2015,2015-06-28,WV02
8_4508840_036168,PASCO,-75.43198009065489,-10.469984474753543,1.2m,2019,2019-05-10,WV02
8_4508840_036101,PASCO,-75.43369560921852,-10.474975121254696,1.2m,2019,2019-05-10,WV02
8_4808815_035918,PASCO,-75.14531735542236,-10.707919744800229,1.2m,2018,2018-09-06,WV03
8_4558825_035234,PASCO,-75.37945527650719,-10.598258128159927,1.2m,2019,2019-05-10,WV02
8_4508840_036288,PASCO,-75.44646104488547,-10.47684602632291,1.2m,2019,2019-05-10,WV02
8_4608895_035723,PASCO,-75.34792014753901,-9.979595824987175,1.2m,2015,2015-06-28,WV02
8_5058860_034421,PASCO,-74.94695407132652,-10.304676118957566,1.2m,2016,2016-07-28,WV02
8_4808815_035981,PASCO,-75.15013418170295,-10.684125049980914,1.2m,2017,2017-09-04,GE01
8_4508840_036294,PASCO,-75.44407705930172,-10.475630472518134,1.2m,2019,2019-05-10,WV02
8_4508840_036212,PASCO,-75.42841833260304,-10.454642772695653,1.2m,2016,2016-09-12,WV02
8_4408875_035747,PASCO,-75.52716756477534,-10.167445315099059,1.2m,2018,2018-07-23,WV02
8_4958890_31561,PASCO,-75.03162858612396,-10.03814940052424,1.2m,2023,2023-08-08,WV02
8_4408875_30606,PASCO,-75.53354703574799,-10.132733019712933,1.2m,2018,2018-07-23,WV02
8_4408885_30557,PASCO,-75.54446028087737,-10.062841329163861,1.2m,2018,2018-07-23,WV02
8_4458815_035505,PASCO,-75.46234366314789,-10.690444820721726,1.2m,2018,2018-12-14,WV02
8_4408875_035535,PASCO,-75.54644228049648,-10.13437447175432,1.2m,2018,2018-07-23,WV02
8_4408885_30567,PASCO,-75.53496849502345,-10.052848178600383,1.2m,2018,2018-07-23,WV02
8_4558825_32543,PASCO,-75.38187774202021,-10.590823920237568,1.2m,2019,2019-05-10,WV02
8_4408880_30602,PASCO,-75.5091740943638,-10.124332840987652,1.2m,2018,2018-07-23,WV02
8_4758880_036287,PASCO,-75.19262379209573,-10.10804002222909,1.2m,2017,2017-06-26,WV03
7_5909435_88215,PIURA,-80.17448936157813,-5.0806610250176085,1.2m,2025,2025-07-23,WV03
7_6559395_046266,PIURA,-79.5946827008449,-5.436751595315133,60cm,2017,2017-11-18,WV03
7_5609455_20769,PIURA,-80.4572210276818,-4.9247457811384,1.2m,2025,2025-03-07,LG01
7_6609390_83655,PIURA,-79.54865183297963,-5.487453949613155,60cm,2017,2017-11-18,WV03
7_6559395_84305,PIURA,-79.58313624178703,-5.467376235722797,60cm,2017,2017-11-18,WV03
7_5609455_24039,PIURA,-80.42978933563876,-4.905939956015281,60cm,2025,2025-03-07,LG01
7_6559405_047789,PIURA,-79.56910992651531,-5.34873091832875,60cm,2017,2017-11-18,WV03
7_6509420_95129,PIURA,-79.616072505414,-5.212233948890109,60cm,2017,2017-11-18,WV03
7_6509420_91739,PIURA,-79.62341900543751,-5.227013968456197,60cm,2017,2017-11-18,WV03
7_6509420_94026,PIURA,-79.63005282694634,-5.224819251738006,60cm,2017,2017-11-18,WV03
7_6059420_60428,PIURA,-80.0402998618828,-5.2121168696726645,60cm,2021,2021-04-14,WV02
7_5859455_22957,PIURA,-80.22288389305871,-4.932722464964263,1.2m,2024,2024-09-02,WV03
7_6459405_96315,PIURA,-79.67101959259685,-5.376555337780168,60cm,2018,2018-06-10,GE01
7_6659400_81082,PIURA,-79.47477238296545,-5.412185828231257,60cm,2013,2013-04-26,WV02
7_6509395_81768,PIURA,-79.60437429858476,-5.469936609508545,60cm,2017,2017-11-18,WV03
7_6559395_046235,PIURA,-79.59477028002362,-5.434384116227789,60cm,2017,2017-11-18,WV03
7_6559395_045793,PIURA,-79.59859316657179,-5.43851363054077,60cm,2017,2017-11-18,WV03
7_6609390_85498,PIURA,-79.53358361002574,-5.501184571765484,60cm,2017,2017-11-18,WV03
7_6509420_94507,PIURA,-79.63243286306718,-5.208587682406909,60cm,2018,2018-06-10,GE01
7_6459425_044551,PIURA,-79.68309994820143,-5.1810815813935935,60cm,2017,2017-07-04,WV03
7_6359410_90720,PIURA,-79.76550463840235,-5.3082312322904,60cm,2018,2018-09-17,WV02
7_6059425_59280,PIURA,-80.05108853277156,-5.184691332609014,60cm,2021,2021-04-14,WV02
7_6509400_79583,PIURA,-79.61524445156567,-5.427960528623185,60cm,2017,2017-11-18,WV03
7_5309415_29330,PIURA,-80.68703176234453,-5.283268020512604,30cm,2025,2025-09-12,LG05
7_6459400_40934,PIURA,-79.67323448773406,-5.4239320888457305,60cm,2018,2018-06-10,GE01
7_5859445_088968,PIURA,-80.22214769679582,-4.99222549768052,1.2m,2025,2025-09-09,LG02
7_5859435_86436,PIURA,-80.20257891907173,-5.083010168145297,1.2m,2024,2024-09-02,WV03
7_6559400_045898,PIURA,-79.59705713101033,-5.393775997056282,60cm,2017,2017-11-18,WV03
7_5409465_57227,PIURA,-80.62033894594532,-4.8033923446947515,60cm,2024,2024-03-15,WV03
7_6559405_047467,PIURA,-79.58877075959899,-5.35383114406644,60cm,2017,2017-11-18,WV03
7_6459420_94934,PIURA,-79.65760137744736,-5.2416900708603515,60cm,2018,2018-06-10,GE01
7_6609390_85513,PIURA,-79.53328518321084,-5.505401998237835,60cm,2017,2017-11-18,WV03
7_6559400_42447,PIURA,-79.6002745800514,-5.40452352312794,60cm,2017,2017-11-18,WV03
7_6609390_80588,PIURA,-79.54284883455257,-5.51146566870509,60cm,2017,2017-11-18,WV03
7_6559395_80642,PIURA,-79.57437564007745,-5.475102392926566,60cm,2017,2017-11-18,WV03
7_5909435_88796,PIURA,-80.18452321943508,-5.094230348720831,1.2m,2025,2025-07-23,WV03
7_6559405_046860,PIURA,-79.59997059526941,-5.359611897673503,60cm,2017,2017-11-18,WV03
7_6259410_041927,PIURA,-79.84642093019565,-5.338993803942394,60cm,2018,2018-09-17,WV02
7_6559405_047031,PIURA,-79.59991833919082,-5.375847553116362,60cm,2017,2017-11-18,WV03
7_6559395_80040,PIURA,-79.589733177726,-5.460315307061196,60cm,2017,2017-11-18,WV03
7_6459425_043596,PIURA,-79.67630980851173,-5.170373934800051,60cm,2017,2017-07-04,WV03
7_6609390_85409,PIURA,-79.52728001245178,-5.508113507472431,60cm,2017,2017-11-18,WV03
7_6109485_001620,PIURA,-79.99911062930119,-4.62199622324048,60cm,2024,2024-07-26,WV03
7_6509405_046384,PIURA,-79.61014437214457,-5.3669671862418245,60cm,2017,2017-11-18,WV03
7_5809455_088961,PIURA,-80.25725470170612,-4.932939140739679,1.2m,2024,2024-09-09,WV03
7_6609390_85404,PIURA,-79.52830876728592,-5.508143177129678,60cm,2017,2017-11-18,WV03
7_6509400_046685,PIURA,-79.61491894905859,-5.385134856212021,60cm,2017,2017-11-18,WV03
7_6509405_046583,PIURA,-79.6193709755776,-5.383496082042745,60cm,2017,2017-11-18,WV03
7_6509415_94854,PIURA,-79.64240114063944,-5.25533969977154,60cm,2018,2018-06-10,GE01
7_6509405_046514,PIURA,-79.61488741280444,-5.37916155778443,60cm,2017,2017-11-18,WV03
7_5909435_88793,PIURA,-80.1849006221303,-5.095316536023545,1.2m,2025,2025-07-23,WV03
7_6559395_84346,PIURA,-79.58866488098663,-5.467712616938796,60cm,2017,2017-11-18,WV03
7_5759450_22224,PIURA,-80.32041439512544,-4.953772342080969,1.2m,2024,2024-09-09,WV03
7_6309410_90306,PIURA,-79.8055376367794,-5.316075509128167,60cm,2018,2018-09-17,WV02
7_6509395_81775,PIURA,-79.60588749100475,-5.46851596676084,60cm,2017,2017-11-18,WV03
7_5659465_10060,PIURA,-80.38147084401848,-4.837310617894987,60cm,2025,2025-07-11,LG04
7_6009440_51718,PIURA,-80.09323194863526,-5.055364425443198,60cm,2020,2020-12-24,WV03
7_5359455_18193,PIURA,-80.65406105185858,-4.923439668117663,1.2m,2024,2024-03-15,WV03
7_6059485_001457,PIURA,-80.02022223976002,-4.622322659410447,60cm,2025,2025-08-09,LG02
7_6459425_044547,PIURA,-79.68482933113137,-5.1799758229924775,60cm,2017,2017-07-04,WV03
7_6509405_046399,PIURA,-79.60786962333876,-5.381111869872026,60cm,2017,2017-11-18,WV03
7_6559400_81869,PIURA,-79.5937507946087,-5.404170306496324,60cm,2017,2017-11-18,WV03
7_6509425_94545,PIURA,-79.62610659352872,-5.202388390262152,60cm,2017,2017-11-18,WV03
7_6509420_91750,PIURA,-79.62185991082802,-5.232078092992785,60cm,2017,2017-11-18,WV03
7_4959460_55048,PIURA,-81.02469231996582,-4.878981266021037,1.2m,2025,2025-02-13,LG02
7_5709455_019349,PIURA,-80.3643650716285,-4.8891451912190185,60cm,2025,2025-07-11,LG04
7_6309410_90300,PIURA,-79.80609009736916,-5.317666849053376,60cm,2018,2018-09-17,WV02
7_6509420_91517,PIURA,-79.64434104344507,-5.228156183098578,60cm,2018,2018-06-10,GE01
7_6459400_046925,PIURA,-79.66477678759453,-5.415254006001611,60cm,2018,2018-06-10,GE01
7_6509400_42519,PIURA,-79.6061077094499,-5.406234344162192,60cm,2017,2017-11-18,WV03
7_6459425_044031,PIURA,-79.67689570692029,-5.177994458130758,60cm,2017,2017-07-04,WV03
7_6509420_95097,PIURA,-79.62247880547727,-5.226522176446094,60cm,2017,2017-11-18,WV03
7_6559400_045207,PIURA,-79.60087687847056,-5.412267832750686,60cm,2017,2017-11-18,WV03
7_6509420_93286,PIURA,-79.61137605475045,-5.217315526740158,60cm,2017,2017-11-18,WV03
7_6609390_80434,PIURA,-79.53555602259513,-5.495340582056731,60cm,2017,2017-11-18,WV03
7_6509400_045662,PIURA,-79.61087054702361,-5.413893986360158,60cm,2017,2017-11-18,WV03
7_6509425_94783,PIURA,-79.63686287502608,-5.198264933529032,60cm,2018,2018-06-10,GE01
7_5859435_87257,PIURA,-80.2173135719539,-5.083764981731294,1.2m,2024,2024-09-02,WV03
7_6559400_045383,PIURA,-79.60159832275268,-5.419251402642608,60cm,2017,2017-11-18,WV03
7_6609390_82086,PIURA,-79.53543717695354,-5.479317465322022,60cm,2017,2017-11-18,WV03
7_6759390_84825,PIURA,-79.40893345496784,-5.488181302400736,60cm,2013,2013-04-26,WV02
7_6509405_046533,PIURA,-79.61118571623487,-5.384484402974688,60cm,2017,2017-11-18,WV03
7_5859455_088940,PIURA,-80.21495435536187,-4.918115764267672,1.2m,2024,2024-09-02,WV03
7_5709455_019512,PIURA,-80.35982944413739,-4.892178902175242,60cm,2025,2025-07-11,LG04
7_6459420_89146,PIURA,-79.68469570211661,-5.232511329393883,60cm,2017,2017-08-05,WV02
7_5659465_10066,PIURA,-80.38341543887847,-4.834971427769492,60cm,2025,2025-07-11,LG04
7_6509400_83565,PIURA,-79.60345147345794,-5.404110602034308,60cm,2017,2017-11-18,WV03
7_6609390_83556,PIURA,-79.53230846397562,-5.517753451404095,60cm,2017,2017-11-18,WV03
7_5859455_24320,PIURA,-80.21442499069404,-4.930843085377326,1.2m,2024,2024-09-02,WV03
7_6559400_045516,PIURA,-79.60138452670311,-5.412777819953597,60cm,2017,2017-11-18,WV03
7_5859445_87910,PIURA,-80.1999716093817,-5.002251993786821,1.2m,2025,2025-09-09,LG02
7_6509400_045619,PIURA,-79.60853402773722,-5.4231488151541685,60cm,2017,2017-11-18,WV03
7_5909435_88897,PIURA,-80.189457655337,-5.107101367675276,1.2m,2025,2025-09-09,LG02
7_5709455_038074,PIURA,-80.34427556016642,-4.8986291465995055,60cm,2025,2025-07-11,LG04
7_5659465_09860,PIURA,-80.39610330477369,-4.8204845667269876,60cm,2025,2025-07-11,LG04
7_5809450_22047,PIURA,-80.27499826869055,-4.945131761517029,1.2m,2024,2024-09-09,WV03
7_6509420_91523,PIURA,-79.64480792083128,-5.229091280876798,60cm,2018,2018-06-10,GE01
7_6459420_91118,PIURA,-79.6625297865193,-5.241663416385649,60cm,2018,2018-06-10,GE01
7_5909435_88868,PIURA,-80.18113397632831,-5.108503270459179,1.2m,2025,2025-09-09,LG02
7_6509400_046149,PIURA,-79.60641954822196,-5.400083673010103,60cm,2017,2017-11-18,WV03
7_6409410_89898,PIURA,-79.71986744786113,-5.318432558109256,60cm,2018,2018-09-17,WV02
7_6559395_81719,PIURA,-79.59975807105121,-5.464648866602856,60cm,2017,2017-11-18,WV03
7_6559400_045099,PIURA,-79.59940420856424,-5.410077741391209,60cm,2017,2017-11-18,WV03
7_5559455_21276,PIURA,-80.49072189296479,-4.932843597228363,1.2m,2025,2025-03-07,LG01
7_6509395_83363,PIURA,-79.6122714540237,-5.443304560644126,60cm,2017,2017-11-18,WV03
7_5959435_54783,PIURA,-80.11363651544116,-5.109772659231217,60cm,2021,2021-04-14,WV02
7_5859445_22567,PIURA,-80.20876833877051,-4.98889640510208,1.2m,2025,2025-09-09,LG02
7_6559400_79973,PIURA,-79.58949407594905,-5.40438095443548,60cm,2017,2017-11-18,WV03
7_6009480_32379,PIURA,-80.07782976153916,-4.698108193882596,60cm,2025,2025-08-09,LG02
7_6409410_89559,PIURA,-79.72416118957129,-5.315885222772964,60cm,2018,2018-09-17,WV02
7_5209395_54528,PIURA,-80.78970869860802,-5.446489982853695,1.2m,2025,2025-07-11,WV03
7_5359410_29664,PIURA,-80.64591275459355,-5.3226449142307,30cm,2025,2025-09-12,LG05
7_6709390_84694,PIURA,-79.42620125850509,-5.5041527705515705,60cm,2013,2013-04-26,WV02
7_5309395_61984,PIURA,-80.73114812936669,-5.47215244853785,1.2m,2025,2025-07-21,LG02
7_5309415_16747,PIURA,-80.69525164117692,-5.260818195585866,30cm,2025,2025-09-12,LG05
7_5309395_61828,PIURA,-80.70068237429308,-5.436639540746496,1.2m,2025,2025-07-21,LG02
7_5809445_23442,PIURA,-80.24891283573976,-5.015652432215709,1.2m,2024,2024-09-02,WV03
7_5209385_58412,PIURA,-80.78320531922068,-5.5300536641607625,1.2m,2025,2025-07-11,WV03
7_5359415_17145,PIURA,-80.6776392794459,-5.291820094529301,30cm,2025,2025-09-12,LG05
7_5259405_43501,PIURA,-80.7474406802735,-5.354452883134535,30cm,2025,2025-09-12,LG05
7_5959475_31332,PIURA,-80.12846624386728,-4.716985273903184,60cm,2024,2024-09-02,WV03
7_5309395_70231,PIURA,-80.71412854519741,-5.473244561341906,1.2m,2025,2025-07-21,LG02
7_5409415_09622,PIURA,-80.6378246765467,-5.255801075517821,30cm,2025,2025-12-11,WV02
7_6609375_96191,PIURA,-79.55503635294596,-5.643062260826367,1.2m,2023,2023-01-02,WV03
7_5359405_38037,PIURA,-80.68356844825317,-5.345620616047791,30cm,2025,2025-09-12,LG05
7_5259400_61507,PIURA,-80.75846885407162,-5.421917505186284,1.2m,2025,2025-07-21,LG02
7_5309405_23802,PIURA,-80.70067466823701,-5.364052981697617,1.2m,2025,2025-07-21,LG02
7_5309420_38493,PIURA,-80.71863386886025,-5.248497780264431,30cm,2025,2025-12-11,WV02
7_6559395_84299,PIURA,-79.58165978701442,-5.462679134700751,60cm,2017,2017-11-18,WV03
7_5209410_43888,PIURA,-80.78291760341475,-5.312860378580253,1.2m,2025,2025-07-11,WV03
7_5259395_52899,PIURA,-80.75987300892558,-5.459713310481606,1.2m,2025,2025-07-21,LG02
7_5359400_08780,PIURA,-80.66924992264252,-5.409252419523552,1.2m,2025,2025-05-16,LG01
7_5309405_32279,PIURA,-80.72162631684293,-5.346848431708212,30cm,2025,2025-09-12,LG05
7_5259390_56656,PIURA,-80.77602365119995,-5.5138517807746155,1.2m,2025,2025-07-11,WV03
7_5309415_49308,PIURA,-80.70612154960708,-5.287481293130183,30cm,2025,2025-09-12,LG05
7_6009480_31901,PIURA,-80.08355909671631,-4.679757212325255,60cm,2025,2025-08-09,LG02
7_5309405_31699,PIURA,-80.68955459905891,-5.3600038023138605,1.2m,2025,2025-09-12,LG05
7_5809445_22546,PIURA,-80.24091819304289,-4.981522410268084,1.2m,2025,2025-09-09,LG02
7_5259390_62596,PIURA,-80.75709797831536,-5.48458776774557,1.2m,2025,2025-07-21,LG02
7_5259400_68005,PIURA,-80.76033378493578,-5.415414800446144,1.2m,2025,2025-07-21,LG02
7_5259390_53947,PIURA,-80.76272776011885,-5.477474061637984,1.2m,2025,2025-07-21,LG02
7_6659395_81607,PIURA,-79.48435627136723,-5.470160295887652,60cm,2018,2018-06-10,GE01
7_5309415_38480,PIURA,-80.71263471816324,-5.254728691057176,30cm,2025,2025-12-11,WV02
7_5309415_39691,PIURA,-80.718358456842,-5.259123250461725,30cm,2025,2025-12-11,WV02
7_5359405_38106,PIURA,-80.68207770074403,-5.345256978505274,30cm,2025,2025-09-12,LG05
7_5309395_62957,PIURA,-80.71300527826298,-5.444753167135386,1.2m,2025,2025-07-21,LG02
7_5259400_11470,PIURA,-80.74621924385963,-5.392741147389865,1.2m,2025,2025-07-21,LG02
7_5259410_36651,PIURA,-80.77091782605157,-5.329195958030923,30cm,2025,2025-09-12,LG05
7_6709395_83153,PIURA,-79.45897489359703,-5.4689722730549235,60cm,2013,2013-04-26,WV02
7_6659395_82039,PIURA,-79.48455483122049,-5.455334592044961,60cm,2018,2018-06-10,GE01
7_6709390_83320,PIURA,-79.44544617769259,-5.485682298194719,60cm,2013,2013-04-26,WV02
7_5259410_32402,PIURA,-80.74001444805315,-5.338211899186218,30cm,2025,2025-09-12,LG05
7_6459420_91301,PIURA,-79.65613987537678,-5.216520041496644,60cm,2018,2018-06-10,GE01
7_5209390_58167,PIURA,-80.80254230386721,-5.487830783162741,1.2m,2025,2025-07-11,WV03
7_5259410_45392,PIURA,-80.77197301777856,-5.324475066618708,1.2m,2025,2025-09-12,LG05
7_6009480_32000,PIURA,-80.07921446245936,-4.681575539032172,60cm,2025,2025-08-09,LG02
7_5359410_06075,PIURA,-80.66687680716271,-5.297581281336884,30cm,2025,2025-09-12,LG05
7_5359415_09022,PIURA,-80.64595506543728,-5.25481433109832,30cm,2025,2025-12-11,WV02
7_5259405_25510,PIURA,-80.73500621073816,-5.354198373180175,30cm,2025,2025-09-12,LG05
7_5309400_12512,PIURA,-80.69723288621407,-5.4125120170637215,1.2m,2025,2025-07-21,LG02
7_5409415_01275,PIURA,-80.63911761630538,-5.280643168237813,30cm,2025,2025-09-12,LG05
7_5659455_20696,PIURA,-80.40626351644315,-4.910863440766384,60cm,2025,2025-07-11,LG04
7_5409410_18309,PIURA,-80.63760185619611,-5.332662153154686,30cm,2025,2025-09-12,LG05
7_6559390_83861,PIURA,-79.5656452800329,-5.505696440343055,60cm,2017,2017-11-18,WV03
7_5359420_15923,PIURA,-80.68564769706174,-5.249086714602139,30cm,2025,2025-12-11,WV02
7_5309395_62486,PIURA,-80.70303510508566,-5.466181399187599,1.2m,2025,2025-07-21,LG02
7_6559395_83462,PIURA,-79.60142491395543,-5.471351884598993,60cm,2017,2017-11-18,WV03
7_5209390_58772,PIURA,-80.80092591409719,-5.482606166224594,1.2m,2025,2025-07-11,WV03
7_5609450_21621,PIURA,-80.44295154944265,-4.943144350296069,1.2m,2025,2025-03-07,LG01
7_5459445_21050,PIURA,-80.58161498801869,-4.991550014339003,1.2m,2025,2025-04-30,LG02
7_5309415_16878,PIURA,-80.7006965772222,-5.258700158300833,30cm,2025,2025-09-12,LG05
7_5359395_63021,PIURA,-80.66131828755968,-5.4594672405245825,1.2m,2025,2025-05-16,LG01
7_5409405_33850,PIURA,-80.63282174085066,-5.354536369189454,30cm,2025,2025-09-12,LG05
7_5359420_15081,PIURA,-80.64301878825853,-5.21657106850427,30cm,2025,2025-12-11,WV02
7_5359395_59474,PIURA,-80.656903190272,-5.451161400863476,1.2m,2025,2025-05-16,LG01
7_5359405_46808,PIURA,-80.65257142933642,-5.382103311586345,1.2m,2025,2025-05-16,LG01
7_6509395_41015,PIURA,-79.6057409679276,-5.444299539388088,60cm,2017,2017-11-18,WV03
7_5309395_63736,PIURA,-80.71368759139746,-5.449809943436287,1.2m,2025,2025-07-21,LG02
7_6659395_81983,PIURA,-79.49636668309482,-5.462737272036451,60cm,2018,2018-06-10,GE01
7_5359400_08902,PIURA,-80.67007827548659,-5.389921941872352,1.2m,2025,2025-05-16,LG01
7_5359400_27837,PIURA,-80.65833495771555,-5.42143703025994,1.2m,2025,2025-05-16,LG01
7_5209390_51795,PIURA,-80.79427884726364,-5.5127032499773305,1.2m,2025,2025-07-11,WV03
7_5309395_70234,PIURA,-80.71243057365473,-5.47290282417383,1.2m,2025,2025-07-21,LG02
7_6559400_79882,PIURA,-79.58554302622792,-5.394824220416318,60cm,2017,2017-11-18,WV03
7_6509415_91547,PIURA,-79.62345093800799,-5.251683831468478,60cm,2017,2017-11-18,WV03
7_5259395_52758,PIURA,-80.76459149249251,-5.453952154596077,1.2m,2025,2025-07-21,LG02
7_5409410_18356,PIURA,-80.6374122342154,-5.3373702427048,30cm,2025,2025-09-12,LG05
7_5259395_52070,PIURA,-80.7698212222375,-5.473223727665545,1.2m,2025,2025-07-11,WV03
7_6559390_83998,PIURA,-79.57564353124758,-5.482727117960766,60cm,2017,2017-11-18,WV03
7_6559390_83927,PIURA,-79.56709548348243,-5.481532372027198,60cm,2017,2017-11-18,WV03
7_6559395_80073,PIURA,-79.57875020964369,-5.453511037953185,60cm,2017,2017-11-18,WV03
7_5159465_34974,PIURA,-80.85020512220655,-4.821017691377284,60cm,2024,2024-03-15,WV03
7_5309420_15531,PIURA,-80.6874309307133,-5.229324060203171,30cm,2025,2025-12-11,WV02
7_5209385_56155,PIURA,-80.81696070311718,-5.543161025826578,1.2m,2025,2025-07-11,WV03
7_5359420_16280,PIURA,-80.68319870245836,-5.235838898452537,30cm,2025,2025-12-11,WV02
7_5209410_45464,PIURA,-80.78879260304619,-5.338298783013066,1.2m,2025,2025-07-11,WV03
7_6559390_83901,PIURA,-79.55919847866292,-5.4947475449494485,60cm,2017,2017-11-18,WV03
7_5259400_59799,PIURA,-80.75405662803763,-5.430592584895997,1.2m,2025,2025-07-21,LG02
7_6509420_91549,PIURA,-79.6237019619478,-5.24903410003502,60cm,2017,2017-11-18,WV03
7_5309420_16372,PIURA,-80.68909610437467,-5.240778465420474,30cm,2025,2025-12-11,WV02
7_5309395_62435,PIURA,-80.70648328204605,-5.470294632749221,1.2m,2025,2025-07-21,LG02
7_6509415_94825,PIURA,-79.61083255431907,-5.250808078595095,60cm,2017,2017-11-18,WV03
7_5409405_47249,PIURA,-80.62928145829765,-5.365789801349701,1.2m,2025,2025-05-16,LG01
7_5209385_58473,PIURA,-80.79064261333151,-5.537302306681166,1.2m,2025,2025-07-11,WV03
7_5259390_65025,PIURA,-80.74308050479303,-5.5067437865905955,1.2m,2025,2025-07-21,LG02
7_6509400_048081,PIURA,-79.62155747983223,-5.392061190486251,60cm,2017,2017-11-18,WV03
7_6509400_79588,PIURA,-79.61086028165644,-5.42551781089899,60cm,2017,2017-11-18,WV03
7_5409410_18286,PIURA,-80.63529205317363,-5.330716287598676,30cm,2025,2025-09-12,LG05
7_5209390_51794,PIURA,-80.79417488669607,-5.512427308868848,1.2m,2025,2025-07-11,WV03
7_5959435_52131,PIURA,-80.11028475957704,-5.0907182117838055,60cm,2020,2020-12-24,WV03
7_5359405_48204,PIURA,-80.68116103314048,-5.378345011876911,1.2m,2025,2025-07-21,LG02
7_5359400_75940,PIURA,-80.66069462901757,-5.427061367903227,1.2m,2025,2025-05-16,LG01
7_5309395_62429,PIURA,-80.71189745392067,-5.470478476883729,1.2m,2025,2025-07-21,LG02
7_5309395_70502,PIURA,-80.69135976221781,-5.4426557151599795,1.2m,2025,2025-07-21,LG02
9_3457995_08097,TACNA,-70.4403603460701,-18.114004207290847,1.2m,2025,2025-02-10,LG02
9_3457975_07593,TACNA,-70.44234266155371,-18.274622232056743,1.2m,2025,2025-02-10,LG02
9_3407985_07011,TACNA,-70.51108510958633,-18.17753425418409,1.2m,2025,2025-03-11,LG01
9_3457985_006239,TACNA,-70.4250165429374,-18.20117038104005,1.2m,2025,2025-02-10,LG02
9_3457975_07648,TACNA,-70.42368533094134,-18.279798759961587,1.2m,2025,2025-02-10,LG02
9_3357985_07090,TACNA,-70.52747031899331,-18.189335490600904,1.2m,2025,2025-03-11,LG01
9_3457985_06620,TACNA,-70.45226933601747,-18.175879210534763,1.2m,2025,2025-02-10,LG02
9_3457990_06435,TACNA,-70.45558016367985,-18.149158005510714,1.2m,2025,2025-02-10,LG02
9_3758015_000449,TACNA,-70.16906827077136,-17.914783913429737,1.2m,2023,2023-03-16,WV03
9_3457975_07563,TACNA,-70.43626653552553,-18.268586042699177,1.2m,2025,2025-02-10,LG02
9_3407985_06931,TACNA,-70.4672530190481,-18.184967245313572,1.2m,2025,2025-03-11,LG01
9_3457985_06979,TACNA,-70.45985852945849,-18.19123644580261,1.2m,2025,2025-02-10,LG02
9_3457975_07624,TACNA,-70.44556313659515,-18.282628329782806,1.2m,2025,2025-02-10,LG02
9_3457975_07611,TACNA,-70.44420644021756,-18.27984735585137,1.2m,2025,2025-02-10,LG02
9_3407985_07107,TACNA,-70.50568415750891,-18.199377946242052,1.2m,2025,2025-03-11,LG01
9_3357985_07078,TACNA,-70.52118687469661,-18.187987462244124,1.2m,2025,2025-03-11,LG01
9_3357985_07341,TACNA,-70.53127051181167,-18.208182234334977,1.2m,2025,2025-03-11,LG01
9_3457975_07676,TACNA,-70.4380638344503,-18.28264430399469,1.2m,2025,2025-02-10,LG02
9_3457975_07713,TACNA,-70.43880076432771,-18.289564295695225,1.2m,2025,2025-02-10,LG02
9_3457990_06619,TACNA,-70.45096716285099,-18.17343031654643,1.2m,2025,2025-02-10,LG02
9_3407985_06953,TACNA,-70.4675578682411,-18.188893141214912,1.2m,2025,2025-03-11,LG01
9_3457975_07704,TACNA,-70.43172756497188,-18.284849509383488,1.2m,2025,2025-02-10,LG02
9_3457975_07914,TACNA,-70.44290527797713,-18.266727148122015,1.2m,2025,2025-02-10,LG02
9_3608005_02781,TACNA,-70.28210862482175,-18.024146757375686,1.2m,2025,2025-03-20,LG02
9_3658005_01641,TACNA,-70.24058604811287,-18.021250116698447,1.2m,2025,2025-03-27,WV03
9_3457980_07492,TACNA,-70.42050072828789,-18.255414524953927,1.2m,2025,2025-02-10,LG02
9_3508075_40120,TACNA,-70.40000946287259,-17.37046090300555,1.2m,2025,2025-10-04,WV03
9_3407990_06777,TACNA,-70.4672395968213,-18.165929705615078,1.2m,2025,2025-03-11,LG01
9_3407980_07464,TACNA,-70.50019324852414,-18.255977668029416,1.2m,2025,2025-03-11,LG01
9_3457975_07629,TACNA,-70.44800295653016,-18.283658990374338,1.2m,2025,2025-02-10,LG02
9_3457975_07718,TACNA,-70.44027238632648,-18.292821376804966,1.2m,2025,2025-02-10,LG02
9_3457985_006254,TACNA,-70.42880431055691,-18.203426866246936,1.2m,2025,2025-02-10,LG02
9_3507980_07513,TACNA,-70.41576335865676,-18.253476182685304,1.2m,2025,2025-02-10,LG02
9_3558080_40647,TACNA,-70.33907089494653,-17.33123954365191,1.2m,2020,2020-08-09,WV02
9_3457975_07770,TACNA,-70.42804022792987,-18.288343771543715,1.2m,2025,2025-02-10,LG02
9_3457990_06771,TACNA,-70.46519474248691,-18.163655590260298,1.2m,2025,2025-03-11,LG01
9_3407980_07450,TACNA,-70.48841070852917,-18.25792976134553,1.2m,2025,2025-03-11,LG01
9_3608000_015019,TACNA,-70.29285636918435,-18.04731941607058,1.2m,2025,2025-03-20,LG02
9_3357985_07116,TACNA,-70.51631192281204,-18.196635646614375,1.2m,2025,2025-03-11,LG01
9_3558090_28114,TACNA,-70.3556114157739,-17.257126043945963,1.2m,2024,2024-01-02,WV03
9_3407990_06371,TACNA,-70.47117044282788,-18.15130072567538,1.2m,2025,2025-03-11,LG01
9_3508080_40148,TACNA,-70.3848752479379,-17.36217163758974,1.2m,2025,2025-08-20,WV03
9_3407985_07054,TACNA,-70.51104189347754,-18.183537265884095,1.2m,2025,2025-03-11,LG01
9_3858065_46192,TACNA,-70.04565657760847,-17.468347563131346,1.2m,2025,2025-03-30,LG01
9_3608005_01883,TACNA,-70.27771214110689,-18.042546064296758,1.2m,2025,2025-03-20,LG02
9_3708005_01233,TACNA,-70.21827113516774,-18.008328728200993,1.2m,2025,2025-03-27,WV03
9_3457990_06608,TACNA,-70.45270345482744,-18.16590911192882,1.2m,2025,2025-02-10,LG02
9_3558085_40440,TACNA,-70.33216784652362,-17.304662608745822,1.2m,2020,2020-12-12,WV02
9_3407990_06796,TACNA,-70.46986607483146,-18.167888502245656,1.2m,2025,2025-03-11,LG01
9_3608085_41405,TACNA,-70.31642749981694,-17.306743683561727,1.2m,2020,2020-12-12,WV02
9_3457990_06275,TACNA,-70.45838791161549,-18.14227200281674,1.2m,2025,2025-02-10,LG02
9_3507985_06133,TACNA,-70.41028280345625,-18.18329875975927,1.2m,2025,2025-02-10,LG02
9_3557995_02259,TACNA,-70.32875534154633,-18.10857038613591,1.2m,2025,2025-03-01,LG02
9_3357985_07205,TACNA,-70.52823337231548,-18.183879852501388,1.2m,2025,2025-03-11,LG01
9_3507975_07548,TACNA,-70.41583682267972,-18.269558924004166,1.2m,2025,2025-02-10,LG02
9_3457985_06237,TACNA,-70.42391249149277,-18.20434635700653,1.2m,2025,2025-02-10,LG02
9_3457990_06631,TACNA,-70.45381181846926,-18.16828383146988,1.2m,2025,2025-02-10,LG02
9_3407990_06353,TACNA,-70.46902589857221,-18.14779983708465,1.2m,2025,2025-03-11,LG01
9_3457990_06759,TACNA,-70.46292052625556,-18.16810403474483,1.2m,2025,2025-03-11,LG01
9_3457990_06626,TACNA,-70.45428716690358,-18.171287896718923,1.2m,2025,2025-02-10,LG02
9_3457975_07600,TACNA,-70.44360256639891,-18.27666482177101,1.2m,2025,2025-02-10,LG02
9_3457985_06679,TACNA,-70.45554051675964,-18.174270870715258,1.2m,2025,2025-02-10,LG02
9_3457985_06249,TACNA,-70.42724117252112,-18.202610889704054,1.2m,2025,2025-02-10,LG02
9_3457985_006247,TACNA,-70.4290089874116,-18.201695877568255,1.2m,2025,2025-02-10,LG02
9_3407990_06349,TACNA,-70.46941033108219,-18.14675927141368,1.2m,2025,2025-03-11,LG01
9_3457990_06479,TACNA,-70.46063507475677,-18.15587125257215,1.2m,2025,2025-02-10,LG02
9_3457985_07448,TACNA,-70.4581582158072,-18.175463596617284,1.2m,2025,2025-02-10,LG02
9_3608005_016768,TACNA,-70.28753980392541,-18.04186548344829,1.2m,2025,2025-03-20,LG02
9_3357985_07073,TACNA,-70.51760814406646,-18.1861253407735,1.2m,2025,2025-03-11,LG01
9_3658090_21320,TACNA,-70.26295674785126,-17.26150612667149,1.2m,2021,2021-10-25,GE01
9_3407990_06516,TACNA,-70.473819590568,-18.159201851516563,1.2m,2025,2025-03-11,LG01
9_3457985_06747,TACNA,-70.46265860034774,-18.17387279968485,1.2m,2025,2025-03-11,LG01
9_3357985_07248,TACNA,-70.53919728418599,-18.209331373503776,1.2m,2025,2025-03-11,LG01
9_3407990_06400,TACNA,-70.47874205673641,-18.15290297735752,1.2m,2025,2025-03-11,LG01
9_3407990_06834,TACNA,-70.4780159916557,-18.167711360168013,1.2m,2025,2025-03-11,LG01
9_3407985_06871,TACNA,-70.47325175730285,-18.180920329724444,1.2m,2025,2025-03-11,LG01
9_3407985_07003,TACNA,-70.46774110897073,-18.190333142330672,1.2m,2025,2025-03-11,LG01
9_3457975_07668,TACNA,-70.43971733446213,-18.284081812579494,1.2m,2025,2025-02-10,LG02
9_3558080_40495,TACNA,-70.3248649539754,-17.320101212834786,1.2m,2020,2020-12-12,WV02
9_3407985_07022,TACNA,-70.50291524293894,-18.188152126420043,1.2m,2025,2025-03-11,LG01
9_3407990_06541,TACNA,-70.481397931868,-18.16106938224415,1.2m,2025,2025-03-11,LG01
9_3407990_06835,TACNA,-70.47725101988209,-18.168135265540506,1.2m,2025,2025-03-11,LG01
9_3457990_06566,TACNA,-70.44734572779552,-18.168106090453428,1.2m,2025,2025-02-10,LG02
9_3558080_40478,TACNA,-70.32703751259436,-17.32078379905169,1.2m,2020,2020-12-12,WV02
9_3658085_20485,TACNA,-70.24755632262053,-17.278854616580134,1.2m,2021,2021-10-25,GE01
9_3708080_25114,TACNA,-70.20889546570082,-17.3202168733211,1.2m,2020,2020-12-12,WV02
9_3658000_14103,TACNA,-70.2360279949807,-18.05733700216482,1.2m,2025,2025-03-27,WV03
9_3708090_24952,TACNA,-70.18287446082316,-17.236845093363385,1.2m,2021,2021-10-25,GE01
9_3708090_24746,TACNA,-70.1923176586248,-17.243937854298863,1.2m,2021,2021-10-25,GE01
9_3658090_21869,TACNA,-70.25906365714766,-17.262004030036234,1.2m,2021,2021-10-25,GE01
9_3708090_24731,TACNA,-70.19256619229414,-17.2471917713899,1.2m,2021,2021-10-25,GE01
9_3708090_23147,TACNA,-70.18741443760547,-17.26583104874534,1.2m,2021,2021-10-25,GE01
9_3708010_00910,TACNA,-70.1829874466178,-17.959323681719553,1.2m,2023,2023-03-16,WV03
9_3508085_26325,TACNA,-70.39633373210731,-17.309370456937284,1.2m,2025,2025-08-20,WV03
9_3908065_45756,TACNA,-70.02267334307194,-17.470763084157714,1.2m,2025,2025-03-30,LG01
9_3558085_41219,TACNA,-70.32834805120771,-17.318844344139364,1.2m,2020,2020-12-12,WV02
9_3708090_24865,TACNA,-70.20089352602871,-17.249861272125976,1.2m,2021,2021-10-25,GE01
9_3908065_46294,TACNA,-70.03474512715123,-17.467502362525266,1.2m,2025,2025-03-30,LG01
9_3908065_45730,TACNA,-70.02891466534942,-17.472958332548764,1.2m,2025,2025-03-30,LG01
9_3858065_45250,TACNA,-70.04488450521924,-17.498388446996948,1.2m,2025,2025-03-30,LG01
9_3908070_47043,TACNA,-70.013585026314,-17.453896920267134,1.2m,2025,2025-03-30,LG01
9_3908070_47122,TACNA,-70.01324916987164,-17.450615803244936,1.2m,2025,2025-03-30,LG01
9_3908065_46667,TACNA,-70.0279019626943,-17.461658727544147,1.2m,2025,2025-03-30,LG01
9_3808025_00010,TACNA,-70.11111097122871,-17.835334101218123,1.2m,2024,2024-12-11,WV03
9_3708090_25679,TACNA,-70.2107578292225,-17.245821780590248,1.2m,2021,2021-10-25,GE01
9_3708085_25110,TACNA,-70.20975542167608,-17.31940938905129,1.2m,2020,2020-12-12,WV02
9_3858065_45479,TACNA,-70.03923876263313,-17.492406965093693,1.2m,2025,2025-03-30,LG01
9_3708090_25726,TACNA,-70.20853832714164,-17.24577367620812,1.2m,2021,2021-10-25,GE01
9_3708090_24835,TACNA,-70.18521057834643,-17.24341343460741,1.2m,2021,2021-10-25,GE01
9_3658085_20287,TACNA,-70.24237360876313,-17.295524249594735,1.2m,2021,2021-10-25,GE01
9_3708090_025821,TACNA,-70.20897615087203,-17.244514324703854,1.2m,2021,2021-10-25,GE01
9_3858065_45490,TACNA,-70.04070962486723,-17.4888438258604,1.2m,2025,2025-03-30,LG01
9_3558085_41298,TACNA,-70.32366250241316,-17.318430762267894,1.2m,2020,2020-12-12,WV02
9_3708090_25197,TACNA,-70.1789155483537,-17.236124623171165,1.2m,2021,2021-10-25,GE01
9_3708090_025793,TACNA,-70.21262320436918,-17.24581856700715,1.2m,2021,2021-10-25,GE01
9_3708090_25704,TACNA,-70.2159525918631,-17.253812744521237,1.2m,2021,2021-10-25,GE01
9_3708090_25730,TACNA,-70.19005776001822,-17.236789805243866,1.2m,2021,2021-10-25,GE01
9_3708090_025920,TACNA,-70.21746218622042,-17.25270496699923,1.2m,2021,2021-10-25,GE01
9_3708090_24813,TACNA,-70.1834080745995,-17.238379036738856,1.2m,2021,2021-10-25,GE01
9_3908070_46944,TACNA,-70.02253291267033,-17.454879046608305,1.2m,2025,2025-03-30,LG01
9_3708090_24801,TACNA,-70.18363047272078,-17.23686769932489,1.2m,2021,2021-10-25,GE01
9_3708010_03813,TACNA,-70.22088443664406,-17.99204766702538,1.2m,2025,2025-03-27,WV03
9_3708005_01249,TACNA,-70.22262068602575,-17.999462444953565,1.2m,2025,2025-03-27,WV03
9_3658000_02988,TACNA,-70.23524109696032,-18.06554579302278,1.2m,2025,2025-03-27,WV03
9_3507975_07786,TACNA,-70.41769025558327,-18.288222523009658,1.2m,2025,2025-02-10,LG02
9_3658085_20639,TACNA,-70.23458197896501,-17.275484869608988,1.2m,2021,2021-10-25,GE01
9_3658090_24071,TACNA,-70.23518964990636,-17.236583679383486,1.2m,2021,2021-10-25,GE01
9_3708080_24556,TACNA,-70.2056355065242,-17.33779134063115,1.2m,2020,2020-12-12,WV02
9_3658085_20248,TACNA,-70.23373273820117,-17.294161165482322,1.2m,2021,2021-10-25,GE01
9_3508085_26246,TACNA,-70.39634192336592,-17.315963309362076,1.2m,2025,2025-08-20,WV03
9_3558085_40860,TACNA,-70.33771238880387,-17.31844751376507,1.2m,2020,2020-12-12,WV02
9_3558085_40442,TACNA,-70.33144564579783,-17.302979015502267,1.2m,2020,2020-12-12,WV02
9_3658085_20607,TACNA,-70.23250481542414,-17.275705110592657,1.2m,2021,2021-10-25,GE01
9_3658085_18207,TACNA,-70.25716347557028,-17.293603637053685,1.2m,2020,2020-12-12,WV02
9_3908065_46696,TACNA,-70.0264484916527,-17.46410729762277,1.2m,2025,2025-03-30,LG01
9_3708085_23542,TACNA,-70.20717776435481,-17.282810604606794,1.2m,2021,2021-10-25,GE01
9_3658085_18046,TACNA,-70.2550060288718,-17.30951341465722,1.2m,2020,2020-12-12,WV02
9_3858065_46383,TACNA,-70.03961123228649,-17.46616095231014,1.2m,2025,2025-03-30,LG01
9_3858065_45348,TACNA,-70.04074312699524,-17.500384039386688,1.2m,2025,2025-03-30,LG01
9_3658090_22583,TACNA,-70.2420115743773,-17.260140451400858,1.2m,2021,2021-10-25,GE01
9_3908065_45662,TACNA,-70.02966502824725,-17.480581195360358,1.2m,2025,2025-03-30,LG01
9_3658085_24048,TACNA,-70.22989129944185,-17.29618992317673,1.2m,2021,2021-10-25,GE01
9_3658085_20098,TACNA,-70.23297454998065,-17.287212867970943,1.2m,2021,2021-10-25,GE01
9_3558080_40821,TACNA,-70.33570817159188,-17.321928904094257,1.2m,2020,2020-12-12,WV02
9_3658090_21482,TACNA,-70.24830605595977,-17.257628894218815,1.2m,2021,2021-10-25,GE01
9_3608085_41718,TACNA,-70.3085799201038,-17.29482040196278,1.2m,2020,2020-12-12,WV02
9_3508085_26787,TACNA,-70.37036670956836,-17.29653612971385,1.2m,2025,2025-08-20,WV03
9_3708085_025005,TACNA,-70.21108418774463,-17.295950272228517,1.2m,2021,2021-10-25,GE01
9_3858065_45587,TACNA,-70.03904970638249,-17.486443860710956,1.2m,2025,2025-03-30,LG01
9_3508085_26218,TACNA,-70.39009024691217,-17.31490359233786,1.2m,2025,2025-08-20,WV03
9_3558085_27497,TACNA,-70.3584197036393,-17.28575261455793,1.2m,2024,2024-01-02,WV03
9_3708090_22892,TACNA,-70.20719022463398,-17.26646497310868,1.2m,2021,2021-10-25,GE01
9_3558085_27180,TACNA,-70.35706050046599,-17.298488369463428,1.2m,2024,2024-01-02,WV03
9_3558080_40470,TACNA,-70.3248260130798,-17.321989864787586,1.2m,2020,2020-12-12,WV02
9_3558085_27610,TACNA,-70.35114955496648,-17.294161686513224,1.2m,2024,2024-01-02,WV03
9_3608085_41610,TACNA,-70.3159284841744,-17.294521979858864,1.2m,2024,2024-01-02,WV03
9_3658085_18039,TACNA,-70.25315184280478,-17.311361342647146,1.2m,2020,2020-12-12,WV02
9_3858065_45491,TACNA,-70.04025015472935,-17.488672718902077,1.2m,2025,2025-03-30,LG01
9_3908065_46638,TACNA,-70.03049054761617,-17.463253605241484,1.2m,2025,2025-03-30,LG01
9_3708090_23660,TACNA,-70.21656434678027,-17.272102574395426,1.2m,2021,2021-10-25,GE01
9_3508085_26650,TACNA,-70.37883272858926,-17.298950803401933,1.2m,2025,2025-08-20,WV03
9_3858065_45034,TACNA,-70.05085820565768,-17.477785006321483,1.2m,2025,2025-03-30,LG01
9_3508085_26550,TACNA,-70.38552060148554,-17.30502051307908,1.2m,2025,2025-08-20,WV03
9_3558080_40934,TACNA,-70.3524588418199,-17.322697941661097,1.2m,2020,2020-08-09,WV02
9_3558085_41012,TACNA,-70.34037970024116,-17.315487308531914,1.2m,2020,2020-08-09,WV02
9_3508085_26560,TACNA,-70.38393259231447,-17.30775816514422,1.2m,2025,2025-08-20,WV03
9_3708085_23374,TACNA,-70.19374311167209,-17.285000375457237,1.2m,2021,2021-10-25,GE01
9_3708090_22904,TACNA,-70.20095733249954,-17.262443088745172,1.2m,2021,2021-10-25,GE01
9_3508085_26532,TACNA,-70.38675275106414,-17.305832471999604,1.2m,2025,2025-08-20,WV03
7_5609595_09218,TUMBES,-80.44341396837208,-3.6653236656537747,60cm,2025,2025-09-10,LG05
7_5609590_09033,TUMBES,-80.44527041782615,-3.6729667359657756,60cm,2025,2025-09-10,LG05
7_5759615_003240,TUMBES,-80.29098318434737,-3.4609767441685397,60cm,2026,2026-04-06,LG03
7_5559600_026644,TUMBES,-80.46269600825462,-3.605330897756664,60cm,2025,2025-09-10,LG05
7_5609585_020069,TUMBES,-80.41758317646423,-3.727553006306071,60cm,2025,2025-01-31,LG02
7_5809590_005604,TUMBES,-80.25743908999334,-3.686502412091526,60cm,2022,2022-04-24,WV02
7_5609590_02567,TUMBES,-80.4399077277155,-3.680275474833702,60cm,2025,2025-09-10,LG05
7_5609595_07914,TUMBES,-80.44909190884572,-3.62623900940746,60cm,2025,2025-09-10,LG05
7_5609600_06015,TUMBES,-80.46053054440816,-3.5775145009247007,60cm,2024,2024-11-10,LG02
7_5609595_08757,TUMBES,-80.43915764665618,-3.6586296955009674,60cm,2025,2025-09-10,LG05
7_5659585_023374,TUMBES,-80.40756989183754,-3.7508168703725318,60cm,2019,2019-04-26,GE01
7_5609585_009535,TUMBES,-80.45224048312198,-3.716565912124379,60cm,2025,2025-01-31,LG02
7_5559600_05725,TUMBES,-80.47126364800312,-3.589429813150738,60cm,2024,2024-11-10,LG02
7_5659580_023391,TUMBES,-80.38399952688255,-3.7597754798903837,60cm,2019,2019-04-26,GE01
7_5609585_09959,TUMBES,-80.45755117278445,-3.7576704728882637,60cm,2025,2025-01-31,LG02
7_5559600_06163,TUMBES,-80.4626313413153,-3.600010452775779,60cm,2024,2024-11-10,LG02
7_5609595_07931,TUMBES,-80.45223638344359,-3.627882969609086,60cm,2025,2025-09-10,LG05
7_5609595_09235,TUMBES,-80.44008870493198,-3.665055992161766,60cm,2025,2025-09-10,LG05
7_5609600_06167,TUMBES,-80.4615589101068,-3.5997647863675755,60cm,2024,2024-11-10,LG02
7_5859605_001761,TUMBES,-80.21561973189044,-3.549203571427114,60cm,2022,2022-04-24,WV02
7_5609585_09949,TUMBES,-80.45515290640527,-3.757771688490503,60cm,2025,2025-01-31,LG02
7_5609595_02206,TUMBES,-80.4358372616679,-3.6549682910156585,60cm,2025,2025-09-10,LG05
7_5609590_020036,TUMBES,-80.42301532219292,-3.6952695997967617,60cm,2025,2025-01-31,LG02
7_5609585_009580,TUMBES,-80.4530596480212,-3.723950823783987,60cm,2025,2025-01-31,LG02
7_5609585_010433,TUMBES,-80.44746234164967,-3.7339359593312986,60cm,2025,2025-01-31,LG02
7_5609590_029605,TUMBES,-80.44864469282902,-3.6996056048990753,60cm,2025,2025-01-31,LG02
7_5909595_02644,TUMBES,-80.18886823677272,-3.6334748203067164,60cm,2022,2022-04-24,WV02
7_5909595_02521,TUMBES,-80.18847900019534,-3.656759780119132,60cm,2022,2022-04-24,WV02
7_5809610_00426,TUMBES,-80.24176035598865,-3.500384244072112,60cm,2022,2022-04-21,WV02
7_5859605_01637,TUMBES,-80.21238493331009,-3.5455921895740525,60cm,2022,2022-04-24,WV02
7_5609600_07046,TUMBES,-80.4568740505204,-3.610457546584825,60cm,2025,2025-09-10,LG05
7_5609595_08879,TUMBES,-80.44418584769531,-3.6477924544522295,60cm,2025,2025-09-10,LG05
7_5609600_07048,TUMBES,-80.45563359790263,-3.608845497236646,60cm,2025,2025-09-10,LG05
7_5859605_001742,TUMBES,-80.21573349874612,-3.5494341160704943,60cm,2022,2022-04-24,WV02
7_5609585_09306,TUMBES,-80.45391721560296,-3.717809484870201,60cm,2025,2025-01-31,LG02
7_5609585_10685,TUMBES,-80.42623992217817,-3.723957422859515,60cm,2025,2025-01-31,LG02
7_5359560_000101,TUMBES,-80.6583984220085,-3.9732822926424918,60cm,2025,2025-08-24,WV03
7_5609590_03043,TUMBES,-80.43087817152238,-3.694248402131346,60cm,2025,2025-01-31,LG02
7_5359555_000181,TUMBES,-80.6635695676539,-3.9867183086454343,60cm,2025,2025-08-24,WV03
7_5609595_08466,TUMBES,-80.43970875142921,-3.6407503201974967,60cm,2025,2025-09-10,LG05
7_5559605_00644,TUMBES,-80.47654453240071,-3.552500450202481,60cm,2024,2024-11-10,LG02
7_5609585_09945,TUMBES,-80.45640095300354,-3.7567400364423085,60cm,2025,2025-01-31,LG02
7_5809590_02915,TUMBES,-80.23680472101847,-3.6992772306767163,60cm,2022,2022-04-24,WV02
7_5609595_08413,TUMBES,-80.43889480321003,-3.637277512167495,60cm,2025,2025-09-10,LG05
7_5609595_08244,TUMBES,-80.44698112201891,-3.6349903115405984,60cm,2025,2025-09-10,LG05
7_5609600_06649,TUMBES,-80.45030340014512,-3.606636697456623,60cm,2025,2025-09-10,LG05
7_5609595_08249,TUMBES,-80.44594191658784,-3.6366139328737805,60cm,2025,2025-09-10,LG05
7_5859610_00757,TUMBES,-80.23201035389704,-3.5030246046174627,60cm,2022,2022-04-21,WV02
7_5609590_009299,TUMBES,-80.4529358980094,-3.690268465961358,60cm,2025,2025-01-31,LG02
7_5609585_09907,TUMBES,-80.45465044146914,-3.7469365047676764,60cm,2025,2025-01-31,LG02
7_5609595_08118,TUMBES,-80.44941403922931,-3.628133886092448,60cm,2025,2025-09-10,LG05
7_5609600_06422,TUMBES,-80.45822427105249,-3.6040680558960974,60cm,2025,2025-09-10,LG05
7_5609585_020091,TUMBES,-80.424884047324,-3.7257756877992403,60cm,2025,2025-01-31,LG02
7_5609600_00950,TUMBES,-80.45420093615256,-3.585403752081935,60cm,2025,2025-09-10,LG05
7_5609585_020117,TUMBES,-80.44270394030366,-3.7209715383808843,60cm,2025,2025-01-31,LG02
7_5609585_023647,TUMBES,-80.43515172008779,-3.7255879784019212,60cm,2025,2025-01-31,LG02
7_5809590_002417,TUMBES,-80.25769767708245,-3.6945138177483594,60cm,2022,2022-04-24,WV02
7_5609605_00215,TUMBES,-80.45747030499136,-3.5332081069597248,60cm,2025,2025-09-10,LG05
7_5859605_005052,TUMBES,-80.22442321333199,-3.5413017093966705,60cm,2022,2022-04-21,WV02
7_5609595_08858,TUMBES,-80.44397213056311,-3.650398512409425,60cm,2025,2025-09-10,LG05
7_5609595_08820,TUMBES,-80.44414954902268,-3.658816498660732,60cm,2025,2025-09-10,LG05
7_5609600_06575,TUMBES,-80.45426481245349,-3.6038410087205692,60cm,2024,2024-11-10,LG02
7_5559605_00158,TUMBES,-80.46885916635091,-3.532097888731137,60cm,2024,2024-11-10,LG02
7_5609600_06562,TUMBES,-80.45487978294943,-3.6040892029119913,60cm,2025,2025-09-10,LG05
7_5609595_09153,TUMBES,-80.43872067817114,-3.665631183733006,60cm,2025,2025-09-10,LG05
7_5609595_08755,TUMBES,-80.43857485638455,-3.658535750517953,60cm,2025,2025-09-10,LG05
7_5809590_002714,TUMBES,-80.25502359911303,-3.6944693207370976,60cm,2022,2022-04-24,WV02
7_5859605_01218,TUMBES,-80.21117525987202,-3.535513126994022,60cm,2022,2022-04-21,WV02
7_5609595_09196,TUMBES,-80.43759336415282,-3.6630516679865144,60cm,2025,2025-09-10,LG05
7_5609595_02199,TUMBES,-80.43524748583226,-3.657626933937463,60cm,2025,2025-09-10,LG05
7_5809590_002822,TUMBES,-80.25549226810159,-3.6817864402332625,60cm,2022,2022-04-24,WV02
7_5609590_020119,TUMBES,-80.44385180853686,-3.7123138647092,60cm,2025,2025-01-31,LG02
7_5559605_020921,TUMBES,-80.47226408028243,-3.5505715145167436,60cm,2024,2024-11-10,LG02
7_5609595_08247,TUMBES,-80.44669294837053,-3.635823911630739,60cm,2025,2025-09-10,LG05
7_5859590_02479,TUMBES,-80.20347959595881,-3.689331924322687,60cm,2022,2022-04-24,WV02
7_5609600_006525,TUMBES,-80.46094041714474,-3.6005856806068097,60cm,2024,2024-11-10,LG02
7_5359560_000125,TUMBES,-80.65905632136331,-3.967518745302109,60cm,2025,2025-08-24,WV03
7_5359560_000082,TUMBES,-80.66667538481013,-3.9830920245811914,60cm,2025,2025-08-24,WV03
7_5609600_06350,TUMBES,-80.46170642301544,-3.6087758153185616,60cm,2025,2025-09-10,LG05
7_5559605_05202,TUMBES,-80.48305690556833,-3.567910327195202,60cm,2025,2025-04-07,WV03
7_5609595_01815,TUMBES,-80.41989158120163,-3.6460815741466654,60cm,2025,2025-09-10,LG05
7_5709610_00094,TUMBES,-80.34670387962143,-3.5193554309068764,60cm,2023,2023-04-27,WV03
7_5559600_06999,TUMBES,-80.4650641287531,-3.616250572674147,60cm,2025,2025-09-10,LG05
7_5559605_025105,TUMBES,-80.4925661394505,-3.5596092309294525,60cm,2025,2025-04-07,WV03
7_5609595_01811,TUMBES,-80.42109513541897,-3.642879791406415,60cm,2025,2025-09-10,LG05
7_5559605_00642,TUMBES,-80.47536859215055,-3.5521150757962205,60cm,2024,2024-11-10,LG02
7_5559600_04819,TUMBES,-80.47649076264148,-3.5836032552168504,60cm,2024,2024-11-10,LG02
7_5559600_07070,TUMBES,-80.46267820904592,-3.612085723651893,60cm,2025,2025-09-10,LG05
7_5509600_03925,TUMBES,-80.5410270784002,-3.5936917495102114,60cm,2025,2025-04-07,WV03
7_5609595_07815,TUMBES,-80.4584626399473,-3.630690318708946,60cm,2025,2025-09-10,LG05
7_5559600_06172,TUMBES,-80.46878861250121,-3.604492993188537,60cm,2025,2025-09-10,LG05
7_5509605_04241,TUMBES,-80.52450032160337,-3.5744317899648634,60cm,2025,2025-04-07,WV03
7_5359560_000200,TUMBES,-80.64417944942647,-3.967470522926617,60cm,2025,2025-08-24,WV03
7_5509600_04401,TUMBES,-80.52354555440758,-3.610183537767381,60cm,2025,2025-04-07,WV03
7_5609600_00923,TUMBES,-80.45494347486343,-3.57961556838512,60cm,2025,2025-09-10,LG05
7_5609610_00440,TUMBES,-80.45542625286633,-3.5224210834890908,60cm,2025,2025-09-10,LG05
7_5609595_022402,TUMBES,-80.42644621913715,-3.6388103947333614,60cm,2025,2025-09-10,LG05
7_5559600_05096,TUMBES,-80.48826994401915,-3.5933599912907552,60cm,2025,2025-04-07,WV03
7_5559605_020302,TUMBES,-80.48016320145926,-3.538735941314417,60cm,2025,2025-04-07,WV03
7_5559600_026635,TUMBES,-80.46683447514572,-3.613430956370057,60cm,2025,2025-09-10,LG05
7_5559600_026634,TUMBES,-80.46828977467362,-3.6140130969588444,60cm,2025,2025-09-10,LG05
7_5659605_01799,TUMBES,-80.3758656625665,-3.5329366933631112,60cm,2023,2023-04-27,WV03
7_5509600_04727,TUMBES,-80.51020108722913,-3.587931238168819,60cm,2025,2025-04-07,WV03
7_5559605_05486,TUMBES,-80.49227774268992,-3.538066019039218,60cm,2025,2025-04-07,WV03
7_5509600_04243,TUMBES,-80.52398495035393,-3.5769605943185043,60cm,2025,2025-04-07,WV03
7_5559600_026021,TUMBES,-80.47424911425023,-3.5875805193658636,60cm,2024,2024-11-10,LG02
7_5559600_05785,TUMBES,-80.47138966457649,-3.597157247085394,60cm,2024,2024-11-10,LG02
7_5609600_06351,TUMBES,-80.46110528136873,-3.6083398219624687,60cm,2025,2025-09-10,LG05
7_5609595_07542,TUMBES,-80.45828208678226,-3.6257736959955276,60cm,2025,2025-09-10,LG05
7_5559600_10588,TUMBES,-80.4967314708179,-3.588556179396315,60cm,2025,2025-04-07,WV03
7_5559605_05425,TUMBES,-80.48116520541254,-3.5515336360338745,60cm,2025,2025-04-07,WV03
7_5609600_07382,TUMBES,-80.45414450626194,-3.6175935973183293,60cm,2025,2025-09-10,LG05
7_5559600_07280,TUMBES,-80.46375380405414,-3.6217380319357275,60cm,2025,2025-09-10,LG05
7_5559600_04671,TUMBES,-80.49622474894193,-3.59532862386318,60cm,2025,2025-04-07,WV03
7_5559595_07258,TUMBES,-80.46504210286548,-3.623105922531443,60cm,2025,2025-09-10,LG05
7_5509600_11516,TUMBES,-80.53337573355185,-3.608033835476395,60cm,2025,2025-04-07,WV03
7_5509600_04217,TUMBES,-80.5139296297061,-3.5947032996711767,60cm,2025,2025-04-07,WV03
7_5559605_11088,TUMBES,-80.47279047627666,-3.573305860776875,60cm,2024,2024-11-10,LG02
7_5609605_00796,TUMBES,-80.45214023795222,-3.5488787051049897,60cm,2025,2025-09-10,LG05
7_5659595_022201,TUMBES,-80.3907521651006,-3.646782034940274,60cm,2025,2025-09-10,LG05
7_5609600_006709,TUMBES,-80.44807502532257,-3.6082888942555074,60cm,2025,2025-09-10,LG05
7_5559605_00624,TUMBES,-80.46719348644322,-3.5552997882556747,60cm,2024,2024-11-10,LG02
7_5559580_10274,TUMBES,-80.5057251902893,-3.798887559878055,60cm,2025,2025-04-07,WV03
7_5559580_020157,TUMBES,-80.46837751719173,-3.7880494012639243,60cm,2025,2025-01-31,LG02
7_5609605_00495,TUMBES,-80.43835999789114,-3.5391192998882213,60cm,2025,2025-09-10,LG05
7_5859610_001137,TUMBES,-80.21576376937226,-3.516684363701227,60cm,2022,2022-04-21,WV02
7_5559610_00044,TUMBES,-80.49778434674428,-3.5303850801011154,60cm,2025,2025-04-07,WV03
7_5859610_001139,TUMBES,-80.21680315787106,-3.516540816104418,60cm,2022,2022-04-21,WV02
7_5559580_03662,TUMBES,-80.46983688386103,-3.7889995224476376,60cm,2025,2025-01-31,LG02
7_5359555_000182,TUMBES,-80.64985929589619,-3.999942169716367,60cm,2025,2025-08-24,WV03
7_5859610_001142,TUMBES,-80.21789209639445,-3.5161166166235485,60cm,2022,2022-04-21,WV02
7_5859610_001131,TUMBES,-80.22590984490562,-3.517006203907109,60cm,2022,2022-04-21,WV02
7_5609600_021268,TUMBES,-80.4550306607461,-3.593105684461041,60cm,2025,2025-09-10,LG05
7_5809610_000855,TUMBES,-80.26707662452303,-3.529712958163832,60cm,2022,2022-04-21,WV02
7_5359555_011133,TUMBES,-80.66727143912149,-4.012598347545621,60cm,2025,2025-08-24,WV03
7_5559595_07459,TUMBES,-80.47280550428141,-3.628465335289752,60cm,2025,2025-09-10,LG05
7_5609595_022408,TUMBES,-80.43140478422735,-3.6622179475072576,60cm,2025,2025-09-10,LG05
7_5359555_000052,TUMBES,-80.65769977094652,-4.011821687880996,60cm,2025,2025-08-24,WV03
7_5809615_00335,TUMBES,-80.24339438245445,-3.4691955486407258,60cm,2022,2022-04-21,WV02
7_5859590_002896,TUMBES,-80.21505682443649,-3.6889459714574606,60cm,2022,2022-04-24,WV02
7_5559610_00034,TUMBES,-80.48678592599512,-3.5272414173079305,60cm,2025,2025-04-07,WV03
7_5609600_07272,TUMBES,-80.4577727372951,-3.619490424506879,60cm,2025,2025-09-10,LG05
7_5559580_030201,TUMBES,-80.47298660763175,-3.796446877282711,60cm,2025,2025-01-31,LG02
7_5609610_020947,TUMBES,-80.4557619035664,-3.531379632350954,60cm,2025,2025-09-10,LG05
7_5859590_005317,TUMBES,-80.2174719325105,-3.6960685744289057,60cm,2022,2022-04-24,WV02
7_5459595_04069,TUMBES,-80.56649120151606,-3.627824541744289,60cm,2025,2025-04-07,WV03
7_5559580_10009,TUMBES,-80.46286644210323,-3.759911757406681,60cm,2025,2025-01-31,LG02
7_5809590_002854,TUMBES,-80.24320310405295,-3.7119178125957992,60cm,2022,2022-04-24,WV02
7_5859605_01834,TUMBES,-80.21904945824187,-3.5564314138892295,60cm,2022,2022-04-24,WV02
7_5859590_02474,TUMBES,-80.23023271710004,-3.697599279783542,60cm,2022,2022-04-24,WV02
7_5609595_028403,TUMBES,-80.4483417243217,-3.637860233453037,60cm,2025,2025-09-10,LG05
7_5809605_000843,TUMBES,-80.26389899076844,-3.5405420256561912,60cm,2022,2022-04-21,WV02
7_5609605_00483,TUMBES,-80.44846348370083,-3.5428334133163517,60cm,2025,2025-09-10,LG05
7_5859590_002836,TUMBES,-80.19591729291,-3.6762037480483016,60cm,2022,2022-04-24,WV02
7_5359550_011130,TUMBES,-80.67672787917734,-4.033813706060368,60cm,2025,2025-03-13,WV03
7_5309580_000497,TUMBES,-80.69655957545257,-3.80228142084046,60cm,2022,2022-08-11,GE01
7_5859590_002841,TUMBES,-80.19643966526469,-3.673680920095017,60cm,2022,2022-04-24,WV02
7_5359570_000701,TUMBES,-80.64476479236053,-3.863956235116524,60cm,2022,2022-08-11,GE01
