COD_PREDIO,dept,lon,lat,res,year,date,desc
8_4958615_000195,HUANCAVELICA,-75.01211894658894,-12.487789167843435,1.2m,2025,2025-06-22,LG02
8_4958615_000425,HUANCAVELICA,-75.00285419459114,-12.501980181261947,1.2m,2023,2023-08-22,WV02
8_5658580_003479,HUANCAVELICA,-74.38198797868696,-12.810045092427092,1.2m,2025,2025-05-31,LG01
8_5508590_005203,HUANCAVELICA,-74.51124687730086,-12.726022627414846,1.2m,2025,2025-05-18,WV03
8_5008615_000292,HUANCAVELICA,-75.00177873109865,-12.497359968111999,1.2m,2023,2023-08-22,WV02
8_5658585_001486,HUANCAVELICA,-74.37160994819307,-12.762588920507035,1.2m,2025,2025-05-31,LG01
8_5658590_004969,HUANCAVELICA,-74.38093299334045,-12.745939994385832,1.2m,2025,2025-05-31,LG01
8_5658590_001138,HUANCAVELICA,-74.40232415462496,-12.74181496193033,1.2m,2025,2025-05-18,WV03
8_5658585_001343,HUANCAVELICA,-74.38155523664724,-12.77179066050909,1.2m,2025,2025-05-31,LG01
8_5658590_004706,HUANCAVELICA,-74.37644396341648,-12.750311718189305,1.2m,2025,2025-05-31,LG01
8_5658585_001458,HUANCAVELICA,-74.37370343702882,-12.763193204827076,1.2m,2025,2025-05-31,LG01
8_5658580_003443,HUANCAVELICA,-74.38987485156468,-12.80768846457828,1.2m,2025,2025-05-31,LG01
8_5658590_004695,HUANCAVELICA,-74.37649290702518,-12.748869416459677,1.2m,2025,2025-05-31,LG01
8_5008615_000321,HUANCAVELICA,-74.99796201733402,-12.502989805458723,1.2m,2023,2023-08-22,WV02
8_5658585_001224,HUANCAVELICA,-74.37953428476666,-12.77758839759754,1.2m,2025,2025-05-31,LG01
8_5658580_003414,HUANCAVELICA,-74.39489960860784,-12.806141580656767,1.2m,2025,2025-05-18,WV03
8_5658590_004423,HUANCAVELICA,-74.3680052032928,-12.75700092506883,1.2m,2025,2025-05-31,LG01
8_5008615_000313,HUANCAVELICA,-74.99946878684672,-12.505272639469506,1.2m,2023,2023-08-22,WV02
8_5658590_004720,HUANCAVELICA,-74.37935276399722,-12.750639320969686,1.2m,2025,2025-05-31,LG01
8_5658595_006273,HUANCAVELICA,-74.36590385884745,-12.700091854443205,1.2m,2025,2025-05-31,LG01
8_5658595_006272,HUANCAVELICA,-74.3649288535835,-12.700450836251363,1.2m,2025,2025-05-31,LG01
8_5658585_001405,HUANCAVELICA,-74.38088122494831,-12.760220011519305,1.2m,2025,2025-05-31,LG01
8_5608560_000182,HUANCAVELICA,-74.44120520411808,-13.015965141456157,1.2m,2025,2025-05-18,WV03
8_5008615_000075,HUANCAVELICA,-74.98853424223421,-12.505302548181168,1.2m,2023,2023-08-22,WV02
8_5658580_003493,HUANCAVELICA,-74.38628491320173,-12.807015720097894,1.2m,2025,2025-05-31,LG01
8_5658595_006281,HUANCAVELICA,-74.36744643316254,-12.700699357970434,1.2m,2025,2025-05-31,LG01
8_4958615_000288,HUANCAVELICA,-75.00389174834892,-12.49639191708965,1.2m,2025,2025-06-22,LG02
8_5658585_001333,HUANCAVELICA,-74.37889010227713,-12.771232751916205,1.2m,2025,2025-05-31,LG01
8_5658590_004741,HUANCAVELICA,-74.3763726852595,-12.747301400062746,1.2m,2025,2025-05-31,LG01
8_5658590_004507,HUANCAVELICA,-74.3691082506029,-12.752404878724338,1.2m,2025,2025-05-31,LG01
8_5008615_000304,HUANCAVELICA,-75.00045036219501,-12.50675727626713,1.2m,2023,2023-08-22,WV02
8_5658585_001374,HUANCAVELICA,-74.3756037457282,-12.765644008831778,1.2m,2025,2025-05-31,LG01
8_5108610_007345,HUANCAVELICA,-74.87476556944219,-12.532114524622529,1.2m,2025,2025-07-02,WV03
8_5658590_004789,HUANCAVELICA,-74.38785485526424,-12.74835108617004,1.2m,2025,2025-05-31,LG01
8_5658580_003622,HUANCAVELICA,-74.39462098660498,-12.805488839995023,1.2m,2025,2025-05-18,WV03
8_5108610_007356,HUANCAVELICA,-74.8760116502311,-12.532457768582628,1.2m,2025,2025-07-02,WV03
8_4958615_000474,HUANCAVELICA,-75.0037290211614,-12.49525898123291,1.2m,2025,2025-06-22,LG02
8_5658590_004272,HUANCAVELICA,-74.3838987777973,-12.75511664532852,1.2m,2025,2025-05-31,LG01
8_5658585_004376,HUANCAVELICA,-74.3708644477349,-12.762734413379409,1.2m,2025,2025-05-31,LG01
8_4958615_000166,HUANCAVELICA,-75.01035402161826,-12.493363025869343,1.2m,2025,2025-06-22,LG02
8_5608585_000824,HUANCAVELICA,-74.40736765912695,-12.759307378322788,1.2m,2025,2025-05-18,WV03
8_5658590_004531,HUANCAVELICA,-74.36947772175553,-12.751092872998093,1.2m,2025,2025-05-31,LG01
8_5608560_000100,HUANCAVELICA,-74.44159129646248,-13.019928869360374,1.2m,2025,2025-05-18,WV03
8_5658585_004360,HUANCAVELICA,-74.36935925473753,-12.76348416148922,1.2m,2025,2025-05-31,LG01
8_5658585_001272,HUANCAVELICA,-74.37321733172513,-12.766116637855825,1.2m,2025,2025-05-31,LG01
8_5658585_004361,HUANCAVELICA,-74.3699407671644,-12.762958329854849,1.2m,2025,2025-05-31,LG01
8_5658590_004739,HUANCAVELICA,-74.3772342428656,-12.74785876024919,1.2m,2025,2025-05-31,LG01
8_5658590_004750,HUANCAVELICA,-74.37522471435469,-12.748355605947474,1.2m,2025,2025-05-31,LG01
8_5658585_003505,HUANCAVELICA,-74.39450802671044,-12.765299949511201,1.2m,2025,2025-05-18,WV03
8_5658585_004410,HUANCAVELICA,-74.36977461329711,-12.760327452653021,1.2m,2025,2025-05-31,LG01
8_5008615_000349,HUANCAVELICA,-75.00138782217724,-12.501405087418853,1.2m,2023,2023-08-22,WV02
8_5008615_000078,HUANCAVELICA,-74.98838928076593,-12.504525189031188,1.2m,2023,2023-08-22,WV02
8_5658580_003450,HUANCAVELICA,-74.38935847299882,-12.810904033658932,1.2m,2025,2025-05-31,LG01
8_5708595_006409,HUANCAVELICA,-74.35137509258863,-12.696379140377196,1.2m,2025,2025-05-31,LG01
8_5658590_004966,HUANCAVELICA,-74.38054754582667,-12.746908439798077,1.2m,2025,2025-05-31,LG01
8_5008615_000060,HUANCAVELICA,-74.98505002445717,-12.505761619475873,1.2m,2023,2023-08-22,WV02
8_5658590_004757,HUANCAVELICA,-74.37315577608376,-12.749223608092795,1.2m,2025,2025-05-31,LG01
8_5658585_001240,HUANCAVELICA,-74.37951605186737,-12.773667193237602,1.2m,2025,2025-05-31,LG01
8_4958615_000424,HUANCAVELICA,-75.00259239144046,-12.501994829222237,1.2m,2023,2023-08-22,WV02
8_5658590_004283,HUANCAVELICA,-74.38491241706654,-12.757170846975018,1.2m,2025,2025-05-31,LG01
8_5658590_004459,HUANCAVELICA,-74.37659521829636,-12.754096527468938,1.2m,2025,2025-05-31,LG01
8_5658585_001309,HUANCAVELICA,-74.38545570927315,-12.772522689269413,1.2m,2025,2025-05-31,LG01
8_5008615_000076,HUANCAVELICA,-74.98889211690965,-12.505139551630768,1.2m,2023,2023-08-22,WV02
8_5658595_006450,HUANCAVELICA,-74.35817566196219,-12.694987214122,1.2m,2025,2025-05-31,LG01
8_5658585_004358,HUANCAVELICA,-74.36761279937872,-12.766174611749928,1.2m,2025,2025-05-31,LG01
8_5658580_003621,HUANCAVELICA,-74.39449107532317,-12.804903276408607,1.2m,2025,2025-05-18,WV03
8_4908625_002178,HUANCAVELICA,-75.06859997404598,-12.397909437097809,1.2m,2025,2025-06-22,LG02
8_5658585_001367,HUANCAVELICA,-74.37946275614217,-12.762373095745888,1.2m,2025,2025-05-31,LG01
8_5008615_000476,HUANCAVELICA,-75.00138613884832,-12.497828344787614,1.2m,2023,2023-08-22,WV02
8_5658585_004416,HUANCAVELICA,-74.37085477244034,-12.75860909533337,1.2m,2025,2025-05-31,LG01
8_5658585_001255,HUANCAVELICA,-74.374485664004,-12.771160339636406,1.2m,2025,2025-05-31,LG01
8_5458575_00323,HUANCAVELICA,-74.56126202607122,-12.859073679171836,1.2m,2023,2023-04-18,WV02
8_5008615_000002,HUANCAVELICA,-74.98927572427267,-12.511525055625905,1.2m,2023,2023-08-22,WV02
8_5658585_004242,HUANCAVELICA,-74.38029669865332,-12.75756220515075,1.2m,2025,2025-05-31,LG01
8_4958615_000252,HUANCAVELICA,-75.0143194634858,-12.49083833082776,1.2m,2025,2025-06-22,LG02
8_5658585_004228,HUANCAVELICA,-74.38380091602062,-12.759083564782703,1.2m,2025,2025-05-31,LG01
8_5008615_000325,HUANCAVELICA,-74.99938862599411,-12.503277365170096,1.2m,2023,2023-08-22,WV02
8_5008615_000324,HUANCAVELICA,-74.99895080331049,-12.503207113234737,1.2m,2023,2023-08-22,WV02
8_5658590_004723,HUANCAVELICA,-74.38096228893686,-12.751348895491656,1.2m,2025,2025-05-31,LG01
8_5658585_001252,HUANCAVELICA,-74.37210324867982,-12.769701946055417,1.2m,2025,2025-05-31,LG01
8_5008615_000337,HUANCAVELICA,-74.99864748119083,-12.500659153284314,1.2m,2023,2023-08-22,WV02
8_5658595_006001,HUANCAVELICA,-74.36823543150425,-12.710413066955986,1.2m,2025,2025-05-31,LG01
8_5658580_003431,HUANCAVELICA,-74.39114002335539,-12.807735995084393,1.2m,2025,2025-05-31,LG01
8_5658585_001473,HUANCAVELICA,-74.37353987437615,-12.760851024434753,1.2m,2025,2025-05-31,LG01
8_5008615_000459,HUANCAVELICA,-74.99930661396361,-12.504630405756078,1.2m,2023,2023-08-22,WV02
8_5008615_000084,HUANCAVELICA,-74.98801548600258,-12.505055251826992,1.2m,2023,2023-08-22,WV02
8_5658585_003503,HUANCAVELICA,-74.39439879434767,-12.763845514348757,1.2m,2025,2025-05-18,WV03
8_5658585_003606,HUANCAVELICA,-74.39355562990902,-12.800727127665589,1.2m,2025,2025-05-18,WV03
8_5658585_004330,HUANCAVELICA,-74.37061993902998,-12.766693964245794,1.2m,2025,2025-05-31,LG01
8_5658590_004468,HUANCAVELICA,-74.37232140915458,-12.75337818183489,1.2m,2025,2025-05-31,LG01
8_5008615_000011,HUANCAVELICA,-74.98977802242669,-12.508081554163839,1.2m,2023,2023-08-22,WV02
8_5008615_000008,HUANCAVELICA,-74.98968402188746,-12.509654021426897,1.2m,2023,2023-08-22,WV02
8_5658590_004700,HUANCAVELICA,-74.37679531105205,-12.748960775201128,1.2m,2025,2025-05-31,LG01
8_5658590_004645,HUANCAVELICA,-74.37124691975137,-12.751602128975012,1.2m,2025,2025-05-31,LG01
8_5658585_004292,HUANCAVELICA,-74.38537941526437,-12.757837078573562,1.2m,2025,2025-05-31,LG01
8_5658590_001046,HUANCAVELICA,-74.39878841733088,-12.741277666830795,1.2m,2025,2025-05-18,WV03
8_5708595_006414,HUANCAVELICA,-74.35281479700782,-12.693918542717636,1.2m,2025,2025-05-31,LG01
8_4858630_001067,HUANCAVELICA,-75.09453274127591,-12.384469596209184,1.2m,2025,2025-06-22,LG02
8_5658595_006034,HUANCAVELICA,-74.37225540958376,-12.70616757641493,1.2m,2025,2025-05-31,LG01
8_5658585_001257,HUANCAVELICA,-74.37461372364922,-12.770347597442537,1.2m,2025,2025-05-31,LG01
8_5658585_001354,HUANCAVELICA,-74.38443666092246,-12.766225702157875,1.2m,2025,2025-05-31,LG01
8_5658585_004325,HUANCAVELICA,-74.37111847049614,-12.76922471113545,1.2m,2025,2025-05-31,LG01
8_5108610_007385,HUANCAVELICA,-74.87675062224267,-12.536914436111363,1.2m,2025,2025-07-02,WV03
8_5408575_01290,HUANCAVELICA,-74.60213472110625,-12.865713627231138,1.2m,2023,2023-04-18,WV02
8_5608560_000016,HUANCAVELICA,-74.44647304873925,-13.020748329819224,1.2m,2025,2025-05-18,WV03
8_4858630_001062,HUANCAVELICA,-75.09591325358704,-12.383665557605369,1.2m,2025,2025-06-22,LG02
8_5658580_003472,HUANCAVELICA,-74.38713126605535,-12.812754583838064,1.2m,2025,2025-05-31,LG01
8_5708595_004138,HUANCAVELICA,-74.33561161889077,-12.67215481652206,1.2m,2025,2025-05-31,LG01
8_5658590_004478,HUANCAVELICA,-74.36952102776354,-12.75487886577614,1.2m,2025,2025-05-31,LG01
8_5658585_001426,HUANCAVELICA,-74.37964464345235,-12.758289094624509,1.2m,2025,2025-05-31,LG01
8_5658585_001285,HUANCAVELICA,-74.37851871852845,-12.768125915232996,1.2m,2025,2025-05-31,LG01
8_4858630_001026,HUANCAVELICA,-75.10027320441932,-12.379974213033393,1.2m,2025,2025-06-22,LG02
8_4958615_000139,HUANCAVELICA,-75.00959142059304,-12.490987970337429,1.2m,2025,2025-06-22,LG02
8_5658585_001302,HUANCAVELICA,-74.38142769892247,-12.763744689875788,1.2m,2025,2025-05-31,LG01
8_5658580_003423,HUANCAVELICA,-74.39207548149716,-12.806951828652181,1.2m,2025,2025-05-31,LG01
8_4958615_000382,HUANCAVELICA,-75.00212781164714,-12.505313136249018,1.2m,2023,2023-08-22,WV02
8_4958615_000177,HUANCAVELICA,-75.009305925777,-12.491214948182005,1.2m,2025,2025-06-22,LG02
8_5658590_004633,HUANCAVELICA,-74.37198886826326,-12.749599335495517,1.2m,2025,2025-05-31,LG01
8_5708595_004140,HUANCAVELICA,-74.3338689117198,-12.672982781322196,1.2m,2025,2025-05-31,LG01
8_5658590_004876,HUANCAVELICA,-74.386727966694,-12.747441303193362,1.2m,2025,2025-05-31,LG01
8_5658590_004716,HUANCAVELICA,-74.37795842438977,-12.749318712598754,1.2m,2025,2025-05-31,LG01
8_5658585_001461,HUANCAVELICA,-74.37220275582757,-12.763835224964296,1.2m,2025,2025-05-31,LG01
8_4958625_013150,HUANCAVELICA,-75.04719525989118,-12.424938910805752,1.2m,2025,2025-06-22,LG02
8_5458580_01345,HUANCAVELICA,-74.56555394702946,-12.828031561345844,1.2m,2023,2023-04-18,WV02
8_5158610_007512,HUANCAVELICA,-74.84797368014392,-12.563484647072286,1.2m,2025,2025-07-02,WV03
8_5458575_00951,HUANCAVELICA,-74.56839462017153,-12.849813823374948,1.2m,2023,2023-04-18,WV02
8_4958620_003162,HUANCAVELICA,-75.02958632537502,-12.441995576202281,1.2m,2025,2025-06-22,LG02
8_5458575_00256,HUANCAVELICA,-74.57395575327715,-12.864008939214466,1.2m,2023,2023-04-18,WV02
8_4908615_009159,HUANCAVELICA,-75.04841404050497,-12.503869815276826,1.2m,2025,2025-06-22,LG02
8_5458575_00422,HUANCAVELICA,-74.56337868315075,-12.853730667932297,1.2m,2023,2023-04-18,WV02
8_5658595_007003,HUANCAVELICA,-74.39028319656029,-12.696408938607243,1.2m,2025,2025-05-31,LG01
8_5108610_007917,HUANCAVELICA,-74.8747601747398,-12.552861393353108,1.2m,2025,2025-07-02,WV03
8_5458575_00194,HUANCAVELICA,-74.57111047980723,-12.865277032397827,1.2m,2023,2023-04-18,WV02
8_5658595_004004,HUANCAVELICA,-74.36107261152621,-12.681364251464611,1.2m,2025,2025-05-31,LG01
8_5658595_006765,HUANCAVELICA,-74.39734744069438,-12.697175852863662,1.2m,2025,2025-05-18,WV03
8_5508595_004047,HUANCAVELICA,-74.49973012564305,-12.68369074253551,1.2m,2025,2025-05-18,WV03
8_5458575_00555,HUANCAVELICA,-74.56254058919649,-12.850021785234361,1.2m,2023,2023-04-18,WV02
8_5658595_005623,HUANCAVELICA,-74.38523783951561,-12.706696354948143,1.2m,2025,2025-05-31,LG01
8_4958625_002658,HUANCAVELICA,-75.0380016455251,-12.43751724598824,1.2m,2025,2025-06-22,LG02
8_5658595_005498,HUANCAVELICA,-74.38061322481377,-12.694953827208227,1.2m,2025,2025-05-31,LG01
8_5508595_004532,HUANCAVELICA,-74.4998722695264,-12.688242613917495,1.2m,2025,2025-05-18,WV03
8_4958615_000160,HUANCAVELICA,-75.00758878334688,-12.493550495688165,1.2m,2025,2025-06-22,LG02
8_5508595_006009,HUANCAVELICA,-74.50051739579672,-12.679363429278943,1.2m,2025,2025-05-18,WV03
8_5658595_006547,HUANCAVELICA,-74.37027980588934,-12.694939498313841,1.2m,2025,2025-05-31,LG01
8_5658585_001383,HUANCAVELICA,-74.3759462754729,-12.759723163485361,1.2m,2025,2025-05-31,LG01
8_5658590_000089,HUANCAVELICA,-74.39922580901731,-12.720071980751364,1.2m,2025,2025-05-18,WV03
8_4958625_003038,HUANCAVELICA,-75.03226186307347,-12.437676123623913,1.2m,2025,2025-06-22,LG02
8_4908625_001363,HUANCAVELICA,-75.08027792959888,-12.40030092580727,1.2m,2025,2025-06-22,LG02
8_5658590_004776,HUANCAVELICA,-74.38877384166491,-12.749683428605895,1.2m,2025,2025-05-31,LG01
8_4958625_002878,HUANCAVELICA,-75.044803178245,-12.418372292320248,1.2m,2025,2025-06-22,LG02
8_5558595_004115,HUANCAVELICA,-74.49483735875829,-12.686986882904456,1.2m,2025,2025-05-18,WV03
8_5558595_005944,HUANCAVELICA,-74.49444560373527,-12.674118623515614,1.2m,2025,2025-05-18,WV03
8_5658590_005038,HUANCAVELICA,-74.38135335789505,-12.739078258462584,1.2m,2025,2025-05-31,LG01
8_4908625_005210,HUANCAVELICA,-75.05655927498427,-12.416993216193106,1.2m,2025,2025-06-22,LG02
8_4908625_005093,HUANCAVELICA,-75.05473188721413,-12.413592817163376,1.2m,2025,2025-06-22,LG02
8_5658595_007126,HUANCAVELICA,-74.40134669915429,-12.691460580152746,1.2m,2025,2025-05-18,WV03
8_5458575_00527,HUANCAVELICA,-74.5602160837249,-12.852388783372863,1.2m,2023,2023-04-18,WV02
8_5108610_007727,HUANCAVELICA,-74.87377426435282,-12.560325191632856,1.2m,2025,2025-07-02,WV03
8_5508595_004936,HUANCAVELICA,-74.49585440345535,-12.700885364487617,1.2m,2025,2025-05-18,WV03
8_5458580_01171,HUANCAVELICA,-74.57324608245091,-12.831271069881588,1.2m,2023,2023-04-18,WV02
8_5458575_00910,HUANCAVELICA,-74.5680091010849,-12.851411329531743,1.2m,2023,2023-04-18,WV02
8_5658585_004379,HUANCAVELICA,-74.37129837567635,-12.763277819767676,1.2m,2025,2025-05-31,LG01
8_5658590_000029,HUANCAVELICA,-74.39465804996986,-12.721291714339284,1.2m,2025,2025-05-18,WV03
8_5458575_00025,HUANCAVELICA,-74.56492157046262,-12.866983455700442,1.2m,2023,2023-04-18,WV02
8_5458575_00561,HUANCAVELICA,-74.56244692915021,-12.84865365402392,1.2m,2023,2023-04-18,WV02
8_5508595_004786,HUANCAVELICA,-74.50181071586971,-12.697242475338824,1.2m,2025,2025-05-18,WV03
8_5458575_01015,HUANCAVELICA,-74.57054859996148,-12.848390175202375,1.2m,2023,2023-04-18,WV02
8_5658595_006185,HUANCAVELICA,-74.38086046872635,-12.702894988169733,1.2m,2025,2025-05-31,LG01
8_5458575_00530,HUANCAVELICA,-74.56142680017243,-12.852078349639818,1.2m,2023,2023-04-18,WV02
8_5458575_00030,HUANCAVELICA,-74.56936235495118,-12.86526871036121,1.2m,2023,2023-04-18,WV02
8_5658595_006790,HUANCAVELICA,-74.3948494495567,-12.698654706839907,1.2m,2025,2025-05-18,WV03
8_5658595_004024,HUANCAVELICA,-74.35906939819787,-12.682090025909392,1.2m,2025,2025-05-31,LG01
8_5458580_00612,HUANCAVELICA,-74.5618180986325,-12.846563818134715,1.2m,2023,2023-04-18,WV02
8_5508595_006031,HUANCAVELICA,-74.49891010138529,-12.678676790031647,1.2m,2025,2025-05-18,WV03
8_4908620_012346,HUANCAVELICA,-75.05034178843687,-12.477725890214094,1.2m,2025,2025-06-22,LG02
8_5508590_005504,HUANCAVELICA,-74.50218652110117,-12.727649898161978,1.2m,2025,2025-05-18,WV03
8_5458575_01009,HUANCAVELICA,-74.57024377567708,-12.848637479693224,1.2m,2023,2023-04-18,WV02
8_5108610_008134,HUANCAVELICA,-74.87933202430973,-12.543212578034549,1.2m,2025,2025-07-02,WV03
8_5458580_01063,HUANCAVELICA,-74.57329721991239,-12.84703772855103,1.2m,2023,2023-04-18,WV02
8_4908630_001677,HUANCAVELICA,-75.08787765410457,-12.394757153058327,1.2m,2025,2025-06-22,LG02
8_5658585_001477,HUANCAVELICA,-74.3724882518668,-12.761312886521225,1.2m,2025,2025-05-31,LG01
8_5508595_005377,HUANCAVELICA,-74.51065440564128,-12.711062672761436,1.2m,2025,2025-05-18,WV03
8_5158610_006647,HUANCAVELICA,-74.85055434205753,-12.553775904324047,1.2m,2025,2025-07-02,WV03
8_5658590_005008,HUANCAVELICA,-74.38272905809202,-12.742686192007609,1.2m,2025,2025-05-31,LG01
8_5558560_000001,HUANCAVELICA,-74.45119209325426,-13.022249710544182,1.2m,2025,2025-05-18,WV03
8_5658595_006710,HUANCAVELICA,-74.39942621146591,-12.700417319452766,1.2m,2025,2025-05-18,WV03
8_5658590_004676,HUANCAVELICA,-74.3734253888117,-12.750333138428788,1.2m,2025,2025-05-31,LG01
8_5608590_003072,HUANCAVELICA,-74.41134372879125,-12.752785210815347,1.2m,2025,2025-05-18,WV03
8_5658590_004506,HUANCAVELICA,-74.36909503748109,-12.752900041477222,1.2m,2025,2025-05-31,LG01
8_5658590_001009,HUANCAVELICA,-74.39772465989398,-12.746494551600815,1.2m,2025,2025-05-18,WV03
8_5508595_004599,HUANCAVELICA,-74.50316554242033,-12.68713667749213,1.2m,2025,2025-05-18,WV03
8_5608585_003582,HUANCAVELICA,-74.40768750920557,-12.766089144032607,1.2m,2025,2025-05-18,WV03
8_5658590_004273,HUANCAVELICA,-74.38523569735716,-12.754330573643966,1.2m,2025,2025-05-31,LG01
8_5608560_000186,HUANCAVELICA,-74.44214932177513,-13.016083678670476,1.2m,2025,2025-05-18,WV03
8_5658595_002700,HUANCAVELICA,-74.37050113341049,-12.678214577376123,1.2m,2025,2025-05-31,LG01
8_5708595_007559,HUANCAVELICA,-74.35558242163317,-12.693078462666318,1.2m,2025,2025-05-31,LG01
8_5658590_007367,HUANCAVELICA,-74.37853431175193,-12.746708417024065,1.2m,2025,2025-05-31,LG01
8_4608515_000008,HUANCAVELICA,-75.36372679380545,-13.431389246458318,1.2m,2022,2022-11-30,WV03
8_5658590_001001,HUANCAVELICA,-74.39367195376917,-12.742496410487496,1.2m,2025,2025-05-18,WV03
8_4958615_000208,HUANCAVELICA,-75.00499304073347,-12.495175510881847,1.2m,2025,2025-06-22,LG02
8_5508595_006337,HUANCAVELICA,-74.50837356549053,-12.686524583689245,1.2m,2023,2023-04-18,WV02
8_5608590_000649,HUANCAVELICA,-74.41249181009914,-12.736704585975776,1.2m,2025,2025-05-18,WV03
8_5108610_007709,HUANCAVELICA,-74.86669821108583,-12.560051279118586,1.2m,2025,2025-07-02,WV03
8_4908625_005033,HUANCAVELICA,-75.05163890745288,-12.415631969912955,1.2m,2025,2025-06-22,LG02
8_5608595_000415,HUANCAVELICA,-74.4056485167192,-12.68953617935421,1.2m,2025,2025-05-18,WV03
8_5658585_005922,HUANCAVELICA,-74.38127607389757,-12.757883409270562,1.2m,2025,2025-05-31,LG01
8_5608595_000407,HUANCAVELICA,-74.40512748768738,-12.700648212338113,1.2m,2025,2025-05-18,WV03
8_5608560_000728,HUANCAVELICA,-74.44413504300913,-13.005997286716335,1.2m,2025,2025-05-18,WV03
8_4908625_001562,HUANCAVELICA,-75.08617336044487,-12.40150930860418,1.2m,2025,2025-06-22,LG02
8_5658600_001554,HUANCAVELICA,-74.3728280489756,-12.665431059678225,1.2m,2025,2025-05-31,LG01
8_5108610_008092,HUANCAVELICA,-74.88003368177783,-12.548516424694897,1.2m,2025,2025-07-02,WV03
8_5658595_001507,HUANCAVELICA,-74.36921033755304,-12.668784311104634,1.2m,2025,2025-05-31,LG01
8_5508595_004056,HUANCAVELICA,-74.49724332025889,-12.687140177715595,1.2m,2025,2025-05-18,WV03
8_5608560_000120,HUANCAVELICA,-74.4413257843216,-13.01892573787865,1.2m,2025,2025-05-18,WV03
8_5658595_006036,HUANCAVELICA,-74.37364587784529,-12.705962521645045,1.2m,2025,2025-05-31,LG01
8_5508590_005533,HUANCAVELICA,-74.50171658953957,-12.73247745678049,1.2m,2025,2025-05-18,WV03
8_5158610_006541,HUANCAVELICA,-74.84358294800327,-12.56347585457716,1.2m,2025,2025-07-02,WV03
8_4908620_012547,HUANCAVELICA,-75.05025833298461,-12.47052720319692,1.2m,2025,2025-06-22,LG02
8_5658595_002685,HUANCAVELICA,-74.37296767585642,-12.678159139852852,1.2m,2025,2025-05-31,LG01
8_5508595_006158,HUANCAVELICA,-74.50453144873592,-12.69097751928188,1.2m,2025,2025-05-18,WV03
8_4958615_000270,HUANCAVELICA,-75.0060055049695,-12.498621048221056,1.2m,2025,2025-06-22,LG02
8_4958615_000439,HUANCAVELICA,-75.00490125734224,-12.499691404464524,1.2m,2025,2025-06-22,LG02
8_5458580_01590,HUANCAVELICA,-74.56478425850655,-12.804295234422366,1.2m,2023,2023-04-18,WV02
8_4858630_001724,HUANCAVELICA,-75.0945700431738,-12.394432680253427,1.2m,2025,2025-06-22,LG02
8_5608585_000846,HUANCAVELICA,-74.4075473858312,-12.761311476307128,1.2m,2025,2025-05-18,WV03
8_4908625_001556,HUANCAVELICA,-75.08632104324616,-12.40239156821357,1.2m,2025,2025-06-22,LG02
8_5608595_000474,HUANCAVELICA,-74.40884037031078,-12.70390962200004,1.2m,2025,2025-05-18,WV03
8_5658595_002937,HUANCAVELICA,-74.38029414922667,-12.681113584013197,1.2m,2025,2025-05-31,LG01
8_5008615_000293,HUANCAVELICA,-75.00112900589673,-12.498193379157069,1.2m,2023,2023-08-22,WV02
8_5608560_000302,HUANCAVELICA,-74.43736615331468,-13.011069163989937,1.2m,2025,2025-05-18,WV03
8_5658595_006096,HUANCAVELICA,-74.37574119925875,-12.700450836478412,1.2m,2025,2025-05-31,LG01
8_5558560_000531,HUANCAVELICA,-74.44916105600873,-13.017331749220755,1.2m,2025,2025-05-18,WV03
8_5658585_004294,HUANCAVELICA,-74.38397622982865,-12.75765043120186,1.2m,2025,2025-05-31,LG01
8_5608590_003256,HUANCAVELICA,-74.41883326580188,-12.756239168498263,1.2m,2025,2025-05-18,WV03
8_4858630_001100,HUANCAVELICA,-75.10401695610139,-12.386731776537557,1.2m,2025,2025-06-22,LG02
8_5658585_001390,HUANCAVELICA,-74.37850820501012,-12.760167242605924,1.2m,2025,2025-05-31,LG01
8_5158610_006572,HUANCAVELICA,-74.84306981001129,-12.559645396950398,1.2m,2025,2025-07-02,WV03
8_5658595_002798,HUANCAVELICA,-74.36939702213763,-12.684169897298858,1.2m,2025,2025-05-31,LG01
8_5258645_000006,HUANCAVELICA,-74.76619963866139,-12.223740156464103,1.2m,2019,2019-06-11,GE01
8_5608590_001219,HUANCAVELICA,-74.40954566411448,-12.75011176541138,1.2m,2025,2025-05-18,WV03
7_6309345_089098,LAMBAYEQUE,-79.79624210237398,-5.921950795675658,1.2m,2025,2025-09-04,LG04
7_6409335_70910,LAMBAYEQUE,-79.69396296780776,-5.978490546228047,1.2m,2025,2025-09-03,LG04
7_6309345_089104,LAMBAYEQUE,-79.79248301525843,-5.921796897058627,1.2m,2025,2025-09-04,LG04
7_6259290_57522,LAMBAYEQUE,-79.85984647812711,-6.40204784395706,1.2m,2025,2025-03-20,LG01
7_6309345_089292,LAMBAYEQUE,-79.79133329390498,-5.9163229270948525,1.2m,2025,2025-09-04,LG04
7_6509285_64364,LAMBAYEQUE,-79.60649684111686,-6.43145498954549,1.2m,2025,2025-08-27,LG02
7_6309345_089085,LAMBAYEQUE,-79.81738848761267,-5.885469285342152,1.2m,2025,2025-09-04,LG04
7_6309290_086166,LAMBAYEQUE,-79.8225626391421,-6.385988270138532,1.2m,2025,2025-01-10,LG01
7_6309340_088911,LAMBAYEQUE,-79.78290273449352,-5.931501434925763,1.2m,2025,2025-09-04,LG04
7_6459325_103156,LAMBAYEQUE,-79.68445364413446,-6.085487279808099,1.2m,2025,2025-05-08,WV03
7_6459285_100140,LAMBAYEQUE,-79.68841407689905,-6.447547674428784,1.2m,2025,2025-05-08,WV03
7_6459325_103169,LAMBAYEQUE,-79.68770488109473,-6.083744520111704,1.2m,2025,2025-05-08,WV03
7_6309290_086161,LAMBAYEQUE,-79.82448890577044,-6.390912577012855,1.2m,2024,2024-11-26,LG01
7_6459285_109734,LAMBAYEQUE,-79.69083805947123,-6.449864634282123,1.2m,2025,2025-05-08,WV03
7_6409320_091717,LAMBAYEQUE,-79.69891088991288,-6.131649418858232,1.2m,2025,2025-05-08,WV03
7_6459285_100138,LAMBAYEQUE,-79.68963815484773,-6.450047867984541,1.2m,2025,2025-05-08,WV03
7_6459320_112389,LAMBAYEQUE,-79.6741455604429,-6.132762346825856,1.2m,2025,2025-05-08,WV03
7_6409350_73257,LAMBAYEQUE,-79.72231280682374,-5.875047333980891,1.2m,2025,2025-09-03,LG04
7_6209285_38314,LAMBAYEQUE,-79.8902471811077,-6.434827347825038,1.2m,2025,2025-03-20,LG01
7_6309345_71379,LAMBAYEQUE,-79.8158268168452,-5.904372286930822,1.2m,2025,2025-09-04,LG04
7_6359310_52709,LAMBAYEQUE,-79.75653845628078,-6.19607746720622,1.2m,2025,2025-05-08,WV03
7_6359335_80657,LAMBAYEQUE,-79.74846180643911,-5.982569348216899,1.2m,2025,2025-09-04,LG04
7_6309345_089166,LAMBAYEQUE,-79.78882551382428,-5.923650735671446,1.2m,2025,2025-09-04,LG04
7_6459325_103161,LAMBAYEQUE,-79.68245039948874,-6.083377753160773,1.2m,2025,2025-05-08,WV03
7_6609235_108845,LAMBAYEQUE,-79.53556647130766,-6.888400421370354,1.2m,2025,2025-04-15,LG01
7_6409325_103264,LAMBAYEQUE,-79.697765215325,-6.093078044450493,1.2m,2025,2025-05-08,WV03
7_6259240_094914,LAMBAYEQUE,-79.83680958124981,-6.8550374433640435,30cm,2022,2022-12-08,WV03
7_6309345_72570,LAMBAYEQUE,-79.79188171375762,-5.92624392067642,1.2m,2025,2025-09-04,LG04
7_6409350_104684,LAMBAYEQUE,-79.70567657299483,-5.852364384091054,1.2m,2025,2025-09-03,LG04
7_6059275_085510,LAMBAYEQUE,-80.04772294296504,-6.535159080794717,1.2m,2024,2024-12-21,LG01
7_6359345_089229,LAMBAYEQUE,-79.74252423240634,-5.9005950039468305,1.2m,2025,2025-09-03,LG04
7_6359340_71277,LAMBAYEQUE,-79.75078315014471,-5.9709360827438065,1.2m,2025,2025-09-04,LG04
7_6409350_73306,LAMBAYEQUE,-79.72131671023261,-5.865353461167615,1.2m,2025,2025-09-03,LG04
7_6259290_103908,LAMBAYEQUE,-79.8332393016972,-6.396701775217595,1.2m,2025,2025-03-20,LG01
7_6259290_086285,LAMBAYEQUE,-79.82697243624418,-6.382218352158649,1.2m,2024,2024-11-26,LG01
7_6309345_089107,LAMBAYEQUE,-79.79765786261476,-5.905802408412383,1.2m,2025,2025-09-04,LG04
7_6359345_72861,LAMBAYEQUE,-79.77166740377523,-5.927589377408332,1.2m,2025,2025-09-04,LG04
7_6359340_089001,LAMBAYEQUE,-79.74627843424176,-5.960639857588848,1.2m,2025,2025-09-04,LG04
7_6359285_100861,LAMBAYEQUE,-79.75275925138044,-6.438942260891983,1.2m,2025,2025-05-08,WV03
7_6459285_101059,LAMBAYEQUE,-79.65665635635297,-6.453388710015604,1.2m,2025,2025-08-27,LG02
7_6359340_72787,LAMBAYEQUE,-79.77686037709952,-5.929229554122289,1.2m,2025,2025-09-04,LG04
7_6359340_089078,LAMBAYEQUE,-79.78261395082797,-5.9351645783646925,1.2m,2025,2025-09-04,LG04
7_6459285_100434,LAMBAYEQUE,-79.67800901139691,-6.458660566991664,1.2m,2025,2025-05-08,WV03
7_6409350_73278,LAMBAYEQUE,-79.72046149129058,-5.870641677521667,1.2m,2025,2025-09-03,LG04
7_6409335_70986,LAMBAYEQUE,-79.7231041058547,-5.980591761537177,1.2m,2025,2025-05-08,WV03
7_6259290_086230,LAMBAYEQUE,-79.84073892225868,-6.421792110258679,1.2m,2025,2025-03-20,LG01
7_6409340_71250,LAMBAYEQUE,-79.73489692242404,-5.963529439822377,1.2m,2025,2025-09-03,LG04
7_6359335_71055,LAMBAYEQUE,-79.74327211835791,-5.981401656658149,1.2m,2025,2025-09-04,LG04
7_6309345_72598,LAMBAYEQUE,-79.79623778309625,-5.919919846043452,1.2m,2025,2025-09-04,LG04
7_6309340_088920,LAMBAYEQUE,-79.78315067250443,-5.932264450389724,1.2m,2025,2025-09-04,LG04
7_6309345_72654,LAMBAYEQUE,-79.78909250935217,-5.920356567574844,1.2m,2025,2025-09-04,LG04
7_6359280_103401,LAMBAYEQUE,-79.74571194318835,-6.477717277690104,1.2m,2025,2025-05-08,WV03
7_6259290_57484,LAMBAYEQUE,-79.86005580840796,-6.402517817117355,1.2m,2025,2025-03-20,LG01
7_6209285_38488,LAMBAYEQUE,-79.87385433830332,-6.442544281873188,1.2m,2025,2025-03-20,LG01
7_6309345_71163,LAMBAYEQUE,-79.81305971482445,-5.914683533350426,1.2m,2025,2025-09-04,LG04
7_6459325_103158,LAMBAYEQUE,-79.68280875495671,-6.086057304699603,1.2m,2025,2025-05-08,WV03
7_6209235_79162,LAMBAYEQUE,-79.87624970394074,-6.883366074461995,1.2m,2025,2025-04-15,LG01
7_6309240_05196,LAMBAYEQUE,-79.80611085491017,-6.834618127429128,30cm,2025,2025-10-02,GE01
7_6309345_089102,LAMBAYEQUE,-79.79271364552424,-5.921933951215163,1.2m,2025,2025-09-04,LG04
7_6409325_103255,LAMBAYEQUE,-79.69748784639785,-6.098799044001498,1.2m,2025,2025-05-08,WV03
7_6409345_73030,LAMBAYEQUE,-79.72637817218452,-5.884183678053377,1.2m,2025,2025-09-03,LG04
7_6309340_089080,LAMBAYEQUE,-79.7836765437698,-5.935393939021182,1.2m,2025,2025-09-04,LG04
7_6309345_72562,LAMBAYEQUE,-79.79359563352952,-5.926568808332517,1.2m,2025,2025-09-04,LG04
7_6409310_63490,LAMBAYEQUE,-79.7211707455661,-6.204145068714026,1.2m,2025,2025-05-08,WV03
7_6459325_103171,LAMBAYEQUE,-79.68815449642986,-6.083247545935168,1.2m,2025,2025-05-08,WV03
7_6359345_72850,LAMBAYEQUE,-79.7731948103725,-5.925462110210946,1.2m,2025,2025-09-04,LG04
7_6559290_098321,LAMBAYEQUE,-79.56998521304587,-6.4225442791601175,1.2m,2025,2025-07-31,LG01
7_6309240_05464,LAMBAYEQUE,-79.8252494012001,-6.849494638250741,30cm,2025,2025-10-02,GE01
7_6259280_45425,LAMBAYEQUE,-79.83123310087156,-6.480556642576561,1.2m,2025,2025-03-14,LG01
7_6309340_088919,LAMBAYEQUE,-79.78310536563275,-5.932194886826526,1.2m,2025,2025-09-04,LG04
7_6259285_089681,LAMBAYEQUE,-79.83930330192513,-6.4586533882082175,1.2m,2025,2025-03-20,LG01
7_6409345_73011,LAMBAYEQUE,-79.73454909847138,-5.888899550897927,1.2m,2025,2025-09-03,LG04
7_6309345_090304,LAMBAYEQUE,-79.78489435718001,-5.903190409832597,1.2m,2025,2025-09-04,LG04
7_6309290_086167,LAMBAYEQUE,-79.82213151380834,-6.386237056174146,1.2m,2025,2025-01-10,LG01
7_6309345_72633,LAMBAYEQUE,-79.79088038255303,-5.921113004614812,1.2m,2025,2025-09-04,LG04
7_6509240_088452,LAMBAYEQUE,-79.61645953116793,-6.845200789164741,1.2m,2025,2025-04-08,LG03
7_6259285_085748,LAMBAYEQUE,-79.84927020249634,-6.440620147444372,1.2m,2025,2025-03-20,LG01
7_6259330_76650,LAMBAYEQUE,-79.8278623789452,-6.054551626179625,1.2m,2025,2025-03-14,LG01
7_6309345_72652,LAMBAYEQUE,-79.78950357982578,-5.919857685336977,1.2m,2025,2025-09-04,LG04
7_6309345_72569,LAMBAYEQUE,-79.79208429540411,-5.9262338230028835,1.2m,2025,2025-09-04,LG04
7_6409345_73033,LAMBAYEQUE,-79.72536533443065,-5.883647334141963,1.2m,2025,2025-09-03,LG04
7_6309345_088945,LAMBAYEQUE,-79.82372498002024,-5.9015303200603455,1.2m,2025,2025-09-04,LG04
7_6259290_39275,LAMBAYEQUE,-79.87171990227202,-6.4241019216896795,1.2m,2025,2025-03-20,LG01
7_6209285_38338,LAMBAYEQUE,-79.89278386552883,-6.429073294937356,1.2m,2025,2025-02-02,WV03
7_6309290_086160,LAMBAYEQUE,-79.824268737332,-6.390554867662836,1.2m,2024,2024-11-26,LG01
7_6359340_72790,LAMBAYEQUE,-79.77409768770423,-5.928262741693988,1.2m,2025,2025-09-04,LG04
7_6409335_70948,LAMBAYEQUE,-79.71193799984675,-5.979647196341962,1.2m,2025,2025-09-03,LG04
7_6459285_100225,LAMBAYEQUE,-79.68686242828014,-6.4474662181294455,1.2m,2025,2025-05-08,WV03
7_6359345_72776,LAMBAYEQUE,-79.7809420625464,-5.926646183861591,1.2m,2025,2025-09-04,LG04
7_6259290_103938,LAMBAYEQUE,-79.85697334043778,-6.398002773846667,1.2m,2025,2025-03-20,LG01
7_6259235_093257,LAMBAYEQUE,-79.8522055779455,-6.883992256611396,1.2m,2025,2025-01-10,LG01
7_6209255_094816,LAMBAYEQUE,-79.89807744800135,-6.73692793048791,30cm,2024,2024-01-13,WV02
7_6359340_089019,LAMBAYEQUE,-79.76011788051282,-5.948265704176981,1.2m,2025,2025-09-04,LG04
7_6459320_79146,LAMBAYEQUE,-79.67019936068927,-6.132993599870554,1.2m,2025,2025-05-08,WV03
7_6309345_088955,LAMBAYEQUE,-79.825126215852,-5.903907465167446,1.2m,2025,2025-09-04,LG04
7_6409335_70949,LAMBAYEQUE,-79.71095681826336,-5.97862625266448,1.2m,2025,2025-09-03,LG04
7_6309340_088917,LAMBAYEQUE,-79.78303609262045,-5.932039733077586,1.2m,2025,2025-09-04,LG04
7_6309340_089074,LAMBAYEQUE,-79.78412460067028,-5.93287032648807,1.2m,2025,2025-09-04,LG04
7_6459320_63726,LAMBAYEQUE,-79.68014012403543,-6.115390556799863,1.2m,2025,2025-05-08,WV03
7_6309345_089100,LAMBAYEQUE,-79.796546758153,-5.921895465708252,1.2m,2025,2025-09-04,LG04
7_6409325_103261,LAMBAYEQUE,-79.69672535285557,-6.096118766052283,1.2m,2025,2025-05-08,WV03
7_6309345_71197,LAMBAYEQUE,-79.81832423664893,-5.9147715637475455,1.2m,2025,2025-09-04,LG04
7_6309330_088967,LAMBAYEQUE,-79.82117387904648,-6.04884358186799,1.2m,2025,2025-03-14,LG01
7_6209285_50819,LAMBAYEQUE,-79.8802118813501,-6.463048730906689,1.2m,2025,2025-03-20,LG01
7_6259290_103565,LAMBAYEQUE,-79.83600825910807,-6.395620475008075,1.2m,2025,2025-03-20,LG01
7_6309345_089297,LAMBAYEQUE,-79.79584871186597,-5.906584742936499,1.2m,2025,2025-09-04,LG04
7_6359310_74295,LAMBAYEQUE,-79.73907720594093,-6.212695490005205,1.2m,2025,2025-05-08,WV03
7_6759265_093955,LAMBAYEQUE,-79.3918624848631,-6.640199767903292,1.2m,2023,2023-03-01,WV03
7_6359340_089002,LAMBAYEQUE,-79.74651140826285,-5.960780804708266,1.2m,2025,2025-09-04,LG04
7_6409335_70915,LAMBAYEQUE,-79.69542375301553,-5.980189534554996,1.2m,2025,2025-09-03,LG04
7_6459325_103283,LAMBAYEQUE,-79.68559849172374,-6.08894945137244,1.2m,2025,2025-05-08,WV03
7_6309345_76509,LAMBAYEQUE,-79.81208088427158,-5.884122156391163,1.2m,2025,2025-09-04,LG04
7_6609235_82345,LAMBAYEQUE,-79.5508129160917,-6.90301063737456,1.2m,2025,2025-04-18,LG02
7_6259240_82067,LAMBAYEQUE,-79.84063952497064,-6.857558592739488,1.2m,2025,2025-01-10,LG01
7_6359280_103346,LAMBAYEQUE,-79.74638041461213,-6.48352331377021,1.2m,2025,2025-05-08,WV03
7_6409325_103265,LAMBAYEQUE,-79.69616510232055,-6.093580905378143,1.2m,2025,2025-05-08,WV03
7_6509235_088739,LAMBAYEQUE,-79.60212974593833,-6.886865453709824,1.2m,2025,2025-04-18,LG02
7_6459320_112387,LAMBAYEQUE,-79.6738742896264,-6.130831962477975,1.2m,2025,2025-05-08,WV03
7_6409335_70922,LAMBAYEQUE,-79.69788602858605,-5.983116274196264,1.2m,2025,2025-09-03,LG04
7_6359335_088986,LAMBAYEQUE,-79.74769304692057,-6.001883438506928,1.2m,2025,2025-09-04,LG04
7_6309345_72619,LAMBAYEQUE,-79.7925526966579,-5.919672622320202,1.2m,2025,2025-09-04,LG04
7_6359345_72819,LAMBAYEQUE,-79.77736328271811,-5.925263342647865,1.2m,2025,2025-09-04,LG04
7_6159270_087031,LAMBAYEQUE,-79.93837658899824,-6.60393277901724,1.2m,2025,2025-03-31,LG04
7_6309290_57600,LAMBAYEQUE,-79.81909093244033,-6.405377690960401,1.2m,2025,2025-01-10,LG01
7_6459285_100510,LAMBAYEQUE,-79.67073419243745,-6.455170861344536,1.2m,2025,2025-05-08,WV03
7_6159265_091647,LAMBAYEQUE,-79.94388481584087,-6.638753448400639,1.2m,2025,2025-03-31,LG04
7_6259240_092566,LAMBAYEQUE,-79.83619569062684,-6.860104375615499,1.2m,2025,2025-01-10,LG01
7_6459285_83616,LAMBAYEQUE,-79.69100082544193,-6.455153761360416,1.2m,2025,2025-05-08,WV03
7_6359285_101582,LAMBAYEQUE,-79.76034787207084,-6.440509263019546,1.2m,2025,2025-05-08,WV03
7_6259275_103042,LAMBAYEQUE,-79.84825545496292,-6.5298148993403675,1.2m,2025,2025-03-14,LG01
7_6209250_092174,LAMBAYEQUE,-79.89392608666398,-6.752185020681765,30cm,2024,2024-01-13,WV02
7_6309285_102215,LAMBAYEQUE,-79.78816436497662,-6.42858046296371,1.2m,2025,2025-05-08,WV03
7_6759305_097914,LAMBAYEQUE,-79.4168550608794,-6.258496769492137,1.2m,2023,2023-06-23,WV03
7_6209270_086865,LAMBAYEQUE,-79.91610115904689,-6.5852451632329085,1.2m,2025,2025-02-02,WV03
7_6809310_096291,LAMBAYEQUE,-79.35897070486774,-6.215089205279876,1.2m,2021,2021-06-24,WV02
7_6409285_102729,LAMBAYEQUE,-79.72928487412656,-6.4611064405217355,1.2m,2025,2025-05-08,WV03
7_6759305_104008,LAMBAYEQUE,-79.37682814147743,-6.276889240410771,1.2m,2023,2023-06-23,WV03
7_6159270_087079,LAMBAYEQUE,-79.94684649374537,-6.6049222792482665,1.2m,2025,2025-03-31,LG04
7_6759310_099160,LAMBAYEQUE,-79.40712616698599,-6.2355987948419624,1.2m,2022,2022-08-11,WV03
7_6809310_096498,LAMBAYEQUE,-79.34600840256067,-6.232745703816931,1.2m,2021,2021-06-24,WV02
7_6759305_105255,LAMBAYEQUE,-79.38601952052869,-6.271087217034438,1.2m,2023,2023-06-23,WV03
7_6509285_101987,LAMBAYEQUE,-79.63659037067762,-6.462449313488436,1.2m,2025,2025-08-27,LG02
7_6659290_096599,LAMBAYEQUE,-79.50143693381722,-6.395134743602853,1.2m,2025,2025-07-31,LG01
7_6509285_101989,LAMBAYEQUE,-79.63678748906405,-6.463696060213522,1.2m,2025,2025-08-27,LG02
7_6309345_71374,LAMBAYEQUE,-79.81798768752287,-5.9047427583531045,1.2m,2025,2025-09-04,LG04
7_6259275_090630,LAMBAYEQUE,-79.8671561698477,-6.54430048649129,1.2m,2025,2025-03-14,LG01
7_6259245_097454,LAMBAYEQUE,-79.85675020026193,-6.831681283054349,30cm,2025,2025-10-02,GE01
7_6259290_103672,LAMBAYEQUE,-79.8486079264437,-6.393981253199353,1.2m,2025,2025-03-20,LG01
7_6309280_089579,LAMBAYEQUE,-79.8217705978457,-6.483323179302264,1.2m,2025,2025-03-14,LG01
7_6459285_101098,LAMBAYEQUE,-79.65941217010592,-6.46105231909097,1.2m,2025,2025-08-27,LG02
7_6209275_39562,LAMBAYEQUE,-79.88575738476753,-6.543592701732575,1.2m,2025,2025-03-14,LG01
7_6759305_103992,LAMBAYEQUE,-79.37534169464936,-6.278072850578807,1.2m,2023,2023-06-23,WV03
7_6809310_096536,LAMBAYEQUE,-79.35761338443675,-6.237069113310792,1.2m,2021,2021-06-24,WV02
7_6259265_24515,LAMBAYEQUE,-79.85352671581057,-6.634833678009539,1.2m,2025,2025-04-15,LG01
7_6559245_099506,LAMBAYEQUE,-79.59014385094014,-6.792973907524544,1.2m,2025,2025-04-08,LG03
7_6709300_106503,LAMBAYEQUE,-79.42257248067489,-6.294828059908493,1.2m,2023,2023-06-23,WV03
7_6209270_086723,LAMBAYEQUE,-79.90257172235928,-6.589262964232695,1.2m,2025,2025-02-02,WV03
7_6259285_45032,LAMBAYEQUE,-79.85624251475141,-6.462235198113975,1.2m,2025,2025-03-20,LG01
7_6759305_105349,LAMBAYEQUE,-79.39004102511421,-6.276318415579116,1.2m,2023,2023-06-23,WV03
7_6759305_104366,LAMBAYEQUE,-79.38375082220536,-6.271882031138784,1.2m,2023,2023-06-23,WV03
7_6809310_096074,LAMBAYEQUE,-79.35568955836573,-6.225670972673299,1.2m,2021,2021-06-24,WV02
7_6409280_103510,LAMBAYEQUE,-79.70680069442015,-6.4806789948847685,1.2m,2025,2025-05-08,WV03
7_6309260_22250,LAMBAYEQUE,-79.82428010955917,-6.661345238367906,1.2m,2025,2025-03-14,LG01
7_6309240_102373,LAMBAYEQUE,-79.81462546524176,-6.841611418153353,30cm,2025,2025-10-02,GE01
7_6209265_110735,LAMBAYEQUE,-79.90388700681919,-6.608206507837577,1.2m,2025,2025-04-15,LG01
7_6259275_091582,LAMBAYEQUE,-79.84492058092502,-6.53177779297015,1.2m,2025,2025-03-14,LG01
7_6459280_114697,LAMBAYEQUE,-79.6905447103592,-6.479649429117211,1.2m,2025,2025-05-08,WV03
7_6509285_64255,LAMBAYEQUE,-79.61613656892021,-6.4437196910377725,1.2m,2025,2025-08-27,LG02
7_6259280_090393,LAMBAYEQUE,-79.83185160208001,-6.512278468362545,1.2m,2025,2025-03-14,LG01
7_6659260_093993,LAMBAYEQUE,-79.46626657763062,-6.684377107029645,1.2m,2024,2024-12-02,LG01
7_6309265_112690,LAMBAYEQUE,-79.81230875709028,-6.643027704180982,1.2m,2025,2025-01-10,LG01
7_6559290_62457,LAMBAYEQUE,-79.56272608400329,-6.412886961591141,1.2m,2025,2025-07-31,LG01
7_6259245_111968,LAMBAYEQUE,-79.85813606343055,-6.826896277358443,30cm,2025,2025-10-02,GE01
7_6509285_102975,LAMBAYEQUE,-79.62153482205642,-6.465193119151255,1.2m,2025,2025-08-27,LG02
7_6209265_103818,LAMBAYEQUE,-79.89617266175455,-6.6509917584390355,30cm,2024,2024-01-13,WV02
7_6209285_50697,LAMBAYEQUE,-79.90012499475098,-6.463851487482504,1.2m,2025,2025-02-02,WV03
7_6709300_106504,LAMBAYEQUE,-79.4227686200278,-6.294232342780159,1.2m,2023,2023-06-23,WV03
7_6259260_094956,LAMBAYEQUE,-79.86837155682588,-6.679022080932947,30cm,2024,2024-01-13,WV02
7_6159280_21986,LAMBAYEQUE,-79.91769839593412,-6.508654046088488,1.2m,2025,2025-02-02,WV03
7_6209275_091176,LAMBAYEQUE,-79.88328185567917,-6.535628265519298,1.2m,2025,2025-03-14,LG01
7_6459285_101148,LAMBAYEQUE,-79.65881746125808,-6.456378642327452,1.2m,2025,2025-08-27,LG02
7_6259280_49296,LAMBAYEQUE,-79.84979782257432,-6.473030726892343,1.2m,2025,2025-03-20,LG01
7_6459280_104669,LAMBAYEQUE,-79.66297293510667,-6.477825504270928,1.2m,2025,2025-08-27,LG02
7_6159255_092015,LAMBAYEQUE,-79.94392841064266,-6.705646138561414,1.2m,2025,2025-09-11,WV03
7_6209285_086253,LAMBAYEQUE,-79.90757343425551,-6.47061150286043,1.2m,2025,2025-02-02,WV03
7_6159275_090586,LAMBAYEQUE,-79.94364450780012,-6.531627901056235,1.2m,2025,2025-02-02,WV03
7_6259235_094574,LAMBAYEQUE,-79.85842884038397,-6.883915436400883,1.2m,2025,2025-01-10,LG01
7_6259280_098837,LAMBAYEQUE,-79.86275625364028,-6.4854422066803545,1.2m,2025,2025-03-20,LG01
7_6109280_094601,LAMBAYEQUE,-79.9971773175456,-6.5145674185614455,1.2m,2025,2025-02-02,WV03
7_6459220_70851,LAMBAYEQUE,-79.64954614519192,-7.045383654749585,1.2m,2023,2023-06-12,GE01
7_6209250_108730,LAMBAYEQUE,-79.90529360879754,-6.745198550219315,30cm,2024,2024-01-13,WV02
7_6209285_086139,LAMBAYEQUE,-79.89886564601426,-6.468423786414345,1.2m,2025,2025-02-02,WV03
7_6209270_091521,LAMBAYEQUE,-79.88739037100294,-6.566307649068801,1.2m,2025,2025-03-14,LG01
7_6259245_111929,LAMBAYEQUE,-79.85099204114566,-6.814857054445066,30cm,2025,2025-10-02,GE01
7_6759310_098315,LAMBAYEQUE,-79.4092282076611,-6.224632648407919,1.2m,2022,2022-08-11,WV03
7_6209235_10171,LAMBAYEQUE,-79.8809790467323,-6.884836519026712,1.2m,2025,2025-04-15,LG01
7_6459320_77393,LAMBAYEQUE,-79.68781427287952,-6.134234805978792,1.2m,2025,2025-05-08,WV03
7_6259240_06345,LAMBAYEQUE,-79.85030146998123,-6.866514609545692,1.2m,2025,2025-01-10,LG01
7_6259240_06473,LAMBAYEQUE,-79.85276579656129,-6.870425772876384,1.2m,2025,2025-01-10,LG01
7_6309290_62188,LAMBAYEQUE,-79.8207524408891,-6.409360645424345,1.2m,2024,2024-11-26,LG01
7_6559235_61373,LAMBAYEQUE,-79.56491200723084,-6.909834635833044,1.2m,2025,2025-04-18,LG02
7_6259240_091815,LAMBAYEQUE,-79.83457503247945,-6.86040079346936,1.2m,2025,2025-01-10,LG01
7_6309270_83274,LAMBAYEQUE,-79.81604225485331,-6.585200043346267,1.2m,2025,2025-01-10,LG01
7_6209255_091439,LAMBAYEQUE,-79.90931468312994,-6.737469289344414,30cm,2024,2024-01-13,WV02
7_6309345_72947,LAMBAYEQUE,-79.7878707703733,-5.915018203566009,1.2m,2025,2025-09-04,LG04
7_6209240_09534,LAMBAYEQUE,-79.88049832512618,-6.858989240581582,1.2m,2025,2025-04-15,LG01
7_6209285_086147,LAMBAYEQUE,-79.9016424643651,-6.468189681815666,1.2m,2025,2025-02-02,WV03
7_6059275_77242,LAMBAYEQUE,-80.02490660885087,-6.53868306800522,1.2m,2024,2024-12-21,LG01
7_6259240_093086,LAMBAYEQUE,-79.8505760505104,-6.861760909467619,1.2m,2025,2025-04-15,LG01
7_6209270_091631,LAMBAYEQUE,-79.91634544703365,-6.5751872338195625,1.2m,2025,2025-02-02,WV03
7_6209270_54264,LAMBAYEQUE,-79.90511372296646,-6.604447462634006,1.2m,2025,2025-04-15,LG01
7_6759270_107647,LAMBAYEQUE,-79.37742774429069,-6.587205005693875,1.2m,2023,2023-08-24,WV02
7_6309285_088815,LAMBAYEQUE,-79.81157176457029,-6.44224408772047,1.2m,2025,2025-01-10,LG01
7_6759300_106527,LAMBAYEQUE,-79.38515476768374,-6.293475077187306,1.2m,2023,2023-06-23,WV03
7_6159275_28901,LAMBAYEQUE,-79.94435379211822,-6.527872922321866,1.2m,2025,2025-02-02,WV03
7_6309240_094283,LAMBAYEQUE,-79.80979148499432,-6.844392863377481,30cm,2025,2025-10-02,GE01
7_6259280_45271,LAMBAYEQUE,-79.8494637914427,-6.490980974044004,1.2m,2025,2025-03-20,LG01
7_6159280_56389,LAMBAYEQUE,-79.95111391409826,-6.504374025078109,1.2m,2025,2025-02-02,WV03
7_6109280_75699,LAMBAYEQUE,-79.98908202818234,-6.500772833413356,1.2m,2025,2025-02-02,WV03
7_6309240_05632,LAMBAYEQUE,-79.82337974476451,-6.843857453860092,30cm,2025,2025-10-02,GE01
7_6209255_091417,LAMBAYEQUE,-79.90493120890905,-6.73822638895429,30cm,2024,2024-01-13,WV02
7_6159265_095531,LAMBAYEQUE,-79.9193594087587,-6.636666477327102,30cm,2022,2022-12-08,WV03
7_6609235_19532,LAMBAYEQUE,-79.52490002529653,-6.884738770595035,1.2m,2025,2025-04-15,LG01
7_6209270_090967,LAMBAYEQUE,-79.9128323022681,-6.5853028585564815,1.2m,2025,2025-02-02,WV03
7_6009275_095155,LAMBAYEQUE,-80.05787249835197,-6.535523971357009,1.2m,2024,2024-12-21,LG01
7_6809310_096906,LAMBAYEQUE,-79.3528086065374,-6.209500185431235,1.2m,2021,2021-06-24,WV02
7_6809310_096374,LAMBAYEQUE,-79.35755280102325,-6.232283812763041,1.2m,2021,2021-06-24,WV02
7_6259280_090269,LAMBAYEQUE,-79.82986872039623,-6.490046060791615,1.2m,2025,2025-03-14,LG01
7_6409220_089895,LAMBAYEQUE,-79.709461329932,-7.043862143626978,1.2m,2022,2022-04-20,GE01
7_6259255_091445,LAMBAYEQUE,-79.86146794102848,-6.706884132336815,30cm,2025,2025-10-02,GE01
7_6259290_097439,LAMBAYEQUE,-79.83466240209526,-6.422763822975963,1.2m,2025,2025-03-20,LG01
7_6509225_58881,LAMBAYEQUE,-79.61967706104204,-6.9677807110207866,1.2m,2025,2025-04-18,LG02
7_6159285_098927,LAMBAYEQUE,-79.94878784829903,-6.467175492775463,1.2m,2025,2025-02-02,WV03
7_6259240_094694,LAMBAYEQUE,-79.8532389415155,-6.861427958592515,1.2m,2025,2025-04-15,LG01
7_6809300_108385,LAMBAYEQUE,-79.36279802789036,-6.298458428747502,1.2m,2023,2023-06-23,WV03
7_6809310_096019,LAMBAYEQUE,-79.35221378303055,-6.21828998516003,1.2m,2021,2021-06-24,WV02
7_6209265_28202,LAMBAYEQUE,-79.9045213962487,-6.650167155363977,30cm,2024,2024-01-13,WV02
7_6159280_76257,LAMBAYEQUE,-79.95938323716543,-6.496369564068802,1.2m,2025,2025-02-02,WV03
7_6359265_103762,LAMBAYEQUE,-79.77686747988415,-6.620224679374266,1.2m,2025,2025-03-31,WV03
7_6309240_06072,LAMBAYEQUE,-79.81514251907876,-6.850255020626029,30cm,2022,2022-12-08,WV03
7_6209285_089623,LAMBAYEQUE,-79.89783668883973,-6.439785301960659,1.2m,2025,2025-02-02,WV03
7_6259240_099368,LAMBAYEQUE,-79.8682808101434,-6.867566901410388,1.2m,2025,2025-04-15,LG01
7_6859240_16899,LAMBAYEQUE,-79.30361686172999,-6.85983293031913,1.2m,2023,2023-08-24,WV02
7_6159280_092600,LAMBAYEQUE,-79.94949777679696,-6.485649534640077,1.2m,2025,2025-02-02,WV03
7_6209320_81116,LAMBAYEQUE,-79.89776917405916,-6.1187631764330686,1.2m,2025,2025-02-02,WV03
7_6209255_091419,LAMBAYEQUE,-79.90579681809781,-6.736851694202306,30cm,2024,2024-01-13,WV02
7_6109275_093114,LAMBAYEQUE,-79.98291272336732,-6.542143158743899,1.2m,2025,2025-02-02,WV03
7_6809310_096414,LAMBAYEQUE,-79.35108467335843,-6.231340820997485,1.2m,2021,2021-06-24,WV02
9_2908155_01657,MOQUEGUA,-70.96373779205155,-16.664080246935757,1.2m,2022,2022-05-19,GE01
9_2908095_01553,MOQUEGUA,-70.9624015162941,-17.199520184836956,1.2m,2025,2025-05-07,LG01
9_3008110_01280,MOQUEGUA,-70.8358809823357,-17.06961142097741,1.2m,2024,2024-05-14,WV03
9_3008100_02031,MOQUEGUA,-70.84898832550223,-17.137484620063063,1.2m,2024,2024-05-14,WV03
9_3008110_01268,MOQUEGUA,-70.84195559064237,-17.06682549629624,1.2m,2023,2023-09-19,GE01
9_3008180_01448,MOQUEGUA,-70.84863081048337,-16.419949241187396,1.2m,2024,2024-06-03,WV03
9_2908095_01506,MOQUEGUA,-70.95933537997105,-17.1913458349373,1.2m,2025,2025-05-07,LG01
9_3008110_00072,MOQUEGUA,-70.85483765903413,-17.082727758025868,1.2m,2024,2024-05-14,WV03
9_2858155_02461,MOQUEGUA,-70.978174128305,-16.679912559707386,1.2m,2022,2022-05-19,GE01
9_3158140_04410,MOQUEGUA,-70.71944821308273,-16.81772980139894,1.2m,2023,2023-01-13,WV02
9_3208135_02008,MOQUEGUA,-70.65655867200752,-16.84432393353199,1.2m,2023,2023-01-13,WV02
9_2858080_00993,MOQUEGUA,-70.9905479112573,-17.320853095992984,1.2m,2025,2025-05-07,LG01
9_3158140_03440,MOQUEGUA,-70.71284179804879,-16.81459199636269,1.2m,2023,2023-01-13,WV02
9_2858150_03756,MOQUEGUA,-70.98914670273784,-16.691864104247514,1.2m,2025,2025-01-12,WV03
9_2908100_002498,MOQUEGUA,-70.93669034320538,-17.17680636761173,1.2m,2025,2025-05-07,LG01
9_2958095_00513,MOQUEGUA,-70.91960571797966,-17.186945830164703,1.2m,2025,2025-05-07,LG01
9_2908095_01502,MOQUEGUA,-70.95681473964925,-17.18880693528916,1.2m,2025,2025-05-07,LG01
9_3008110_002537,MOQUEGUA,-70.84086681002984,-17.064531975650798,1.2m,2023,2023-09-19,GE01
9_3008115_002667,MOQUEGUA,-70.85502688026847,-17.040968858558603,1.2m,2023,2023-09-19,GE01
9_3008105_00369,MOQUEGUA,-70.87632359507819,-17.103599863226734,1.2m,2024,2024-05-14,WV03
9_2858150_03833,MOQUEGUA,-70.98897962392422,-16.698436603175224,1.2m,2025,2025-01-12,WV03
9_3008105_00236,MOQUEGUA,-70.86871809279319,-17.094823981931402,1.2m,2024,2024-05-14,WV03
9_2858155_04141,MOQUEGUA,-70.98619948250268,-16.648927212036426,1.2m,2025,2025-01-12,WV03
9_2658145_05442,MOQUEGUA,-71.1801740229717,-16.76444210078398,1.2m,2025,2025-05-17,WV03
9_3158145_16531,MOQUEGUA,-70.72418815238973,-16.73720442435317,1.2m,2023,2023-01-13,WV02
9_2858150_03766,MOQUEGUA,-70.98809965152134,-16.693676603574595,1.2m,2025,2025-01-12,WV03
9_2958100_02123,MOQUEGUA,-70.90208850710638,-17.1752825572568,1.2m,2024,2024-05-14,WV03
9_2858155_006968,MOQUEGUA,-70.98779399471174,-16.639784144655017,1.2m,2025,2025-01-12,WV03
9_2908155_06760,MOQUEGUA,-70.96416991041258,-16.659795595419325,1.2m,2022,2022-05-19,GE01
9_2908155_00909,MOQUEGUA,-70.96324594138088,-16.660742555993618,1.2m,2022,2022-05-19,GE01
9_2858155_007179,MOQUEGUA,-70.97622252323005,-16.677009135221287,1.2m,2022,2022-05-19,GE01
9_3008105_00291,MOQUEGUA,-70.87272942138814,-17.097858645815606,1.2m,2024,2024-05-14,WV03
9_3058120_002662,MOQUEGUA,-70.80883049372864,-16.993009129976308,1.2m,2021,2021-09-17,WV02
9_3008145_06699,MOQUEGUA,-70.86461592471552,-16.74473095860695,1.2m,2021,2021-03-11,WV02
9_3158135_04437,MOQUEGUA,-70.72128670332873,-16.824120800526742,1.2m,2023,2023-01-13,WV02
9_2908155_06848,MOQUEGUA,-70.97045931865021,-16.657256844772512,1.2m,2022,2022-05-19,GE01
9_2858150_05596,MOQUEGUA,-70.98356242867418,-16.70533277546557,1.2m,2022,2022-05-19,GE01
9_2908150_02730,MOQUEGUA,-70.96284123543182,-16.68795432865557,1.2m,2022,2022-05-19,GE01
9_2908155_01675,MOQUEGUA,-70.96490724700229,-16.665589163337337,1.2m,2022,2022-05-19,GE01
9_2858150_03243,MOQUEGUA,-70.98635966115036,-16.68446593210314,1.2m,2022,2022-05-19,GE01
9_2858150_03007,MOQUEGUA,-70.9718804554303,-16.693043928579172,1.2m,2022,2022-05-19,GE01
9_3008110_01681,MOQUEGUA,-70.85936806070742,-17.046083531351947,1.2m,2023,2023-09-19,GE01
9_3058105_01830,MOQUEGUA,-70.83066947456636,-17.12659833786946,1.2m,2024,2024-05-14,WV03
9_2858155_01864,MOQUEGUA,-70.98310006236721,-16.672454587054983,1.2m,2022,2022-05-19,GE01
9_2858155_02249,MOQUEGUA,-70.98534969138203,-16.67639181787363,1.2m,2022,2022-05-19,GE01
9_2908150_06103,MOQUEGUA,-70.94433875046171,-16.68269385975634,1.2m,2022,2022-05-19,GE01
9_3008100_00014,MOQUEGUA,-70.86205751754427,-17.154594115787564,1.2m,2024,2024-05-14,WV03
9_2958100_01107,MOQUEGUA,-70.92324717932722,-17.154307420715032,1.2m,2025,2025-05-07,LG01
9_3008105_01847,MOQUEGUA,-70.84094132820216,-17.128309148787597,1.2m,2024,2024-05-14,WV03
9_2858155_01875,MOQUEGUA,-70.98419834057799,-16.672883319273563,1.2m,2022,2022-05-19,GE01
9_2908150_02745,MOQUEGUA,-70.96311813250448,-16.688454072432062,1.2m,2022,2022-05-19,GE01
9_2708155_03523,MOQUEGUA,-71.14150736577338,-16.678617386801086,1.2m,2025,2025-05-17,WV03
9_2958105_01407,MOQUEGUA,-70.88388692326377,-17.109585922960687,1.2m,2024,2024-05-14,WV03
9_3008105_00294,MOQUEGUA,-70.87332290584277,-17.098547089766242,1.2m,2024,2024-05-14,WV03
9_3008105_00245,MOQUEGUA,-70.8712395808413,-17.09822979791769,1.2m,2024,2024-05-14,WV03
9_2858090_02387,MOQUEGUA,-70.98163755772684,-17.268199675954577,1.2m,2025,2025-05-07,LG01
9_2858155_02315,MOQUEGUA,-70.9872297321881,-16.680094615926066,1.2m,2022,2022-05-19,GE01
9_2958100_00431,MOQUEGUA,-70.90996622062568,-17.178747004366656,1.2m,2024,2024-05-14,WV03
9_2858150_05982,MOQUEGUA,-70.99171934820737,-16.701488194226663,1.2m,2025,2025-01-12,WV03
9_2908155_01072,MOQUEGUA,-70.96242443540547,-16.651871629465774,1.2m,2022,2022-05-19,GE01
9_2858155_02251,MOQUEGUA,-70.98562781327105,-16.677055904490526,1.2m,2022,2022-05-19,GE01
9_2658145_07337,MOQUEGUA,-71.18042735963499,-16.747117798952353,1.2m,2025,2025-05-17,WV03
9_2908150_05728,MOQUEGUA,-70.96384465125595,-16.695120110584604,1.2m,2022,2022-05-19,GE01
9_3008100_01955,MOQUEGUA,-70.85909505160204,-17.144978978679774,1.2m,2024,2024-05-14,WV03
9_2858145_03580,MOQUEGUA,-71.00803320482018,-16.738786661918517,1.2m,2025,2025-01-12,WV03
9_2908150_02749,MOQUEGUA,-70.96336011675353,-16.689698860461164,1.2m,2022,2022-05-19,GE01
9_2858150_03677,MOQUEGUA,-70.99555461345506,-16.721563539526407,1.2m,2025,2025-01-12,WV03
9_2858150_03935,MOQUEGUA,-70.9876133894007,-16.70508099274565,1.2m,2022,2022-05-19,GE01
9_2858155_02388,MOQUEGUA,-70.97157290466626,-16.676414308234953,1.2m,2022,2022-05-19,GE01
9_2858155_04117,MOQUEGUA,-70.98781804258991,-16.647879930789983,1.2m,2025,2025-01-12,WV03
9_2958100_00206,MOQUEGUA,-70.9089437666938,-17.171733642764995,1.2m,2024,2024-05-14,WV03
9_2858150_007445,MOQUEGUA,-70.98906504168347,-16.696889588171597,1.2m,2025,2025-01-12,WV03
9_2958105_00468,MOQUEGUA,-70.90160873589237,-17.12961069963173,1.2m,2024,2024-05-14,WV03
9_2908155_00911,MOQUEGUA,-70.96367333692751,-16.660706245434714,1.2m,2022,2022-05-19,GE01
9_2958095_00441,MOQUEGUA,-70.90509583137992,-17.181951141601665,1.2m,2024,2024-05-14,WV03
9_3008100_00015,MOQUEGUA,-70.86258268176636,-17.154543063449307,1.2m,2024,2024-05-14,WV03
9_2858155_02107,MOQUEGUA,-70.98362824488245,-16.6781173608691,1.2m,2022,2022-05-19,GE01
9_3008110_00809,MOQUEGUA,-70.84616861763573,-17.060168939884626,1.2m,2023,2023-09-19,GE01
9_3008110_01575,MOQUEGUA,-70.84688466424247,-17.076567556213952,1.2m,2024,2024-05-14,WV03
9_3008105_00132,MOQUEGUA,-70.87808374908111,-17.095348942384497,1.2m,2024,2024-05-14,WV03
9_2908155_06794,MOQUEGUA,-70.96046250605578,-16.653264544730575,1.2m,2022,2022-05-19,GE01
9_2908155_01701,MOQUEGUA,-70.96795094462817,-16.674278440612134,1.2m,2022,2022-05-19,GE01
9_2858155_02255,MOQUEGUA,-70.98524748699832,-16.677374875601725,1.2m,2022,2022-05-19,GE01
9_3008100_01985,MOQUEGUA,-70.85983983580293,-17.149424344471818,1.2m,2024,2024-05-14,WV03
9_2858150_03301,MOQUEGUA,-70.99039759063915,-16.688276183021003,1.2m,2025,2025-01-12,WV03
9_3008105_00128,MOQUEGUA,-70.87638064177887,-17.093097701523877,1.2m,2024,2024-05-14,WV03
9_2858145_06180,MOQUEGUA,-71.00381425986447,-16.736940012784626,1.2m,2025,2025-01-12,WV03
9_2858150_05642,MOQUEGUA,-70.98250928104807,-16.70083147480463,1.2m,2022,2022-05-19,GE01
9_2858155_04055,MOQUEGUA,-70.98677444752971,-16.642768271068675,1.2m,2025,2025-01-12,WV03
9_3008100_01969,MOQUEGUA,-70.85831583212317,-17.147262869184722,1.2m,2024,2024-05-14,WV03
9_2908155_00756,MOQUEGUA,-70.96037426288024,-16.655485424653122,1.2m,2022,2022-05-19,GE01
9_2908155_01650,MOQUEGUA,-70.96308600782575,-16.66324355914191,1.2m,2022,2022-05-19,GE01
9_2858150_007516,MOQUEGUA,-70.99650577665425,-16.716769141704823,1.2m,2025,2025-01-12,WV03
9_2908155_01061,MOQUEGUA,-70.96697613932379,-16.668512233751976,1.2m,2022,2022-05-19,GE01
9_2858150_03907,MOQUEGUA,-70.99088314474457,-16.708360243012514,1.2m,2025,2025-01-12,WV03
9_2908100_01761,MOQUEGUA,-70.93849332378562,-17.17520177610345,1.2m,2025,2025-05-07,LG01
9_2908150_05733,MOQUEGUA,-70.9641482353158,-16.694487521501905,1.2m,2022,2022-05-19,GE01
9_3008100_01936,MOQUEGUA,-70.85687309125498,-17.14286870787843,1.2m,2024,2024-05-14,WV03
9_2908155_00777,MOQUEGUA,-70.96395939914848,-16.653830391721726,1.2m,2022,2022-05-19,GE01
9_3158145_16309,MOQUEGUA,-70.73506299700219,-16.74364454910387,1.2m,2023,2023-01-13,WV02
9_2858150_05665,MOQUEGUA,-70.98431282627038,-16.704198388324468,1.2m,2022,2022-05-19,GE01
9_3008105_00158,MOQUEGUA,-70.86637349189112,-17.091087177888653,1.2m,2024,2024-05-14,WV03
9_2858155_02462,MOQUEGUA,-70.97871419327522,-16.680413767192245,1.2m,2022,2022-05-19,GE01
9_3208135_03882,MOQUEGUA,-70.68456589566163,-16.820225463187107,1.2m,2023,2023-01-13,WV02
9_2858150_03849,MOQUEGUA,-70.99130182243618,-16.69904962179239,1.2m,2025,2025-01-12,WV03
9_2908155_01094,MOQUEGUA,-70.96380891905278,-16.649666857965308,1.2m,2022,2022-05-19,GE01
9_3008105_00252,MOQUEGUA,-70.86604285029225,-17.092467029603608,1.2m,2024,2024-05-14,WV03
9_3008110_01279,MOQUEGUA,-70.83538042287137,-17.069551644024124,1.2m,2024,2024-05-14,WV03
9_2958100_01711,MOQUEGUA,-70.92348182728293,-17.162324904430633,1.2m,2025,2025-05-07,LG01
9_2858150_06164,MOQUEGUA,-70.99497008236034,-16.713982203545086,1.2m,2025,2025-01-12,WV03
9_2958100_01827,MOQUEGUA,-70.91208011384575,-17.16999902297844,1.2m,2025,2025-05-07,LG01
9_2858150_02572,MOQUEGUA,-70.98295158211013,-16.682952461580573,1.2m,2022,2022-05-19,GE01
9_2908155_00640,MOQUEGUA,-70.97070746529371,-16.660293361582774,1.2m,2022,2022-05-19,GE01
9_2958100_00284,MOQUEGUA,-70.9147876227055,-17.170013945110213,1.2m,2025,2025-05-07,LG01
9_3008110_00786,MOQUEGUA,-70.84545149800658,-17.057410027591025,1.2m,2023,2023-09-19,GE01
9_2858155_02243,MOQUEGUA,-70.98551848442492,-16.674233692771566,1.2m,2022,2022-05-19,GE01
9_2908095_00681,MOQUEGUA,-70.94469007030395,-17.179024328662628,1.2m,2025,2025-05-07,LG01
9_2858150_03938,MOQUEGUA,-70.98799827920382,-16.705700348518974,1.2m,2022,2022-05-19,GE01
9_3058110_01100,MOQUEGUA,-70.83164808282862,-17.066935346163817,1.2m,2023,2023-09-19,GE01
9_2858145_03584,MOQUEGUA,-71.0067349935577,-16.73580861334041,1.2m,2025,2025-01-12,WV03
9_2908150_02995,MOQUEGUA,-70.97085463090093,-16.69424742812074,1.2m,2022,2022-05-19,GE01
9_2858155_04231,MOQUEGUA,-70.99013380061976,-16.65585446219243,1.2m,2025,2025-01-12,WV03
9_2658160_06361,MOQUEGUA,-71.19833341334065,-16.631718775198962,1.2m,2025,2025-07-30,LG03
9_3108145_16060,MOQUEGUA,-70.76930652580364,-16.734996794207248,1.2m,2023,2023-01-13,WV02
9_2658160_00848,MOQUEGUA,-71.20102681779608,-16.624525377000527,1.2m,2025,2025-07-30,LG03
9_2908155_01651,MOQUEGUA,-70.96350418461623,-16.663170142661976,1.2m,2022,2022-05-19,GE01
9_3008110_01924,MOQUEGUA,-70.84393944591889,-17.06013386381283,1.2m,2023,2023-09-19,GE01
9_3058110_00707,MOQUEGUA,-70.81627621645717,-17.055488704851705,1.2m,2023,2023-09-19,GE01
9_2858080_01023,MOQUEGUA,-70.99348769532754,-17.33157781116138,1.2m,2025,2025-05-07,LG01
9_2908155_00656,MOQUEGUA,-70.96935311610378,-16.662033701541375,1.2m,2022,2022-05-19,GE01
9_3008110_00759,MOQUEGUA,-70.83932339173666,-17.05639754624542,1.2m,2023,2023-09-19,GE01
9_2858150_007779,MOQUEGUA,-70.98589400967396,-16.701558751336442,1.2m,2025,2025-01-12,WV03
9_2658155_03259,MOQUEGUA,-71.17821953505614,-16.654346028835697,1.2m,2025,2025-05-17,WV03
9_2658155_02768,MOQUEGUA,-71.18343014534331,-16.638265577349287,1.2m,2025,2025-05-17,WV03
9_3208135_00447,MOQUEGUA,-70.67434396425861,-16.826264377482502,1.2m,2023,2023-01-13,WV02
9_3058180_03604,MOQUEGUA,-70.82008465784457,-16.43496072123628,1.2m,2023,2023-06-29,WV02
9_2658155_03001,MOQUEGUA,-71.18544726393174,-16.64730239715133,1.2m,2025,2025-05-17,WV03
9_3208135_00940,MOQUEGUA,-70.68486059869909,-16.822555803208278,1.2m,2023,2023-01-13,WV02
9_3008110_00778,MOQUEGUA,-70.84414123721854,-17.058464432738333,1.2m,2023,2023-09-19,GE01
9_3608150_017325,MOQUEGUA,-70.29923065669686,-16.6978248173156,1.2m,2025,2025-07-07,WV03
9_2908155_00843,MOQUEGUA,-70.96644092854422,-16.657582079378198,1.2m,2022,2022-05-19,GE01
9_3008105_02094,MOQUEGUA,-70.84217933378429,-17.130252529036394,1.2m,2024,2024-05-14,WV03
9_3008180_01235,MOQUEGUA,-70.8500457053615,-16.422857910730322,1.2m,2024,2024-06-03,WV03
9_2658160_06190,MOQUEGUA,-71.20160077326733,-16.619631758971806,1.2m,2025,2025-07-30,LG03
9_2858150_03702,MOQUEGUA,-70.98531480947861,-16.683978616898017,1.2m,2022,2022-05-19,GE01
9_2958095_00512,MOQUEGUA,-70.91830831512584,-17.1870053698828,1.2m,2025,2025-05-07,LG01
9_2908160_06553,MOQUEGUA,-70.96647494764792,-16.613334340092837,1.2m,2025,2025-09-06,LG04
9_3208140_03967,MOQUEGUA,-70.6882766728859,-16.812124560525994,1.2m,2023,2023-01-13,WV02
9_3208140_00086,MOQUEGUA,-70.64935596095972,-16.814065758481195,1.2m,2022,2022-11-20,WV02
9_3208140_00105,MOQUEGUA,-70.64907020301582,-16.810967670906624,1.2m,2022,2022-11-20,WV02
9_2858085_00930,MOQUEGUA,-70.9863229212352,-17.28565588095185,1.2m,2025,2025-05-07,LG01
9_3158140_03587,MOQUEGUA,-70.70385034383975,-16.807705325506785,1.2m,2023,2023-01-13,WV02
9_3208135_03934,MOQUEGUA,-70.68480187175248,-16.81999349582728,1.2m,2023,2023-01-13,WV02
9_3008180_00404,MOQUEGUA,-70.85837459217626,-16.4158276376262,1.2m,2024,2024-06-03,WV03
9_2658155_03329,MOQUEGUA,-71.17464834930254,-16.657400504207253,1.2m,2025,2025-05-17,WV03
9_2858090_00882,MOQUEGUA,-70.9867808398973,-17.251579921191635,1.2m,2025,2025-05-07,LG01
9_2908155_00694,MOQUEGUA,-70.96782915138829,-16.664517308537192,1.2m,2022,2022-05-19,GE01
9_2908155_06786,MOQUEGUA,-70.95967550415372,-16.65535997849209,1.2m,2022,2022-05-19,GE01
9_3208135_02735,MOQUEGUA,-70.6784354552006,-16.847568860267785,1.2m,2023,2023-01-13,WV02
9_3008115_01447,MOQUEGUA,-70.84542116152514,-17.03613730008875,1.2m,2023,2023-09-19,GE01
9_3208140_00165,MOQUEGUA,-70.65678573762088,-16.817471198588613,1.2m,2023,2023-01-13,WV02
9_2658160_03673,MOQUEGUA,-71.16569090895825,-16.6087039769699,1.2m,2025,2025-05-17,WV03
9_2658160_06187,MOQUEGUA,-71.20245287908477,-16.619753709547638,1.2m,2025,2025-07-30,LG03
9_2858150_03729,MOQUEGUA,-70.9887349360431,-16.689223127301283,1.2m,2025,2025-01-12,WV03
9_3208135_01864,MOQUEGUA,-70.66606074669139,-16.836561888704413,1.2m,2023,2023-01-13,WV02
9_2658160_06159,MOQUEGUA,-71.20388258171815,-16.615864773349237,1.2m,2025,2025-07-30,LG03
9_3008180_01112,MOQUEGUA,-70.85320837975382,-16.42456570218684,1.2m,2024,2024-06-03,WV03
9_2908155_00309,MOQUEGUA,-70.96577622523739,-16.643109327989382,1.2m,2022,2022-05-19,GE01
9_2658160_02052,MOQUEGUA,-71.19478142146403,-16.601675968619546,1.2m,2025,2025-05-17,WV03
9_3208135_02420,MOQUEGUA,-70.66912297733847,-16.83590357845481,1.2m,2023,2023-01-13,WV02
9_2708150_03619,MOQUEGUA,-71.14176013027424,-16.68808195062268,1.2m,2025,2025-05-17,WV03
9_3208145_10340,MOQUEGUA,-70.66924939982866,-16.732748153828545,1.2m,2023,2023-01-13,WV02
9_3208135_01223,MOQUEGUA,-70.65738627966955,-16.829905220932424,1.2m,2023,2023-01-13,WV02
9_3208140_03975,MOQUEGUA,-70.69006809401759,-16.812704923528305,1.2m,2023,2023-01-13,WV02
9_3008105_00263,MOQUEGUA,-70.86897510492648,-17.096335924501165,1.2m,2024,2024-05-14,WV03
9_2858090_00898,MOQUEGUA,-70.98348739952033,-17.253382618768114,1.2m,2025,2025-05-07,LG01
9_3008105_00106,MOQUEGUA,-70.8731010278875,-17.08985644209092,1.2m,2024,2024-05-14,WV03
9_3008180_00838,MOQUEGUA,-70.85651038983336,-16.421211444978283,1.2m,2024,2024-06-03,WV03
9_3208135_01732,MOQUEGUA,-70.66170887460831,-16.83643433673589,1.2m,2023,2023-01-13,WV02
9_3058110_00739,MOQUEGUA,-70.83362011883045,-17.057130420081684,1.2m,2023,2023-09-19,GE01
9_3008185_02408,MOQUEGUA,-70.83646484380957,-16.406774933156285,1.2m,2023,2023-04-10,WV03
9_3008110_01295,MOQUEGUA,-70.84688723515693,-17.070159544886305,1.2m,2024,2024-05-14,WV03
9_3208135_02487,MOQUEGUA,-70.6585563969287,-16.85210587431903,1.2m,2023,2023-01-13,WV02
9_3058180_03202,MOQUEGUA,-70.8249699536573,-16.426060958949968,1.2m,2023,2023-06-29,WV02
9_2658160_00997,MOQUEGUA,-71.19657648894568,-16.623266873145727,1.2m,2025,2025-07-30,LG03
9_2658150_08339,MOQUEGUA,-71.17573819840368,-16.6890773517396,1.2m,2025,2025-05-17,WV03
9_2658160_01963,MOQUEGUA,-71.18520779443821,-16.612777436378014,1.2m,2025,2025-05-17,WV03
9_3158140_03583,MOQUEGUA,-70.70336954118552,-16.808490753712825,1.2m,2023,2023-01-13,WV02
9_3208135_02346,MOQUEGUA,-70.67518228211438,-16.83533996390289,1.2m,2023,2023-01-13,WV02
9_2658160_00502,MOQUEGUA,-71.19400457808642,-16.606645581852323,1.2m,2025,2025-07-30,LG03
9_2658155_04406,MOQUEGUA,-71.16535429634368,-16.67406190659262,1.2m,2025,2025-05-17,WV03
9_3008105_00379,MOQUEGUA,-70.87718733520961,-17.102385583877965,1.2m,2024,2024-05-14,WV03
9_2658155_01388,MOQUEGUA,-71.19521963829476,-16.642014590361953,1.2m,2025,2025-07-30,LG03
9_2908155_00987,MOQUEGUA,-70.96663084028694,-16.662284706562772,1.2m,2022,2022-05-19,GE01
9_2658155_04374,MOQUEGUA,-71.17034203055337,-16.67753554683106,1.2m,2025,2025-05-17,WV03
9_2658160_00948,MOQUEGUA,-71.19718009668765,-16.625097339326842,1.2m,2025,2025-07-30,LG03
9_2658150_05223,MOQUEGUA,-71.17537458371687,-16.714380888136,1.2m,2025,2025-05-17,WV03
9_3208145_12659,MOQUEGUA,-70.6695070200482,-16.733207271213427,1.2m,2023,2023-01-13,WV02
9_3208140_01040,MOQUEGUA,-70.65919509928867,-16.814784200124905,1.2m,2023,2023-01-13,WV02
9_2658150_05831,MOQUEGUA,-71.16822494836833,-16.691702289890745,1.2m,2025,2025-05-17,WV03
9_3158140_03712,MOQUEGUA,-70.70311760840978,-16.801905958701195,1.2m,2023,2023-01-13,WV02
9_2908155_00377,MOQUEGUA,-70.96363632384525,-16.646481004549635,1.2m,2022,2022-05-19,GE01
9_3058180_03662,MOQUEGUA,-70.81353791941828,-16.43760517412304,1.2m,2023,2023-06-29,WV02
9_3208135_16945,MOQUEGUA,-70.67785693674335,-16.83287247105102,1.2m,2023,2023-01-13,WV02
9_2608160_00276,MOQUEGUA,-71.2085022537222,-16.612316769991764,1.2m,2025,2025-07-30,LG03
9_3208135_02667,MOQUEGUA,-70.67855599099133,-16.848846546845017,1.2m,2023,2023-01-13,WV02
9_2858080_01017,MOQUEGUA,-70.99204058622468,-17.328086418677568,1.2m,2025,2025-05-07,LG01
9_2658160_02025,MOQUEGUA,-71.19410012678068,-16.59673196827398,1.2m,2025,2025-05-17,WV03
9_2658155_03361,MOQUEGUA,-71.1712733865705,-16.666187785165476,1.2m,2025,2025-05-17,WV03
9_2658150_08355,MOQUEGUA,-71.17300311844409,-16.691021509336053,1.2m,2025,2025-05-17,WV03
9_2958100_00376,MOQUEGUA,-70.90738032469402,-17.177379656485638,1.2m,2024,2024-05-14,WV03
9_2658150_05800,MOQUEGUA,-71.16793896286768,-16.68776946197801,1.2m,2025,2025-05-17,WV03
9_2658160_01007,MOQUEGUA,-71.19859309286565,-16.628243227273316,1.2m,2025,2025-07-30,LG03
9_2658150_08354,MOQUEGUA,-71.17333464322533,-16.691638895176062,1.2m,2025,2025-05-17,WV03
9_2908155_01633,MOQUEGUA,-70.96336934785535,-16.66756419175993,1.2m,2022,2022-05-19,GE01
9_2958110_002534,MOQUEGUA,-70.88739099910984,-17.050903963145693,1.2m,2023,2023-09-19,GE01
9_3208145_07884,MOQUEGUA,-70.67073085962265,-16.73141868489642,1.2m,2023,2023-01-13,WV02
9_2958100_00316,MOQUEGUA,-70.91746946293296,-17.17473774392102,1.2m,2025,2025-05-07,LG01
9_2808155_04736,MOQUEGUA,-71.02291857447847,-16.64723246019997,1.2m,2020,2020-10-24,WV03
9_2658160_03741,MOQUEGUA,-71.17440338513444,-16.61802062222864,1.2m,2025,2025-05-17,WV03
9_2658155_06128,MOQUEGUA,-71.19175358523508,-16.636399769572094,1.2m,2025,2025-07-30,LG03
9_3208135_00395,MOQUEGUA,-70.66932689400187,-16.82605691419938,1.2m,2023,2023-01-13,WV02
9_2658160_02191,MOQUEGUA,-71.18723954022455,-16.61430867964645,1.2m,2025,2025-05-17,WV03
9_2658160_04091,MOQUEGUA,-71.17909971120119,-16.614660410210586,1.2m,2025,2025-05-17,WV03
9_3008180_01506,MOQUEGUA,-70.84543046831831,-16.423469171313236,1.2m,2024,2024-06-03,WV03
9_3208135_01850,MOQUEGUA,-70.66356270712325,-16.837635842505428,1.2m,2023,2023-01-13,WV02
9_3158140_03800,MOQUEGUA,-70.69867079769895,-16.815158680223558,1.2m,2023,2023-01-13,WV02
9_2908160_00062,MOQUEGUA,-70.96681130663066,-16.627326481106472,1.2m,2022,2022-05-19,GE01
9_3208135_02720,MOQUEGUA,-70.6792612842621,-16.848832179964393,1.2m,2023,2023-01-13,WV02
9_2658155_08225,MOQUEGUA,-71.17521877910377,-16.67369381673863,1.2m,2025,2025-05-17,WV03
9_2658160_01751,MOQUEGUA,-71.18765131394031,-16.608877372716492,1.2m,2025,2025-05-17,WV03
9_3008180_01113,MOQUEGUA,-70.85289125815346,-16.424787511264224,1.2m,2024,2024-06-03,WV03
9_3008100_02004,MOQUEGUA,-70.86181334391603,-17.151601247596588,1.2m,2024,2024-05-14,WV03
9_2658150_05004,MOQUEGUA,-71.1667215339579,-16.685703765613287,1.2m,2025,2025-05-17,WV03
9_2808155_04665,MOQUEGUA,-71.02044316975176,-16.643389058699263,1.2m,2020,2020-10-24,WV03
9_3008100_02068,MOQUEGUA,-70.85606599112074,-17.14547301903327,1.2m,2024,2024-05-14,WV03
9_3008180_00521,MOQUEGUA,-70.85203727128149,-16.42033483068898,1.2m,2024,2024-06-03,WV03
9_2958110_01491,MOQUEGUA,-70.88499721836322,-17.067994404995673,1.2m,2024,2024-05-14,WV03
9_2658155_03916,MOQUEGUA,-71.1767408524465,-16.642939587117517,1.2m,2025,2025-05-17,WV03
9_3208135_02531,MOQUEGUA,-70.676232158598,-16.851623023799075,1.2m,2023,2023-01-13,WV02
8_4708880_036172,PASCO,-75.26629808467916,-10.118224536383078,1.2m,2017,2017-08-08,GE01
8_5108905_035366,PASCO,-74.88558594426644,-9.86894786205403,1.2m,2016,2016-08-13,WV03
8_4608810_037161,PASCO,-75.3283890053942,-10.763906751894929,1.2m,2019,2019-05-10,WV02
8_4408845_035040,PASCO,-75.53284782434119,-10.405211486071064,1.2m,2018,2018-11-03,WV02
8_5208865_034236,PASCO,-74.80515881735195,-10.222956954050037,1.2m,2016,2016-08-08,WV02
8_4458805_035833,PASCO,-75.48032562467145,-10.770855682043932,1.2m,2019,2019-05-10,WV02
8_4358840_035220,PASCO,-75.57317319964238,-10.449575671679726,1.2m,2019,2019-06-22,GE01
8_4608800_32269,PASCO,-75.32578642006462,-10.816607722118508,1.2m,2013,2013-07-17,WV02
8_4658805_31247,PASCO,-75.30664048901338,-10.808163410063152,1.2m,2017,2017-08-08,GE01
8_4958910_034109,PASCO,-75.01499096596764,-9.846368695408813,1.2m,2025,2025-02-25,LG01
8_4408845_034717,PASCO,-75.51122447622922,-10.440203108636382,1.2m,2018,2018-11-03,WV02
8_4658800_30149,PASCO,-75.2908969242367,-10.81081251558496,1.2m,2017,2017-08-08,GE01
8_4608805_035021,PASCO,-75.33039463546186,-10.791403362924711,1.2m,2019,2019-05-10,WV02
8_4708810_30402,PASCO,-75.27309667596624,-10.763487176791614,1.2m,2018,2018-09-06,WV03
8_4658805_034120,PASCO,-75.31141380027779,-10.809809202232746,1.2m,2016,2016-09-12,WV02
8_4508835_035732,PASCO,-75.4187284327964,-10.504945371981195,1.2m,2019,2019-05-10,WV02
8_4658805_034859,PASCO,-75.31277246414535,-10.774633933159325,1.2m,2016,2016-09-12,WV02
8_4658805_036870,PASCO,-75.31161747838368,-10.801048779377515,1.2m,2016,2016-09-12,WV02
8_4658800_31418,PASCO,-75.28865401979056,-10.821179045326517,1.2m,2019,2019-07-25,WV02
8_4708810_30400,PASCO,-75.26971749742322,-10.763971529612233,1.2m,2018,2018-09-06,WV03
8_4658805_034865,PASCO,-75.3102412538612,-10.776519536297407,1.2m,2016,2016-09-12,WV02
8_4408875_035616,PASCO,-75.51283598582867,-10.164397797770002,1.2m,2018,2018-07-23,WV02
8_4458845_035912,PASCO,-75.50207294688823,-10.431945750345934,1.2m,2018,2018-11-03,WV02
8_4758810_035253,PASCO,-75.21050668166434,-10.72713017966391,1.2m,2011,2011-11-09,WV02
8_4958890_034520,PASCO,-75.030162053044,-9.998074640232316,1.2m,2023,2023-08-08,WV02
8_4458810_035854,PASCO,-75.490749542132,-10.742297886288277,1.2m,2019,2019-05-10,WV02
8_4758810_035074,PASCO,-75.18881856205289,-10.740240193829722,1.2m,2011,2011-11-09,WV02
8_4558815_035855,PASCO,-75.38367217107134,-10.682209458949226,1.2m,2016,2016-09-12,WV02
8_4708885_035881,PASCO,-75.24437984306843,-10.05901188099336,1.2m,2017,2017-08-08,GE01
8_4608810_034596,PASCO,-75.34724901993448,-10.76003342670112,1.2m,2019,2019-05-10,WV02
8_4658805_31258,PASCO,-75.31088476332614,-10.803082415420967,1.2m,2016,2016-09-12,WV02
8_4608805_034034,PASCO,-75.34156881882635,-10.797585613385198,1.2m,2019,2019-05-10,WV02
8_4758810_035410,PASCO,-75.18407186723951,-10.746737240730909,1.2m,2011,2011-11-09,WV02
8_4658805_036838,PASCO,-75.3062353717807,-10.803693759709098,1.2m,2016,2016-09-12,WV02
8_4708810_035677,PASCO,-75.25740214265525,-10.754311679939919,1.2m,2018,2018-09-06,WV03
8_4358850_034897,PASCO,-75.57378664920026,-10.364250149824391,1.2m,2018,2018-07-23,WV02
8_4508815_034137,PASCO,-75.45410160903177,-10.703883493927947,1.2m,2018,2018-12-14,WV02
8_4408860_035790,PASCO,-75.53319954859134,-10.306122238700196,1.2m,2018,2018-07-23,WV02
8_4358845_31008,PASCO,-75.57637723685787,-10.41035715410919,1.2m,2019,2019-05-29,WV02
8_4358845_035163,PASCO,-75.58555507187576,-10.443608575475233,1.2m,2018,2018-07-23,WV02
8_4458845_036392,PASCO,-75.49987389609143,-10.438546538541743,1.2m,2018,2018-11-03,WV02
8_4708815_034578,PASCO,-75.27320699640813,-10.7146309998706,1.2m,2017,2017-08-08,GE01
8_4458845_30741,PASCO,-75.50150650361522,-10.434057566253529,1.2m,2018,2018-11-03,WV02
8_5008855_035030,PASCO,-74.98092428734309,-10.355692556016496,1.2m,2018,2018-08-18,WV03
8_4808810_30966,PASCO,-75.1701177900849,-10.746882876943069,1.2m,2017,2017-08-08,GE01
8_4708805_31228,PASCO,-75.27150182187826,-10.79145250143162,1.2m,2018,2018-09-06,WV03
8_4558880_036398,PASCO,-75.37736490527737,-10.12940089258695,1.2m,2011,2011-11-17,WV02
8_4558900_30124,PASCO,-75.38464969495385,-9.937435888505298,1.2m,2019,2019-08-18,WV03
8_4508810_035826,PASCO,-75.43489952650708,-10.742534190800113,1.2m,2019,2019-05-10,WV02
8_4858895_034429,PASCO,-75.11098300181759,-9.962684108084941,1.2m,2025,2025-05-12,LG01
8_4658805_30095,PASCO,-75.31469453139209,-10.802999821234582,1.2m,2016,2016-09-12,WV02
8_4408855_034306,PASCO,-75.53767580959536,-10.333060788024802,1.2m,2018,2018-07-23,WV02
8_4608810_30776,PASCO,-75.36441233475614,-10.75355491842459,1.2m,2019,2019-05-10,WV02
8_4408845_035070,PASCO,-75.52933983997306,-10.418783538629267,1.2m,2018,2018-11-03,WV02
8_4658900_035426,PASCO,-75.31757585763322,-9.934271134654974,1.2m,2015,2015-06-28,WV02
8_4358840_035289,PASCO,-75.56781004223404,-10.453551583888329,1.2m,2019,2019-06-22,GE01
8_4608875_036248,PASCO,-75.32147244227623,-10.132783694261917,1.2m,2015,2015-09-12,WV02
8_4458840_034242,PASCO,-75.4992253749178,-10.492274452254005,1.2m,2018,2018-11-03,WV02
8_4708805_31224,PASCO,-75.27408289578179,-10.790380215474414,1.2m,2018,2018-09-06,WV03
8_4658800_036103,PASCO,-75.29077431297033,-10.831349600203735,1.2m,2019,2019-07-25,WV02
8_4558875_036396,PASCO,-75.37316792460174,-10.132306398421381,1.2m,2011,2011-11-17,WV02
8_4358840_035244,PASCO,-75.57260492743413,-10.4538791192258,1.2m,2019,2019-06-22,GE01
8_5208870_035540,PASCO,-74.81647711615335,-10.190113002912597,1.2m,2016,2016-08-08,WV02
8_4608900_035682,PASCO,-75.32968986315711,-9.945158853897832,1.2m,2015,2015-06-28,WV02
8_4408855_035796,PASCO,-75.54126123094082,-10.323824974992446,1.2m,2018,2018-07-23,WV02
8_4608810_035102,PASCO,-75.34697350730866,-10.758169275541498,1.2m,2019,2019-05-10,WV02
8_4358840_035541,PASCO,-75.55051266579869,-10.461605540263324,1.2m,2018,2018-12-14,WV02
8_4408840_035519,PASCO,-75.53971173660904,-10.463991422316123,1.2m,2018,2018-11-03,WV02
8_4808810_035372,PASCO,-75.16466158144786,-10.747166820791996,1.2m,2017,2017-08-08,GE01
8_4758810_035240,PASCO,-75.2233952465084,-10.739523463836633,1.2m,2011,2011-11-09,WV02
8_4558900_30121,PASCO,-75.36996252830237,-9.949354200236007,1.2m,2015,2015-06-28,WV02
8_4808810_035396,PASCO,-75.15199994154439,-10.736978558713368,1.2m,2017,2017-08-08,GE01
8_4658805_034426,PASCO,-75.31954723915382,-10.802869350290141,1.2m,2016,2016-09-12,WV02
8_4658800_034174,PASCO,-75.29728209242671,-10.825129591257486,1.2m,2019,2019-07-25,WV02
8_4758810_035412,PASCO,-75.18502059497081,-10.748350902821757,1.2m,2011,2011-11-09,WV02
8_4908895_034438,PASCO,-75.07042563617011,-9.964481205343198,1.2m,2025,2025-02-25,LG01
8_4708815_036555,PASCO,-75.27011483176122,-10.718805791753734,1.2m,2017,2017-08-08,GE01
8_4608805_035058,PASCO,-75.34732419298179,-10.777487256731352,1.2m,2019,2019-05-10,WV02
8_4608875_036428,PASCO,-75.34249235801252,-10.166502608858139,1.2m,2011,2011-11-17,WV02
8_4408840_035482,PASCO,-75.53633921568728,-10.456791984662207,1.2m,2019,2019-06-22,GE01
8_4658800_036091,PASCO,-75.29634849153337,-10.834008093748366,1.2m,2019,2019-07-25,WV02
8_4658805_31301,PASCO,-75.30307321309512,-10.798081150624455,1.2m,2017,2017-08-08,GE01
8_4858895_034428,PASCO,-75.10182525329171,-9.954866406309465,1.2m,2025,2025-05-12,LG01
8_4608805_035014,PASCO,-75.32931314255505,-10.793817740895864,1.2m,2019,2019-05-10,WV02
8_5108905_035374,PASCO,-74.88782063123966,-9.880794969062404,1.2m,2016,2016-08-13,WV03
8_4658805_036949,PASCO,-75.30041521340755,-10.79152896673827,1.2m,2017,2017-08-08,GE01
8_4908900_034048,PASCO,-75.0836332337702,-9.931963544431857,1.2m,2025,2025-05-12,LG01
8_4608810_035693,PASCO,-75.33727225410962,-10.7469588552668,1.2m,2019,2019-05-10,WV02
8_4908900_034445,PASCO,-75.05195307898728,-9.910319995121519,1.2m,2025,2025-02-25,LG01
8_4458805_035572,PASCO,-75.47690523956656,-10.775086627595638,1.2m,2019,2019-05-10,WV02
8_4558800_034198,PASCO,-75.37036990058189,-10.81281141981103,1.2m,2016,2016-09-12,WV02
8_5208850_035478,PASCO,-74.77678093100327,-10.401289886169163,1.2m,2012,2012-09-05,GE01
8_4358840_31210,PASCO,-75.57225415096227,-10.48681676623062,1.2m,2018,2018-12-14,WV02
8_5158875_034273,PASCO,-74.84474913842655,-10.13374962729333,1.2m,2016,2016-08-08,WV02
8_4458810_035602,PASCO,-75.46535058760038,-10.72559120492002,1.2m,2019,2019-05-10,WV02
8_4358850_035576,PASCO,-75.55252655232817,-10.400012319163041,1.2m,2018,2018-11-03,WV02
8_4658800_036067,PASCO,-75.30069391289045,-10.821841471556494,1.2m,2017,2017-08-08,GE01
8_4608810_035266,PASCO,-75.3544686978262,-10.742242082006335,1.2m,2019,2019-05-10,WV02
8_4608805_035025,PASCO,-75.33451118181884,-10.791518856110182,1.2m,2019,2019-05-10,WV02
8_4458820_036921,PASCO,-75.46597586372965,-10.639085005868166,1.2m,2018,2018-12-14,WV02
8_4358845_035390,PASCO,-75.58777966735306,-10.433191172884143,1.2m,2018,2018-07-23,WV02
8_4358875_30530,PASCO,-75.56717250316413,-10.158906085896975,1.2m,2018,2018-07-23,WV02
8_4658805_036947,PASCO,-75.29945451248837,-10.796200509046088,1.2m,2017,2017-08-08,GE01
8_4658880_30396,PASCO,-75.30115169849802,-10.093293057578393,1.2m,2017,2017-08-08,GE01
8_4358840_035178,PASCO,-75.58359844619272,-10.450282540606622,1.2m,2019,2019-06-22,GE01
8_4808815_035970,PASCO,-75.14115696218182,-10.685111013612214,1.2m,2018,2018-09-06,WV03
8_4658810_034761,PASCO,-75.28338276998764,-10.739394089165696,1.2m,2017,2017-08-08,GE01
8_4908900_034050,PASCO,-75.0836488302986,-9.937803679296195,1.2m,2025,2025-05-12,LG01
8_4658800_30193,PASCO,-75.28019302030785,-10.832454292781225,1.2m,2019,2019-07-25,WV02
8_4608810_034560,PASCO,-75.34504531044149,-10.760676102919664,1.2m,2019,2019-05-10,WV02
8_4358850_034973,PASCO,-75.57247070330824,-10.372937828317964,1.2m,2019,2019-05-29,WV02
8_4708805_036327,PASCO,-75.2692812837823,-10.769917806511383,1.2m,2018,2018-09-06,WV03
8_4658875_036209,PASCO,-75.27705324427305,-10.13299872351212,1.2m,2017,2017-08-08,GE01
8_4658880_036062,PASCO,-75.2947127956373,-10.090993378241645,1.2m,2017,2017-08-08,GE01
8_4658805_034760,PASCO,-75.29812804089863,-10.771518244970878,1.2m,2017,2017-08-08,GE01
8_4658900_035018,PASCO,-75.29072823285513,-9.919642415115197,1.2m,2015,2015-06-28,WV02
8_4358845_035148,PASCO,-75.58461572472996,-10.438593241234944,1.2m,2018,2018-07-23,WV02
8_4458845_31716,PASCO,-75.46069084227584,-10.447633279502078,1.2m,2016,2016-09-12,WV02
8_4708895_036018,PASCO,-75.25507414484025,-9.963859650152596,1.2m,2020,2020-10-13,GE01
8_4458810_035441,PASCO,-75.48789411671316,-10.722491851117866,1.2m,2019,2019-05-10,WV02
8_4958880_31430,PASCO,-75.01382740357043,-10.091881066208067,1.2m,2023,2023-08-08,WV02
8_4508840_036155,PASCO,-75.42079421604626,-10.47725234541923,1.2m,2019,2019-05-10,WV02
8_4408850_034177,PASCO,-75.52847404410046,-10.360935056307623,1.2m,2018,2018-07-23,WV02
8_4408855_035694,PASCO,-75.52446577884874,-10.328851486906444,1.2m,2018,2018-07-23,WV02
8_4508810_035808,PASCO,-75.44728243996352,-10.736528976830646,1.2m,2019,2019-05-10,WV02
8_4508840_036291,PASCO,-75.44530667773799,-10.4768432910349,1.2m,2019,2019-05-10,WV02
8_4408840_035487,PASCO,-75.5385921099828,-10.461056604878255,1.2m,2018,2018-11-03,WV02
8_4508830_034415,PASCO,-75.43950923501585,-10.550184233265616,1.2m,2018,2018-12-14,WV02
8_4558825_034230,PASCO,-75.38227550509316,-10.612913133084447,1.2m,2019,2019-05-10,WV02
8_4508840_036154,PASCO,-75.42267488129824,-10.477203328770436,1.2m,2019,2019-05-10,WV02
8_5008870_33229,PASCO,-74.99820264999997,-10.182249201439337,1.2m,2023,2023-08-08,WV02
8_4508840_036045,PASCO,-75.43852958186152,-10.487945111877256,1.2m,2019,2019-05-10,WV02
8_4458840_034472,PASCO,-75.49198458964555,-10.456402505820824,1.2m,2016,2016-09-12,WV02
8_5408795_034467,PASCO,-74.63220656065435,-10.866258624086068,1.2m,2021,2021-10-01,GE01
8_4508840_036311,PASCO,-75.44651410489908,-10.469125781829202,1.2m,2019,2019-05-10,WV02
8_4508840_034595,PASCO,-75.45546308898719,-10.473865937462882,1.2m,2019,2019-05-10,WV02
8_5158850_035043,PASCO,-74.85626353479807,-10.38627086490834,1.2m,2018,2018-08-18,WV03
8_4558825_034227,PASCO,-75.38285497462459,-10.611180254614883,1.2m,2019,2019-05-10,WV02
8_5008875_034401,PASCO,-74.99036604936398,-10.167546128201113,1.2m,2023,2023-08-08,WV02
8_4658805_034745,PASCO,-75.29643575445155,-10.769210699713861,1.2m,2017,2017-08-08,GE01
8_4558820_035970,PASCO,-75.38466858632003,-10.66997607468593,1.2m,2016,2016-09-12,WV02
8_4358875_30523,PASCO,-75.57388191271855,-10.137306506240119,1.2m,2018,2018-07-23,WV02
8_4358845_035135,PASCO,-75.5824810374009,-10.433887823264289,1.2m,2019,2019-05-29,WV02
8_4408860_035732,PASCO,-75.53059880858561,-10.299103842218386,1.2m,2018,2018-07-23,WV02
8_4608890_035769,PASCO,-75.3355985992288,-9.996024225987071,1.2m,2015,2015-06-28,WV02
8_4908900_035312,PASCO,-75.07956708255233,-9.947872979953903,1.2m,2025,2025-02-25,LG01
8_4508840_036044,PASCO,-75.43441717769053,-10.488097895001687,1.2m,2019,2019-05-10,WV02
8_4858900_035279,PASCO,-75.10670524779924,-9.91015585535826,1.2m,2025,2025-05-12,LG01
8_4358875_30993,PASCO,-75.55854853027554,-10.135199623113984,1.2m,2018,2018-07-23,WV02
8_4358870_035597,PASCO,-75.55215273575531,-10.177315083174392,1.2m,2018,2018-07-23,WV02
8_4658905_035027,PASCO,-75.28989438524536,-9.885146923791352,1.2m,2015,2015-06-28,WV02
8_4458840_034390,PASCO,-75.46181415102973,-10.46918753018019,1.2m,2019,2019-05-10,WV02
8_4508840_036157,PASCO,-75.42508543072796,-10.474464740255403,1.2m,2019,2019-05-10,WV02
8_4558825_034223,PASCO,-75.38689333389847,-10.60809288922528,1.2m,2019,2019-05-10,WV02
8_4708815_036659,PASCO,-75.25393814252868,-10.70096120269719,1.2m,2017,2017-08-08,GE01
8_4358840_035305,PASCO,-75.5568938793719,-10.458946292187477,1.2m,2019,2019-06-22,GE01
8_4358855_034855,PASCO,-75.58069901061191,-10.331082158114949,1.2m,2018,2018-07-23,WV02
8_4658900_035002,PASCO,-75.27950406035546,-9.913530374726832,1.2m,2020,2020-10-13,GE01
8_4358850_034972,PASCO,-75.57364585231005,-10.37362620583457,1.2m,2019,2019-05-29,WV02
8_4958880_034788,PASCO,-75.01154318075933,-10.099302106257056,1.2m,2023,2023-08-08,WV02
8_4508840_036263,PASCO,-75.4534852948282,-10.47723337287169,1.2m,2019,2019-05-10,WV02
8_4658900_035008,PASCO,-75.27690599008386,-9.911651292572945,1.2m,2020,2020-10-13,GE01
8_4458825_30264,PASCO,-75.49563506860906,-10.609473433102298,1.2m,2018,2018-12-14,WV02
8_4608905_30821,PASCO,-75.33788528289554,-9.872738427586203,1.2m,2015,2015-06-28,WV02
8_4658905_035039,PASCO,-75.29952162949849,-9.873491971327248,1.2m,2015,2015-06-28,WV02
8_4408845_035600,PASCO,-75.52937264631115,-10.426797235503845,1.2m,2018,2018-11-03,WV02
8_4708860_036734,PASCO,-75.23736445927389,-10.29176650027361,1.2m,2023,2023-10-23,GE01
8_4408880_035470,PASCO,-75.5426233812434,-10.098875175149065,1.2m,2018,2018-07-23,WV02
8_4308850_31032,PASCO,-75.59479047384188,-10.368567326420813,1.2m,2011,2011-07-26,WV02
8_4658810_036536,PASCO,-75.27866455610862,-10.720455982507453,1.2m,2017,2017-08-08,GE01
8_4458840_034308,PASCO,-75.49373707127118,-10.470430249356355,1.2m,2019,2019-05-10,WV02
8_4408855_034199,PASCO,-75.53600399600002,-10.352464975078366,1.2m,2018,2018-07-23,WV02
8_4658815_036581,PASCO,-75.28996000696205,-10.718403079838112,1.2m,2017,2017-08-08,GE01
8_5108905_035416,PASCO,-74.90432568346219,-9.872313075687746,1.2m,2016,2016-08-13,WV03
8_4508830_034771,PASCO,-75.43172159999224,-10.56937852754686,1.2m,2018,2018-12-14,WV02
8_4808815_035974,PASCO,-75.14275415865168,-10.688146990391148,1.2m,2018,2018-09-06,WV03
8_4558825_034219,PASCO,-75.38986731290669,-10.60961156806925,1.2m,2019,2019-05-10,WV02
8_4508820_035890,PASCO,-75.4313675092173,-10.644845722501945,1.2m,2018,2018-12-14,WV02
8_5408795_034483,PASCO,-74.62189130987232,-10.855433951365598,1.2m,2021,2021-10-01,GE01
8_4808815_035452,PASCO,-75.18137677568306,-10.71763280780766,1.2m,2011,2011-11-09,WV02
8_4408885_035363,PASCO,-75.5270518687275,-10.04905468127837,1.2m,2018,2018-07-23,WV02
8_4508835_035729,PASCO,-75.43360955593005,-10.502833769662578,1.2m,2019,2019-05-10,WV02
8_4558825_036016,PASCO,-75.38891839956563,-10.590606994766828,1.2m,2019,2019-05-10,WV02
8_4708810_034091,PASCO,-75.26762249483525,-10.753859601539208,1.2m,2018,2018-09-06,WV03
8_4858815_035968,PASCO,-75.13236342977233,-10.67850995202253,1.2m,2018,2018-09-06,WV03
8_4658900_035060,PASCO,-75.29324917345198,-9.918816993509274,1.2m,2015,2015-06-28,WV02
8_4508840_036146,PASCO,-75.42118056675588,-10.482393433210236,1.2m,2019,2019-05-10,WV02
8_4408845_035055,PASCO,-75.53305833715268,-10.413456587951,1.2m,2018,2018-11-03,WV02
8_4608880_036501,PASCO,-75.33138417628638,-10.087077026333539,1.2m,2015,2015-06-28,WV02
8_4608885_036029,PASCO,-75.34098921537671,-10.065286743638158,1.2m,2015,2015-06-28,WV02
8_4508830_036248,PASCO,-75.4502951425718,-10.561159079277928,1.2m,2018,2018-12-14,WV02
8_4558835_036083,PASCO,-75.39406948088502,-10.531798331927288,1.2m,2017,2017-06-26,WV03
8_4908860_036709,PASCO,-75.0904392501752,-10.290767876436187,1.2m,2015,2015-06-28,WV02
8_4758865_036517,PASCO,-75.21526426777606,-10.238580286450917,1.2m,2023,2023-10-23,GE01
8_5008875_034394,PASCO,-74.99499420291278,-10.169223586399223,1.2m,2023,2023-08-08,WV02
8_4358880_31035,PASCO,-75.54995424542838,-10.122552622205577,1.2m,2018,2018-07-23,WV02
8_5108905_035446,PASCO,-74.89473122807611,-9.864868434280655,1.2m,2016,2016-08-13,WV03
8_4508840_036272,PASCO,-75.45469032544857,-10.475195349485638,1.2m,2019,2019-05-10,WV02
8_4658900_035650,PASCO,-75.30318383203341,-9.940067027371239,1.2m,2015,2015-06-28,WV02
8_5108910_035397,PASCO,-74.90474551971892,-9.855321466612224,1.2m,2016,2016-08-13,WV03
8_4408875_035715,PASCO,-75.5223567881718,-10.141661262357196,1.2m,2018,2018-07-23,WV02
8_5108905_035400,PASCO,-74.90721049445997,-9.861367118597489,1.2m,2016,2016-08-13,WV03
8_4858815_035969,PASCO,-75.13194680272188,-10.676572632470855,1.2m,2018,2018-09-06,WV03
8_4658890_036007,PASCO,-75.30904322076621,-10.035516284049132,1.2m,2015,2015-06-28,WV02
8_4408880_035420,PASCO,-75.52052783965418,-10.109875047944936,1.2m,2018,2018-07-23,WV02
8_4808810_30716,PASCO,-75.17992426138694,-10.72164014817415,1.2m,2011,2011-11-09,WV02
8_4608810_034591,PASCO,-75.34468762052943,-10.76359006552895,1.2m,2019,2019-05-10,WV02
8_4358840_035177,PASCO,-75.58459036817865,-10.448512500801119,1.2m,2019,2019-06-22,GE01
8_5108910_035392,PASCO,-74.90550002744686,-9.850040181259173,1.2m,2016,2016-08-13,WV03
8_4608895_035447,PASCO,-75.35333597249014,-9.951238068132167,1.2m,2015,2015-06-28,WV02
8_4408825_036067,PASCO,-75.5038384650988,-10.62443283785504,1.2m,2018,2018-12-14,WV02
8_4408880_035176,PASCO,-75.51170773194202,-10.098292846587443,1.2m,2018,2018-07-23,WV02
8_4758815_035862,PASCO,-75.18672398124212,-10.714458824215203,1.2m,2011,2011-11-09,WV02
8_4608885_30908,PASCO,-75.33983274629036,-10.078310716516205,1.2m,2015,2015-06-28,WV02
8_4508840_036161,PASCO,-75.42708460086467,-10.467863749262477,1.2m,2019,2019-05-10,WV02
8_4908895_035694,PASCO,-75.07421187415986,-9.985669682859424,1.2m,2025,2025-02-25,LG01
8_4508830_036003,PASCO,-75.41175927040557,-10.582312226028257,1.2m,2019,2019-05-10,WV02
8_4508825_036242,PASCO,-75.4129739683552,-10.599595200158213,1.2m,2019,2019-05-10,WV02
8_4358875_30999,PASCO,-75.57333760601816,-10.174121244349774,1.2m,2018,2018-07-23,WV02
8_4458845_035906,PASCO,-75.49908158367157,-10.435392765863298,1.2m,2018,2018-11-03,WV02
8_4808815_035886,PASCO,-75.15455422712674,-10.707961434222653,1.2m,2017,2017-09-04,GE01
8_4958880_034790,PASCO,-75.01334568983796,-10.094727497375953,1.2m,2023,2023-08-08,WV02
8_4708890_035945,PASCO,-75.25391460799963,-10.001419557966045,1.2m,2020,2020-10-13,GE01
8_4758810_034369,PASCO,-75.21564335334617,-10.745099451178593,1.2m,2011,2011-11-09,WV02
8_4708815_036649,PASCO,-75.25805897108566,-10.707604046789152,1.2m,2017,2017-08-08,GE01
8_4458835_034238,PASCO,-75.49336823024086,-10.496664748679025,1.2m,2019,2019-05-10,WV02
8_4508810_035817,PASCO,-75.44069203406464,-10.734545705519736,1.2m,2019,2019-05-10,WV02
7_5759450_22862,PIURA,-80.30997431236429,-4.954388141812901,1.2m,2024,2024-09-09,WV03
7_6509420_94569,PIURA,-79.6355413161728,-5.2198162110743604,60cm,2018,2018-06-10,GE01
7_6559400_81803,PIURA,-79.58653349098182,-5.404516265918065,60cm,2017,2017-11-18,WV03
7_6509420_91765,PIURA,-79.62740338767603,-5.228861549397032,60cm,2017,2017-11-18,WV03
7_5859430_88494,PIURA,-80.20161296754797,-5.114880786917748,1.2m,2025,2025-09-09,LG02
7_6459405_95692,PIURA,-79.65011435545584,-5.361210928224643,60cm,2018,2018-06-10,GE01
7_6509400_045365,PIURA,-79.60390571922072,-5.417785940903439,60cm,2017,2017-11-18,WV03
7_6559400_80209,PIURA,-79.57701599820973,-5.40184641307869,60cm,2017,2017-11-18,WV03
7_6459400_046912,PIURA,-79.66105512885107,-5.414741794946481,60cm,2018,2018-06-10,GE01
7_5959435_52168,PIURA,-80.11147603921071,-5.082928697444611,60cm,2020,2020-12-24,WV03
7_6559405_046846,PIURA,-79.59976843792117,-5.361627529100869,60cm,2017,2017-11-18,WV03
7_5809450_22338,PIURA,-80.24713871834263,-4.938558935947821,1.2m,2024,2024-09-02,WV03
7_6309410_90337,PIURA,-79.79722601380666,-5.315998823722721,60cm,2018,2018-09-17,WV02
7_5509450_20362,PIURA,-80.52863516964157,-4.935465634629276,1.2m,2024,2024-03-15,WV03
7_6509420_91403,PIURA,-79.64153471029633,-5.230650511176291,60cm,2018,2018-06-10,GE01
7_6059420_59969,PIURA,-80.04166002817905,-5.207049406151814,60cm,2021,2021-04-14,WV02
7_6559395_82049,PIURA,-79.59940278717184,-5.459119915689291,60cm,2017,2017-11-18,WV03
7_5959435_52244,PIURA,-80.14511842282676,-5.071276334158441,60cm,2021,2021-04-17,WV03
7_5659460_10431,PIURA,-80.3791536069981,-4.8819621448848665,60cm,2025,2025-07-11,LG04
7_5859435_87240,PIURA,-80.21593981047272,-5.08581715182099,1.2m,2024,2024-09-02,WV03
7_5959430_87715,PIURA,-80.11124518430836,-5.135059034456223,60cm,2021,2021-04-14,WV02
7_6109420_64454,PIURA,-79.96718986558696,-5.207777027449603,60cm,2021,2021-04-14,WV02
7_5909440_56194,PIURA,-80.16817204439883,-5.0691790168214865,1.2m,2025,2025-07-23,WV03
7_5859445_87943,PIURA,-80.21607825979171,-4.999804160431765,1.2m,2024,2024-09-02,WV03
7_6309410_90365,PIURA,-79.7941034039525,-5.318658598409556,60cm,2018,2018-09-17,WV02
7_5659460_33505,PIURA,-80.3797164752068,-4.883174684554927,60cm,2025,2025-07-11,LG04
7_5959430_87543,PIURA,-80.1364924101799,-5.116584320160913,60cm,2021,2021-04-17,WV03
7_6459400_40938,PIURA,-79.67671936542581,-5.42982176363352,60cm,2017,2017-08-05,WV02
7_5359410_33655,PIURA,-80.66362947238271,-5.337758983050291,30cm,2025,2025-09-12,LG05
7_6459420_91126,PIURA,-79.66391249969885,-5.24264611333435,60cm,2018,2018-06-10,GE01
7_6459400_046736,PIURA,-79.65228614924813,-5.4138578301624145,60cm,2018,2018-06-10,GE01
7_6559405_046814,PIURA,-79.5992081290559,-5.357105311744838,60cm,2017,2017-11-18,WV03
7_6509405_047158,PIURA,-79.60700416833959,-5.36954662705593,60cm,2017,2017-11-18,WV03
7_6459420_91049,PIURA,-79.65721969974928,-5.23357281566985,60cm,2018,2018-06-10,GE01
7_5859435_86407,PIURA,-80.2138754935487,-5.06950767967824,1.2m,2024,2024-09-02,WV03
7_5359450_06623,PIURA,-80.64358819997808,-4.9469995628769485,1.2m,2024,2024-03-15,WV03
7_5909435_55680,PIURA,-80.1463832351601,-5.0919930772635595,60cm,2021,2021-04-17,WV03
7_6459420_91435,PIURA,-79.64939768308906,-5.233563979218667,60cm,2018,2018-06-10,GE01
7_5959430_54942,PIURA,-80.12160484091659,-5.115358625120745,60cm,2021,2021-04-17,WV03
7_6459420_91094,PIURA,-79.66274754560551,-5.236612236418121,60cm,2018,2018-06-10,GE01
7_5609455_20767,PIURA,-80.45511366415843,-4.92620687657926,1.2m,2025,2025-03-07,LG01
7_6509400_046592,PIURA,-79.61498979580665,-5.393055523018548,60cm,2017,2017-11-18,WV03
7_6509395_045927,PIURA,-79.60325847893982,-5.438831013391834,60cm,2017,2017-11-18,WV03
7_5359440_16084,PIURA,-80.67395581256176,-5.03558037006427,1.2m,2025,2025-05-16,LG01
7_6509420_95112,PIURA,-79.62108716619156,-5.213985141686221,60cm,2017,2017-11-18,WV03
7_6509405_046525,PIURA,-79.62065759756531,-5.381783811870905,60cm,2017,2017-11-18,WV03
7_5609455_20760,PIURA,-80.4498003540615,-4.928089451124858,1.2m,2025,2025-03-07,LG01
7_6559405_047217,PIURA,-79.59917141485252,-5.37818118010968,60cm,2017,2017-11-18,WV03
7_6009425_67021,PIURA,-80.06065309509016,-5.17948342957647,60cm,2021,2021-04-14,WV02
7_5959430_87723,PIURA,-80.1119591344989,-5.135813448285218,60cm,2020,2020-12-24,WV03
7_6509420_93231,PIURA,-79.61506651433703,-5.20963535273485,60cm,2017,2017-11-18,WV03
7_6609390_80593,PIURA,-79.54273254632213,-5.510365063042635,60cm,2017,2017-11-18,WV03
7_5359420_16418,PIURA,-80.67623595651284,-5.210889035722974,30cm,2025,2025-12-11,WV02
7_5909440_51283,PIURA,-80.16754181598354,-5.051395877273349,1.2m,2025,2025-07-23,WV03
7_5859435_87342,PIURA,-80.22160593688704,-5.094028094584709,1.2m,2024,2024-09-02,WV03
7_6509400_045549,PIURA,-79.60661032546082,-5.4220144904782686,60cm,2017,2017-11-18,WV03
7_6509420_91473,PIURA,-79.64497382143534,-5.234213123771211,60cm,2018,2018-06-10,GE01
7_5659460_10418,PIURA,-80.38475854950505,-4.88592201796398,60cm,2025,2025-07-11,LG04
7_5509455_23885,PIURA,-80.5287459412766,-4.923620100972261,1.2m,2024,2024-03-15,WV03
7_6609390_83649,PIURA,-79.55168536136246,-5.490063721600077,60cm,2017,2017-11-18,WV03
7_6409410_89494,PIURA,-79.73677683734158,-5.314786782435238,60cm,2018,2018-09-17,WV02
7_6459415_94871,PIURA,-79.65012737368002,-5.249622376099804,60cm,2018,2018-06-10,GE01
7_5859445_88209,PIURA,-80.22750090027941,-5.006521750230052,1.2m,2024,2024-09-02,WV03
7_5809455_22620,PIURA,-80.27780652208699,-4.925566638573455,1.2m,2024,2024-09-09,WV03
7_6459415_89026,PIURA,-79.67998128796793,-5.259813053912222,60cm,2017,2017-08-05,WV02
7_6509420_91758,PIURA,-79.6243223389677,-5.229902306909475,60cm,2017,2017-11-18,WV03
7_6459425_044669,PIURA,-79.68067814516719,-5.176752103280771,60cm,2017,2017-07-04,WV03
7_5359420_15464,PIURA,-80.67634655885223,-5.238946488893025,30cm,2025,2025-12-11,WV02
7_5909435_55812,PIURA,-80.14977997028231,-5.071303867586115,60cm,2021,2021-04-17,WV03
7_6459425_043471,PIURA,-79.67781066844731,-5.166235906016254,60cm,2017,2017-07-04,WV03
7_5659455_20924,PIURA,-80.39224189498762,-4.88941641149448,60cm,2025,2025-07-11,LG04
7_5859435_87208,PIURA,-80.2083632839495,-5.0817391303979225,1.2m,2024,2024-09-02,WV03
7_6509405_046371,PIURA,-79.60663799393413,-5.38349228441534,60cm,2017,2017-11-18,WV03
7_5759470_030664,PIURA,-80.31345108205457,-4.775085847831926,60cm,2024,2024-09-09,WV03
7_6509420_91694,PIURA,-79.61685720352463,-5.228063904200912,60cm,2017,2017-11-18,WV03
7_5909435_86737,PIURA,-80.18355176233746,-5.084892638874933,1.2m,2025,2025-07-23,WV03
7_6209440_000002,PIURA,-79.89059735311038,-5.031321530851638,60cm,2017,2017-08-05,WV02
7_6559395_046239,PIURA,-79.59532909307448,-5.435003532139275,60cm,2017,2017-11-18,WV03
7_6059420_60426,PIURA,-80.04156114592793,-5.211025774796584,60cm,2021,2021-04-14,WV02
7_6509420_91951,PIURA,-79.64117410692594,-5.217062708777719,60cm,2018,2018-06-10,GE01
7_5709465_10683,PIURA,-80.36668959512181,-4.8120884553039955,60cm,2025,2025-07-11,LG04
7_6509400_045488,PIURA,-79.6059392358274,-5.412069248963828,60cm,2017,2017-11-18,WV03
7_6559390_83969,PIURA,-79.57096480076879,-5.481755315643666,60cm,2017,2017-11-18,WV03
7_5909435_87470,PIURA,-80.18099758032324,-5.078007148024174,1.2m,2025,2025-07-23,WV03
7_6509420_93250,PIURA,-79.61020626853254,-5.208100035189889,60cm,2017,2017-11-18,WV03
7_5659460_019468,PIURA,-80.37570342746943,-4.881956415092766,60cm,2025,2025-07-11,LG04
7_6509405_96439,PIURA,-79.6365276598037,-5.367040786488554,60cm,2018,2018-06-10,GE01
7_6509420_91689,PIURA,-79.61375363822421,-5.226987677623745,60cm,2017,2017-11-18,WV03
7_5259390_53747,PIURA,-80.77331121320347,-5.481553138401466,1.2m,2025,2025-07-11,WV03
7_6559395_045767,PIURA,-79.60275662307981,-5.43658983597338,60cm,2017,2017-11-18,WV03
7_6459415_94886,PIURA,-79.65449615018304,-5.249844155324564,60cm,2018,2018-06-10,GE01
7_5509455_20999,PIURA,-80.5247685597767,-4.926633741868603,1.2m,2024,2024-03-15,WV03
7_5959430_87701,PIURA,-80.11582946416962,-5.134778760095361,60cm,2020,2020-12-24,WV03
7_6459415_89255,PIURA,-79.68726012648514,-5.2867415345906,60cm,2017,2017-08-05,WV02
7_6509400_79366,PIURA,-79.62982854308395,-5.418549191792309,60cm,2017,2017-11-18,WV03
7_6459420_91085,PIURA,-79.66021396613417,-5.236868046715269,60cm,2018,2018-06-10,GE01
7_5759455_030719,PIURA,-80.28932451629862,-4.922839743298842,1.2m,2024,2024-09-09,WV03
7_6559395_82043,PIURA,-79.60090296043117,-5.458184118894816,60cm,2017,2017-11-18,WV03
7_6309410_90436,PIURA,-79.820784591034,-5.312396755709275,60cm,2018,2018-09-17,WV02
7_6459425_044042,PIURA,-79.67627724790052,-5.17727981186664,60cm,2017,2017-07-04,WV03
7_5759455_22410,PIURA,-80.30276907014886,-4.928527524362118,1.2m,2024,2024-09-09,WV03
7_5759460_11251,PIURA,-80.30868402370672,-4.846969088298049,60cm,2024,2024-09-09,WV03
7_5809450_22719,PIURA,-80.26704784356502,-4.961894845877918,1.2m,2024,2024-09-09,WV03
7_6509405_96473,PIURA,-79.63341325389794,-5.368935422571036,60cm,2018,2018-06-10,GE01
7_6459425_043556,PIURA,-79.67688124844476,-5.168094024812089,60cm,2017,2017-07-04,WV03
7_5709465_10042,PIURA,-80.36347715186002,-4.807536431456641,60cm,2025,2025-07-11,LG04
7_5359455_07132,PIURA,-80.68085190593321,-4.921606217099565,1.2m,2024,2024-03-15,WV03
7_6509420_91673,PIURA,-79.63226598203707,-5.228982193597843,60cm,2018,2018-06-10,GE01
7_6509405_047067,PIURA,-79.61289736071583,-5.38163780986495,60cm,2017,2017-11-18,WV03
7_6509400_83502,PIURA,-79.60762272170226,-5.409898705731774,60cm,2017,2017-11-18,WV03
7_5409460_023865,PIURA,-80.63788639943223,-4.848080941746199,60cm,2024,2024-03-15,WV03
7_6559395_84387,PIURA,-79.59047368822215,-5.463167074055863,60cm,2017,2017-11-18,WV03
7_5909435_88851,PIURA,-80.18870552545866,-5.0966873987672905,1.2m,2025,2025-09-09,LG02
7_5909435_88778,PIURA,-80.18584673372376,-5.10485402330779,1.2m,2025,2025-09-09,LG02
7_5859445_22194,PIURA,-80.21574946624985,-4.987834957566287,1.2m,2025,2025-09-09,LG02
7_6509400_045356,PIURA,-79.60437966892431,-5.4161667760455225,60cm,2017,2017-11-18,WV03
7_6559420_93388,PIURA,-79.59527897008039,-5.207062191230572,60cm,2017,2017-11-18,WV03
7_6559395_045909,PIURA,-79.60118245486944,-5.440445951387428,60cm,2017,2017-11-18,WV03
7_5909435_88764,PIURA,-80.18491551323692,-5.099009641157952,1.2m,2025,2025-09-09,LG02
7_6509400_81909,PIURA,-79.62026296516913,-5.41106589801767,60cm,2017,2017-11-18,WV03
7_6009480_32390,PIURA,-80.08021734786308,-4.700145330286184,60cm,2025,2025-08-09,LG02
7_6559400_045254,PIURA,-79.59629919218371,-5.413771348931229,60cm,2017,2017-11-18,WV03
7_5509450_20373,PIURA,-80.53383152810073,-4.938852681654907,1.2m,2024,2024-03-15,WV03
7_6509400_045648,PIURA,-79.61211521251738,-5.416071692908063,60cm,2017,2017-11-18,WV03
7_6309410_90433,PIURA,-79.82117059253935,-5.31255821137716,60cm,2018,2018-09-17,WV02
7_6609390_85512,PIURA,-79.53218004647579,-5.504740876326611,60cm,2017,2017-11-18,WV03
7_6559400_045211,PIURA,-79.60024391930327,-5.412826627840864,60cm,2017,2017-11-18,WV03
7_5409415_080345,PIURA,-80.62249971959146,-5.289821142279264,30cm,2025,2025-09-12,LG05
7_5459450_20130,PIURA,-80.58784566627435,-4.960770379119798,1.2m,2024,2024-03-15,WV03
7_6559400_046005,PIURA,-79.59616540383898,-5.399636787727014,60cm,2017,2017-11-18,WV03
7_6509400_045291,PIURA,-79.6033855654693,-5.409844126298826,60cm,2017,2017-11-18,WV03
7_5759455_22013,PIURA,-80.32526604176581,-4.932048557303747,1.2m,2024,2024-09-09,WV03
7_5709455_038152,PIURA,-80.3313783297134,-4.908408689405518,60cm,2024,2024-12-21,WV03
7_6459425_043358,PIURA,-79.67446011095453,-5.170148673931211,60cm,2017,2017-07-04,WV03
7_6509420_91410,PIURA,-79.64328808515543,-5.22926660109859,60cm,2018,2018-06-10,GE01
7_6409410_83118,PIURA,-79.71285193653162,-5.305311608946724,60cm,2018,2018-09-17,WV02
7_5909435_88861,PIURA,-80.17760019484538,-5.106347199708061,1.2m,2025,2025-09-09,LG02
7_5759450_22859,PIURA,-80.31335488788505,-4.9535439037021884,1.2m,2024,2024-09-09,WV03
7_6459420_91341,PIURA,-79.64977473755778,-5.21762326724412,60cm,2018,2018-06-10,GE01
7_6509400_046650,PIURA,-79.61714087994298,-5.384812363957645,60cm,2017,2017-11-18,WV03
7_6359400_95842,PIURA,-79.77757458748097,-5.418062569202421,60cm,2018,2018-09-17,WV02
7_6559400_80246,PIURA,-79.58250027480676,-5.4045086264471145,60cm,2017,2017-11-18,WV03
7_6509420_94669,PIURA,-79.64557252059396,-5.206692607196551,60cm,2018,2018-06-10,GE01
7_6559400_045062,PIURA,-79.59488160317721,-5.409210982701337,60cm,2017,2017-11-18,WV03
7_6559395_84367,PIURA,-79.59245895758436,-5.464685008958446,60cm,2017,2017-11-18,WV03
7_6609390_83660,PIURA,-79.54826076115589,-5.489899906211184,60cm,2017,2017-11-18,WV03
7_5909435_88247,PIURA,-80.17568599639401,-5.089227146084884,1.2m,2025,2025-07-23,WV03
7_6559390_83967,PIURA,-79.57062369967113,-5.481171369105117,60cm,2017,2017-11-18,WV03
7_6009425_59381,PIURA,-80.05674629215918,-5.197985305113081,60cm,2021,2021-04-14,WV02
7_6359415_82895,PIURA,-79.74731206528764,-5.294442601559151,60cm,2018,2018-09-17,WV02
7_6759390_84726,PIURA,-79.42153233033622,-5.503130579377277,60cm,2013,2013-04-26,WV02
7_6359410_90617,PIURA,-79.76450288897166,-5.301211431236213,60cm,2018,2018-09-17,WV02
7_5309400_51855,PIURA,-80.72351618203999,-5.424366841770432,1.2m,2025,2025-07-21,LG02
7_5209410_36203,PIURA,-80.79085216719108,-5.329244606519193,1.2m,2025,2025-07-11,WV03
7_5409415_29078,PIURA,-80.63560453726609,-5.264816857778055,30cm,2025,2025-09-12,LG05
7_5859435_86650,PIURA,-80.21401806126616,-5.080115258365268,1.2m,2024,2024-09-02,WV03
7_5409410_10716,PIURA,-80.63763576354312,-5.298309636490645,30cm,2025,2025-09-12,LG05
7_5359410_06146,PIURA,-80.65592442723857,-5.300646587491563,30cm,2025,2025-09-12,LG05
7_5409410_29794,PIURA,-80.63873818523669,-5.3219329827391695,30cm,2025,2025-09-12,LG05
7_5309405_23043,PIURA,-80.71898873425403,-5.367133709575005,1.2m,2025,2025-07-21,LG02
7_5259410_45125,PIURA,-80.77277716875307,-5.3379731743164385,1.2m,2025,2025-09-12,LG05
7_5309400_22404,PIURA,-80.71616742542085,-5.3888636316447,1.2m,2025,2025-07-21,LG02
7_5209390_55940,PIURA,-80.79750812377466,-5.516833889194132,1.2m,2025,2025-07-11,WV03
7_5259405_03233,PIURA,-80.76072494127519,-5.3544577770521515,30cm,2025,2025-09-12,LG05
7_5359415_00550,PIURA,-80.65370571513857,-5.2793414048335645,30cm,2025,2025-09-12,LG05
7_6009480_31710,PIURA,-80.07717136242431,-4.690015278512429,60cm,2025,2025-08-09,LG02
7_5309410_31040,PIURA,-80.70614114120212,-5.31165826248043,30cm,2025,2025-09-12,LG05
7_5409420_080776,PIURA,-80.62365829849946,-5.234561096849088,30cm,2025,2025-12-11,WV02
7_5359400_12696,PIURA,-80.68628783768432,-5.406449216325928,1.2m,2025,2025-07-21,LG02
7_6709385_94834,PIURA,-79.4406224159592,-5.5538390509064435,60cm,2013,2013-04-26,WV02
7_5309395_67256,PIURA,-80.7228742082556,-5.470861698752856,1.2m,2025,2025-07-21,LG02
7_6609390_81401,PIURA,-79.5210072476047,-5.4973712811134225,60cm,2017,2017-11-18,WV03
7_5309410_19149,PIURA,-80.69261071233342,-5.311380979051359,30cm,2025,2025-09-12,LG05
7_5409405_47246,PIURA,-80.63185928520664,-5.364979287179345,1.2m,2025,2025-05-16,LG01
7_5259395_53902,PIURA,-80.7688253889889,-5.476445143003028,1.2m,2025,2025-07-11,WV03
7_5409405_44471,PIURA,-80.62359026217702,-5.361480931023458,1.2m,2025,2025-09-12,LG05
7_5259395_59649,PIURA,-80.75742714687226,-5.455994121915326,1.2m,2025,2025-07-21,LG02
7_5209395_61413,PIURA,-80.77794678007336,-5.436973563241411,1.2m,2025,2025-07-11,WV03
7_5309420_16515,PIURA,-80.70042805895193,-5.239038453081976,30cm,2025,2025-12-11,WV02
7_5809445_24076,PIURA,-80.27123523876243,-5.006231747234255,1.2m,2025,2025-10-02,LG05
7_5309415_49783,PIURA,-80.70374344579577,-5.285608730774529,30cm,2025,2025-09-12,LG05
7_5309420_15346,PIURA,-80.72372261380497,-5.2412183932249,30cm,2025,2025-12-11,WV02
7_5259400_69484,PIURA,-80.73378502884003,-5.418051457462219,1.2m,2025,2025-07-21,LG02
7_5259410_45058,PIURA,-80.76833486622444,-5.337613399164029,30cm,2025,2025-09-12,LG05
7_5309410_20856,PIURA,-80.71168263040204,-5.313959224308546,30cm,2025,2025-09-12,LG05
7_5259410_45344,PIURA,-80.76887064247276,-5.328367167612258,30cm,2025,2025-09-12,LG05
7_5209395_54375,PIURA,-80.79548872827252,-5.438818406041033,1.2m,2025,2025-07-11,WV03
7_5809445_24086,PIURA,-80.26804568037673,-5.009151917290229,1.2m,2025,2025-10-02,LG05
7_5359405_77105,PIURA,-80.65140387969561,-5.365319519471833,1.2m,2025,2025-09-12,LG05
7_5809445_23045,PIURA,-80.25026771945363,-5.022362652047368,1.2m,2024,2024-09-02,WV03
7_5309395_62088,PIURA,-80.69924276038088,-5.474206000241974,1.2m,2025,2025-07-21,LG02
7_5309425_078683,PIURA,-80.70460850128555,-5.176325230263643,30cm,2025,2025-12-11,WV02
7_6109425_78478,PIURA,-79.98467837526223,-5.197814436352835,60cm,2021,2021-04-14,WV02
7_6609375_42554,PIURA,-79.54585680906274,-5.634477659855006,1.2m,2023,2023-01-02,WV03
7_5309415_16841,PIURA,-80.69731593789862,-5.263568973133344,30cm,2025,2025-09-12,LG05
7_6009480_31656,PIURA,-80.08520470578455,-4.699664919166497,60cm,2025,2025-08-09,LG02
7_5409420_24179,PIURA,-80.63293448191355,-5.248957240594203,30cm,2025,2025-12-11,WV02
7_5359410_33461,PIURA,-80.66732695311202,-5.329980120923203,30cm,2025,2025-09-12,LG05
7_5359405_38655,PIURA,-80.64888620489538,-5.371492438872769,1.2m,2025,2025-05-16,LG01
7_5259410_45319,PIURA,-80.76322252454322,-5.327303783314164,30cm,2025,2025-09-12,LG05
7_5759445_23371,PIURA,-80.3042799915084,-4.991810639853481,1.2m,2024,2024-09-09,WV03
7_6709390_85190,PIURA,-79.4293316302604,-5.518845888570745,60cm,2013,2013-04-26,WV02
7_5959435_52214,PIURA,-80.13407928998737,-5.0712041379577695,60cm,2021,2021-04-17,WV03
7_5359395_65304,PIURA,-80.66918972230866,-5.431557199042412,1.2m,2025,2025-05-16,LG01
7_5259405_05673,PIURA,-80.75311591253117,-5.370825826409105,1.2m,2025,2025-07-21,LG02
7_5259410_48421,PIURA,-80.76621769732594,-5.304567266255841,30cm,2025,2025-09-12,LG05
7_5409420_09597,PIURA,-80.62866142964131,-5.249280948473576,30cm,2025,2025-12-11,WV02
7_5309400_13355,PIURA,-80.68682602964111,-5.387947118406891,1.2m,2025,2025-07-21,LG02
7_6559395_84315,PIURA,-79.58471817149263,-5.468926559213944,60cm,2017,2017-11-18,WV03
7_5309405_22074,PIURA,-80.72137951028473,-5.3767312027558845,1.2m,2025,2025-07-21,LG02
7_5359415_17096,PIURA,-80.67843622808628,-5.281226236083942,30cm,2025,2025-09-12,LG05
7_5309400_07198,PIURA,-80.71868662993629,-5.392860056637205,1.2m,2025,2025-07-21,LG02
7_5259390_56442,PIURA,-80.77574149715011,-5.507447551946387,1.2m,2025,2025-07-11,WV03
7_5309415_76510,PIURA,-80.7313156967256,-5.268346058018872,30cm,2025,2025-09-12,LG05
7_5309420_42700,PIURA,-80.72269752843451,-5.247569085829948,30cm,2025,2025-12-11,WV02
7_5959440_78210,PIURA,-80.12729849672819,-5.060196514076255,60cm,2020,2020-12-24,WV03
7_5309410_21137,PIURA,-80.72309698275923,-5.313919186326881,30cm,2025,2025-09-12,LG05
7_5309400_07199,PIURA,-80.71920823301687,-5.3935934068441345,1.2m,2025,2025-07-21,LG02
7_5309405_23498,PIURA,-80.72033472720389,-5.358503548595879,30cm,2025,2025-09-12,LG05
7_5309410_41453,PIURA,-80.70963633091628,-5.338077517844144,30cm,2025,2025-09-12,LG05
7_5259400_66997,PIURA,-80.75886062357955,-5.417936044704986,1.2m,2025,2025-07-21,LG02
7_5359405_46770,PIURA,-80.67395732469403,-5.357889064557827,30cm,2025,2025-09-12,LG05
7_5309400_07443,PIURA,-80.70143803208416,-5.405452617874902,1.2m,2025,2025-07-21,LG02
7_6209440_000019,PIURA,-79.88575576599933,-5.033996325201224,60cm,2017,2017-08-05,WV02
7_5209405_02334,PIURA,-80.795866639074,-5.34232129131505,1.2m,2025,2025-07-11,WV03
7_5309420_15548,PIURA,-80.69168373723402,-5.228256565258485,30cm,2025,2025-12-11,WV02
7_5209390_55061,PIURA,-80.7909358095058,-5.488162042922382,1.2m,2025,2025-07-11,WV03
7_5359395_60873,PIURA,-80.67280087924371,-5.445450192137679,1.2m,2025,2025-05-16,LG01
7_5359410_18425,PIURA,-80.64238286489496,-5.33107607489321,30cm,2025,2025-09-12,LG05
7_5609450_21788,PIURA,-80.42743469374355,-4.948224633220359,1.2m,2025,2025-03-07,LG01
7_5309400_08199,PIURA,-80.688911584795,-5.401517562980106,1.2m,2025,2025-07-21,LG02
7_5359415_00226,PIURA,-80.65343918933848,-5.27382747027257,30cm,2025,2025-09-12,LG05
7_5259395_52278,PIURA,-80.74848902872813,-5.455030887175447,1.2m,2025,2025-07-21,LG02
7_6559400_84564,PIURA,-79.59746941781373,-5.410675626989677,60cm,2017,2017-11-18,WV03
7_5309420_15901,PIURA,-80.6884646886853,-5.247580829703772,30cm,2025,2025-12-11,WV02
7_5359400_24654,PIURA,-80.67724124235585,-5.388052139146637,1.2m,2025,2025-07-21,LG02
7_6609390_80426,PIURA,-79.53482796862446,-5.496645427902566,60cm,2017,2017-11-18,WV03
7_5209390_66478,PIURA,-80.79817888008877,-5.510192037301723,1.2m,2025,2025-07-11,WV03
7_5609450_21635,PIURA,-80.43886208978647,-4.939491022179093,1.2m,2025,2025-03-07,LG01
7_5209395_56843,PIURA,-80.7789571899331,-5.472499848569649,1.2m,2025,2025-07-11,WV03
7_5359395_70620,PIURA,-80.6821632297027,-5.444677710297769,1.2m,2025,2025-07-21,LG02
7_5359420_16281,PIURA,-80.68374517242793,-5.236282935679114,30cm,2025,2025-12-11,WV02
7_5309410_41668,PIURA,-80.72430464845368,-5.313456087268623,30cm,2025,2025-09-12,LG05
7_5209390_55980,PIURA,-80.79511767066643,-5.4970942705499315,1.2m,2025,2025-07-11,WV03
7_5209405_02998,PIURA,-80.78586307757537,-5.3594274549537175,1.2m,2025,2025-07-11,WV03
7_5859440_86815,PIURA,-80.1953736501612,-5.055182269745025,1.2m,2024,2024-09-02,WV03
7_6459410_96268,PIURA,-79.66024531345951,-5.333462313216856,60cm,2018,2018-06-10,GE01
7_5309395_62242,PIURA,-80.69314079598499,-5.455507677855136,1.2m,2025,2025-07-21,LG02
7_5309395_70168,PIURA,-80.72435303818568,-5.452455403008516,1.2m,2025,2025-07-21,LG02
7_6459415_89004,PIURA,-79.67390269448693,-5.256043416452829,60cm,2018,2018-06-10,GE01
7_5459450_21147,PIURA,-80.56045177871306,-4.978279601230591,1.2m,2024,2024-03-15,WV03
7_5309400_07442,PIURA,-80.7015379737689,-5.405691162147116,1.2m,2025,2025-07-21,LG02
7_6559395_41003,PIURA,-79.59644981756931,-5.439446992612366,60cm,2017,2017-11-18,WV03
7_5209395_58300,PIURA,-80.77846685217393,-5.455189424985585,1.2m,2025,2025-07-11,WV03
7_5209405_02504,PIURA,-80.81804227821655,-5.346640386591372,1.2m,2025,2025-07-11,WV03
7_5759455_037864,PIURA,-80.28922475960795,-4.919152235750858,1.2m,2024,2024-09-09,WV03
7_5209405_45497,PIURA,-80.78760223312895,-5.342717714542378,1.2m,2025,2025-07-11,WV03
7_5359405_24988,PIURA,-80.68377444987337,-5.384817655151367,1.2m,2025,2025-07-21,LG02
7_5959435_69223,PIURA,-80.12651939712305,-5.099799851268168,60cm,2021,2021-04-17,WV03
7_5359400_24619,PIURA,-80.67937116020724,-5.3890657909645725,1.2m,2025,2025-07-21,LG02
7_5609450_21464,PIURA,-80.44730796565517,-4.942767636910876,1.2m,2025,2025-03-07,LG01
7_5309420_75387,PIURA,-80.70953989285147,-5.220531628003098,30cm,2025,2025-12-11,WV02
7_5359405_33895,PIURA,-80.64342696242146,-5.350292796417694,30cm,2025,2025-09-12,LG05
7_5209405_02488,PIURA,-80.8139684782699,-5.347029690405701,1.2m,2025,2025-07-11,WV03
7_6559400_79867,PIURA,-79.57852783249089,-5.392363481214141,60cm,2017,2017-11-18,WV03
7_5359405_47751,PIURA,-80.652878428474,-5.3436418852555345,30cm,2025,2025-09-12,LG05
7_5459450_21086,PIURA,-80.55951151758737,-4.976296615566739,1.2m,2024,2024-03-15,WV03
7_5259390_68425,PIURA,-80.74612308574498,-5.490904588637326,1.2m,2025,2025-07-21,LG02
7_6559395_80716,PIURA,-79.55852853377559,-5.470753114784169,60cm,2017,2017-11-18,WV03
7_6609390_81110,PIURA,-79.54283000692402,-5.478337966219385,60cm,2017,2017-11-18,WV03
7_6509395_79749,PIURA,-79.60806688442295,-5.456809885685258,60cm,2017,2017-11-18,WV03
7_5259395_52274,PIURA,-80.75138549190576,-5.455167389524309,1.2m,2025,2025-07-21,LG02
7_5209400_55049,PIURA,-80.78269607660113,-5.426042787571477,1.2m,2025,2025-07-11,WV03
7_6609390_80852,PIURA,-79.55434940978932,-5.498895213668886,60cm,2017,2017-11-18,WV03
7_5259395_66602,PIURA,-80.77246046101719,-5.438493912502581,1.2m,2025,2025-07-11,WV03
7_5809450_22766,PIURA,-80.24863525341658,-4.961606675766539,1.2m,2025,2025-09-09,LG02
7_5359395_70640,PIURA,-80.6848586378312,-5.442672710872664,1.2m,2025,2025-07-21,LG02
7_6759390_85239,PIURA,-79.40444770303739,-5.491061310281257,60cm,2013,2013-04-26,WV02
7_5259390_65622,PIURA,-80.74239558916446,-5.490057654736003,1.2m,2025,2025-07-21,LG02
7_5359395_60871,PIURA,-80.67312445519164,-5.444628337616905,1.2m,2025,2025-05-16,LG01
7_5259390_65141,PIURA,-80.7376531993491,-5.497314632879249,1.2m,2025,2025-07-21,LG02
7_5209400_55864,PIURA,-80.79304996658706,-5.420320522785042,1.2m,2025,2025-07-11,WV03
7_5209385_60187,PIURA,-80.78463843574193,-5.537107239489888,1.2m,2025,2025-07-11,WV03
7_5409415_24429,PIURA,-80.62143021474407,-5.275045324459674,30cm,2025,2025-09-12,LG05
7_5759445_23309,PIURA,-80.29375262990962,-4.980853182318698,1.2m,2024,2024-09-09,WV03
7_5409410_18352,PIURA,-80.63833657956512,-5.338251810798884,30cm,2025,2025-09-12,LG05
7_5409410_18318,PIURA,-80.63782556674748,-5.33438464951595,30cm,2025,2025-09-12,LG05
7_5609450_21781,PIURA,-80.42724462582781,-4.943070356660396,1.2m,2025,2025-03-07,LG01
7_5409415_24408,PIURA,-80.62650602401517,-5.274540181325071,30cm,2025,2025-09-12,LG05
7_6509405_96489,PIURA,-79.63193926769631,-5.37279473793991,60cm,2018,2018-06-10,GE01
7_5259390_61268,PIURA,-80.76282018339552,-5.505646075662021,1.2m,2025,2025-04-29,LG04
7_5209390_58787,PIURA,-80.80202238356688,-5.483392748377836,1.2m,2025,2025-07-11,WV03
7_5209390_56888,PIURA,-80.77713885023732,-5.48323472399459,1.2m,2025,2025-07-11,WV03
7_5909475_31113,PIURA,-80.1567285706509,-4.723748477608002,60cm,2024,2024-09-02,WV03
7_5309395_70981,PIURA,-80.72637260166313,-5.452840436775721,1.2m,2025,2025-07-21,LG02
7_5209395_66057,PIURA,-80.7842550758064,-5.435635789929018,1.2m,2025,2025-07-11,WV03
9_3457975_07549,TACNA,-70.41942904513166,-18.268446824189912,1.2m,2025,2025-02-10,LG02
9_3357985_07321,TACNA,-70.51473220623203,-18.211058933141736,1.2m,2025,2025-03-11,LG01
9_3457985_06158,TACNA,-70.42347620585957,-18.191502413390644,1.2m,2025,2025-02-10,LG02
9_3457990_06660,TACNA,-70.45969591531818,-18.161785965378677,1.2m,2025,2025-02-10,LG02
9_3407985_07131,TACNA,-70.5118491274751,-18.203798846850535,1.2m,2025,2025-03-11,LG01
9_3457990_06309,TACNA,-70.46467423487773,-18.142310283908202,1.2m,2025,2025-02-10,LG02
9_3658090_20817,TACNA,-70.24222014769595,-17.271956785464088,1.2m,2021,2021-10-25,GE01
9_3908065_46635,TACNA,-70.02915066011768,-17.462660252344115,1.2m,2025,2025-03-30,LG01
9_3457975_07748,TACNA,-70.43443549953327,-18.29691812341324,1.2m,2025,2025-02-10,LG02
9_3457990_06426,TACNA,-70.45059554967149,-18.151501856104638,1.2m,2025,2025-02-10,LG02
9_3457990_06760,TACNA,-70.4630589514338,-18.169056389809615,1.2m,2025,2025-03-11,LG01
9_3357985_07308,TACNA,-70.52350589411819,-18.20198836121373,1.2m,2025,2025-03-11,LG01
9_3407985_06868,TACNA,-70.47273811670658,-18.180378741315234,1.2m,2025,2025-03-11,LG01
9_3457990_06419,TACNA,-70.44586937914916,-18.14928178685451,1.2m,2025,2025-02-10,LG02
9_3457990_06015,TACNA,-70.4225013551476,-18.1635795956795,1.2m,2025,2025-02-10,LG02
9_3607995_015044,TACNA,-70.31316281641035,-18.101460747927767,1.2m,2025,2025-03-20,LG02
9_3457975_07567,TACNA,-70.43713295002983,-18.270528636577218,1.2m,2025,2025-02-10,LG02
9_3407990_06531,TACNA,-70.47829473507458,-18.16168764470655,1.2m,2025,2025-03-11,LG01
9_3357980_07281,TACNA,-70.54880220317098,-18.219200852231594,1.2m,2025,2025-03-11,LG01
9_3858065_46184,TACNA,-70.04341248324982,-17.46632092412213,1.2m,2025,2025-03-30,LG01
9_3457980_07496,TACNA,-70.42018762614754,-18.248727608089666,1.2m,2025,2025-02-10,LG02
9_3358020_004568,TACNA,-70.5466349171657,-17.873892660099976,1.2m,2023,2023-09-03,GE01
9_3608000_02901,TACNA,-70.30471841739023,-18.061918130638972,1.2m,2025,2025-03-20,LG02
9_3658000_14184,TACNA,-70.2328022922963,-18.05857636797647,1.2m,2025,2025-03-27,WV03
9_3407990_06317,TACNA,-70.46829434616029,-18.144851506746868,1.2m,2025,2025-02-10,LG02
9_3357980_07306,TACNA,-70.53837513019442,-18.223769285861614,1.2m,2025,2025-03-11,LG01
9_3558085_41335,TACNA,-70.32529868015547,-17.305175837708504,1.2m,2020,2020-12-12,WV02
9_3557995_02331,TACNA,-70.35594320441858,-18.10445381871037,1.2m,2025,2025-03-01,LG02
9_3357985_07235,TACNA,-70.5557175402991,-18.196502607860168,1.2m,2025,2025-03-11,LG01
9_3858065_46420,TACNA,-70.03893138173837,-17.46466335672268,1.2m,2025,2025-03-30,LG01
9_3457985_06100,TACNA,-70.42560244841704,-18.18240174576495,1.2m,2025,2025-02-10,LG02
9_3407985_07314,TACNA,-70.51188031953373,-18.20975505253612,1.2m,2025,2025-03-11,LG01
9_3407990_06818,TACNA,-70.47250607345461,-18.170073044770888,1.2m,2025,2025-03-11,LG01
9_3407985_07039,TACNA,-70.50572638301114,-18.1943893999836,1.2m,2025,2025-03-11,LG01
9_3608000_02130,TACNA,-70.3071121845387,-18.07104745639607,1.2m,2025,2025-03-20,LG02
9_3407990_06517,TACNA,-70.473959830732,-18.15836627771686,1.2m,2025,2025-03-11,LG01
9_3908070_46898,TACNA,-70.02891227572056,-17.453251828100093,1.2m,2025,2025-03-30,LG01
9_3108050_12133,TACNA,-70.75786707951596,-17.6105171663746,1.2m,2021,2021-06-03,WV02
9_3357985_07344,TACNA,-70.52980855604639,-18.215999736985225,1.2m,2025,2025-03-11,LG01
9_3407990_06839,TACNA,-70.47564586959413,-18.171296889825683,1.2m,2025,2025-03-11,LG01
9_3558090_28788,TACNA,-70.35164825147017,-17.24694137261485,1.2m,2024,2024-01-02,WV03
9_3708005_016985,TACNA,-70.20116437626092,-18.004774921988407,1.2m,2025,2025-03-27,WV03
9_3457990_06605,TACNA,-70.45347883928108,-18.16431141787949,1.2m,2025,2025-02-10,LG02
9_3457985_06995,TACNA,-70.46335546167774,-18.189928557257577,1.2m,2025,2025-03-11,LG01
9_3407990_06350,TACNA,-70.46912216063032,-18.14719659113768,1.2m,2025,2025-03-11,LG01
9_3558080_40484,TACNA,-70.32597685647005,-17.320137922430632,1.2m,2020,2020-12-12,WV02
9_3407990_06817,TACNA,-70.47291655972697,-18.169285651991807,1.2m,2025,2025-03-11,LG01
9_3558080_40494,TACNA,-70.32423939686123,-17.320005210551493,1.2m,2020,2020-12-12,WV02
9_3558080_40692,TACNA,-70.3373270309111,-17.327811137078598,1.2m,2020,2020-12-12,WV02
9_3457975_07678,TACNA,-70.43870295902995,-18.280319716086993,1.2m,2025,2025-02-10,LG02
9_3407990_06795,TACNA,-70.46879481341674,-18.16697725962755,1.2m,2025,2025-03-11,LG01
9_3457975_07575,TACNA,-70.43946351246554,-18.270216300297747,1.2m,2025,2025-02-10,LG02
9_3357985_07190,TACNA,-70.5273382911441,-18.19149854765645,1.2m,2025,2025-03-11,LG01
9_3558085_41464,TACNA,-70.32381901608666,-17.29755720002894,1.2m,2024,2024-01-02,WV03
9_3457985_06240,TACNA,-70.42607597738773,-18.20001945508083,1.2m,2025,2025-02-10,LG02
9_3407985_06951,TACNA,-70.46913194968317,-18.187789047515484,1.2m,2025,2025-03-11,LG01
9_3407985_06897,TACNA,-70.47271055175506,-18.183820251711406,1.2m,2025,2025-03-11,LG01
9_3358025_04557,TACNA,-70.5236467554316,-17.84398072324386,1.2m,2023,2023-09-03,GE01
9_3357985_07195,TACNA,-70.51928148195984,-18.176577974219658,1.2m,2025,2025-03-11,LG01
9_3357985_07185,TACNA,-70.52720016069308,-18.19452951548936,1.2m,2025,2025-03-11,LG01
9_3558090_28581,TACNA,-70.34328927344876,-17.2491628974378,1.2m,2024,2024-01-02,WV03
9_3357980_07415,TACNA,-70.5391056832294,-18.22823136179607,1.2m,2025,2025-03-11,LG01
9_3457975_07757,TACNA,-70.43124798374865,-18.293665843870556,1.2m,2025,2025-02-10,LG02
9_3457975_07698,TACNA,-70.42925385787437,-18.286443222640507,1.2m,2025,2025-02-10,LG02
9_3457975_07623,TACNA,-70.44771617440372,-18.28146845524611,1.2m,2025,2025-02-10,LG02
9_3608000_015017,TACNA,-70.29404519725028,-18.04808553013874,1.2m,2025,2025-03-20,LG02
9_3457990_06569,TACNA,-70.44585888517841,-18.171076298012682,1.2m,2025,2025-02-10,LG02
9_3558080_40596,TACNA,-70.3476549718881,-17.329147121988598,1.2m,2020,2020-08-09,WV02
9_3457985_07002,TACNA,-70.46503046178805,-18.190442810063686,1.2m,2025,2025-03-11,LG01
9_3357985_07157,TACNA,-70.54348059201602,-18.19898945815867,1.2m,2025,2025-03-11,LG01
9_3357985_07159,TACNA,-70.54142402422536,-18.19638541492361,1.2m,2025,2025-03-11,LG01
9_3457985_06064,TACNA,-70.44381249252044,-18.17962956667772,1.2m,2025,2025-02-10,LG02
9_3858065_47528,TACNA,-70.04087013327191,-17.46223450337159,1.2m,2025,2025-03-30,LG01
9_3508085_26574,TACNA,-70.38506733144669,-17.304321078160562,1.2m,2025,2025-08-20,WV03
9_3457975_07586,TACNA,-70.44108536278246,-18.27324033381214,1.2m,2025,2025-02-10,LG02
9_3508085_26573,TACNA,-70.3850712967652,-17.304820300059305,1.2m,2025,2025-08-20,WV03
9_3457975_07706,TACNA,-70.4336624715018,-18.286757267986317,1.2m,2025,2025-02-10,LG02
9_3457990_06598,TACNA,-70.4552446759719,-18.15946235776844,1.2m,2025,2025-02-10,LG02
9_3407985_07007,TACNA,-70.50882303907022,-18.17641207139244,1.2m,2025,2025-03-11,LG01
9_3457990_06649,TACNA,-70.45759724551264,-18.161437426804994,1.2m,2025,2025-02-10,LG02
9_3407985_07026,TACNA,-70.49913001789963,-18.192414544312342,1.2m,2025,2025-03-11,LG01
9_3558080_40590,TACNA,-70.34897342634832,-17.32939725191693,1.2m,2020,2020-08-09,WV02
9_3358020_04196,TACNA,-70.5591210484223,-17.873629561435934,1.2m,2023,2023-09-03,GE01
9_3558085_41258,TACNA,-70.32469794824635,-17.314819140834025,1.2m,2020,2020-12-12,WV02
9_3457990_06478,TACNA,-70.45936520360988,-18.155305672968943,1.2m,2025,2025-02-10,LG02
9_3357985_07237,TACNA,-70.55395617610179,-18.19791866334144,1.2m,2025,2025-03-11,LG01
9_3457975_07765,TACNA,-70.42921484938073,-18.289011866917818,1.2m,2025,2025-02-10,LG02
9_3558085_40372,TACNA,-70.32840927726267,-17.315186017622302,1.2m,2020,2020-12-12,WV02
9_3708005_01344,TACNA,-70.22252035460322,-18.010927089028243,1.2m,2025,2025-03-27,WV03
9_3558085_40375,TACNA,-70.32705979988057,-17.314734836315186,1.2m,2020,2020-12-12,WV02
9_3507975_07547,TACNA,-70.41496534878063,-18.271026840565916,1.2m,2025,2025-02-10,LG02
9_3457990_06588,TACNA,-70.45336138283429,-18.157975961468182,1.2m,2025,2025-02-10,LG02
9_3457990_06666,TACNA,-70.4579723006012,-18.163921702119943,1.2m,2025,2025-02-10,LG02
9_3457990_06421,TACNA,-70.44741216287196,-18.144749795444994,1.2m,2025,2025-02-10,LG02
9_3457985_06735,TACNA,-70.46015620873487,-18.17639272131018,1.2m,2025,2025-02-10,LG02
9_3357980_07279,TACNA,-70.54684430077282,-18.218286867137138,1.2m,2025,2025-03-11,LG01
9_3457990_06565,TACNA,-70.4465210459158,-18.16649344086156,1.2m,2025,2025-02-10,LG02
9_3558090_28624,TACNA,-70.3482345075016,-17.251148734187947,1.2m,2024,2024-01-02,WV03
9_3457990_06672,TACNA,-70.45611424950545,-18.16804419252434,1.2m,2025,2025-02-10,LG02
9_3357985_07309,TACNA,-70.52127800762919,-18.205320669326362,1.2m,2025,2025-03-11,LG01
9_3457975_07635,TACNA,-70.45097177498272,-18.284169338206418,1.2m,2025,2025-02-10,LG02
9_3457975_07555,TACNA,-70.42740891426688,-18.27240493620932,1.2m,2025,2025-02-10,LG02
9_3407990_06822,TACNA,-70.4741866729835,-18.17182429804449,1.2m,2025,2025-03-11,LG01
9_3457990_06748,TACNA,-70.46085892179539,-18.172126978628448,1.2m,2025,2025-02-10,LG02
9_3407985_07137,TACNA,-70.51265389897415,-18.20602625130251,1.2m,2025,2025-03-11,LG01
9_3458075_40039,TACNA,-70.42451174154286,-17.383363158315312,1.2m,2025,2025-10-04,WV03
9_3407990_06805,TACNA,-70.47146821953272,-18.16766010773179,1.2m,2025,2025-03-11,LG01
9_3357985_07120,TACNA,-70.51683417688855,-18.199006737128325,1.2m,2025,2025-03-11,LG01
9_3858065_45259,TACNA,-70.04651349822046,-17.50118058359706,1.2m,2025,2025-03-30,LG01
9_3457975_07699,TACNA,-70.43021511204742,-18.285450733581413,1.2m,2025,2025-02-10,LG02
9_3457985_06916,TACNA,-70.46380616811668,-18.179361100174066,1.2m,2025,2025-03-11,LG01
9_3407990_06823,TACNA,-70.47421969780677,-18.170866822579548,1.2m,2025,2025-03-11,LG01
9_3457975_07677,TACNA,-70.4396024597683,-18.28103571933073,1.2m,2025,2025-02-10,LG02
9_3457980_07495,TACNA,-70.41935380780183,-18.248851402597587,1.2m,2025,2025-02-10,LG02
9_3407980_07352,TACNA,-70.50545498237182,-18.220587068457846,1.2m,2025,2025-03-11,LG01
9_3658085_20425,TACNA,-70.2518113220353,-17.28455262781864,1.2m,2021,2021-10-25,GE01
9_3908070_47005,TACNA,-70.0192407749148,-17.455257192508256,1.2m,2025,2025-03-30,LG01
9_3908065_47679,TACNA,-70.02527476807349,-17.470731263712416,1.2m,2025,2025-03-30,LG01
9_3558085_40226,TACNA,-70.33744733615035,-17.307461604321674,1.2m,2020,2020-12-12,WV02
9_3658090_21458,TACNA,-70.24458178255563,-17.261404572788873,1.2m,2021,2021-10-25,GE01
9_3908065_45752,TACNA,-70.02443768254776,-17.470822046444844,1.2m,2025,2025-03-30,LG01
9_3708090_025959,TACNA,-70.2059394099393,-17.24338402413258,1.2m,2021,2021-10-25,GE01
9_3708085_23808,TACNA,-70.19883540492484,-17.3147625509977,1.2m,2020,2020-12-12,WV02
9_3858065_46013,TACNA,-70.03999120144269,-17.479030190864314,1.2m,2025,2025-03-30,LG01
9_3258055_12013,TACNA,-70.64701174724755,-17.5552747260017,1.2m,2022,2022-12-20,WV02
9_3457975_07724,TACNA,-70.43966665355885,-18.294459890404692,1.2m,2025,2025-02-10,LG02
9_3858065_46423,TACNA,-70.03850665525283,-17.46376898614919,1.2m,2025,2025-03-30,LG01
9_3708090_25054,TACNA,-70.20657836068017,-17.248671097708403,1.2m,2021,2021-10-25,GE01
9_3908065_46588,TACNA,-70.03604754629347,-17.466278801524677,1.2m,2025,2025-03-30,LG01
9_3457975_07731,TACNA,-70.44016899973857,-18.2993721393348,1.2m,2025,2025-02-10,LG02
9_3507980_07534,TACNA,-70.40479575064194,-18.2592689491187,1.2m,2025,2025-02-10,LG02
9_3457990_06717,TACNA,-70.46055531920365,-18.16823203487629,1.2m,2025,2025-02-10,LG02
9_3908065_46720,TACNA,-70.02220416424925,-17.461047740947027,1.2m,2025,2025-03-30,LG01
9_3358020_004569,TACNA,-70.5473253587657,-17.874278412090742,1.2m,2023,2023-09-03,GE01
9_3908065_46996,TACNA,-70.02048841721421,-17.457149954964258,1.2m,2025,2025-03-30,LG01
9_3558085_41165,TACNA,-70.35485265866379,-17.309356563541193,1.2m,2020,2020-08-09,WV02
9_3908065_45847,TACNA,-70.02508127126899,-17.467217662557808,1.2m,2025,2025-03-30,LG01
9_3708090_25682,TACNA,-70.20832287088231,-17.242339196085787,1.2m,2021,2021-10-25,GE01
9_3508080_26136,TACNA,-70.41124443640075,-17.323628661576862,1.2m,2025,2025-10-04,WV03
9_3457985_06161,TACNA,-70.42487882175504,-18.188749581712884,1.2m,2025,2025-02-10,LG02
9_3808020_00078,TACNA,-70.13317803992379,-17.872993854890282,1.2m,2024,2024-12-11,WV03
9_3658000_14210,TACNA,-70.23102873750265,-18.066461423334275,1.2m,2025,2025-03-27,WV03
9_3908065_46605,TACNA,-70.03381163058734,-17.4649310868473,1.2m,2025,2025-03-30,LG01
9_3908065_47672,TACNA,-70.02784654508326,-17.486669667513105,1.2m,2025,2025-03-30,LG01
9_3558080_40477,TACNA,-70.32745907891216,-17.320434408844406,1.2m,2020,2020-12-12,WV02
9_3708090_24877,TACNA,-70.19516377665273,-17.24206062324644,1.2m,2021,2021-10-25,GE01
9_3908065_45596,TACNA,-70.0364253828113,-17.484932744577698,1.2m,2025,2025-03-30,LG01
9_3908065_47648,TACNA,-70.0274803143553,-17.47847516005946,1.2m,2025,2025-03-30,LG01
9_3658090_21870,TACNA,-70.25908609723567,-17.261129202747135,1.2m,2021,2021-10-25,GE01
9_3908065_47159,TACNA,-70.03326612324106,-17.462344173219428,1.2m,2025,2025-03-30,LG01
9_3908065_45963,TACNA,-70.03611045232891,-17.47966757290608,1.2m,2025,2025-03-30,LG01
9_3908060_45399,TACNA,-70.03265417325652,-17.5026527569781,1.2m,2025,2025-03-30,LG01
9_3457990_06664,TACNA,-70.45854386384423,-18.16360855623369,1.2m,2025,2025-02-10,LG02
9_3908065_45754,TACNA,-70.02283738837596,-17.472849840158457,1.2m,2025,2025-03-30,LG01
9_3708090_25734,TACNA,-70.1987441156918,-17.24597138633375,1.2m,2021,2021-10-25,GE01
9_3858065_45001,TACNA,-70.05101636423198,-17.473490283378432,1.2m,2025,2025-03-30,LG01
9_3908065_46287,TACNA,-70.03541283726386,-17.467631780723217,1.2m,2025,2025-03-30,LG01
9_3457990_06754,TACNA,-70.46381296781561,-18.172200524473748,1.2m,2025,2025-03-11,LG01
9_3908070_47060,TACNA,-70.01360682234156,-17.453019488004266,1.2m,2025,2025-03-30,LG01
9_3908065_46618,TACNA,-70.03270529357201,-17.4622992363402,1.2m,2025,2025-03-30,LG01
9_3708090_025978,TACNA,-70.20425587732126,-17.240080503486322,1.2m,2021,2021-10-25,GE01
9_3708090_24753,TACNA,-70.18930763234445,-17.242879363748916,1.2m,2021,2021-10-25,GE01
9_3457970_07804,TACNA,-70.42409295309184,-18.311570061189336,1.2m,2025,2025-02-10,LG02
9_3858065_46083,TACNA,-70.04475817419564,-17.475162318959207,1.2m,2025,2025-03-30,LG01
9_3858065_46446,TACNA,-70.04013037933424,-17.461425775824438,1.2m,2025,2025-03-30,LG01
9_3708090_024797,TACNA,-70.18084044277586,-17.23502230840294,1.2m,2021,2021-10-25,GE01
9_3258010_04350,TACNA,-70.61531631450237,-17.95114960678246,1.2m,2022,2022-12-20,WV02
9_3858065_45167,TACNA,-70.05226862236299,-17.4907572752626,1.2m,2025,2025-03-30,LG01
9_3708090_025903,TACNA,-70.20733513241905,-17.252422687422175,1.2m,2021,2021-10-25,GE01
9_3908065_46815,TACNA,-70.0289515234008,-17.45829060013886,1.2m,2025,2025-03-30,LG01
9_3558085_40446,TACNA,-70.32842323189193,-17.304022733499167,1.2m,2020,2020-12-12,WV02
9_3708090_24742,TACNA,-70.19027673864707,-17.24573497418435,1.2m,2021,2021-10-25,GE01
9_3457975_07752,TACNA,-70.43563866377134,-18.29401489161433,1.2m,2025,2025-02-10,LG02
9_3658085_20442,TACNA,-70.24736325960657,-17.282993465792455,1.2m,2021,2021-10-25,GE01
9_3908065_45441,TACNA,-70.03771428279804,-17.496791713523812,1.2m,2025,2025-03-30,LG01
9_3558080_40635,TACNA,-70.34208880842519,-17.32792080860372,1.2m,2020,2020-08-09,WV02
9_3858065_45248,TACNA,-70.04358172053375,-17.497869268167136,1.2m,2025,2025-03-30,LG01
9_3558075_16308,TACNA,-70.3218059394745,-17.379854823146175,1.2m,2020,2020-12-12,WV02
9_3558080_40752,TACNA,-70.33291915335047,-17.32248251226442,1.2m,2020,2020-12-12,WV02
9_3658085_20932,TACNA,-70.244321339942,-17.27662576334368,1.2m,2021,2021-10-25,GE01
9_3558080_40606,TACNA,-70.34509037405992,-17.33001842791457,1.2m,2020,2020-08-09,WV02
9_3508085_27101,TACNA,-70.37321159044737,-17.306114594234124,1.2m,2025,2025-08-20,WV03
9_3658090_22323,TACNA,-70.23609699923615,-17.246404643604137,1.2m,2021,2021-10-25,GE01
9_3508085_26846,TACNA,-70.36930607447425,-17.289723876402533,1.2m,2025,2025-08-20,WV03
9_3658085_20412,TACNA,-70.25121407181561,-17.285922536604293,1.2m,2021,2021-10-25,GE01
9_3708085_24317,TACNA,-70.18147132638563,-17.287264443526098,1.2m,2021,2021-10-25,GE01
9_3708080_23908,TACNA,-70.20987574269253,-17.335075832164378,1.2m,2020,2020-12-12,WV02
9_3558080_40735,TACNA,-70.33561697253785,-17.323420689535915,1.2m,2020,2020-12-12,WV02
9_3508075_40128,TACNA,-70.40001699593815,-17.369679501473954,1.2m,2025,2025-10-04,WV03
9_3658090_22352,TACNA,-70.23105880169001,-17.24411769357722,1.2m,2021,2021-10-25,GE01
9_3558085_41136,TACNA,-70.35449863944729,-17.31684772357851,1.2m,2020,2020-08-09,WV02
9_3708080_23962,TACNA,-70.20224372836469,-17.335084400676305,1.2m,2020,2020-12-12,WV02
9_3558085_27737,TACNA,-70.35179623896073,-17.27687364439979,1.2m,2024,2024-01-02,WV03
9_3558085_27184,TACNA,-70.36140087295591,-17.296210735044497,1.2m,2024,2024-01-02,WV03
9_3658095_22041,TACNA,-70.26380396512637,-17.224905265493845,1.2m,2021,2021-10-25,GE01
9_3658090_20978,TACNA,-70.24855266975216,-17.274452049425413,1.2m,2021,2021-10-25,GE01
9_3658080_17838,TACNA,-70.26907145278324,-17.327847928047472,1.2m,2020,2020-12-12,WV02
9_3558080_40628,TACNA,-70.3442150298767,-17.3277909764724,1.2m,2020,2020-08-09,WV02
9_3508085_26716,TACNA,-70.3728784975489,-17.301054852582674,1.2m,2025,2025-08-20,WV03
9_3508085_27112,TACNA,-70.37157100989693,-17.304498716798587,1.2m,2025,2025-08-20,WV03
9_3658090_21981,TACNA,-70.26112850700866,-17.231722867992254,1.2m,2021,2021-10-25,GE01
9_3508085_26539,TACNA,-70.39094428992306,-17.305686898387385,1.2m,2025,2025-08-20,WV03
9_3658085_20644,TACNA,-70.23534912408797,-17.27513844487805,1.2m,2021,2021-10-25,GE01
9_3508085_26617,TACNA,-70.37997422402168,-17.300708340487706,1.2m,2025,2025-08-20,WV03
9_3858065_45144,TACNA,-70.04605418406136,-17.482571586406923,1.2m,2025,2025-03-30,LG01
9_3708090_23107,TACNA,-70.18547278159947,-17.273563967645487,1.2m,2021,2021-10-25,GE01
9_3708090_23731,TACNA,-70.22297045184666,-17.271092417865617,1.2m,2021,2021-10-25,GE01
9_3408035_05280,TACNA,-70.47077855994975,-17.736821649607244,1.2m,2025,2025-10-04,WV03
9_3708080_23935,TACNA,-70.2105736482068,-17.33800660208415,1.2m,2020,2020-12-12,WV02
9_3908065_45957,TACNA,-70.03461798080721,-17.481648129576563,1.2m,2025,2025-03-30,LG01
9_3558080_40919,TACNA,-70.34765443983449,-17.3204829844125,1.2m,2020,2020-08-09,WV02
9_3658085_20289,TACNA,-70.2448057532506,-17.295185148879256,1.2m,2021,2021-10-25,GE01
9_3908065_46666,TACNA,-70.02910533459041,-17.461235057466872,1.2m,2025,2025-03-30,LG01
9_3658090_21201,TACNA,-70.26500209165313,-17.272696306741626,1.2m,2021,2021-10-25,GE01
9_3558085_27668,TACNA,-70.34457164317669,-17.29271142610659,1.2m,2024,2024-01-02,WV03
9_3908065_45521,TACNA,-70.03456957177528,-17.48953134548724,1.2m,2025,2025-03-30,LG01
9_3858065_45159,TACNA,-70.04735359371915,-17.48471761889639,1.2m,2025,2025-03-30,LG01
9_3508085_26950,TACNA,-70.36690954111396,-17.279813292347967,1.2m,2025,2025-08-20,WV03
9_3908065_46640,TACNA,-70.03111584578392,-17.463856490103893,1.2m,2025,2025-03-30,LG01
9_3658080_17629,TACNA,-70.24615093584245,-17.32450323663995,1.2m,2020,2020-12-12,WV02
9_3658085_25102,TACNA,-70.26621375902731,-17.277665853080613,1.2m,2020,2020-12-12,WV02
9_3858065_46406,TACNA,-70.03796535649198,-17.465943099740755,1.2m,2025,2025-03-30,LG01
9_3658090_21412,TACNA,-70.24841835655522,-17.266645119642256,1.2m,2021,2021-10-25,GE01
9_3658085_18165,TACNA,-70.26414609301244,-17.301576039542923,1.2m,2020,2020-12-12,WV02
9_3708090_22980,TACNA,-70.19935147405732,-17.262873359295156,1.2m,2021,2021-10-25,GE01
9_3558085_40219,TACNA,-70.33856562681827,-17.309625996258106,1.2m,2020,2020-12-12,WV02
9_3908065_46725,TACNA,-70.02223506578866,-17.46173080740845,1.2m,2025,2025-03-30,LG01
9_3708085_24318,TACNA,-70.1811943568542,-17.288054019473734,1.2m,2021,2021-10-25,GE01
9_3758090_23195,TACNA,-70.17512431758337,-17.263463589115013,1.2m,2021,2021-10-25,GE01
9_3658080_17851,TACNA,-70.26258942443755,-17.32428629498028,1.2m,2020,2020-12-12,WV02
9_3658090_21759,TACNA,-70.25762232344636,-17.244531868828687,1.2m,2021,2021-10-25,GE01
9_3558085_27163,TACNA,-70.36389804544979,-17.296105362399203,1.2m,2024,2024-01-02,WV03
9_3558085_41159,TACNA,-70.35594387014378,-17.312212036634023,1.2m,2020,2020-08-09,WV02
7_5609600_01348,TUMBES,-80.43787621961494,-3.6206402521777736,60cm,2025,2025-09-10,LG05
7_5609590_02843,TUMBES,-80.44090300260346,-3.701712033115009,60cm,2025,2025-01-31,LG02
7_5809610_00477,TUMBES,-80.24590244475665,-3.4927902072436163,60cm,2022,2022-04-21,WV02
7_5709590_022115,TUMBES,-80.332513345632,-3.676351059389614,60cm,2021,2021-05-07,GE01
7_5559605_00190,TUMBES,-80.46698702001649,-3.536844206195057,60cm,2024,2024-11-10,LG02
7_5609600_06391,TUMBES,-80.4586859844897,-3.605269861196098,60cm,2025,2025-09-10,LG05
7_5909595_003006,TUMBES,-80.18955441095522,-3.6614910010549817,60cm,2022,2022-04-24,WV02
7_5859610_003873,TUMBES,-80.21637175667803,-3.5171962202384286,60cm,2022,2022-04-21,WV02
7_5109550_000557,TUMBES,-80.90418345026899,-4.061308552721618,1.2m,2022,2022-08-18,WV02
7_5559605_00702,TUMBES,-80.46783819308196,-3.547952154876477,60cm,2024,2024-11-10,LG02
7_5859590_02606,TUMBES,-80.2223671523453,-3.697621741251744,60cm,2022,2022-04-24,WV02
7_5709595_022196,TUMBES,-80.36684098393525,-3.641074010366504,60cm,2023,2023-04-27,WV03
7_5609585_09384,TUMBES,-80.45006515373927,-3.7309718718014335,60cm,2025,2025-01-31,LG02
7_5559605_020930,TUMBES,-80.46403596639203,-3.5428307761038607,60cm,2024,2024-11-10,LG02
7_5759615_003264,TUMBES,-80.28969779957936,-3.4516428885242916,60cm,2026,2026-04-06,LG03
7_5559600_06059,TUMBES,-80.46877486125885,-3.5843888806015083,60cm,2024,2024-11-10,LG02
7_5609595_08269,TUMBES,-80.44344650849533,-3.6368462344476127,60cm,2025,2025-09-10,LG05
7_5859590_002891,TUMBES,-80.23365605851315,-3.7045453450648216,60cm,2022,2022-04-24,WV02
7_5609595_09121,TUMBES,-80.44127623254172,-3.666811343457732,60cm,2025,2025-09-10,LG05
7_5609590_029620,TUMBES,-80.44954376962691,-3.7110732876063777,60cm,2025,2025-01-31,LG02
7_5559600_01064,TUMBES,-80.46240479033557,-3.5934096479598505,60cm,2024,2024-11-10,LG02
7_5609580_020131,TUMBES,-80.45355207749816,-3.791276662987283,60cm,2025,2025-01-31,LG02
7_5609585_020054,TUMBES,-80.42240395462007,-3.7335084931160827,60cm,2025,2025-01-31,LG02
7_5609585_09314,TUMBES,-80.4524146262399,-3.719368684968509,60cm,2025,2025-01-31,LG02
7_5559575_10313,TUMBES,-80.47481771101732,-3.8040204647297697,60cm,2025,2025-01-31,LG02
7_5559580_10012,TUMBES,-80.46446772695624,-3.7616088126838587,60cm,2025,2025-01-31,LG02
7_5609585_023626,TUMBES,-80.43617161764553,-3.734150900489614,60cm,2025,2025-01-31,LG02
7_5859590_002591,TUMBES,-80.21518667452318,-3.6896897854491657,60cm,2022,2022-04-24,WV02
7_5609595_07939,TUMBES,-80.44846670618811,-3.627164112203684,60cm,2025,2025-09-10,LG05
7_5609590_003300,TUMBES,-80.42179265912733,-3.6996449959257074,60cm,2025,2025-01-31,LG02
7_5609595_07503,TUMBES,-80.45825074539013,-3.6288295087168403,60cm,2025,2025-09-10,LG05
7_5659585_03183,TUMBES,-80.41482335704943,-3.7289568289764556,60cm,2025,2025-01-31,LG02
7_5859610_01061,TUMBES,-80.23191034152141,-3.5175305538917243,60cm,2022,2022-04-21,WV02
7_5709595_022158,TUMBES,-80.34214099439978,-3.6627927565295977,60cm,2012,2012-03-23,WV02
7_5859610_00751,TUMBES,-80.23218010650928,-3.505225993333521,60cm,2022,2022-04-21,WV02
7_5609590_03068,TUMBES,-80.42062009542586,-3.6953450516583577,60cm,2025,2025-01-31,LG02
7_5609595_08771,TUMBES,-80.4407118075928,-3.6565248600947236,60cm,2025,2025-09-10,LG05
7_5609590_03301,TUMBES,-80.43872814640983,-3.7039232153471575,60cm,2025,2025-01-31,LG02
7_5859610_01032,TUMBES,-80.23507059648651,-3.523877644883893,60cm,2022,2022-04-21,WV02
7_5859600_00502,TUMBES,-80.21499510857525,-3.588630922513665,60cm,2022,2022-04-24,WV02
7_5609590_02521,TUMBES,-80.43117758934676,-3.6746766813528007,60cm,2025,2025-09-10,LG05
7_5609600_021203,TUMBES,-80.45978242635059,-3.591446159495253,60cm,2024,2024-11-10,LG02
7_5859600_002015,TUMBES,-80.20772757545063,-3.596036843034401,60cm,2022,2022-04-24,WV02
7_5609590_02840,TUMBES,-80.43982043165568,-3.701553790193942,60cm,2025,2025-01-31,LG02
7_5359560_000105,TUMBES,-80.65871938748629,-3.971268648630899,60cm,2025,2025-08-24,WV03
7_5609600_006555,TUMBES,-80.46147131164548,-3.600646884235317,60cm,2024,2024-11-10,LG02
7_5609585_09398,TUMBES,-80.44825243381415,-3.7326896104129426,60cm,2025,2025-01-31,LG02
7_5859590_002600,TUMBES,-80.21576781099171,-3.688561073657192,60cm,2022,2022-04-24,WV02
7_5359560_000085,TUMBES,-80.66136197893272,-3.9835928834666308,60cm,2025,2025-08-24,WV03
7_5609600_06528,TUMBES,-80.4580278671344,-3.6021360100258524,60cm,2024,2024-11-10,LG02
7_5559600_06103,TUMBES,-80.46719637420799,-3.5979922513941753,60cm,2024,2024-11-10,LG02
7_5859590_002592,TUMBES,-80.21515509473642,-3.694546849647625,60cm,2022,2022-04-24,WV02
7_5609585_09934,TUMBES,-80.45394147723992,-3.7552814707451487,60cm,2025,2025-01-31,LG02
7_5609595_08287,TUMBES,-80.44163276035746,-3.635259754966353,60cm,2025,2025-09-10,LG05
7_5359560_000127,TUMBES,-80.6552135032385,-3.9674945172424714,60cm,2025,2025-08-24,WV03
7_5609595_08128,TUMBES,-80.44609489942438,-3.6269635686100825,60cm,2025,2025-09-10,LG05
7_5609590_02779,TUMBES,-80.44195211767442,-3.695932935071614,60cm,2025,2025-01-31,LG02
7_5859610_00917,TUMBES,-80.2277060611506,-3.5244615520077143,60cm,2022,2022-04-21,WV02
7_5609585_09682,TUMBES,-80.44433538017819,-3.7405166687606117,60cm,2025,2025-01-31,LG02
7_5609600_06496,TUMBES,-80.45762192781287,-3.6017814696719137,60cm,2024,2024-11-10,LG02
7_5609600_07233,TUMBES,-80.4533725980273,-3.6197710165516925,60cm,2025,2025-09-10,LG05
7_5609590_009262,TUMBES,-80.4381259410514,-3.6689241630540677,60cm,2025,2025-09-10,LG05
7_5859600_003101,TUMBES,-80.19281047092494,-3.6106188915270323,60cm,2022,2022-04-24,WV02
7_5609605_00206,TUMBES,-80.45900193670039,-3.53640210956414,60cm,2025,2025-09-10,LG05
7_5659590_023345,TUMBES,-80.4164913386744,-3.6993868479705343,60cm,2025,2025-01-31,LG02
7_5809610_00696,TUMBES,-80.23996562021762,-3.5048743461695198,60cm,2022,2022-04-21,WV02
7_5609595_08939,TUMBES,-80.43416299835488,-3.6453978891878895,60cm,2025,2025-09-10,LG05
7_5859605_01704,TUMBES,-80.21022936154851,-3.551506576451567,60cm,2022,2022-04-24,WV02
7_5609600_00961,TUMBES,-80.45391368342945,-3.587867554433455,60cm,2025,2025-09-10,LG05
7_5609600_06678,TUMBES,-80.44879842608817,-3.6092994275919907,60cm,2025,2025-09-10,LG05
7_5359570_000533,TUMBES,-80.66408181662979,-3.8515315743215917,60cm,2022,2022-08-11,GE01
7_5859600_00506,TUMBES,-80.21679193167519,-3.585199679739771,60cm,2022,2022-04-24,WV02
7_5609585_09407,TUMBES,-80.45067242599016,-3.7358983530845054,60cm,2025,2025-01-31,LG02
7_5559605_00610,TUMBES,-80.46219823657628,-3.561867394092473,60cm,2024,2024-11-10,LG02
7_5859590_002593,TUMBES,-80.21504081444212,-3.69198570256622,60cm,2022,2022-04-24,WV02
7_5609585_10741,TUMBES,-80.42716405484674,-3.724685551619187,60cm,2025,2025-01-31,LG02
7_5859610_01066,TUMBES,-80.22707351354555,-3.515243059230695,60cm,2022,2022-04-21,WV02
7_5609590_09511,TUMBES,-80.45118229155923,-3.698307245645614,60cm,2025,2025-01-31,LG02
7_5609600_07019,TUMBES,-80.45499808353397,-3.609475504170102,60cm,2025,2025-09-10,LG05
7_5709595_01981,TUMBES,-80.35658830792548,-3.651913925267972,60cm,2023,2023-04-27,WV03
7_5609590_020015,TUMBES,-80.42716865687478,-3.691582824200453,60cm,2025,2025-01-31,LG02
7_5859610_01390,TUMBES,-80.21626424038112,-3.525065253981905,60cm,2022,2022-04-21,WV02
7_5759615_003225,TUMBES,-80.29765272439825,-3.4630443415278713,60cm,2026,2026-04-06,LG03
7_5609585_009588,TUMBES,-80.45222382699652,-3.725856518983922,60cm,2025,2025-01-31,LG02
7_5359550_000620,TUMBES,-80.66928956738218,-4.033336171675868,60cm,2025,2025-03-13,WV03
7_5609595_07841,TUMBES,-80.45479106748273,-3.62655336123657,60cm,2025,2025-09-10,LG05
7_5559580_03661,TUMBES,-80.4700209764566,-3.7892433876296554,60cm,2025,2025-01-31,LG02
7_5609590_02820,TUMBES,-80.4409806461066,-3.6984221216864017,60cm,2025,2025-01-31,LG02
7_5759615_003245,TUMBES,-80.2958686629338,-3.4646962399406993,60cm,2026,2026-04-06,LG03
7_5609590_02691,TUMBES,-80.43999266390219,-3.687654941055841,60cm,2025,2025-09-10,LG05
7_5859605_002079,TUMBES,-80.21404128723289,-3.5592533737546406,60cm,2022,2022-04-24,WV02
7_5859590_002879,TUMBES,-80.2255973760152,-3.698866555826672,60cm,2022,2022-04-24,WV02
7_5609585_03390,TUMBES,-80.44659534183064,-3.716615487072155,60cm,2025,2025-01-31,LG02
7_5659580_023384,TUMBES,-80.38256764445526,-3.760083675061721,60cm,2019,2019-04-26,GE01
7_5609585_010439,TUMBES,-80.45142491077173,-3.736482328309212,60cm,2025,2025-01-31,LG02
7_5609590_009288,TUMBES,-80.43724252033823,-3.6682943203156513,60cm,2025,2025-09-10,LG05
7_5859610_01011,TUMBES,-80.22731257210509,-3.520371244638741,60cm,2022,2022-04-21,WV02
7_5909595_02511,TUMBES,-80.19102922249064,-3.6639127830015363,60cm,2022,2022-04-24,WV02
7_5859605_005008,TUMBES,-80.21684614564461,-3.556708527801114,60cm,2022,2022-04-24,WV02
7_5609595_07952,TUMBES,-80.44510878511329,-3.6253339476546826,60cm,2025,2025-09-10,LG05
7_5909595_003025,TUMBES,-80.1892261309946,-3.6557413973523483,60cm,2022,2022-04-24,WV02
7_5859590_02461,TUMBES,-80.22946653713643,-3.704245018294934,60cm,2022,2022-04-24,WV02
7_5459595_04070,TUMBES,-80.56166752609633,-3.625388028364438,60cm,2025,2025-04-07,WV03
7_5609590_02729,TUMBES,-80.44689911148487,-3.68875443685041,60cm,2025,2025-09-10,LG05
7_5859605_002072,TUMBES,-80.22037453311012,-3.5568244907994284,60cm,2022,2022-04-24,WV02
7_5859605_01227,TUMBES,-80.21227617224073,-3.540902432924999,60cm,2022,2022-04-21,WV02
7_5859605_01858,TUMBES,-80.2160137801922,-3.556026515282657,60cm,2022,2022-04-24,WV02
7_5559605_00105,TUMBES,-80.47712520444028,-3.540997175836069,60cm,2025,2025-04-07,WV03
7_5559600_06134,TUMBES,-80.46554883872453,-3.6007730132116897,60cm,2024,2024-11-10,LG02
7_5559600_06443,TUMBES,-80.46479922671523,-3.605782731992251,60cm,2025,2025-09-10,LG05
7_5709610_00111,TUMBES,-80.33969114153822,-3.5311093650225436,60cm,2023,2023-04-27,WV03
7_5559600_026643,TUMBES,-80.46589308700172,-3.6075085156731737,60cm,2025,2025-09-10,LG05
7_5559600_06386,TUMBES,-80.4652516681436,-3.6096212343654854,60cm,2025,2025-09-10,LG05
7_5309580_000503,TUMBES,-80.69563076392973,-3.7941865332730504,60cm,2022,2022-08-11,GE01
7_5559600_027201,TUMBES,-80.46782369117068,-3.6148938448011383,60cm,2025,2025-09-10,LG05
7_5609595_01823,TUMBES,-80.4227057544624,-3.6487367264211823,60cm,2025,2025-09-10,LG05
7_5559600_04667,TUMBES,-80.49805532254828,-3.5955337662554028,60cm,2025,2025-04-07,WV03
7_5659605_01594,TUMBES,-80.38916032446028,-3.556286690113929,60cm,2023,2023-04-27,WV03
7_5609600_06944,TUMBES,-80.45851607920335,-3.6155106717305987,60cm,2025,2025-09-10,LG05
7_5559605_04926,TUMBES,-80.50477192094449,-3.563432524428211,60cm,2025,2025-04-07,WV03
7_5559600_05748,TUMBES,-80.47903847650281,-3.5951131832748056,60cm,2025,2025-04-07,WV03
7_5609595_07579,TUMBES,-80.4591197906469,-3.62537807349017,60cm,2025,2025-09-10,LG05
7_5559600_05838,TUMBES,-80.46981924633148,-3.5855354386740306,60cm,2024,2024-11-10,LG02
7_5859605_001725,TUMBES,-80.21519095866876,-3.544145922950398,60cm,2022,2022-04-21,WV02
7_5659595_01855,TUMBES,-80.40808590432039,-3.6519860945511873,60cm,2025,2025-09-10,LG05
7_5559605_025424,TUMBES,-80.48858725884419,-3.5584394840059663,60cm,2025,2025-04-07,WV03
7_5609605_020938,TUMBES,-80.45548796378648,-3.543255702166398,60cm,2025,2025-09-10,LG05
7_5509605_04746,TUMBES,-80.51853916449123,-3.5750894792891534,60cm,2025,2025-04-07,WV03
7_5709610_00084,TUMBES,-80.34695166022955,-3.5250728538726115,60cm,2023,2023-04-27,WV03
7_5609595_07807,TUMBES,-80.45656218605211,-3.6332039495430957,60cm,2025,2025-09-10,LG05
7_5559600_07305,TUMBES,-80.46639372421711,-3.621703969985979,60cm,2025,2025-09-10,LG05
7_5559605_04931,TUMBES,-80.50127784818109,-3.565818597624415,60cm,2025,2025-04-07,WV03
7_5559600_06138,TUMBES,-80.46827391055359,-3.6029501031081166,60cm,2024,2024-11-10,LG02
7_5509600_03946,TUMBES,-80.54289429829625,-3.600055691194096,60cm,2025,2025-04-07,WV03
7_5509600_03937,TUMBES,-80.547123507901,-3.5945946574032677,60cm,2025,2025-04-07,WV03
7_5559600_05755,TUMBES,-80.47966031295152,-3.5967311904114085,60cm,2025,2025-04-07,WV03
7_5609600_06979,TUMBES,-80.45752143999496,-3.6127991509818758,60cm,2025,2025-09-10,LG05
7_5559605_05542,TUMBES,-80.48484242235168,-3.553056496739032,60cm,2025,2025-04-07,WV03
7_5609600_07275,TUMBES,-80.4571711921057,-3.61886034417976,60cm,2025,2025-09-10,LG05
7_5559600_06450,TUMBES,-80.4640475055952,-3.6044724991609973,60cm,2025,2025-09-10,LG05
7_5559600_06362,TUMBES,-80.4679987135965,-3.6117518957987973,60cm,2025,2025-09-10,LG05
7_5459600_04006,TUMBES,-80.55275060846414,-3.6116994799243782,60cm,2025,2025-04-07,WV03
7_5559600_07037,TUMBES,-80.46676497932138,-3.615607737057746,60cm,2025,2025-09-10,LG05
7_5609600_07073,TUMBES,-80.46151815232624,-3.611162362367412,60cm,2025,2025-09-10,LG05
7_5659610_021802,TUMBES,-80.3763733886234,-3.5209164873512693,60cm,2023,2023-04-27,WV03
7_5309575_000488,TUMBES,-80.69195016821307,-3.8043972990345676,60cm,2022,2022-08-11,GE01
7_5609600_026647,TUMBES,-80.46076008536042,-3.6098941713387056,60cm,2025,2025-09-10,LG05
7_5609600_07348,TUMBES,-80.45466750553096,-3.6187778079601496,60cm,2025,2025-09-10,LG05
7_5609600_07077,TUMBES,-80.45859385057138,-3.609015682447305,60cm,2025,2025-09-10,LG05
7_5559600_07448,TUMBES,-80.46627434189655,-3.6218096351255515,60cm,2025,2025-09-10,LG05
7_5559605_05245,TUMBES,-80.48262091786356,-3.559511226695457,60cm,2025,2025-04-07,WV03
7_5559600_06364,TUMBES,-80.46668229872762,-3.6109042594248564,60cm,2025,2025-09-10,LG05
7_5609595_028405,TUMBES,-80.45102840305958,-3.6320888682786894,60cm,2025,2025-09-10,LG05
7_5559600_025494,TUMBES,-80.49300885837354,-3.590642462107981,60cm,2025,2025-04-07,WV03
7_5559600_05763,TUMBES,-80.47485155830287,-3.596562051058907,60cm,2024,2024-11-10,LG02
7_5659580_023388,TUMBES,-80.38106428238689,-3.7630778504726656,60cm,2019,2019-04-26,GE01
7_5659595_01834,TUMBES,-80.41619548096152,-3.651255212900359,60cm,2025,2025-09-10,LG05
7_5559600_04202,TUMBES,-80.50683765951709,-3.607359946107548,60cm,2025,2025-04-07,WV03
7_5559605_05150,TUMBES,-80.47443274666668,-3.5643897909322586,60cm,2024,2024-11-10,LG02
7_5559605_05585,TUMBES,-80.47777165123787,-3.5557192534759503,60cm,2025,2025-04-07,WV03
7_5609610_000578,TUMBES,-80.45711995975559,-3.522170590036011,60cm,2025,2025-09-10,LG05
7_5559605_05521,TUMBES,-80.49010916016334,-3.5496937719097863,60cm,2025,2025-04-07,WV03
7_5609595_01813,TUMBES,-80.41939131882533,-3.643994147058678,60cm,2025,2025-09-10,LG05
7_5609600_06977,TUMBES,-80.45657898146533,-3.6126228647965792,60cm,2025,2025-09-10,LG05
7_5609595_07899,TUMBES,-80.44260180635482,-3.623843323521516,60cm,2025,2025-09-10,LG05
7_5609605_00780,TUMBES,-80.46015877734357,-3.5388599445586166,60cm,2024,2024-11-10,LG02
7_5559580_030217,TUMBES,-80.47224190107848,-3.794074498691616,60cm,2025,2025-01-31,LG02
7_5359560_000178,TUMBES,-80.6541847262782,-3.9762032435060433,60cm,2025,2025-08-24,WV03
7_5609590_020016,TUMBES,-80.42839202787157,-3.6914175063564834,60cm,2025,2025-01-31,LG02
7_5809615_00330,TUMBES,-80.25196416248599,-3.4820261755132313,60cm,2022,2022-04-21,WV02
7_5609600_006705,TUMBES,-80.45303387500829,-3.606631484275022,60cm,2025,2025-09-10,LG05
7_5559605_020927,TUMBES,-80.46247027988662,-3.5512759587241263,60cm,2024,2024-11-10,LG02
7_5609585_09742,TUMBES,-80.44963742352587,-3.7477848103159666,60cm,2025,2025-01-31,LG02
7_5609590_03337,TUMBES,-80.43982211070707,-3.708165745038947,60cm,2025,2025-01-31,LG02
7_5609605_00479,TUMBES,-80.4459741485334,-3.5449974631299543,60cm,2025,2025-09-10,LG05
7_5609600_01238,TUMBES,-80.44177496094923,-3.6148234209670935,60cm,2025,2025-09-10,LG05
7_5809610_00441,TUMBES,-80.24175923797505,-3.4959711990215157,60cm,2022,2022-04-21,WV02
7_5809590_002852,TUMBES,-80.24062947433345,-3.711761857339937,60cm,2022,2022-04-24,WV02
7_5609590_02441,TUMBES,-80.43105430295236,-3.668814306472555,60cm,2025,2025-09-10,LG05
7_5559605_00098,TUMBES,-80.47711024077947,-3.5364571325291525,60cm,2025,2025-04-07,WV03
7_5359555_000073,TUMBES,-80.6687310908091,-3.9869137064440525,60cm,2025,2025-08-24,WV03
7_5609585_029914,TUMBES,-80.45651755385303,-3.749865896173178,60cm,2025,2025-01-31,LG02
7_5609590_03082,TUMBES,-80.42403432070728,-3.6987334127490405,60cm,2025,2025-01-31,LG02
7_5809590_002853,TUMBES,-80.2393922461267,-3.7093534502839236,60cm,2022,2022-04-24,WV02
7_5459600_04108,TUMBES,-80.55360457396364,-3.6047729374588813,60cm,2025,2025-04-07,WV03
7_5659610_020057,TUMBES,-80.3848826466245,-3.523797774297049,60cm,2023,2023-04-27,WV03
7_5359560_000153,TUMBES,-80.65229990794597,-3.965331493986091,60cm,2025,2025-08-24,WV03
7_5559605_00685,TUMBES,-80.46328838241203,-3.55125671965259,60cm,2024,2024-11-10,LG02
7_5609595_022199,TUMBES,-80.4201941238714,-3.6366016817653586,60cm,2025,2025-09-10,LG05
7_5509580_10251,TUMBES,-80.51437831547572,-3.7988330249145768,60cm,2025,2025-04-07,WV03
7_5609605_020934,TUMBES,-80.45897111702641,-3.540923771330732,60cm,2024,2024-11-10,LG02
7_5609580_03693,TUMBES,-80.46153973100232,-3.7963024708616606,60cm,2025,2025-01-31,LG02
7_5609590_02495,TUMBES,-80.42930782411844,-3.6741106921086892,60cm,2025,2025-09-10,LG05
7_5859610_01001,TUMBES,-80.22630207955547,-3.5171607275728523,60cm,2022,2022-04-21,WV02
7_5609605_00748,TUMBES,-80.46101182217382,-3.5488658993032867,60cm,2024,2024-11-10,LG02
7_5609585_09908,TUMBES,-80.45510659332592,-3.747625006791637,60cm,2025,2025-01-31,LG02
7_5609595_02200,TUMBES,-80.43486380705538,-3.6573386091129594,60cm,2025,2025-09-10,LG05
7_5409560_000176,TUMBES,-80.64000630517177,-3.9702834132623206,60cm,2025,2025-08-24,WV03
7_5359560_000177,TUMBES,-80.6519840155439,-3.9760479203182424,60cm,2025,2025-08-24,WV03
7_5609595_08880,TUMBES,-80.44383215923601,-3.646833352144646,60cm,2025,2025-09-10,LG05
7_5609605_00418,TUMBES,-80.44124449944692,-3.537675527249736,60cm,2025,2025-09-10,LG05
7_5859610_01035,TUMBES,-80.23418812066978,-3.523653465360617,60cm,2022,2022-04-21,WV02
7_5859590_02625,TUMBES,-80.20104899777948,-3.6933787514969314,60cm,2022,2022-04-24,WV02
7_5609605_000816,TUMBES,-80.46157391874087,-3.547845603045635,60cm,2024,2024-11-10,LG02
7_5609605_00455,TUMBES,-80.4452235890646,-3.533264004574026,60cm,2025,2025-09-10,LG05
7_5559605_000814,TUMBES,-80.46208003519322,-3.5471648256322212,60cm,2024,2024-11-10,LG02
7_5359560_000192,TUMBES,-80.64449353678728,-3.9636067420026753,60cm,2025,2025-08-24,WV03
7_5859610_01110,TUMBES,-80.23135090376931,-3.51014614515843,60cm,2022,2022-04-21,WV02
7_5609605_00478,TUMBES,-80.44538945596479,-3.54727978581205,60cm,2025,2025-09-10,LG05
7_5559605_11076,TUMBES,-80.47101866521677,-3.5716124977505572,60cm,2024,2024-11-10,LG02
7_5659595_01903,TUMBES,-80.39579524104457,-3.646620075356758,60cm,2025,2025-09-10,LG05
7_5609605_00508,TUMBES,-80.43975166318837,-3.5382977701646094,60cm,2025,2025-09-10,LG05
7_5609590_02529,TUMBES,-80.43398165846197,-3.6740453571387093,60cm,2025,2025-09-10,LG05
7_5559610_000286,TUMBES,-80.47042675280994,-3.5312681074357224,60cm,2024,2024-11-10,LG02
7_5609600_006704,TUMBES,-80.45361116347387,-3.6062788656496374,60cm,2025,2025-09-10,LG05
7_5859610_01065,TUMBES,-80.22815489327613,-3.516205570975214,60cm,2022,2022-04-21,WV02
7_5709595_01936,TUMBES,-80.3689814700222,-3.646221201256075,60cm,2023,2023-04-27,WV03
7_5609595_028402,TUMBES,-80.4482432147916,-3.637221788024763,60cm,2025,2025-09-10,LG05
7_5609600_021506,TUMBES,-80.44141427751505,-3.612011688492119,60cm,2025,2025-09-10,LG05
7_5609600_07367,TUMBES,-80.45087874640598,-3.6149442652876775,60cm,2025,2025-09-10,LG05
